study_id,condition
NCT01042717,Multiple Myeloma
NCT01042717,Non-Hodgkins Lymphoma
NCT04941040,Supratentorial Neoplasms
NCT05883540,Palliative Care
NCT05883540,Pain
NCT05883540,Anxiety
NCT05883540,Depression
NCT05883540,Demoralization
NCT05883540,Psychological Distress
NCT05883540,Quality of Life
NCT05883540,Caregiver Burden
NCT05883540,Fear of Death
NCT05883540,Existential Distress
NCT00171717,Maintenance Liver Transplant Patients With New Onset Diabetes
NCT00022217,Head and Neck Cancer
NCT01714089,Relapsing Remitting Multiple Sclerosis
NCT04099589,Upper Tract Urinary Carcinoma
NCT04099589,Muscle-invasive Bladder Cancer
NCT00116389,Pancreatic Cancer
NCT00116389,Neoplasm Metastasis
NCT00116389,Adenocarcinoma
NCT03063489,Eye Pain
NCT01231750,Stable Angina
NCT03745950,Endometrial Carcinoma
NCT02336750,Breast Cancer
NCT00704691,Peripheral T-cell Lymphomas
NCT00704691,Adult T-cell Leukemia
NCT00704691,Adult T-cell Lymphoma
NCT00704691,Peripheral T-cell Lymphoma Unspecified
NCT00704691,Angioimmunoblastic T-cell Lymphoma
NCT00704691,Anaplastic Large Cell Lymphoma
NCT00704691,T/Null Cell Systemic Type
NCT00704691,Cutaneous t-Cell Lymphoma With Nodal/Visceral Disease
NCT07325591,Amyotrophic Lateral Sclerosis
NCT05862974,Healthy
NCT02342691,Gingival Inflammation
NCT05631574,Non Small Cell Lung Cancer
NCT05631574,Pancreatic Cancer
NCT05631574,Colorectal Cancer
NCT05631574,NSCLC
NCT05631574,PDAC
NCT05631574,CRC
NCT05631574,Relapsed Cancer
NCT05631574,Refractory Cancer
NCT05631574,Stage III Pancreatic Cancer
NCT05631574,Stage IV Pancreatic Cancer
NCT05631574,Stage III Non-small Cell Lung Cancer
NCT05631574,Stage IV Non-small Cell Lung Cancer
NCT05631574,Stage III Colorectal Cancer
NCT05631574,Stage IV Colorectal Cancer
NCT05631574,Stage III NSCLC
NCT05631574,Stage IV NSCLC
NCT05631574,KRAS Mutation-Related Tumors
NCT06473974,Facial Hyperpigmentation
NCT02021474,Migraine Prophylaxis
NCT00425074,Cardiovascular Disease
NCT00046774,Systemic Lupus Erythematosus
NCT00620074,Aspergillosis
NCT01874574,Knee Osteoarthritis
NCT02577718,Catheter-Associated Infections
NCT02577718,Catheter-Related Infections
NCT00441818,Hodgkin's Lymphoma
NCT05323890,Advanced Esophageal Squamous Cell Cancer
NCT02710890,Epilepsy
NCT00130390,Crohn's Disease
NCT00649090,Breast Neoplasms
NCT07334197,"Ppm, Cardiomyopathy"
NCT00593697,Breast Neoplasms
NCT00845897,Diabetes Mellitus
NCT00845897,Peripheral Neuropathy
NCT00845897,Plantar Ulcers
NCT03603197,Metastatic Breast Cancer
NCT03603197,Stage IV Breast Cancer
NCT06383897,Healthy
NCT03059797,Small Cell Lung Cancer
NCT03876210,Arthritis
NCT01063010,Septic Shock
NCT01388413,Neurogenic Bladder
NCT01388413,Urinary Tract Infection
NCT00488813,ICU Patient
NCT05950113,Recurrent Multiple Myeloma
NCT05950113,Refractory Multiple Myeloma
NCT02047513,Resectable Pancreatic Cancer
NCT02047513,Ductal Adenocarcinoma of the Pancreas
NCT04613960,"Subarachnoid Hemorrhage, Aneurysmal"
NCT04613960,Cerebral Vasospasm
NCT03034460,Acne
NCT04209660,Adenoid Cystic Carcinoma
NCT04209660,Salivary Gland Cancer
NCT03122860,Knee Osteoarthritis
NCT02296320,Staphylococcus Aureus Pneumonia
NCT00762320,HIV Infections
NCT00997282,Diabetes Type 2
NCT02981082,Systemic Sclerosis
NCT02981082,Pulmonary; Hypertension
NCT06617182,Radiation Enteritis
NCT00451724,Laceration
NCT07484724,Advanced Esophageal Squamous Cell Carcinoma
NCT02678923,Acute Coronary Syndrome
NCT01677923,Obesity
NCT03499223,Diabetes Mellitus
NCT03499223,Diabetic Retinopathy
NCT03499223,Macular Edema
NCT02562859,Healthy
NCT06692959,Colorectal Cancer
NCT01216696,Metastatic Melanoma
NCT00891696,Sarcopenia
NCT00726180,Breast Cancer
NCT04456296,Hypogonadism
NCT04456296,"Hypogonadism, Male"
NCT04456296,Hypogonadotropic Hypogonadism
NCT04953780,Acute Myeloid Leukemia
NCT05327296,Sedation
NCT07504796,Metastatic Melanoma
NCT07504796,Advanced Melanoma
NCT05472896,Hepatocellular Carcinoma
NCT03945279,Amyotrophic Lateral Sclerosis
NCT06274879,Bile Duct Cancer
NCT04211896,Non Small Cell Lung Cancer
NCT06133062,Hepatocellular Carcinoma Non-resectable
NCT00658762,Generalized Anxiety Disorder
NCT04744662,Geographic Atrophy
NCT03968146,Scoliosis Idiopathic
NCT03968146,Scoliosis; Adolescence
NCT03968146,Erector Spinae Plane Block
NCT03466346,"Depression, Unipolar"
NCT03466346,Posttraumatic Stress Disorder
NCT03466346,Trauma
NCT04976088,Trauma Injury
NCT04976088,Inflammation
NCT00646503,"Hepatitis B, Chronic"
NCT01365403,Healthy Volunteer
NCT06204003,Healthy
NCT00811603,Cesarean Section
NCT00811603,Infection
NCT06224127,Anxiety Disorders
NCT06224127,Alcohol Use Disorder
NCT06224127,"Stress, Psychological"
NCT01730027,Asthma
NCT03465527,Diffuse Large B Cell Lymphoma
NCT05990127,Locally Advanced or Metastatic NSCLC
NCT03379727,Acute Myeloid Leukemia
NCT02569827,Dengue Fever
NCT00916227,Myelodysplastic Syndromes
NCT01728961,HIV Infection
NCT01728961,Malaria
NCT01856361,Oligospermia
NCT01856361,Teratospermia
NCT01856361,Asthenozoospermia
NCT01856361,Male Infertility
NCT05866861,Systemic Lupus Erythematosus
NCT05866861,SLE (Systemic Lupus)
NCT05866861,Autoimmune
NCT05628961,Toxicity;Chemical
NCT01679561,Pregnancy Complicated by Low Implantation
NCT00773461,Rheumatoid Arthritis
NCT00424242,Brain and Central Nervous System Tumors
NCT00424242,Chronic Myeloproliferative Disorders
NCT00424242,Leukemia
NCT00424242,Lymphoma
NCT00424242,Lymphoproliferative Disorder
NCT00424242,Metastatic Cancer
NCT00424242,Multiple Myeloma and Plasma Cell Neoplasm
NCT00424242,Myelodysplastic Syndromes
NCT00424242,Precancerous Condition
NCT00424242,Secondary Myelofibrosis
NCT00424242,"Unspecified Adult Solid Tumor, Protocol Specific"
NCT04060342,Pancreatic Adenocarcinoma
NCT04060342,Esophageal Adenocarcinoma
NCT04060342,Esophageal Squamous Cell Carcinoma
NCT04060342,Gastric Adenocarcinoma
NCT04060342,Gastroesophageal Junction Adenocarcinoma
NCT04060342,Triple Negative Breast Cancer
NCT04060342,Castration-resistant Prostate Cancer
NCT04060342,Microsatellite Stable Colorectal Cancer
NCT04060342,Non-small Cell Lung Cancer
NCT04060342,Small-cell Lung Cancer
NCT04060342,Head and Neck Squamous Cell Carcinoma
NCT04060342,Urothelial Carcinoma
NCT04060342,Renal Cell Carcinoma
NCT04060342,Hepatocellular Carcinoma
NCT03891342,Anesthesia
NCT03891342,Endothelial Dysfunction
NCT03891342,Sepsis
NCT03891342,Septic Shock
NCT03891342,Surgery
NCT05933642,Acute Kidney Injury
NCT06361186,Rheumatoid Arthritis
NCT05004142,Breast Neoplasms
NCT01353742,"Hepatitis B, Chronic"
NCT03771586,Healthy Volunteer
NCT01805570,Myocardial Infarction
NCT00621686,Brain and Central Nervous System Tumors
NCT05228470,Elranatamab
NCT05228470,Myeloma
NCT05228470,Multiple Myeloma
NCT05228470,Relapsed Multiple Myeloma
NCT05228470,Refractory Multiple Myeloma
NCT05228470,PF-06863135
NCT05228470,BCMA
NCT05228470,Bispecific
NCT05228470,Bispecific Antibody
NCT05228470,BCMA-CD3 Bispecific
NCT05228470,MagnetisMM-8
NCT03733470,Emphysema
NCT03545373,Tuberculosis
NCT03545373,Respiratory Tract Infections
NCT03545373,Pneumonia
NCT01985373,Primary Immunodeficiency
NCT05748873,Retinitis Pigmentosa
NCT01833273,Glioblastoma Multiform (Grade IV Astrocytoma)
NCT00234169,Multiple Myeloma
NCT00234169,Lymphoma
NCT01254383,Erectile Dysfunction
NCT00818883,Essential Hypertension
NCT04203641,Pancreas Cancer
NCT05819541,Status Asthmaticus
NCT00095641,Recurrent Squamous Cell Carcinoma of the Lip and Oral Cavity
NCT00095641,Recurrent Squamous Cell Carcinoma of the Paranasal Sinus and Nasal Cavity
NCT00095641,Recurrent Squamous Cell Carcinoma of the Hypopharynx
NCT00095641,Recurrent Squamous Cell Carcinoma of the Larynx
NCT00095641,Recurrent Squamous Cell Carcinoma of the Oropharynx
NCT00852241,Infraorbital Hollows
NCT03421041,"Infertility, Female"
NCT02938741,Lymphoblastic Lymphoma
NCT00189241,Basal Cell Carcinoma
NCT00247741,Spinal Anesthesia
NCT00367341,Major Depressive Disorder
NCT00857454,Hypogonadism
NCT04704154,Solid Tumors
NCT04302454,Prostate Cancer
NCT03002805,Sarcoma
NCT00235105,Ankylosing Spondylitis
NCT01419405,Pain
NCT00003505,Primary Central Nervous System Lymphoma
NCT01745354,"Lymphoma, Non-Hodgkin"
NCT01745354,Hodgkin Disease
NCT05346354,Neuromyelitis Optica Spectrum Disorder
NCT05693454,Surgical Wound
NCT05693454,Orthopedic Disorder of Spine
NCT05351905,Chronic Pain
NCT05351905,Opioid Use
NCT05351905,Cannabis
NCT01679405,Metastatic Disease
NCT07101705,Multiple Myeloma (MM)
NCT07101705,Non-Hodgkin Lymphoma (NHL)
NCT00103194,Recurrent Prostate Cancer
NCT00103194,Stage I Prostate Cancer
NCT00103194,Stage IIA Prostate Cancer
NCT00103194,Stage IIB Prostate Cancer
NCT00103194,Stage III Prostate Cancer
NCT07615283,Relapsed or Refractory Peripheral T Cell Lymphoma
NCT07615283,NKTCL
NCT05823441,Oxytocin
NCT05823441,Pain
NCT05823441,Empathy
NCT05823441,Social Familiarity
NCT05823441,Analgesia
NCT05108766,Plaque Psoriasis
NCT04359966,Helicobacter Pylori Infection
NCT04359966,Eradication Treatments
NCT00690066,Type 1 Diabetes Mellitus
NCT00690066,Type 1 Diabetes
NCT00690066,"Diabetes Mellitus, Insulin-Dependent"
NCT00690066,Juvenile Diabetes
NCT01880866,Pulmonary Arterial Hypertension
NCT05158166,Adductor Spasmodic Dysphonia
NCT05158166,Voice Disorders
NCT05158166,Spasmodic Dysphonia
NCT06567366,Large B-cell Lymphoma
NCT00648466,Healthy
NCT02771366,Metabolism - Cerebral Energy
NCT02736266,Urothelial Bladder Carcinoma
NCT00575302,Infertility
NCT02809131,Sick Sinus Syndrome
NCT02809131,Complete Heart Block
NCT02809131,Syncope
NCT02809131,Chronic Systolic Heart Failure
NCT03876002,Healthy Volunteers
NCT03876002,Amyotrophic Lateral Sclerosis
NCT01490931,Acute Pain
NCT07079631,Metastatic Colorectal Cancer
NCT02312531,HBV
NCT00207831,Rectal Cancer
NCT00207831,Stage II/III
NCT00207831,T3 or T4 (Only Anal Extension) Rectal Cancer
NCT00207831,N0-2
NCT00207831,M0
NCT01448902,Allergic Rhinitis
NCT02839902,Hyperlipidemia
NCT03165253,Helicobacter Pylori Infection
NCT00322153,Dementia of the Alzheimer's Type
NCT00002253,Diarrhea
NCT00002253,HIV Infections
NCT01718353,Prostate Cancer Metastatic
NCT03214731,Lupus Nephritis
NCT01310231,Metastatic Breast Cancer
NCT04062331,Multiple Sclerosis
NCT04275453,Healthy
NCT01568853,Severe Sepsis
NCT01568853,Pancreatitis
NCT01568853,Abdominal Abscess
NCT01568853,Appendicitis
NCT01568853,Digestive System Fistula
NCT03205553,Gastroschisis
NCT03092453,Melanoma
NCT02773537,"Arthroplasty, Replacement, Knee"
NCT03361345,Postinflammatory Hyperpigmentation
NCT05632445,Left Atrial Appendage Occlusion
NCT00692445,Major Depressive Disorder
NCT00692445,Depression
NCT05716945,Pseudophakic Bullous Keratopathy
NCT05716945,Fuchs' Endothelial Dystrophy
NCT05716945,Intraocular Pressure
NCT00804245,Prostate Cancer
NCT03698045,"Conjunctivitis, Bacterial"
NCT02076672,Asbestos Exposure
NCT02027272,Eclampsia
NCT00471237,Osteoporosis
NCT01031472,"Infection, Human Immunodeficiency Virus"
NCT01031472,HIV Infections
NCT01336972,Autosomal Dominant Polycystic Kidney Disease
NCT06771245,Mild-to-moderate Essential Hypertension
NCT02788045,Healthy
NCT02583672,Gaucher Disease Type 1
NCT03970772,Fasting Hypoglycemia
NCT03970772,"Diabetes Mellitus, Type 1"
NCT04804072,HIV Infections
NCT04804072,Drug Use
NCT04804072,Opioid Use
NCT04804072,Opioid-use Disorder
NCT00757172,Adenocarcinoma of the Gastroesophageal Junction
NCT00757172,Esophageal Cancer
NCT00925639,Menopause
NCT02822339,Sunscreening Agents
NCT02059239,Hodgkin's Lymphoma
NCT02059239,Non-Hodgkin's Lymphoma
NCT01608139,Advanced Cancers
NCT03906539,Dyslipidemias
NCT01469377,Major Depressive Disorder
NCT05109377,Erectile Dysfunction
NCT01854177,Chronic Obstructive Pulmonary Disease
NCT06978777,Brown Adipose Tissue (BAT) Physiology
NCT06978777,Cold Exposure
NCT00835575,Healthy
NCT03552575,Heart Failure
NCT02678975,Glioma
NCT02678975,Glioblastoma
NCT01070875,Thrombosis
NCT04596475,Hepatitis C
NCT04596475,"Hepatitis C Virus Infection, Response to Therapy of"
NCT01011257,Coronary Artery Disease
NCT01789957,Type 2 Diabetes Mellitus
NCT04423757,"Depressive Disorder, Major"
NCT06701357,DLBCL
NCT06828757,Non Small Cell Lung Cancer
NCT04426357,Renal Impairment
NCT02237157,Pancreatic Cancer
NCT07272057,Lung Cancer
NCT07346157,Medulloblastoma
NCT07346157,"Medulloblastoma, Childhood"
NCT07346157,Medulloblastoma Recurrent
NCT00772057,Cirrhosis
NCT05134857,Alcohol Use Disorder (AUD)
NCT03972657,Metastatic Castration-Resistant Prostate Cancer (mCRPC)
NCT03972657,Clear Cell Renal Cell Carcinoma (ccRCC)
NCT04887857,"Leukemia, Myeloid, Acute"
NCT00475657,Small Cell Lung Cancer
NCT04304157,Intravenous Drug Usage
NCT03499457,Penicillin Allergy
NCT06070857,Healthy Subjects
NCT02537457,"Embolism, Atrial Fibrillation and Venous Thrombosis"
NCT03717701,Pre-Eclampsia
NCT02118012,Chronic Hepatitis C
NCT03840512,Prevention aGVHD
NCT03727412,Aneurysm Abdominal
NCT03727412,Endovacular Repair
NCT01310101,Chronic Lymphocytic Leukemia
NCT05123781,Pharmacokinetics
NCT02847481,Irritable Bowel Syndrome
NCT06787781,Metabolic Evaluation
NCT06787781,Cardiac Complications
NCT04383912,Direct Brow Lift
NCT04383912,Scarring
NCT01200212,Breast Cancer
NCT02899130,Chronic Hepatitis B
NCT03394430,Inhalation Anesthesia
NCT07325630,IBI363 + Chemotherapy
NCT00803530,Myelodysplastic Syndromes
NCT05269030,Parosmia
NCT04973930,Major Depressive Disorder
NCT04973930,Breast Cancer
NCT04973930,Venlafaxine
NCT06102928,Non-Small Cell Lung Cancer With Mutation in Epidermal Growth Factor Receptor
NCT03838328,"Thromboses, Deep Vein"
NCT03838328,Tranexamic Acid Adverse Reaction
NCT00951665,Metastatic Breast Cancer
NCT00663728,Erectile Dysfunction
NCT00804830,Thyroid Neoplasms
NCT00804830,Carcinoma
NCT00804830,Thyroid Cancer
NCT00804830,Metastatic Cancer
NCT00825565,Epidermolysis Bullosa
NCT02457130,Coronary Artery Disease
NCT02457130,Diabetes Mellitus. Type 2
NCT05122130,Wound Heal
NCT03068130,Pulmonary Hypertension
NCT00624130,Contraception
NCT06883630,Non-Small Cell Lung Cancer
NCT05865028,Oropharyngeal Dysplasia
NCT05865028,Oral Cavity Dysplasia
NCT05865028,Oral Carcinoma in Situ
NCT02048228,"CLOPIDOGREL, POOR METABOLISM of (Disorder)"
NCT01263028,Chronic Kidney Disease Stages 3-5
NCT01923428,Constipation Predominant Irritable Bowel Syndrome
NCT00574067,Heroin Addiction
NCT03551067,Adenotonsillectomy
NCT04483167,Cardiovascular Diseases
NCT04483167,Atherosclerosis
NCT02950467,Distress
NCT02950467,Depression
NCT02950467,Grief
NCT04539067,Ovarian Stimulation
NCT00713817,Pain
NCT00713817,Peripheral Neuropathy
NCT02749968,Blunt Chest Wall Trauma
NCT02749968,Rib Fracture
NCT02749968,Sternal Fracture
NCT07562568,Acute Myeloid Leukemia
NCT07562568,Acute Lymphoblastic Leukemia
NCT07562568,MDS
NCT07562568,"Transplantation, Stem Cell"
NCT07562568,Conditioning Therapy
NCT07562568,SHR2554
NCT07562568,Azacytidine
NCT03496740,Postoperative Pain
NCT00103740,Paget's Disease of Bone
NCT02971540,Lumbar Disc Disease
NCT03102489,Hypoactive Sexual Desire Disorder(HSDD)
NCT07024589,Healthy Volunteers
NCT05047250,Non-Small Cell Lung Cancer
NCT05204550,COVID-19
NCT01747850,Cannabis Dependence
NCT01052974,Femoral Neck Fracture
NCT00974974,Parkinson's Disease
NCT03958591,Diabetes type2
NCT00613691,Carcinoma
NCT06529718,Biliary Tract Cancer
NCT02164318,End Stage Renal Disease
NCT03057418,"Lymphoma, Non-Hodgkin"
NCT03057418,"Lymphoma, Follicular"
NCT03095118,Membranoproliferative Glomerulonephritis
NCT06004674,Adverse Pregnancy Outcome
NCT02044874,Smoking Cessation
NCT03920618,Hepatitis B
NCT03920618,Acute-On-Chronic Liver Failure
NCT00327418,Major Coronary Event
NCT00327418,Cerebrovascular Accident
NCT00327418,Coronary Artery Bypass Graft
NCT00327418,"Angina, Unstable"
NCT00327418,Revascularization
NCT00270790,Head and Neck Cancer
NCT00520390,Lymphoma
NCT00520390,Advanced Solid Tumors
NCT03523390,Metastatic Solid Tumors
NCT02695290,"Carcinoma, Non-Small-Cell Lung"
NCT02695290,ErbB Receptors
NCT05924997,Advanced Hepatocellular Carcinoma
NCT00567697,Central Retinal Vein Occlusion
NCT00567697,Macular Edema
NCT03379597,Schizophrenia
NCT03379597,Bipolar Disorder
NCT01069510,Congenital Heart Disease
NCT01069510,Heart Failure
NCT01069510,Endomyocardial Fibrosis
NCT02686697,Schizophrenia
NCT05555797,Psoriasis
NCT00000513,Cardiovascular Diseases
NCT00000513,Heart Diseases
NCT00000513,Hypertension
NCT00000513,Vascular Diseases
NCT02471560,"Multiple Sclerosis, Relapsing-Remitting"
NCT02510560,Premature Birth of Newborn
NCT02510560,Intestinal Malabsorption
NCT02283320,KRAS Positive Patients With Non-small Cell Lung Cancer
NCT02283320,Squamous Cell Non-small Cell Lung Cancer
NCT00953420,Nasopharyngeal Carcinoma
NCT06861920,Dysmenorrhea
NCT06861920,Chronic Pelvic Pain
NCT06861920,Pelvic Pain
NCT00121420,Neoplasm Metastasis
NCT00121420,Brain Neoplasms
NCT04597320,Ketamine
NCT04597320,Fentanyl
NCT04597320,Sedation Complication
NCT02626182,Cystic Fibrosis
NCT01508182,Healthy
NCT00175682,Autonomic Dysreflexia
NCT05221320,"Tumor, Solid"
NCT05221320,Gastrointestinal Cancer
NCT04910620,Weight Reduction
NCT03493282,Alzheimer Disease
NCT02029924,Diabetes Mellitus Type 1
NCT03508882,Blepharospasm
NCT03508882,Hemifacial Spasm
NCT03508882,"Botulinum Toxins, Type A"
NCT01948024,Schizophrenia
NCT01948024,Bipolar Disorder
NCT01985724,Breast Cancer
NCT00276159,Acute Lymphoblastic Leukemia
NCT00276159,Acute Myeloid Leukemia
NCT00276159,Non-Hodgkin's Lymphoma
NCT00276159,Hodgkin's Lymphoma
NCT00276159,Multiple Myeloma
NCT00276159,Chronic Lymphocytic Leukemia
NCT06471959,Psilocybin
NCT06471959,"Psychotherapy, Group"
NCT01906580,Chronic Hepatitis B
NCT05036759,Atherosclerosis
NCT06505759,Periodontal Pocket
NCT03736980,Healthy
NCT06307080,Pancreatic Cancer
NCT00860080,Post-surgery Adhesion Formation
NCT02232880,Hypertension
NCT02235662,HIV
NCT02235662,Contraception
NCT02373462,Peripheral Artery Disease With Intermittent Claudication
NCT06484062,Acute Myeloid Leukemia
NCT06484062,Myelodysplastic Syndrome
NCT06484062,Myelodysplastic Syndrome/Acute Myeloid Leukemia
NCT06484062,Recurrent Acute Myeloid Leukemia
NCT06484062,Recurrent Myelodysplastic Syndrome
NCT06484062,Recurrent Myelodysplastic Syndrome/Acute Myeloid Leukemia
NCT06484062,Refractory Acute Myeloid Leukemia
NCT06484062,Refractory Myelodysplastic Syndrome
NCT06484062,Refractory Myelodysplastic Syndrome/Acute Myeloid Leukemia
NCT00730262,Glioblastoma Multiforme
NCT06267846,Major Depressive Disorder
NCT01503788,Post Dural Puncture Headache
NCT03033303,Neuroblastoma
NCT02489903,Small Cell Carcinoma
NCT02489903,"Carcinoma, Non-Small-Cell Lung"
NCT02489903,Neuroendocrine Tumors
NCT02489903,Ovarian Epithelial Cancer
NCT00867503,Ovarian Cancer
NCT00087503,Stomach Neoplasms
NCT02982603,Mild Cognitive Impairment
NCT02982603,Herbal Medicine Allergy
NCT02960503,Sickle Cell Disease
NCT07382427,Onychomycosis of Toenail
NCT05420727,Soft Tissue Sarcoma
NCT01645761,Gastric Ulcer Associated With Helicobacter Pylori
NCT03815461,Locally Advanced Pancreatic Cancer
NCT04124861,Autoimmune Diseases
NCT00401661,Prostatic Hyperplasia
NCT02911142,Primary Effusion Lymphoma
NCT02911142,B-Cell Neoplasm
NCT07088042,Pulpitis - Irreversible
NCT07032142,Cancer
NCT07032142,Toxicity Due to Chemotherapy
NCT05050942,Gastro-enteropancreatic Neuroendocrine Tumor
NCT06305286,Type 1 Diabetes Mellitus
NCT00219986,HIV Infections
NCT00430586,Glabellar Frown Lines
NCT01019486,Coronary Artery Disease
NCT01019486,Type 1 Diabetes Mellitus
NCT00395070,Metastatic Melanoma
NCT02036970,Pulmonary Arterial Hypertension
NCT02036970,Pulmonary Hypertension
NCT02036970,Interstitial Lung Disease
NCT02036970,Idiopathic Interstitial Pneumonia
NCT02036970,Idiopathic Pulmonary Fibrosis
NCT02036970,Sarcoidosis
NCT02036970,Respiratory Bronchiolitis Associated Interstitial Lung Disease
NCT02036970,Desquamative Interstitial Pneumonia
NCT02036970,Cryptogenic Organizing Pneumonia
NCT02036970,Acute Interstitial Pneumonitis
NCT02036970,Idiopathic Lymphoid Interstitial Pneumonia
NCT02036970,Idiopathic Pleuroparenchymal Fibroelastosis
NCT02802969,Skull Base Chordoma
NCT02802969,Vertebral Chordoma
NCT05145569,Ovarian Cancer
NCT00526669,"Neoplasms, Gastrointestinal Tract"
NCT07101783,Overweight
NCT07101783,Obesity
NCT06229483,Brain Tumor
NCT06229483,Bleeding
NCT00419783,Healthy
NCT07290283,Healthy Participants
NCT00408083,Peripheral Vascular Disease
NCT06722183,Colorectal Cancer
NCT03499041,Hepatic Impairment
NCT00152854,Cancer
NCT00152854,Pain
NCT05893654,Uveal Melanoma
NCT00268554,Hyperemia
NCT00268554,Hypoxia
NCT00198354,Non-small Cell Lung Cancer Stage I and II
NCT00198354,Peri-operative Chemotherapy
NCT00001954,Sjogren's Syndrome
NCT00434954,Type 2 Diabetes Mellitus
NCT00864305,Healthy
NCT01475305,RSV Infection
NCT01386294,HIV Prevention
NCT02977494,Multiple Myeloma
NCT03936205,Refractory Pain
NCT03936205,Metastatic Cancer
NCT05752305,Inflammation
NCT05752305,"Pain, Postoperative"
NCT05752305,Trismus
NCT02538705,Ulcers Related to Diabetic Foot Syndrome
NCT03738735,Arthroscopic Shoulder Surgery
NCT03738735,Rotator Cuff Tear
NCT01412008,Stroke
NCT01412008,Muscle Spasticity
NCT04428008,COVID-19
NCT06291935,Retinitis Pigmentosa
NCT04360135,Post Operative Pain
NCT06874335,Solid Tumor
NCT03597217,Healthy
NCT02195817,Alcohol Dependence
NCT03756389,Rosacea
NCT04600089,Descending Aortic Dissection
NCT04600089,Postoperative Pain
NCT04600089,Thoracoabdominal Aortic Aneurysm
NCT00650689,Hypercholesterolemia
NCT00650689,Atherosclerosis
NCT00650689,Coronary Artery Disease
NCT00162240,Diabetes Mellitus
NCT02589340,Parkinson's Disease
NCT02589340,Dyskinesias
NCT02589340,Movement Disorders
NCT01279668,Persistent Cough
NCT01279668,Whooping Cough
NCT04941989,Healthy
NCT00524368,Human Immunodeficiency Virus - Type 1
NCT05361668,Carcinoid Syndrome
NCT05361668,Carcinoid
NCT05361668,Carcinoid Tumor
NCT05361668,Carcinoid Tumor of Ileum
NCT05361668,Carcinoid Tumor of Cecum
NCT05361668,Carcinoid Syndrome Diarrhea
NCT05361668,Carcinoid Intestine Tumor
NCT05361668,Carcinoid Tumor of Liver
NCT05361668,Carcinoid Tumor of Pancreas
NCT00003540,Breast Cancer
NCT05468840,Suicidal Ideation
NCT04537689,Plaque Psoriasis
NCT05557591,Advanced Non-Small Cell Lung Cancer
NCT02401191,Rhinitis Allergic
NCT07266974,"Post Operative Pain, Acute"
NCT07266974,Irreversible Pulpitis
NCT01094574,Pain Measurement
NCT06880874,Healthy
NCT03958474,Opioid Use Disorder
NCT06104618,Metastatic Penile Squamous Cell Carcinoma
NCT06104618,Stage III Penile Cancer AJCC v8
NCT06104618,Stage IV Penile Cancer AJCC v8
NCT06104618,Unresectable Penile Squamous Cell Carcinoma
NCT03108690,Bacteremia
NCT01150890,Crohn's Disease
NCT06923891,Schizophrenia
NCT05412290,B Cell Lymphoma
NCT05412290,Aggressive Lymphoma
NCT05412290,Diffuse Large B Cell Lymphoma
NCT05412290,High-grade B-cell Lymphoma
NCT05412290,Transformed Lymphoma
NCT05412290,Follicular Lymphoma Grade 3
NCT01478490,Pharmacokinetics of Mirabegron
NCT01478490,Healthy Subjects
NCT00919490,HCV Infections
NCT05261997,"Pancreatitis, Chronic"
NCT05261997,Exocrine Pancreatic Insufficiency
NCT05261997,Abdominal Pain
NCT05261997,"Cholangiopancreatography, Endoscopic Retrograde"
NCT04197310,Carcinoid Tumor
NCT04197310,Carcinoid Tumor of GI System
NCT04197310,Neuroendocrine Tumors
NCT03200210,Hyperuricemia
NCT01596010,Menopause
NCT01596010,Healthy
NCT00472810,Glaucoma
NCT00472810,Trabeculectomy
NCT03633760,Pharmacokinetics
NCT02784860,Colonoscopy
NCT04805060,Terminal Malignant Tumors
NCT02151760,Metastatic Prostate Cancer
NCT00067860,Short Bowel Syndrome
NCT01005160,Healthy Male Volunteers
NCT02803060,Sunscreening Agent
NCT06379360,Acute Myeloid Leukemia
NCT01083420,Oral Lichen Planus
NCT01975220,Healthy
NCT05717920,Atopic Dermatitis
NCT01710020,End-Stage Renal Disease
NCT01710020,Hemodialysis
NCT04617782,Healthy Subjects
NCT05696782,Nonsmall Cell Lung Cancer Stage III
NCT05696782,Unresectable Non-Small Cell Lung Carcinoma
NCT05696782,"Nonsmall Cell Lung Cancer, Stage II"
NCT03963882,Neoadjuvant Chemotherapy
NCT03963882,Locally Advanced Cervical Cancer
NCT03963882,Radical Hysterectomy
NCT03963882,Objective Response
NCT03963882,Laparoscopy
NCT03963882,Laparotomy
NCT03963882,Concurrent Chemoradiotherapy
NCT03963882,Adjuvant Therapy
NCT03963882,Systematic Chemotherapy
NCT02846324,Idiopathic Pulmonary Fibrosis
NCT02846324,Hypoxemia
NCT06180382,Crohn's Disease
NCT03756623,Healthy
NCT03979859,Healthy
NCT00134459,Bipolar Disorder
NCT00666159,"Dermatitis, Atopic"
NCT03923959,Hip Fractures
NCT01637259,Proteinuria
NCT01637259,HIV
NCT04428359,Verruca Viral
NCT05047159,"Depressive Disorder, Major"
NCT01218659,Fabry Disease
NCT03418480,Human Papilloma Virus Related Carcinoma
NCT03418480,Head and Neck Neoplasm
NCT03418480,Cervical Neoplasm
NCT03418480,Penile Neoplasms Malignant
NCT03418480,Unknown Primary Tumors
NCT01872780,Healthy
NCT01298180,Prader-Willi Syndrome
NCT01298180,Growth Hormone Deficiency
NCT02858180,"Hepatitis C, Chronic"
NCT02858180,Heart Failure
NCT02858180,"Pulmonary Disease, Chronic Obstructive"
NCT02858180,"Lung Diseases, Interstitial"
NCT07183462,"Pregnancy Complications, Infectious"
NCT07183462,Premature Birth
NCT07183462,Neonatal Diseases and Abnormalities
NCT07183462,Antibiotic Prophylaxis
NCT07183462,Latency Period
NCT07183462,Prematurity
NCT00006462,Leukemia
NCT00314262,Precancerous Conditions
NCT01082146,Pharmacokinetics
NCT01082146,Metabolism
NCT02564146,Metastatic Pancreatic Cancer
NCT02564146,Adenocarcinoma of the Pancreas
NCT00003146,Multiple Myeloma and Plasma Cell Neoplasm
NCT02546388,Sarcoidosis
NCT01672788,Healthy
NCT01949103,Infections
NCT01949103,Bacterial Infections
NCT01223027,Metastatic Renal Cell Carcinoma
NCT05195827,Hypertension
NCT00126061,Atrial Fibrillation
NCT00126061,Atrial Flutter
NCT03377361,Colorectal Cancer
NCT03377361,Colorectal Tumors
NCT03377361,Colorectal Carcinoma
NCT03377361,Colorectal Neoplasm
NCT06176261,Breast Cancer
NCT06176261,Breast Cancer Female
NCT06176261,Metastatic Triple-Negative Breast Carcinoma
NCT06176261,ER Positive Breast Cancer
NCT06176261,HER2-negative Breast Cancer
NCT06176261,HER2 Negative Breast Carcinoma
NCT06176261,ER-negative Breast Cancer
NCT02644161,Stroke
NCT02644161,Depression
NCT02644161,Stroke Sequelae
NCT03174886,Primary Progressive Nonfluent Aphasia
NCT02830542,Clostridium Difficile Infection
NCT02826642,Acute Myeloid Leukemia (AML)
NCT00990886,Menopause
NCT00990886,Hot Flashes
NCT06688786,Locally Advanced Rectal Cancer (LARC)
NCT00537186,"Heart Failure, Congestive"
NCT00330486,Alcohol Dependence
NCT00330486,Bipolar Disorder
NCT02100670,Pain
NCT00833586,Healthy
NCT00583986,Asthma
NCT00583986,Chronic Obstructive Pulmonary Disease
NCT00583986,COPD
NCT01271270,Age-Related Macular Degeneration
NCT04539470,Acute Graft-versus-host Disease
NCT05669170,Parkinson Disease
NCT05669170,Apathy
NCT01740570,Brain Cancer
NCT04551170,Pseudohypoparathyroidism
NCT04551170,Albright Hereditary Osteodystrophy
NCT04551170,Pseudohypoparathyroidism Type 1a
NCT06793670,Cardiac Failure
NCT06793670,Low Cardiac Output Syndrome
NCT01555970,Obsessive-Compulsive Disorder
NCT06455670,Acute Exacerbation Of Chronic Obstructive Pulmonary Disease
NCT01189370,Renal Cell Cancer
NCT07221370,Clostridium Difficile Infection
NCT07221370,Vancomycin Resistant Enterococci Infection
NCT06115070,Thrombosis
NCT06115070,Acute Ischemic Stroke (AIS)
NCT06027970,Variceal Hemorrhage
NCT03045770,Advanced Gastric Cancer Adenocarcinoma of Esophagogastric Junction
NCT05634473,Asthma
NCT02615873,Parkinson's Disease
NCT00006127,Fanconi's Anemia
NCT03925727,Keratoconjunctivitis Sicca
NCT03925727,Dry Eye
NCT02449070,Myocardial Infarction
NCT00218270,Tobacco Use Disorder
NCT00423761,Healthy Subjects
NCT02321761,Traumatic Brain Injury
NCT05885542,Cannabis Use Disorder
NCT05411861,Hallux Valgus and Bunion
NCT04169061,Keratitis
NCT01652742,Healthy
NCT00000642,HIV Infections
NCT00000642,Pregnancy
NCT04506073,Parkinson's Disease
NCT03059173,Polycystic Ovary Syndrome
NCT03059173,Reproductive Medicine
NCT07093073,B Cell Lymphoma
NCT00031473,Respiratory Syncytial Virus Infections
NCT00212069,Metastatic Breast Cancer
NCT05893069,Ligament Tear Knee
NCT02769169,Polypoidal Choroidal Vasculopathy
NCT04901169,Liver Transplant; Complications
NCT04901169,Vasoplegia
NCT07232069,Coronary Artery Disease Risk Factors Multiple
NCT07232069,Coronary Artery Disease Progression
NCT07232069,Prevention & Control
NCT07232069,Premature Atherosclerosis
NCT01852383,Depression
NCT01852383,Dysthymic Disorder
NCT00499083,Breast Cancer
NCT05556083,Premature Ejaculation
NCT00431054,Ovarian Cancer
NCT00039754,Multiple Myeloma
NCT02156154,Postoperative Pain
NCT04346654,Immune Thrombocytopenia (ITP)
NCT07078305,Hepatocellular Carcinoma
NCT03713905,Advanced Solid Tumors
NCT01248494,Metastatic Breast Cancer
NCT05452005,Lung Cancer
NCT05452005,Lung Cancer Metastatic
NCT05452005,Brain Metastases
NCT05452005,Non Small Cell Lung Cancer
NCT01184105,Premature Ejaculation
NCT02210494,EMR Ulcer
NCT03773666,Muscle Invasive Bladder Cancer
NCT02611466,Osteoarthritis of the Knee
NCT02611466,Chronic Lower Back Pain
NCT02549066,Complication of Extracorporeal Circulation
NCT02549066,Kidney Circulation Disorder
NCT02549066,Renal Function Disorder
NCT06118866,Androgenetic Alopecia
NCT04068766,Uterine Fibroid
NCT04108156,Diabetic Macular Edema
NCT00085956,Postmenopausal Bone Loss
NCT05604222,Urgency Urinary Incontinence
NCT05604222,Nocturia
NCT02914522,Ulcerative Colitis
NCT02230956,Osteoarthritis
NCT04975256,Advanced Cancer
NCT04975256,Metastatic Cancer
NCT04975256,Malignant Neoplasm of Colon
NCT04975256,Malignant Neoplasm of Lung
NCT04975256,Malignant Neoplastic Disease
NCT00028522,Disseminated Neuroblastoma
NCT00028522,Localized Unresectable Neuroblastoma
NCT00028522,Recurrent Neuroblastoma
NCT00028522,Regional Neuroblastoma
NCT06832722,"Shock, Cardiogenic"
NCT04973722,Healthy Adults
NCT05949294,Amyotrophic Lateral Sclerosis
NCT02430194,Chronic Hepatitis D Infection
NCT05147194,Diabetic Nephropathies
NCT02920229,68Ga-PSMA HBED-PET/CT
NCT02920229,Prostate Cancer
NCT02801929,Sunscreening Agent
NCT05052229,Idiopathic Pulmonary Fibrosis
NCT00511329,"Arthritis, Juvenile Rheumatoid"
NCT00511329,Crohn Disease
NCT01460602,Follicular Lymphoma
NCT01460602,Marginal Zone Lymphoma
NCT01460602,Mantle Cell Lymphoma
NCT00984802,Stable Coronary Artery Disease
NCT00984802,Percutaneous Coronary Intervention
NCT05913102,Pigmentation
NCT05913102,Pigmentation Disorder
NCT02916602,Hypertension
NCT01050829,Magnetic Resonance Imaging
NCT02716129,Postoperative Pain
NCT02187302,Metastatic Renal Cell Carcinoma
NCT00435929,HIV Infections
NCT04592029,Hepatocellular Carcinoma Non-resectable
NCT05706129,Clear Cell Renal Cell Cancer (ccRCC)
NCT05706129,Pancreatic Ductal Adenocarcinoma (PDAC)
NCT05706129,Colorectal Cancer (CRC)
NCT05706129,Urothelial Carcinoma (UC)
NCT05706129,Indeterminate Renal Mass (IDRM)
NCT05706129,Muscle Invasive Bladder Cancer (MIBC)
NCT05706129,Head and Neck Cancer (H&N)
NCT05706129,Triple Negative Breast Cancer (TNBC)
NCT05706129,Squamous Non-Small Cell Lung Cancer (NSCLC)
NCT00289653,Nicotine Dependence
NCT02916537,Prostate Cancer
NCT01682837,Hypertension
NCT00644137,Nicotine Dependence
NCT00506337,"Pancreatitis, Acute Necrotizing"
NCT04511637,Clinical Pharmacology
NCT02071537,Malignant Neoplasm
NCT02071537,Solid Tumors
NCT00195845,Bipolar Disorder
NCT00152945,Insulin Resistance
NCT01568645,Pulmonary Hypertension
NCT05905172,Liver Fibrosis
NCT05533372,Healthy
NCT05533372,Rheumatoid Arthritis
NCT06669572,"Carcinoma, Squamous Cell"
NCT06669572,Anorectal Cancer
NCT00398372,"Lymphoma, Non-Hodgkin"
NCT00398372,Lymphomas: Non-Hodgkin
NCT00398372,Lymphomas: Non-Hodgkin Cutaneous Lymphoma
NCT00398372,Lymphomas: Non-Hodgkin Diffuse Large B-Cell
NCT00398372,Lymphomas: Non-Hodgkin Follicular / Indolent B-Cell
NCT00398372,Lymphomas: Non-Hodgkin Mantle Cell
NCT00398372,Lymphomas: Non-Hodgkin Marginal Zone
NCT00398372,Lymphomas: Non-Hodgkin Peripheral T-Cell
NCT00398372,Lymphomas: Non-Hodgkin Waldenstr Macroglobulinemia
NCT00658372,Generalized Anxiety Disorder
NCT07280572,Post COVID Condition
NCT05610072,Cocaine Use Disorder
NCT05610072,Opioid Use Disorder
NCT05610072,Stimulant Use Disorder
NCT02288195,Rectal Neoplasms
NCT06734195,Sevoflurane Agitiion in Pediatric
NCT01631539,Liver Metastases
NCT01631539,Colorectal Cancer
NCT01640639,Congestive Heart Failure
NCT06848439,Mouth Neoplasms
NCT06848439,Neoadjuvant Therapy
NCT06848439,Immunotherapy
NCT06848439,Molecular Targeted Therapy
NCT00610077,Infertility
NCT06089577,Coronary Artery Disease
NCT05002777,Warm Autoimmune Hemolytic Anemia (wAIHA)
NCT07233577,Pulpitis - Irreversible
NCT02522377,Treatment Resistant Depression
NCT02522377,Major Depressive Disorder
NCT02522377,Severe Depression
NCT07523295,Preterm Labor With Intact Membranes
NCT07523295,Preterm Birth
NCT05324995,Postoperative Pain
NCT05324995,Total Knee Arthroplasty
NCT04218539,Migraine Headache
NCT01313039,Breast Cancer
NCT02125357,Metastatic Castration-Resistant Prostate Cancer
NCT03729401,Coronary Artery Disease
NCT03729401,Myocardial Infarction
NCT03410901,B-Cell Non-Hodgkin Lymphoma
NCT03410901,Grade 1 Follicular Lymphoma
NCT03410901,Grade 2 Follicular Lymphoma
NCT03410901,Grade 3a Follicular Lymphoma
NCT03410901,Lymphoplasmacytic Lymphoma
NCT03410901,Mantle Cell Lymphoma
NCT03410901,Marginal Zone Lymphoma
NCT03410901,Small Lymphocytic Lymphoma
NCT01150201,Kidney Disease
NCT00120601,Alcoholism
NCT05177601,Obsessive-Compulsive Disorder
NCT05513001,Chronic Spontaneous Urticaria
NCT05156281,Relapsing Multiple Sclerosis
NCT02626481,Multiple Myeloma
NCT02064881,Type 2 Diabetes
NCT02474212,Venous Thromboembolism
NCT02474212,Pulmonary Embolism
NCT02474212,Thromboprophylaxis
NCT00706381,Healthy Volunteers
NCT01760889,Schizophrenia
NCT05097768,Symptomatic Irreversible Pulpitis
NCT01427868,Hepatitis B
NCT07180940,Spine Disease
NCT07180940,Spinal Diseases
NCT01415440,Attention Deficit Hyperactivity Disorder
NCT05121740,COVID-19 Infection
NCT04218240,Opioid Withdrawal
NCT06768489,Multiple Myeloma
NCT06903689,Chronic Kidney Disease
NCT06903689,Vascular Calcification
NCT06903689,"Kidney Failure, Chronic"
NCT05914389,Colon Neoplasm
NCT02521389,Malignancies
NCT01377389,Prostate Cancer
NCT02514668,Plasma Cell Myeloma
NCT05650268,Vitamin D Deficiency
NCT05650268,Surgery
NCT07006168,Patella Fracture
NCT02189668,Appendicitis
NCT00543868,Stomach Ulcer
NCT00543868,Duodenal Ulcer
NCT01460368,"Diabetes Mellitus, Type 2"
NCT00024050,Leukemia
NCT00024050,Myelodysplastic Syndromes
NCT06210750,T Acute Lymphoblastic Leukemia
NCT06210750,T Lymphoblastic Lymphoma
NCT03896750,Renal Impairment
NCT03896750,Tuberculosis
NCT04066491,Biliary Tract Cancer
NCT04066491,Cholangiocarcinoma
NCT04066491,Gallbladder Cancer
NCT01977118,Acute Pancreatitis
NCT01966718,Rheumatoid Arthritis
NCT05363774,"Healthy Volunteers (Diabetes Mellitus, Type 2)"
NCT06055374,Atopic Dermatitis
NCT07146074,Solid Neoplasms
NCT07146074,Bone Metastases
NCT07146074,Asymptomatic or Minimally Symptomatic
NCT07146074,High Risk for Skeletal Events
NCT02189174,Advanced Solid Tumor
NCT05378074,Post-Traumatic Headache
NCT01149174,Superficial Bladder Cancer
NCT04492774,Spinal Stenosis Lumbar
NCT04492774,Spinal Canal Stenosis
NCT00211718,Arthritis
NCT00211718,Shoulder Pain
NCT03789318,Postsurgical Pain
NCT05396690,Coronary Artery Bypass Surgery
NCT06820190,Multiple Mid-Transverse Process to Pleura
NCT06820190,PCA
NCT06820190,Idiopathic Scoliosis
NCT06820190,Posterior Spinal Fusion
NCT02814097,Chronic Heart Failure
NCT04519697,Rectovaginal Fistula
NCT04519697,Crohn Disease
NCT04519697,Crohn Disease of Vulva
NCT04519697,Rectolabial; Fistula
NCT06892197,Community Acquired Pneumonia (CAP)
NCT00372697,Acromegaly
NCT01147510,Persistent Asthma
NCT01147510,Elderly
NCT02522013,Post-dural Puncture Headache
NCT07072910,Migraine
NCT03225313,Ultrasound Guided Rectus Sheath Block
NCT03225313,"Pain, Postoperative"
NCT07081360,Pancreas Cancer
NCT07081360,Periampullary Cancer
NCT07081360,Periampullary Carcinoma Resectable
NCT07081360,Pancreatic Cancer Resectable
NCT07081360,Ampullary Cancer
NCT07081360,Pancreas Adenocarcinoma
NCT05362760,Hormone Receptor-positive Metastatic Breast Cancer
NCT05362760,HER2-negative Metastatic Breast Cancer
NCT02150720,Hip Fracture
NCT02150720,Blood Loss
NCT01515020,Nosocomial Infection
NCT01515020,Healthcare-associated Infection
NCT01416220,Major Depressive Disorder
NCT04944082,Covid19
NCT06109259,Healthy Volunteers
NCT03678259,Systemic Amyloidosis
NCT02431559,Ovarian Cancer
NCT02782559,Preterm Preeclampsia
NCT03500380,Breast Neoplasms
NCT03500380,Breast Diseases
NCT03500380,Capecitabine
NCT03500380,HER2-positive Breast Cancer
NCT03500380,HER2 Positive Breast Carcinoma
NCT03500380,HER2-positive Advanced Breast With Liver Metastases
NCT01702480,Alzheimer's Disease
NCT05771480,Biliary Tract Cancer
NCT07346079,Gout Arthritis
NCT07346079,Gout Flare
NCT07346079,Gout
NCT04508179,Solid Tumor
NCT02971696,HCC
NCT03509662,Cardiac Arrest
NCT01130662,Acute Myeloid Leukemia
NCT03981562,Hereditary Haemorrhagic Telangiectasia
NCT05974462,Acute Myocarditis
NCT07637162,Fibromyalgia
NCT04690062,"Dystrophy, Retinal"
NCT05803746,Lung Cancer
NCT05803746,Colorectal Cancer
NCT02604446,Joint Diseases
NCT06963346,Bladder Cancer
NCT02373046,Healthy
NCT04547088,Nasopharyngeal Carcinoma
NCT00457288,Cutaneous Mastocytosis
NCT03455088,Feeding and Eating Disorders
NCT03980288,Advanced Hepatocellular Carcinoma
NCT04008888,Multiple Myeloma
NCT04008888,Plasma Cell Leukemia
NCT04008888,Extramedullary Plasmacytoma
NCT04008888,Loss of Chromosome 17p
NCT04008888,t(14;16)
NCT04008888,t(4;14)
NCT04008888,T(14;20)
NCT04008888,1Q21 Amplification
NCT04008888,Complex Karyotype
NCT03141203,Peripheral T Cell Lymphoma
NCT01657903,Dental Erosion
NCT01657903,Acid Wear
NCT03076203,Prostate Carcinoma Metastatic to the Bone
NCT03076203,Stage IV Prostate Adenocarcinoma
NCT03076203,Hormone-refractory Prostate Cancer
NCT06135103,Ischemic Stroke
NCT06804603,Obesity
NCT03899103,Steroid-Dependent Nephrotic Syndrome
NCT00458003,Preeclampsia
NCT00458003,Hypotension
NCT06181227,Diabetic Macular Edema
NCT06181227,Diabetic Retinopathy
NCT00077727,Schizophrenia
NCT05232227,"Malaria, Vivax"
NCT05232227,Relapse
NCT01050127,Healthy
NCT00000761,HIV Infections
NCT01510327,Coronary Artery Disease
NCT00050661,Psoriasis
NCT06645886,Hematologic Malignancies
NCT06645886,Adult
NCT00151086,Prostate Cancer
NCT01115842,Acute Coronary Syndrome
NCT01115842,Cytokines
NCT07332442,Sleep Apnea
NCT07332442,Obstructive Sleep Apnea
NCT02064842,Healthy
NCT01889186,Chronic Lymphocytic Leukemia
NCT01889186,17p Deletion
NCT01889186,Cancer of the Blood and Bone Marrow
NCT01717170,Intermediate Uveitis
NCT01717170,Posterior Uveitis
NCT01717170,Pan-uveitis
NCT00759070,HIV Infections
NCT06180070,Migraine
NCT06180070,Headache
NCT06180070,Backache
NCT02387086,NSCLC
NCT06940570,Leukemia
NCT06940570,Aplastic Anemia
NCT06940570,Bone Marrow Failure Syndromes
NCT06940570,SCID
NCT01774786,Gastric Cancer
NCT05655273,Liver Transplant Rejection
NCT05655273,Immune System Suppression
NCT02000973,General Anesthesia
NCT02000973,Propofol Target-controlled Infusion
NCT02000973,Thoracic Epidural Anesthesia
NCT04307173,Moderate to Severe Asthma
NCT03150173,Opiate Addiction
NCT01356173,"Non-Hodgkin's Lymphoma, Solid Tumor"
NCT02806869,Human Gastrointestinal Physiology Data
NCT00547469,Irritable Bowel Syndrome
NCT02317783,Breast Cancer
NCT02811783,Mycosis Fungoides
NCT02811783,"Lymphoma, T-Cell, Cutaneous"
NCT02811783,Sézary Syndrome
NCT03690869,Relapsed Solid Tumor
NCT03690869,Refractory Solid Tumor
NCT03690869,Relapsed Central Nervous System Tumor
NCT03690869,Refractory Central Nervous System Tumor
NCT03690869,Diffuse Intrinsic Pontine Glioma
NCT03690869,High Grade Glioma
NCT02138383,Pancreatic Cancer
NCT02136641,Anesthesia; Reaction
NCT03250741,Alzheimer Disease
NCT02486341,Diabetes
NCT01090141,Obesity
NCT01090141,Nutrition Disorders
NCT01090141,Overweight
NCT04536454,Cancer
NCT04683354,"Solid Tumor, Adult"
NCT02696954,Pharmacokinetic
NCT02696954,Drug Combination
NCT02696954,Healthy
NCT06164327,Relapsed/Refractory Diffuse Large B-Cell Lymphoma
NCT00707161,Cancer
NCT00707161,Melanoma
NCT00058461,B-cell Childhood Acute Lymphoblastic Leukemia
NCT00058461,Childhood Burkitt Lymphoma
NCT00058461,Childhood Diffuse Large Cell Lymphoma
NCT00058461,Childhood Immunoblastic Large Cell Lymphoma
NCT00058461,L3 Childhood Acute Lymphoblastic Leukemia
NCT00058461,Recurrent Childhood Acute Lymphoblastic Leukemia
NCT00058461,Recurrent Childhood Large Cell Lymphoma
NCT00058461,Recurrent Childhood Lymphoblastic Lymphoma
NCT00058461,Recurrent Childhood Small Noncleaved Cell Lymphoma
NCT03381261,Migraine
NCT06486142,Non-Small Cell Lung Cancer
NCT07367542,Depression
NCT07367542,Anxiety
NCT07367542,S-ketamine
NCT07367542,Breast Cancer
NCT01213186,Human Immunodeficiency Virus
NCT01213186,Disorder of Immune Reconstitution
NCT03068442,Cognitive Impairment
NCT03068442,Carotid Artery Plaque
NCT03068442,Inflammation
NCT00003270,Graft Versus Host Disease
NCT00003270,Leukemia
NCT00003270,Lymphoma
NCT00003270,Multiple Myeloma and Plasma Cell Neoplasm
NCT00003270,Myelodysplastic Syndromes
NCT01917773,Colonic Motility Index
NCT01917773,Constipation
NCT03875573,Luminal B
NCT01596673,Drug Abuse
NCT04844073,Squamous Cell Cancer of Head and Neck (SCCHN)
NCT04844073,Non-small Cell Lung Cancer (NSCLC)
NCT04844073,Colorectal Cancer
NCT06679569,Neuromuscular Blockade
NCT05727969,Pain
NCT05727969,Hypospadias
NCT01765569,"Malignant Melanoma, Neoplasms"
NCT06223841,Advanced Malignant Tumors
NCT06556641,Healthy Subjects
NCT06214741,Obesity
NCT06214741,Overweight
NCT00559741,Colorectal Cancer
NCT01090154,Ulcerative Colitis
NCT00692354,Advanced Solid Tumors
NCT02622854,Acute Pancreatitis
NCT00021554,HIV Infections
NCT05962541,Non-muscle-invasive Bladder Cancer
NCT05962541,Non-Muscle Invasive Bladder Urothelial Carcinoma
NCT05962541,High Risk Non-Muscle Invasive Bladder Urothelial Carcinoma
NCT02945241,Methicillin-resistant Staphylococcus Aureus
NCT02945241,Sepsis
NCT02945241,Critical Illness
NCT02147041,Diabetes Mellitus
NCT02147041,Hyperlipidemia
NCT07457541,Lung Cancer (Locally Advanced or Metastatic)
NCT07457541,"Pancreas Cancer, Metastatic"
NCT07457541,Breast Cancer (Locally Advanced or Metastatic)
NCT07457541,Colorectal Cancer (Locally Advanced or Metastatic)
NCT04324905,Healthy Volunteer
NCT00144105,HIV Infections
NCT04542694,COVID-19
NCT02239094,Bipolar Depression
NCT06296966,Dry Eye
NCT00922194,Obesity
NCT00922194,Type 2 Diabetes Mellitus
NCT07192666,Sjögren's Syndrome
NCT03880266,Palmar Hyperhidrosis
NCT05783856,Sexually Transmitted Diseases
NCT06323356,Generalized Pustular Psoriasis
NCT06323356,Erythrodermic Psoriasis
NCT00274456,Metastatic Breast Cancer
NCT02443922,Type 2 Diabetes
NCT00428922,Breast Cancer
NCT00328822,Primary Insomnia
NCT01142622,Ovarian Cysts
NCT01552122,Osteoporosis
NCT01552122,Postmenopausal Osteoporosis
NCT04724629,Covid19
NCT00938431,Epilepsy
NCT04623931,"Anaplastic Astrocytoma, IDH-Wildtype"
NCT04623931,Anaplastic Oligoastrocytoma
NCT04623931,Anaplastic Oligodendroglioma
NCT04623931,"Diffuse Astrocytoma, IDH-Wildtype"
NCT04623931,Glioblastoma
NCT04623931,Oligoastrocytoma
NCT04623931,Oligodendroglioma
NCT04623931,WHO Grade II Glioma
NCT04623931,WHO Grade III Glioma
NCT04808531,Cancer Related Pain
NCT05513131,Secondary Acute Myeloid Leukemia
NCT02259231,Melanoma
NCT02259231,Unresectable (Stage III) Melanoma
NCT02259231,Metastatic (Stage IV) Melanoma
NCT00905931,Subarachnoid Hemorrhage
NCT00905931,Aneurysm
NCT05640531,Bioavailability
NCT02364453,Migraine Without Aura
NCT05654753,Axial Spondyloarthritis
NCT06373653,Eye Strain
NCT06373653,Eye Strain of Both Eyes
NCT04744753,Infertility Primary
NCT03734653,Prostate Cancer
NCT03734653,Castration-Resistant Prostate Cancer
NCT05760053,Toripalimab
NCT05760053,First-line Treatment
NCT04723537,Covid19
NCT01541345,Missing Teeth
NCT02153645,Parkinson's Disease
NCT02153645,Levodopa Induced Dyskinesias (LID)
NCT00995345,Type 2 Diabetes
NCT04314895,"Lung Cancer, Nonsmall Cell"
NCT04314895,Lung Cancer
NCT04314895,"Lung Cancer, Small Cell"
NCT04314895,Neoplasm of Lung
NCT02744937,Complication
NCT00761995,Glaucoma
NCT00761995,Ocular Hypertension
NCT01037595,End Stage Renal Failure
NCT06160895,Hepatitis B
NCT07628972,Dyskeratosis Congenita
NCT07628972,Telomere Disease
NCT06414395,GIT Endoscopy
NCT06414395,Procedural Sedation
NCT03779295,Perioral Dermatitis
NCT00355095,Optic Neuritis
NCT00435695,Healthy Subjects
NCT00435695,Depressive Disorder and Anxiety Disorders
NCT00992537,Diabetes
NCT00992537,"Diabetes Mellitus, Type 1"
NCT06872645,"Peritoneal Dialysis, Heart Failure"
NCT07429045,Overweight and Obesity
NCT05242445,"Hepatitis B, Chronic"
NCT00516945,Hepatitis B
NCT00516945,Neoplasms
NCT01016145,Schizophrenia or Schizoaffective Disorder
NCT00866645,Agitation
NCT01385345,Vitamin D Deficiency
NCT01385345,Insulin Resistance
NCT03182595,Healthy Volunteers
NCT06468995,HIV
NCT06468995,Antiviral Agents
NCT03906695,Lower-risk Myelodysplastic
NCT00361595,Osteoporosis
NCT00902395,Dental Caries
NCT00902395,Child Behavior
NCT00902395,Conscious Sedation Failure During Procedure
NCT02513095,Heat Stroke
NCT06507995,Chronic Postoperative Pain
NCT06507995,Chest Pain
NCT06507995,Back Pain
NCT04108195,Multiple Myeloma
NCT01323595,Pain
NCT06531395,Sjögrens Disease
NCT05552495,Hypertension and Dyslipidemia
NCT00002095,Cytomegalovirus Infections
NCT00002095,HIV Infections
NCT03810339,Solid Tumor
NCT03810339,Advanced Cancer
NCT00128739,Graft Vs Host Disease
NCT02185339,Laparoscopic Renal Surgery
NCT02185339,Laparoscopy
NCT02185339,Muscle Relaxation
NCT06491680,Breast Cancer
NCT02465580,Systemic Lupus Erythematosus
NCT01060696,Infertility
NCT03238196,Metastatic Breast Cancer
NCT00392496,Adult Diffuse Large Cell Lymphoma
NCT00392496,Recurrent Adult Diffuse Large Cell Lymphoma
NCT00392496,Stage IV Adult Diffuse Large Cell Lymphoma
NCT06025396,Cocaine Use Disorder
NCT06025396,Substance Use Disorders
NCT06025396,Healthy Volunteers
NCT03601780,Postoperative Pain
NCT02028780,Healthy
NCT07547462,Cesarean Section Scar
NCT07547462,Wound Healing
NCT05259527,Neuropathic Pain
NCT03946527,Paraganglioma
NCT03946527,Pheochromocytoma
NCT05296746,Breast Cancer Stage II
NCT01518946,Orthostatic Hypotension
NCT06455046,Cervical Cancer Recurrent
NCT00655746,Healthy
NCT00103246,Lymphoma
NCT00103246,Non-melanomatous Skin Cancer
NCT00103246,Precancerous Condition
NCT07027488,Advanced Melanoma and Normal or Impaired
NCT07027488,Advanced Melanoma
NCT01342627,Metastatic Renal Cell Carcinoma
NCT00292227,Parkinson's Disease
NCT07134127,Healthy
NCT05801627,"Diabetes Mellitus, Type 2"
NCT05896527,Plaque Psoriasis
NCT04221061,Glioblastoma
NCT00947661,Open Angle Glaucoma
NCT00947661,Ocular Hypertension
NCT05218161,Hemodynamic Instability
NCT04315961,Healthy
NCT05865886,Cystic Fibrosis
NCT05865886,Bronchiectasis
NCT01316042,Premature Pubarche
NCT01446042,Male Hypogonadism
NCT04071470,HIV Infections
NCT00494442,Ovarian Neoplasm
NCT06199973,Advanced Colorectal Cancer
NCT00557973,Muscle Spasticity
NCT00232973,Leg Ulcer
NCT02782273,Renal Colic
NCT02969473,Esophageal Neoplasm
NCT02969473,Chemoradiation
NCT01712373,Fatigue
NCT00433069,Chronic Hepatitis C
NCT04942769,Selenium
NCT03303469,Hepatocellular Carcinoma
NCT05045469,Rosacea
NCT05045469,Chinese Herbal Medicine
NCT05331469,to Identify Which Titration Regimen of Basal Insulin (Being Daily Titration vs 3 Daily Titration) is Better in Reducing hba1c and Have Lesser Hypoglycemia
NCT03161041,Colorectal Carcinomatosis
NCT02966041,Postoperative Nausea and Vomiting
NCT04495283,Postoperative Pain
NCT02000154,Myelodysplastic Syndrome
NCT06278454,Unresectable Pancreatic Cancer
NCT06278454,Advanced Pancreatic Cancer
NCT06278454,Lymph Node Metastases
NCT07232654,LOCALLY ADVANCED CERVICAL CANCERS
NCT04028505,Terlipressin Adverse Reaction
NCT01607905,Solid Tumor
NCT05357794,Mycosis Fungoides
NCT05524194,Solid Tumors
NCT02380794,Peripheral Arterial Disease
NCT02380794,Intermittent Claudication
NCT04920994,Abdominal Surgery
NCT02986594,Thrombophilia With Recurrent Pregnancy Loss
NCT05652894,Metastatic Colorectal Cancer
NCT06565494,Narcissism
NCT07492394,Breast Cancer
NCT04809766,Metastatic Pancreatic Ductal Adenocarcinoma
NCT04809766,Stage IV Pancreatic Cancer AJCC v8
NCT05357066,Fibromyalgia
NCT05357066,Central Neuropathic Pain
NCT01906866,Sleep Disorders
NCT02701166,Primary Biliary Cholangitis
NCT02701166,Primary Sclerosing Cholangitis
NCT02701166,Secondary Sclerosing Cholangitis
NCT00565422,Internet Addiction
NCT03054922,Anesthesia
NCT03468322,Inherited Epidermolysis Bullosa
NCT02401256,Healthy
NCT00006222,Sarcoma
NCT06823856,Diabetes Mellitus Type 2
NCT03099122,End-stage Renal Disease
NCT00443222,Refractory Myositis
NCT07201922,Familial Pulmonary Fibrosis
NCT07201922,Interstitial Lung Abnormalities
NCT07201922,Interstitial Lung Diseases
NCT01129622,Breast Cancer
NCT00001422,"Arthritis, Psoriatic"
NCT00001422,Psoriasis
NCT05756322,Relapsed or Resistant Acute Leukaemias
NCT05355051,Hodgkin's Lymphoma
NCT01975129,Vaginal Atrophy
NCT06690229,"Caries,Dental"
NCT01686802,Post-operative Pain
NCT00829231,Liver Disease
NCT04432831,Diabetic Macular Edema
NCT05225831,CD19+ and CD 22+ B-ALL
NCT06219902,Vasomotor Symptoms as a Sex Hormone-dependent Disorder in Women and Men
NCT06219902,Hot Flashes
NCT07495631,"Acute Lymphoblastic Leukemia, Adult"
NCT06976853,Crohn Disease (CD)
NCT06003231,"Carcinoma, Non-Small-Cell Lung"
NCT06003231,Ovarian Neoplasms
NCT06003231,Endometrial Neoplasms
NCT06003231,Head and Neck Neoplasms
NCT03239145,Advanced Solid Tumor
NCT03489837,Evaluate the Efficacy and Safety of Levotuss CR Tab. in Comparison With Levotuss Syrup in Patients With Cough Due to Acute or Chronic Bronchitis
NCT03535545,Pulmonary Fibrosis
NCT03535545,Lung Cancer
NCT02438072,Depression
NCT03436472,Aged
NCT03436472,Operative
NCT03436472,Delirium
NCT03436472,Dexmedetomidine
NCT03436472,Mortality
NCT03436472,Long-term Survivors
NCT05194072,Ovarian Neoplasms
NCT05194072,Peritoneal Neoplasms
NCT05194072,Fallopian Tube Neoplasms
NCT05194072,Triple Negative Breast Neoplasms
NCT05194072,HER2 Negative Breast Neoplasms
NCT05194072,Hormone Receptor Positive Breast Neoplasms
NCT05194072,Endometrial Neoplasms
NCT05194072,"Carcinoma, Non-Small-Cell Lung"
NCT05194072,Cholangiocarcinoma
NCT05194072,Gallbladder Carcinoma
NCT05194072,Adenoid Cystic Carcinoma
NCT06968572,Advanced Solid Tumors
NCT06391372,Pelvic Organ Prolapse
NCT06391372,Pelvic Floor Disorders
NCT06391372,Menopause
NCT06391372,Vaginal Atrophy
NCT02581072,Acne Vulgaris
NCT04677972,Meniere Disease
NCT04677972,Ménière
NCT02744495,Postoperative Vomiting
NCT02744495,Postoperative Nausea
NCT02744495,Postoperative Emesis
NCT05611372,REM Sleep Behavior Disorder
NCT05611372,Parkinson Disease
NCT05611372,Synucleinopathies
NCT02851472,Anemia
NCT01181895,Asthma
NCT00001962,Aplastic Anemia
NCT00001962,Pure Red Cell Aplasia
NCT00001962,Diamond Blackfan Anemia
NCT01079962,Hypertension
NCT07144462,Autoimmune
NCT00098046,Chickenpox
NCT00098046,Herpes Zoster
NCT02104388,Corneal Epithelial Disorders
NCT04404088,Ann Arbor Stage III Grade 1 Follicular Lymphoma
NCT04404088,Ann Arbor Stage III Grade 2 Follicular Lymphoma
NCT04404088,Ann Arbor Stage III Grade 3 Follicular Lymphoma
NCT04404088,Ann Arbor Stage IV Grade 1 Follicular Lymphoma
NCT04404088,Ann Arbor Stage IV Grade 2 Follicular Lymphoma
NCT04404088,Ann Arbor Stage IV Grade 3 Follicular Lymphoma
NCT04404088,Grade 3a Follicular Lymphoma
NCT03910088,Post-Dural Puncture Headache
NCT03332888,Heart Failure With Reduced Ejection Fraction
NCT07683403,Colorectal Cancer (CRC)
NCT03340103,Antioxidant Role of the Lutein in Preterm Newborn
NCT06196203,Higher-risk Myelodysplastic Syndromes
NCT03654703,Hematopoietic System--Cancer
NCT01545427,Scleroderma
NCT05249127,Biochemical Recurrence of Malignant Neoplasm of Prostate
NCT04509661,Bronchiectasis Adult
NCT00003261,Lymphoma
NCT02010242,Type 2 Diabetes Mellitus With Diabetic Nephropathy
NCT02067442,Pain
NCT00411242,Major Depressive Disorder (MDD)
NCT01007942,HER2/Neu Over-expressing Locally Advanced Breast Cancer
NCT01007942,Metastatic Breast Cancer
NCT01187186,Liver Disease
NCT00034086,HIV Infections
NCT06666270,Advanced Solid Cancer
NCT06666270,Metastatic Solid Tumor
NCT06666270,Ovarian Cancer
NCT06666270,Breast Cancer
NCT06666270,Prostate Cancer
NCT06666270,BRCA Mutation
NCT06666270,HRR Deficiency
NCT01525173,Glaucoma
NCT01525173,Ocular Hypertension
NCT02111473,Hypogonadism
NCT03785873,Biliary Tract Cancer
NCT02216669,Solid Tumors
NCT02216669,Head and Neck Neoplasms
NCT03281369,Gastric Adenocarcinoma or Gastroesophageal Junction Adenocarcinoma or Esophageal Carcinoma
NCT02048683,ICU Patients With Indication of Sedation
NCT02709083,Chronic Myelogenous Leukemia
NCT02709083,Chronic Myeloid Leukemia
NCT02709083,Leukemia
NCT00170183,Kidney Diseases
NCT00170183,Congestive Heart Failure
NCT00170183,Cardiomyopathy
NCT05257941,Surgery
NCT07657741,Septic Shock
NCT07657741,Microcirculatory Dysfunction
NCT07657741,Sublingual Microcirculation
NCT07657741,Hemodynamic Instability
NCT02326441,Advance Malignancies
NCT07282041,Intracranial Atherosclerosis
NCT07282041,"Stroke, Ischemic"
NCT00603941,Anaplastic Thyroid Cancer
NCT00605241,Substance Dependence
NCT01673854,Melanoma
NCT04635605,SARS-CoV2
NCT05355805,Hidradenitis Suppurativa
NCT05549505,Breast Cancer
NCT05037851,Pulmonary Aspergillosis
NCT01360866,Depressive Disorder
NCT01360866,Depression
NCT01360866,"Depressive Disorder, Major"
NCT01360866,Mood Disorders
NCT01360866,Mental Disorders
NCT04996056,Cocaine Intoxication
NCT05163756,Gastritis Acute
NCT05163756,Gastritis Chronic
NCT02793856,Metastatic Non-small Cell Lung Cancer
NCT01345851,Adenocarcinoma of the Lung
NCT01345851,Adenosquamous Cell Lung Cancer
NCT01345851,Large Cell Lung Cancer
NCT01345851,Recurrent Non-small Cell Lung Cancer
NCT01345851,Squamous Cell Lung Cancer
NCT01345851,Stage IIA Non-small Cell Lung Cancer
NCT01345851,Stage IIB Non-small Cell Lung Cancer
NCT01345851,Stage IIIA Non-small Cell Lung Cancer
NCT01345851,Stage IIIB Non-small Cell Lung Cancer
NCT03599622,Granulomatous Colitis
NCT03599622,Crohn's Disease
NCT03599622,Crohn's Enteritis
NCT03599622,Granulomatous Enteritis
NCT00081822,Acute Myeloid Leukemia
NCT02958202,Duchenne Muscular Dystrophy
NCT01602302,Rheumatoid Arthritis
NCT03427502,"Postoperative Agitation: Impaired Awareness, Abnormal Cognitive Function, Confusion, and Verbal and Physical Agitation During Recovery From General Anesthesia"
NCT03427502,Deviated Nasal Septum
NCT03427502,Chronic Rhinosinusitis (Diagnosis)
NCT03427502,Nasal Polyps
NCT05890729,Pulmonary Sarcoidosis
NCT01638429,Diabetes
NCT01638429,Obesity
NCT02918929,Presumptive NAFLD
NCT02537002,Healthy
NCT04973137,Light Chain (AL) Amyloidosis
NCT01400737,Oral Ibuprofen Prophylaxis in Very Low Birth Weight Infants
NCT01222845,"Postprandial Glycaemia,"
NCT01222845,Postprandial Insulinaemia
NCT01222845,Appetite
NCT00698945,Ocular Hypertension
NCT00698945,Open-Angle Glaucoma
NCT07658872,Gastric Adenocarcinoma
NCT07658872,Esophagogastric Junction Adenocarcinoma
NCT05093972,Hepatic Insufficiency
NCT00939172,Advanced Cancers
NCT00939172,Lymphoma
NCT06648772,Plaque Psoriasis
NCT02582372,Dexmedetomidine in Subarachnoidal Anesthesia
NCT05948072,Colorectal Cancer
NCT05948072,Liver Metastases
NCT03440372,Crohn Disease
NCT00785395,Uterine Atony
NCT05623995,In-stent Restenosis
NCT05623995,Major Adverse Cardiovascular Events
NCT03432195,Alzheimer's Disease
NCT03212495,Knee Injuries
NCT05890495,Contraception
NCT00011895,HIV Infections
NCT00189995,Schizophrenia
NCT00080795,Bladder Cancer
NCT00080795,Transitional Cell Cancer of the Renal Pelvis and Ureter
NCT00080795,Urethral Cancer
NCT00992095,Opioid-Related Disorders
NCT00171795,Traumatic Brain Injury
NCT01690195,Alzheimer's Disease
NCT07581795,Advanced HER2-positive Breast Cancer
NCT00045695,Lymphoma
NCT00526695,Ischemia/Reperfusion Injury
NCT02184195,Germline BRCA1/2 Mutations and
NCT02184195,Metastatic Adenocarcinoma of the Pancreas
NCT03968939,Primary Total Hip Arthroplasty
NCT03968939,Primary Total Knee Arthroplasty
NCT00517439,"Hepatitis C, Chronic"
NCT04570839,Endometrial Neoplasms
NCT04570839,Ovarian Cancer
NCT04570839,Solid Tumor
NCT04570839,Head and Neck Cancer
NCT02285439,Low-Grade Gliomas
NCT02285439,"Malignant Neoplasms, Brain"
NCT02285439,Soft Tissue Neoplasms
NCT00406575,Congestive Heart Failure (CHF)
NCT00634075,Severe Sepsis
NCT05582577,Diabetic Macular Edema
NCT07288177,Non-small Cell Lung Cancer (NSCLC)
NCT06993675,Multiple Myeloma
NCT05091775,Fissure in Ano
NCT05091775,Diarrhea
NCT01135862,Aspirin Treatment
NCT01135862,Traumatic Intracranial Bleed
NCT01135862,Hemorrhage Growth
NCT01135862,Neurological Outcome
NCT00559962,Hyperlipidemia
NCT05830162,Obstetric Trauma
NCT05830162,Infections
NCT05830162,Wound Dehiscence
NCT01154062,Macular Degeneration
NCT05212246,Basal Cell Carcinoma
NCT00654446,Fredrickson Type IIa & Type IIb Dyslipidaemia
NCT00729846,Age Related Macular Degeneration
NCT00729846,Choroidal Neovascularization
NCT00729846,Macular Edema
NCT01304303,Solid Tumor in Advanced Stage
NCT04703088,Hypotension
NCT04703088,"Anesthesia; Adverse Effect, Spinal and Epidural"
NCT04703088,Cesarean Section
NCT02721888,Type 2 Diabetes
NCT07214727,Alzheimer's Disease
NCT00665327,Pneumonia
NCT00725127,Type 2 Diabetes
NCT00361842,Colorectal Neoplasms
NCT05642442,Parkinson Disease
NCT05642442,Tremor
NCT03942042,Generalized Pustular Psoriasis
NCT03942042,Erythrodermic Psoriasis
NCT04423861,covid19
NCT02363361,Cervical Spinal Cord Injury
NCT07123870,Postoperative Recovery
NCT07123870,Inhalation Anesthesia
NCT07123870,Total Intravenous Anesthesia
NCT01968070,Healthy Volunteers
NCT01133873,Healthy
NCT00877773,Advanced Cancers
NCT05223673,Metastatic Colorectal Cancer
NCT00972673,Asthma
NCT02667873,Solid Tumors
NCT04342169,Coronavirus Infection
NCT04342169,Coronavirus
NCT04342169,Infectious Disease
NCT02706483,Irritable Bowel Syndrome
NCT01721941,Hepatocellular Carcinoma
NCT05651841,"Airway Remodelling, Asthmatic"
NCT00002883,Esophageal Cancer
NCT00002883,Gastric Cancer
NCT00873041,Non-transfusion Dependent Thalassemia
NCT02915354,"Spondylitis, Ankylosing"
NCT02915354,Recurrence
NCT00453154,Extensive Stage Lung Small Cell Carcinoma
NCT00453154,Recurrent Lung Small Cell Carcinoma
NCT02559154,Multiple Myeloma
NCT05983354,Acute Migraine Headache
NCT00263354,Stomach Neoplasms
NCT01258205,Crohn's Disease
NCT00427505,Healthy
NCT03668405,Alzheimer's Disease
NCT03901105,Alzheimer Disease
NCT04326894,Pain Reduction
NCT04326894,Physical Function Improvement
NCT05199194,"Stroke, Ischemic"
NCT05199194,"Stroke, Acute"
NCT06644794,"Infertility, Female"
NCT01200394,Diabetic Nephropathies
NCT06325566,Degenerative Disc Disease
NCT04983966,Lumbar Fusion Surgery
NCT03997266,Microbial Colonization
NCT03997266,Extreme Prematurity
NCT03997266,Early-Onset Neonatal Sepsis
NCT03997266,Late-Onset Neonatal Sepsis
NCT03997266,Necrotizing Enterocolitis of Newborn
NCT03997266,Death; Neonatal
NCT02753166,Trauma
NCT02185066,Healthy Volunteers
NCT01934166,Renal Impairment
NCT04169256,Acute Postoperative Pain
NCT02810756,Pharmacokinetics of Pazopanib
NCT00947856,"Disease, Hodgkin"
NCT00947856,"Lymphoma, Large-Cell, Anaplastic"
NCT00947856,"Lymphoma, Non-Hodgkin"
NCT02883556,"Carcinoma, Squamous Cell"
NCT06439056,Type 2 Diabetes
NCT00267956,Psoriatic Arthritis
NCT02183051,Pain
NCT00730756,"Rhinitis, Allergic, Perennial"
NCT02576951,Healthy
NCT00370851,Retinal Disease
NCT02530151,Femoracetabular Impingement
NCT02530151,"Pain, Postoperative"
NCT06599151,Nerve Pain
NCT06599151,Neuropathic Pain
NCT06599151,Nociceptive Pain
NCT06599151,MIxed Pain (Nociceptive and Neuropathic)
NCT02973451,Post Operative Local Anaesthesia
NCT01603251,Malaria
NCT00235651,Lung Transplantation
NCT00235651,Lung Diseases
NCT05461131,Pertussis/Whooping Cough
NCT05461131,"Bordetella Pertussis, Whooping Cough"
NCT06388031,Non-small Cell Lung Cancer
NCT00939731,Healthy
NCT04301531,Malaria Asymptomatic Parasitaemia
NCT01165502,Healthy
NCT04990102,Acute Myeloid Leukemia (AML) in Remission
NCT00899431,Chronic Lymphocytic Leukemia
NCT04756531,Healthy Participants
NCT02051231,Postpartum Hemorrhage
NCT03530631,Expectancy Versus Pharmacotherapy Effect of Adderall
NCT01539031,Alzheimer's Type Dementia
NCT02832531,Rheumatic Heart Disease
NCT01162031,Leukemia
NCT01162031,Acute Lymphocytic Leukemia
NCT03626831,Atherosclerotic Cardiovascular Disease
NCT01088802,Squamous Cell Carcinoma of Oropharynx
NCT01915602,"Carcinoma, Hepatocellular"
NCT02946437,Subarachnoid Haemorrhage (SAH)
NCT00362037,Hypertension
NCT00833937,Healthy
NCT04514237,Healthy Participants
NCT06244745,Luteinised Follicular Cyst
NCT07461545,Cirrhosis
NCT07461545,Splenectomy
NCT07461545,Portal Vein Thrombosis
NCT07461545,"Hypertension, Portal"
NCT00410345,"Abortion, Missed"
NCT00932945,Hygiene
NCT05275972,Fuchs
NCT05275972,Fuchs Dystrophy
NCT05275972,Fuchs' Endothelial Dystrophy
NCT04295772,HIV-1 Infection
NCT05591872,Radial Artery Occlusion
NCT03644472,Postmenopausal Women
NCT04725695,"Anesthetics, Local"
NCT04725695,Esophagogastroduodenoscopy
NCT03359395,Blood Pressure
NCT03359395,Electroconvulsive Therapy
NCT04212039,Congenital Hip Dysplasia
NCT05168839,Colorectal Cancer
NCT02514577,Plaque Psoriasis
NCT01204177,"Carcinoma, Hepatocellular"
NCT04152577,"Lymphoma, B-Cell"
NCT01993875,Chronic Idiopathic Constipation
NCT00081757,Multiple Myeloma
NCT01553357,Primary Plasma Cell Leukemia
NCT02133157,Tumor
NCT05143957,Phlebotomy Dependent Polycythemia Vera
NCT02634801,Plaque Psoriasis
NCT01412073,Complications; Cesarean Section
NCT07002073,Ketamine-dexmedetomidine Induction of Anesthesia
NCT04918069,Chemotherapy-induced Nausea and Vomiting
NCT06062069,Overweight
NCT06062069,Obese
NCT06062069,Type 1 Diabetes Mellitus
NCT00124969,"Kidney Failure, Chronic"
NCT04452383,Sleep Apnea Syndromes
NCT03746483,Exocrine Pancreatic Insufficiency (EPI)
NCT03746483,Cystic Fibrosis (CF)
NCT04930783,Melanoma
NCT04930783,Metastatic Melanoma
NCT06313541,NSCLC Stage IV
NCT01985841,Breast Cancer
NCT06063941,Esophageal Squamous Cell Carcinoma
NCT00826241,Brain Tumors
NCT00826241,Spinal Cord Tumors
NCT01645254,Malaria
NCT04501354,Osteoporosis
NCT00003954,Refractory Multiple Myeloma
NCT00003954,Stage I Multiple Myeloma
NCT00003954,Stage II Multiple Myeloma
NCT00003954,Stage III Multiple Myeloma
NCT06932705,Mixed Dyslipidemia
NCT01074905,Vivax Malaria
NCT01314105,Ovarian Neoplasms
NCT01314105,Peritoneal Neoplasms
NCT07572994,Myofacial Pain
NCT07572994,Myofacial Pain Syndrome
NCT07572994,Myofacial Pain Syndromes
NCT07572994,"Trigger Point Pain, Myofascial"
NCT07572994,Myofascial Pain Dysfunction Syndrome
NCT03739294,Pharmacokinetics
NCT05269394,Alzheimers Disease
NCT05269394,Dementia
NCT05269394,"Alzheimers Disease, Familial"
NCT00661505,Anemia
NCT02089594,Post-Concussion Syndrome
NCT02089594,Traumatic Brain Injury
NCT07169994,Advanced Solid Tumors
NCT07169994,Breast Cancer
NCT07169994,Non Small Cell Lung Cancer
NCT07047066,Glioblastoma
NCT01440166,Healthy
NCT04296266,Submandibular Gland Tumor
NCT04296266,Parotid Gland Tumor
NCT01980056,Myelodysplastic Syndrome
NCT04227756,Healthy
NCT04616456,Multiple System Atrophy
NCT04616456,"Multiple System Atrophy, Cerebellar Variant"
NCT04616456,"Multiple System Atrophy, Parkinson Variant (Disorder)"
NCT04616456,Multiple System Atrophy (MSA) With Orthostatic Hypotension
NCT01884922,Refractory Low-grade Gliomas
NCT01884922,Recurrent Low-grade Gliomas
NCT01720056,Keloid Scars
NCT01813422,Hypercholesterolemia
NCT00486122,Attention Deficit Hyperactivity Disorder
NCT00976222,Pigment Epithelial Detachment
NCT02060656,Diffuse Large B-Cell Lymphoma
NCT06673056,Ataxia-Telangiectasia
NCT06673056,Ataxia-Telangiectasia (A-T)
NCT02688556,Keratoconjunctivitis Sicca
NCT04372602,COVID-19
NCT01461031,Pain
NCT01461031,Orthognathic Surgery
NCT00445302,Renal Impairment
NCT03166631,Neoplasms
NCT03166631,Neoplasm Metastasis
NCT03166631,"Carcinoma, Non-Small-Cell Lung"
NCT03580031,LUF - Luteinised Unruptured Follicle Syndrome
NCT03158831,Drug Hypersensitivity
NCT03158831,Penicillin Allergy
NCT03158831,Antibiotic Allergy
NCT07077902,Hidradenitis Suppurativa
NCT05092802,"Brain Tumor, Primary"
NCT01630902,Healthy
NCT05843253,High Grade Glioma
NCT05843253,Diffuse Intrinsic Pontine Glioma
NCT05843253,Anaplastic Astrocytoma
NCT05843253,Glioblastoma
NCT05843253,Glioblastoma Multiforme
NCT05843253,"Diffuse Midline Glioma, H3 K27M-Mutant"
NCT05843253,Metastatic Brain Tumor
NCT05843253,WHO Grade III Glioma
NCT05843253,WHO Grade IV Glioma
NCT05843253,"Diffuse Hemispheric Glioma, H3 G34-Mutant"
NCT02580253,Hepatocellular Carcinoma
NCT04392037,Multiple Myeloma
NCT06426537,ST-Elevation Myocardial Infarction
NCT05299437,Metastatic Differentiated Thyroid Cancer
NCT00266253,Diabetes Mellitus Type 2
NCT04830137,Chronic Lymphocytic Leukemia (CLL)
NCT04830137,Small Lymphocytic Lymphoma (SLL)
NCT04830137,Waldenstrom Macroglobulinemia (WM)
NCT04830137,Mantle Cell Lymphoma (MCL)
NCT04830137,Marginal Zone Lymphoma (MZL)
NCT04830137,Follicular Lymphoma (FL)
NCT04830137,Diffuse Large B-cell Lymphoma (DLBCL)
NCT04830137,Primary Central Nervous System Lymphoma (PCNSL)
NCT00815945,Mesenchymal Tumor
NCT00815945,Carcinosarcoma
NCT00815945,Leiomyosarcoma
NCT01588145,Non Small Cell Lung Cancer
NCT05841472,Non Squamous Non Small Cell Lung Cancer
NCT02320045,Renal Insufficiency
NCT02686645,Clostridium Difficile Infection
NCT01572545,Postmenopausal Osteoporosis
NCT02066545,Acne Vulgaris
NCT05987072,Respiratory Syncytial Virus Infection
NCT05144295,Clinical Efficacy
NCT05144295,Treatment Efficacy
NCT05144295,Drug Side Effect
NCT00828139,Extensive Stage Small Cell Lung Cancer
NCT00828139,Recurrent Small Cell Lung Cancer
NCT01093677,Impaired Glucose Tolerance
NCT00000275,Cocaine-Related Disorders
NCT05665075,"AML, Adult"
NCT01802775,Peripheral Arterial Disease
NCT00800475,Bioavailability
NCT04224675,Aneurysm
NCT00268957,Kidney Diseases
NCT00268957,Chronic Renal Insufficiency
NCT00268957,End-Stage Renal Disease
NCT03621657,Clostridium Difficile Infection
NCT03621657,C.Difficile Diarrhea
NCT03621657,CDI
NCT05739877,Healthy
NCT03760575,Mesotheliomas Pleural
NCT07682675,Adenoid Cystic Carcinoma of the Salivary Gland
NCT07682675,Recurrence
NCT07682675,Metastatic Disease
NCT01986075,Cocaine Dependence
NCT02068157,Recurrent Laryngeal Squamous Cell Carcinoma
NCT02068157,Recurrent Laryngeal Verrucous Carcinoma
NCT02068157,Recurrent Lip and Oral Cavity Squamous Cell Carcinoma
NCT02068157,Recurrent Metastatic Squamous Cell Carcinoma in the Neck With Occult Primary
NCT02068157,Recurrent Oral Cavity Verrucous Carcinoma
NCT02068157,Recurrent Oropharyngeal Squamous Cell Carcinoma
NCT02068157,Tongue Carcinoma
NCT04194957,Neoplasms
NCT03034057,Contraception
NCT03498001,Type II Diabetes
NCT01102101,"Neuralgia, Postherpetic"
NCT07121101,Postoperative Analgesia After Unilateral Hip Arthroplasty
NCT03654612,Head and Neck Cancer
NCT05022212,Bacterial Vaginosis
NCT05022212,HIV Infections
NCT01699412,Graft vs Host Disease
NCT01699412,Oral Manifestations
NCT06257212,Trained Innate Immunity
NCT06257212,COPD
NCT07254481,Hypertension
NCT00513019,Neurotic Excoriation
NCT00513019,Pathologic Skin Picking
NCT00513019,Psychogenic Excoriation
NCT00513019,Dermatillomania
NCT01142219,Sickle Cell Disease
NCT04062019,Inflammatory Myopathy
NCT00236119,Psoriasis
NCT00288730,"Heart Failure, Congestive"
NCT00288730,Heart Decompensation
NCT00906828,Parkinson Disease
NCT00223730,Cancer
NCT06106828,Thyroid Eye Disease
NCT02225665,Human Immunodeficiency Virus (HIV)
NCT01714765,Metastatic Clear Cell Renal Cancer
NCT01262365,Systemic Lupus Erythematosus
NCT00496665,Metastatic Breast Cancer
NCT04198467,Knee Osteoarthritis
NCT04899427,Primary Central Nervous System Lymphoma
NCT05142527,COVID-19
NCT04167761,Cardiovascular Diseases
NCT04167761,Atherosclerosis
NCT04167761,Type 2 Diabetes
NCT04167761,Insulin Resistance
NCT02649361,Esophageal Squamous Cell Carcinoma
NCT04650542,Drug-drug Interaction
NCT01147042,IFN-Gamma Therapy
NCT01147042,CGD Gene Mutation
NCT01147042,CGD Response to IFNg
NCT01147042,CGD - Chronic Granulomatous Disease
NCT01147042,Immunodeficiency Disease
NCT04743986,Rotator Cuff Injuries
NCT05205486,Infections
NCT01220570,Breast Cancer
NCT02578186,Occasional Sleeplessness
NCT01126073,Coronary Heart Disease
NCT03163173,Healthy Volunteers
NCT03163173,Healthy
NCT00236873,Epilepsy
NCT00236873,"Epilepsies, Partial"
NCT00236873,Seizures
NCT03917069,Advanced Melanoma
NCT02350569,Hepatitis C Virus Infection
NCT06644183,Leukemia
NCT06644183,Relapsed Leukemia
NCT06644183,Chronic Lymphocytic Leukemia
NCT06644183,Relapsed Cancer
NCT06644183,Refractory Leukemia
NCT00935883,Age-Related Macular Degeneration
NCT05784441,Relapsed or Refractory B Cell Non-Hodgkin Lymphoma
NCT03101241,Essential Tremor
NCT00272441,Asthma
NCT00272441,Lung Diseases
NCT05701241,Gastroenteropancreatic Neuroendocrine Tumor
NCT04724369,Neuroblastoma
NCT01333605,Hodgkin Lymphoma
NCT04146805,Chronic Liver Disease
NCT04146805,NASH - Nonalcoholic Steatohepatitis
NCT06325605,Adolescent Depression
NCT07283094,Acute Myeloid Leukemia
NCT07283094,Myelodysplastic Syndrome
NCT00511394,Cirrhosis
NCT00511394,Ascites
NCT06821594,Cutaneous Warts
NCT06072794,Premature Ovarian Insufficiency
NCT06072794,Diminished Ovarian Reserve
NCT04329494,Clinical Stage IV Gastric Cancer AJCC v8
NCT04329494,Clinical Stage IVA Gastric Cancer AJCC v8
NCT04329494,Clinical Stage IVB Gastric Cancer AJCC v8
NCT04329494,Malignant Uterine Neoplasm
NCT04329494,Metastatic Appendix Carcinoma
NCT04329494,Metastatic Colorectal Carcinoma
NCT04329494,Metastatic Gastric Carcinoma
NCT04329494,Metastatic Malignant Neoplasm in the Peritoneum
NCT04329494,Metastatic Malignant Solid Neoplasm
NCT04329494,Metastatic Ovarian Carcinoma
NCT04329494,Pathologic Stage IV Gastric Cancer AJCC v8
NCT04329494,Peritoneal Carcinomatosis
NCT04329494,Postneoadjuvant Therapy Stage IV Gastric Cancer AJCC v8
NCT04329494,Stage IV Appendix Carcinoma AJCC v8
NCT04329494,Stage IV Colorectal Cancer AJCC v8
NCT04329494,Stage IV Ovarian Cancer AJCC v8
NCT04329494,Stage IV Uterine Corpus Cancer AJCC v8
NCT04329494,Stage IVA Appendix Carcinoma AJCC v8
NCT04329494,Stage IVA Colorectal Cancer AJCC v8
NCT04329494,Stage IVA Ovarian Cancer AJCC v8
NCT04329494,Stage IVA Uterine Corpus Cancer AJCC v8
NCT04329494,Stage IVB Appendix Carcinoma AJCC v8
NCT04329494,Stage IVB Colorectal Cancer AJCC v8
NCT04329494,Stage IVB Ovarian Cancer AJCC v8
NCT04329494,Stage IVB Uterine Corpus Cancer AJCC v8
NCT04329494,Stage IVC Appendix Carcinoma AJCC v8
NCT04329494,Stage IVC Colorectal Cancer AJCC v8
NCT00005866,Leukemia
NCT00005866,Myelodysplastic Syndromes
NCT07118566,Gastrointestinal Cancer
NCT07118566,Immunotherapy
NCT07118566,Liver Metastasis
NCT00573066,Hypoplastic Left Heart
NCT00573066,Tetralogy of Fallot
NCT00573066,Tricuspid Atresia
NCT00931866,Acute Pain
NCT00931866,Soft Tissue Injury
NCT04190966,Smoking Cessation
NCT04190966,Thoracic Surgery
NCT02422056,Cleft Palate
NCT02422056,Hemorrhage
NCT00387556,Conscious Sedation
NCT03295656,Appendicitis Acute
NCT02108756,Bleeding Gastric Ulcer
NCT02108756,Bleeding Duodenal Ulcer
NCT06514222,Post Operative Pain
NCT06514222,Impacted Third Molar Tooth
NCT05751356,Advanced Solid Tumor
NCT01744756,Recurrent Pterygium
NCT01777256,Systemic Lupus Erythematosus
NCT05506956,"Leukemia, Myeloid, Acute"
NCT03637556,Thalassemia Major
NCT00257556,Infertility
NCT06792422,Primary Open Angle Glaucoma (POAG)
NCT06792422,Open-Angle Glaucoma
NCT06792422,Glaucoma
NCT03365622,Nephrectomy
NCT02111122,Sleep-wake Disturbances in Motor-phase Parkinson's Disease
NCT00877929,Hypertension
NCT06289829,"Adult, Laryngeal Masks, Remimazolam, Remifentanil"
NCT04775329,Decompensated Cirrhosis
NCT04775329,Small Bowel Bacterial Overgrowth Syndrome
NCT05427331,Chronic Insomnia
NCT01636531,Healthy Volunteer
NCT01288131,Anti-r-HuEpo Associated PRCA Subjects
NCT01957631,Plantar Fasciitis
NCT06683131,Acute Myocardial Infarction (AMI)
NCT06754631,Asthma in Children
NCT00435331,Pulmonary Arterial Hypertension
NCT04314531,Active Psoriatic Arthritis
NCT03804931,Ulcerative Colitis
NCT03804931,Fecal Microbiota Transplantation
NCT03804229,Vascular Dementia
NCT00022529,"Unspecified Adult Solid Tumor, Protocol Specific"
NCT02259829,Healthy
NCT05234853,Advanced Solid Tumors
NCT02931253,Atrial Fibrillation
NCT05588453,Clinical Stage IV Cutaneous Melanoma AJCC v8
NCT05588453,Metastatic Malignant Neoplasm in the Brain
NCT05588453,Metastatic Melanoma
NCT05588453,Pathologic Stage IV Cutaneous Melanoma AJCC v8
NCT02563353,Osteoporosis
NCT01727453,Acute Gastrointestinal Bleeding
NCT05435053,Pancreas Cancer
NCT04704453,Head and Neck Cancer
NCT01187953,Renal Failure
NCT01997853,Chronic Periodontitis
NCT00303953,Recurrent Adult Burkitt Lymphoma
NCT00303953,Recurrent Adult Diffuse Large Cell Lymphoma
NCT07318337,PCOS (Polycystic Ovary Syndrome)
NCT07096037,Osgood-Schlatter Disease
NCT00299845,Gastroesophageal Reflux
NCT01010672,Sarcoma
NCT04731272,Cystic Fibrosis
NCT04731272,Pancreatic Insufficiency
NCT04731272,Abnormal Glucose Tolerance
NCT04731272,Diabetes
NCT00940472,Diabetes Type 2
NCT01095445,Chronic Hepatitis C
NCT00893945,Brain Tumors
NCT04588545,HER2-positive Breast Cancer
NCT04588545,Leptomeningeal Metastasis
NCT04588545,Leptomeningeal Disease
NCT02443545,Iron Overload
NCT02443545,Sickle Cell Disease
NCT02443545,Other Anemias
NCT05535972,"Pulmonary Disease, Chronic Obstructive"
NCT02226172,Primary Myelofibrosis; Post-polycythemia Vera Myelofibrosis; Post-essential Thrombocythemia Myelofibrosis
NCT00257972,Bipolar Disorder
NCT07168395,Gastric Varices
NCT02726295,Constipation
NCT05016895,Child Mortality
NCT03484195,Colonic Neoplasms
NCT03484195,Drug Therapy
NCT02489695,Papillary Renal Cell Carcinoma
NCT05565495,Extracorporeal Membrane Oxygenation
NCT05431595,Delirium
NCT05431595,Epileptics
NCT05431595,Neuroleptics
NCT00318539,Obsessive Compulsive Disorder
NCT07018739,"Hypoxic-Ischemic Encephalopathy, Neonatal"
NCT07018739,"Brain Injuries, Hypoxic-Ischemic"
NCT01293539,Retinoblastoma
NCT01210339,Healthy Volunteers
NCT06250777,Non Small Cell Lung Cancer
NCT04456777,Cognitive Deficit
NCT05821777,Advanced Solid Tumor
NCT02070939,Healthy
NCT07204977,Amyotrophic Lateral Sclerosis
NCT07204977,Motor Neuron Disease
NCT00164177,Colonoscopy
NCT05400577,Non-Small Cell Lung Cancer
NCT03460977,Metastatic Castration Resistant Prostate Cancer (mCRPC)
NCT03460977,Small Cell Lung Cancer (SCLC)
NCT03460977,Follicular Lymphoma (FL)
NCT03990077,Nsclc
NCT02631577,"Lymphoma, Follicular"
NCT04062357,Lidocaine Spray
NCT00600301,Diffuse Diabetic Macular Edema
NCT01753401,Systemic Lupus Erythematosus (SLE)
NCT00002501,Lymphoma
NCT00016601,HIV Infections
NCT01930812,Bone Metastases From Breast or Prostate Cancer
NCT00504712,Hypogonadism
NCT00504712,Peripheral Vascular Disease
NCT00504712,Type 2 Diabetes
NCT00923481,Head and Neck Neoplasms
NCT00923481,Pheochromocytoma
NCT00923481,Colorectal Neoplasms
NCT00923481,"Carcinoma, Non-Small-Cell Lung"
NCT00923481,"Carcinoma, Renal Cell"
NCT03289481,Heart Failure With Normal Ejection Fraction
NCT06973681,Overweight or Obesity
NCT01291381,Allergic Rhinitis
NCT01291381,Effects of Immunotherapy
NCT00356681,Breast Neoplasms
NCT00356681,Breast Tumors
NCT00356681,Breast Cancer
NCT00356681,Locally Recurrent and Metastatic Breast Cancer
NCT01879228,Cystic Fibrosis
NCT01879228,Pancreatic Insufficiency
NCT02397928,Malignant Pleural Mesothelioma
NCT04745728,Idiopathic Membranous Nephropathy
NCT01859728,Biliary Cancer
NCT06780670,Prostate Cancer
NCT00143273,Osteoporosis
NCT00231673,Diabetic Neuropathies
NCT00231673,"Diabetes Mellitus, Type 2"
NCT00231673,Polyneuropathies
NCT06501573,Healthy Volunteer
NCT00290069,Kidney Diseases
NCT00290069,Graft Rejection
NCT01456169,Essential Hypertension
NCT03842969,Huntington Disease
NCT01296269,Healthy
NCT04902183,Covid19
NCT01338883,HIV-1 Infection
NCT04936841,Head and Neck Cancer
NCT02953054,"Pain, Postoperative"
NCT01499654,Myocardial Infarction
NCT01499654,Ischemic Heart Disease
NCT00858754,Opioid-Induced Constipation
NCT05053854,Neuroendocrine Tumors
NCT00211354,Retinal Vein Occlusion
NCT02233205,Gastrointestinal Neoplasms
NCT00445705,Fibromyalgia
NCT00786305,Pneumonia
NCT06539494,MASLD
NCT02454894,Spinal Puncture Complications
NCT03603756,Esophageal Squamous Cell Carcinoma
NCT01504256,Gastric Adenocarcinoma With Peritoneal Carcinomatosis
NCT01504256,Siewert Type II Adenocarcinoma of Esophagogastric Junction With Peritoneal Carcinomatosis
NCT01504256,Siewert Type III Adenocarcinoma of Esophagogastric Junction With Peritoneal Carcinomatosis
NCT00006156,Healthy
NCT00006156,Premature Ovarian Failure
NCT04692766,Pericarditis
NCT02295566,Cystic Fibrosis
NCT04928066,"Arthritis, Rheumatoid"
NCT01909466,Schizophrenia
NCT01909466,Mental Disorder
NCT01909466,Nervous System Diseases
NCT00124956,Cancer
NCT06813651,Ischemic Stroke
NCT06813651,Tandem Occlusion
NCT02930551,Neuropathic Pain
NCT02930551,Neuroma
NCT00881751,Liver Cancer
NCT04146051,"Myasthenia Gravis, Generalized"
NCT00376051,Frontotemporal Dementia
NCT00520351,Myopia
NCT07435051,Osteomyelitis (Refractory)
NCT00006251,Acute Undifferentiated Leukemia
NCT00006251,Adult Nasal Type Extranodal NK/T-cell Lymphoma
NCT00006251,Anaplastic Large Cell Lymphoma
NCT00006251,Angioimmunoblastic T-cell Lymphoma
NCT00006251,Childhood Burkitt Lymphoma
NCT00006251,Childhood Diffuse Large Cell Lymphoma
NCT00006251,Childhood Grade III Lymphomatoid Granulomatosis
NCT00006251,Childhood Immunoblastic Large Cell Lymphoma
NCT00006251,Childhood Myelodysplastic Syndromes
NCT00006251,Childhood Nasal Type Extranodal NK/T-cell Lymphoma
NCT00006251,Chronic Myelomonocytic Leukemia
NCT00006251,Cutaneous B-cell Non-Hodgkin Lymphoma
NCT00006251,de Novo Myelodysplastic Syndromes
NCT00006251,Extranodal Marginal Zone B-cell Lymphoma of Mucosa-associated Lymphoid Tissue
NCT00006251,Hepatosplenic T-cell Lymphoma
NCT00006251,Intraocular Lymphoma
NCT00006251,Juvenile Myelomonocytic Leukemia
NCT00006251,Mast Cell Leukemia
NCT00006251,"Myelodysplastic/Myeloproliferative Neoplasm, Unclassifiable"
NCT00006251,Myeloid/NK-cell Acute Leukemia
NCT00006251,Nodal Marginal Zone B-cell Lymphoma
NCT00006251,Noncutaneous Extranodal Lymphoma
NCT00006251,Peripheral T-cell Lymphoma
NCT00006251,Post-transplant Lymphoproliferative Disorder
NCT00006251,Previously Treated Myelodysplastic Syndromes
NCT00006251,Primary Systemic Amyloidosis
NCT00006251,Recurrent Adult Acute Lymphoblastic Leukemia
NCT00006251,Recurrent Adult Acute Myeloid Leukemia
NCT00006251,Recurrent Adult Burkitt Lymphoma
NCT00006251,Recurrent Adult Diffuse Large Cell Lymphoma
NCT00006251,Recurrent Adult Diffuse Mixed Cell Lymphoma
NCT00006251,Recurrent Adult Diffuse Small Cleaved Cell Lymphoma
NCT00006251,Recurrent Adult Grade III Lymphomatoid Granulomatosis
NCT00006251,Recurrent Adult Hodgkin Lymphoma
NCT00006251,Recurrent Adult Immunoblastic Large Cell Lymphoma
NCT00006251,Recurrent Adult Lymphoblastic Lymphoma
NCT00006251,Recurrent Adult T-cell Leukemia/Lymphoma
NCT00006251,Recurrent Childhood Acute Lymphoblastic Leukemia
NCT00006251,Recurrent Childhood Acute Myeloid Leukemia
NCT00006251,Recurrent Childhood Anaplastic Large Cell Lymphoma
NCT00006251,Recurrent Childhood Grade III Lymphomatoid Granulomatosis
NCT00006251,Recurrent Childhood Large Cell Lymphoma
NCT00006251,Recurrent Childhood Lymphoblastic Lymphoma
NCT00006251,Recurrent Childhood Small Noncleaved Cell Lymphoma
NCT00006251,Recurrent Cutaneous T-cell Non-Hodgkin Lymphoma
NCT00006251,Recurrent Grade 1 Follicular Lymphoma
NCT00006251,Recurrent Grade 2 Follicular Lymphoma
NCT00006251,Recurrent Grade 3 Follicular Lymphoma
NCT00006251,Recurrent Mantle Cell Lymphoma
NCT00006251,Recurrent Marginal Zone Lymphoma
NCT00006251,Recurrent Mycosis Fungoides/Sezary Syndrome
NCT00006251,Recurrent Renal Cell Cancer
NCT00006251,Recurrent Small Lymphocytic Lymphoma
NCT00006251,Recurrent/Refractory Childhood Hodgkin Lymphoma
NCT00006251,Refractory Chronic Lymphocytic Leukemia
NCT00006251,Refractory Hairy Cell Leukemia
NCT00006251,Refractory Multiple Myeloma
NCT00006251,Small Intestine Lymphoma
NCT00006251,Splenic Marginal Zone Lymphoma
NCT00006251,Stage II Multiple Myeloma
NCT00006251,Stage III Multiple Myeloma
NCT00006251,T-cell Large Granular Lymphocyte Leukemia
NCT00006251,Testicular Lymphoma
NCT00006251,Waldenström Macroglobulinemia
NCT00002951,Esophageal Cancer
NCT00002951,Head and Neck Cancer
NCT06707051,Heavy. Mentrual Bleeding
NCT06707051,Abormal utèrine Bleeding
NCT06707051,Bleeding
NCT06707051,Uterine Bleeding
NCT06707051,Hypersensitivity Response
NCT06707051,GI Disturbance
NCT06707051,Agranulocytosis
NCT06707051,Bleeding Pattern
NCT06707051,Endometrial
NCT06707051,Endometrial Bleeding
NCT02677051,Autism
NCT02677051,Autistic Disorder
NCT02677051,Autism Spectrum Disorder
NCT02677051,Autistic Behavior
NCT02843451,Body Dysmorphic Disorder
NCT03403751,Acute Kidney Injury
NCT03403751,Peritonitis
NCT03403751,Necrotizing Soft Tissue Infection
NCT03502551,Suicide
NCT03502551,Suicidal Ideation
NCT02076451,Advanced Solid Tumor
NCT02076451,Lymphoma
NCT02612051,Idiopathic Pulmonary Fibrosis
NCT02950051,Chronic Lymphocytic Leukemia
NCT03598751,Psoriatic Arthritis
NCT06237751,Central Venous Pressure
NCT06237751,Hepatectomy
NCT06237751,Hemodynamics Instability
NCT06237751,Sildenafil
NCT03675802,GYN Disorders
NCT06278402,Alopecia Areata
NCT06278402,Alopecia Totalis
NCT06278402,Alopecia Universalis
NCT00291902,Coronary Heart Disease
NCT01986231,Type 1 Diabetes Mellitus
NCT02477631,Myelodysplastic Syndrome With Low-grade Lesions
NCT02477631,Iron Overload Due to Repeated Red Blood Cell Transfusions
NCT03681431,Infectious Endocarditis
NCT01164956,Cancer
NCT01722422,Septic Shock
NCT01722422,Adult Respiratory Distress Syndrome
NCT05847322,Healthy Volunteer Study
NCT02313922,Psoriasis
NCT02248753,Atrial Fibrillation
NCT00531453,Multiple Myeloma
NCT02407353,Healthy Subjects
NCT00084253,HIV Infections
NCT03296137,Cancer
NCT04049253,Muscle Acidosis
NCT01246037,Idiopathic Pulmonary Arterial Hypertension
NCT04639245,Anatomic Stage IV Breast Cancer AJCC v8
NCT04639245,Metastatic Lung Non-Small Cell Carcinoma
NCT04639245,Metastatic Malignant Solid Neoplasm
NCT04639245,Metastatic Triple-Negative Breast Carcinoma
NCT04639245,Metastatic Urothelial Carcinoma
NCT04639245,Stage IV Lung Cancer AJCC v8
NCT02148445,Smoking
NCT02148445,"Pulmonary Disease, Chronic Obstructive"
NCT02148445,Tobacco Use Disorder
NCT00603772,Healthy
NCT02205372,Diabetic Nephropathy
NCT00576472,Acute Lymphoblastic Leukemia
NCT00576472,Brain Tumors
NCT06322095,Patients With Advanced Solid Tumor
NCT06322095,Advanced Solid Tumor With Oncogenic Driver Mutations
NCT06861439,Obesity
NCT03213639,Preeclampsia
NCT05318339,"Carcinoma, Transitional Cell"
NCT05318339,HER-2 Gene Amplification
NCT00323557,Leukemia
NCT03322657,Neuromuscular Blockade
NCT03322657,Anesthesia
NCT01672775,"Carcinoma, Renal Cell"
NCT01672775,Renal Cell Carcinoma of Papillary Histology
NCT01672775,Renal Cell Carcinoma With Clear Cell Histology
NCT01672775,Renal Cell Carcinoma With Non-Clear Cell Histology
NCT01941875,Infertility
NCT04874675,Impacted Third Molar Tooth
NCT04874675,PAIN
NCT06334575,Chronic Obstructive Pulmonary Disease
NCT00005875,Melanoma (Skin)
NCT01659775,Chemotherapy-induced Acute or Delayed Nausea and Vomiting (CINV)
NCT02194257,Healthy
NCT02878057,Breast Cancer
NCT00463801,Staphylococcal Skin Infections
NCT01473901,Glioblastoma
NCT06037577,Nonalcoholic Steatohepatitis (NASH)
NCT06037577,Primary Sclerosing Cholangitis (PSC)
NCT06037577,Systemic Sclerosis (SSc)
NCT04585477,Non-small Cell Lung Cancer
NCT04585477,Non-small Cell Lung Cancer Stage I
NCT04585477,Non-small Cell Lung Cancer Stage II
NCT04585477,Non-small Cell Lung Cancer Stage III
NCT00061477,Mesothelioma
NCT06833112,Ankylosing Spondylitis
NCT02000375,Metastatic Breastcancer
NCT02000375,Estrogen Receptor Positive Breast Cancer
NCT02000375,Estrogen Receptor Negative Neoplasm
NCT02000375,Progesterone Receptor Positive Tumor
NCT02000375,Progesterone Receptor Negative Neoplasm
NCT02000375,Androgen Receptor Gene Overexpression
NCT02004275,Multiple Myeloma in Relapse
NCT03068481,Parkinson Disease
NCT03453281,Diabetic Macular Edema
NCT03453281,Diabetic Retinopathy
NCT03453281,Clinically Significant Macular Edema
NCT02497781,Complicated Urinary Tract Infections
NCT07466628,Caffine
NCT07466628,Placebo - Control
NCT07466628,No Pill
NCT00758628,Diabetic Macular Edema
NCT02808728,Osteoarthritis
NCT02808728,Total Knee Arthroplasty
NCT02808728,Pain Management
NCT00874328,Advanced Non-Small Cell Lung Cancer
NCT01803828,Diabetic Cardiomyopathy
NCT01803828,Diabetes Mellitus Type 2
NCT05788328,Healthy
NCT03860428,Patent Ductus Arteriosus
NCT02815228,Sunscreening Agents
NCT00004228,Lymphoma
NCT03349073,Advanced Refractory Solid Tumors
NCT03263273,Rosacea
NCT03263273,Papulopustular Rosacea
NCT01018173,Diabetes Mellitus Type 2
NCT06327269,High Risk of Recurrence
NCT03586869,Pancreatic Cancer
NCT05156983,Coagulation Disorder
NCT02481141,"Diabetes Mellitus, Type 2"
NCT01022541,Metastatic Colorectal Cancer
NCT03698383,HER2-positive Breast Cancer
NCT03698383,Metastatic Breast Cancer
NCT01068054,"Keratoconjunctivitis, Vernal"
NCT02540954,Macular Degeneration
NCT00753454,Rheumatoid Arthritis
NCT02186405,Subclinical hypothyroïdism
NCT00673569,Lung Cancer
NCT06107569,Clostridium Difficile Infections
NCT07266805,Acquired Angioedema Due to C1-Inhibitor Deficiency (AAE-C1-INH)
NCT06533605,Advanced Solid Tumors Patients
NCT00153166,Arterial Occlusive Disease
NCT00153166,Intermittent Claudication
NCT00153166,Insulin Resistance
NCT00190866,Fibromyalgia
NCT02762266,Child-Pugh Class A
NCT02762266,Child-Pugh Class B
NCT02762266,Recurrent Hepatocellular Carcinoma
NCT04921566,Bioequivalence
NCT00262522,Human Immunodeficiency Virus Infections
NCT02783222,Breast Cancer
NCT02137356,Rectal Neoplasms
NCT02194556,EGFR Positive Non-small Cell Lung Cancer
NCT02194556,Adenocarcinoma
NCT02072356,Adult Primary Hepatocellular Carcinoma
NCT02072356,Advanced Adult Primary Liver Cancer
NCT02072356,Localized Unresectable Adult Primary Liver Cancer
NCT02072356,Recurrent Adult Primary Liver Cancer
NCT01473056,"Hepatitis C Virus Infection, Response to Therapy of"
NCT00358722,Chronic Kidney Failure
NCT05242822,"Solid Tumor, Adult"
NCT05242822,Intrahepatic Cholangiocarcinoma
NCT05242822,Urothelial Carcinoma
NCT00120822,Malaria
NCT02661022,Multiple Myeloma
NCT02131922,Periodontitis
NCT02131922,Hypertension
NCT02157922,Cystic Fibrosis
NCT00386529,Well-controlled Hypertension
NCT01269229,Rectal Cancer
NCT04147351,NSCLC Stage IIIB~IV
NCT06461429,Preterm Birth
NCT03150329,Grade 3b Follicular Lymphoma
NCT03150329,"Recurrent B-Cell Lymphoma, Unclassifiable, With Features Intermediate Between DLBCL and Classic HL"
NCT03150329,Recurrent Classic Hodgkin Lymphoma
NCT03150329,Recurrent Diffuse Large B-Cell Lymphoma
NCT03150329,Recurrent Follicular Lymphoma
NCT03150329,Recurrent Grade 1 Follicular Lymphoma
NCT03150329,Recurrent Grade 2 Follicular Lymphoma
NCT03150329,Recurrent Grade 3a Follicular Lymphoma
NCT03150329,Recurrent Primary Mediastinal (Thymic) Large B-Cell Cell Lymphoma
NCT03150329,Recurrent Transformed Non-Hodgkin Lymphoma
NCT03150329,"Refractory B-Cell Lymphoma, Unclassifiable, With Features Intermediate Between DLBCL and Classic HL"
NCT03150329,Refractory Classic Hodgkin Lymphoma
NCT03150329,Refractory Diffuse Large B-Cell Lymphoma
NCT03150329,Refractory Follicular Lymphoma
NCT03150329,Refractory Primary Mediastinal (Thymic) Large B-Cell Cell Lymphoma
NCT03150329,Refractory Transformed Non-Hodgkin Lymphoma
NCT00961831,Neoplasm
NCT00570531,Loco-regional Esophageal Cancer
NCT00031031,Solid Tumors Refractory To Standard Therapy
NCT00031031,Neoplasms
NCT02719431,Healthy
NCT04365231,COVID19
NCT01281631,Amyotrophic Lateral Sclerosis
NCT05702931,Hyperglycemia
NCT05702931,Renal Transplant Complication Primary Non-Function
NCT05702931,Diabetes
NCT06235931,Breast Neoplasms
NCT00003231,Lung Cancer
NCT01750931,"Arthritis, Rheumatoid"
NCT05109702,Dry Eye
NCT04814056,NRG1-fused Non-small Cell Lung Cancer
NCT04985656,Myelodysplastic Syndromes (MDS)
NCT00842556,Type 2 Diabetes Mellitus
NCT02519556,Atopic Dermatitis
NCT02551237,Rectal Carcinoma
NCT04278937,Preterm Birth
NCT06485245,MASH
NCT00141037,Kidney Diseases
NCT00141037,Kidney Transplantation
NCT00141037,Kidney Transplant
NCT00141037,Renal Transplantation
NCT00141037,Renal Transplant
NCT01520545,Severe Spasticity
NCT00735072,HIV Infection
NCT00326872,Neurofibromatosis Type 1
NCT00326872,Plexiform Neurofibroma
NCT00326872,Spinal Cord Neurofibroma
NCT00691795,Labor Pain
NCT05389995,Kidney Stone
NCT00041795,Peripheral Nervous System Diseases
NCT00041795,Chemotherapy-Induced Peripheral Neuropathy
NCT02877095,Acute Heart Failure
NCT06464939,Dentin Hypersensitivity
NCT01063439,Non Hodgkin's Lymphoma
NCT04676139,Nocturnal Enuresis
NCT06513039,Alveolar Bone Loss
NCT05215977,"Osteoporosis, Postmenopausal"
NCT01943877,Chronic Periodontitis
NCT02664077,Stage III (IIIB or IIIC) Colon Cancer
NCT07477977,Open Heart Surgery
NCT02300077,Post-operative Pain
NCT02300077,Anesthesia
NCT07301775,Diabetic Retinopathy (DR)
NCT07301775,Diabetic Macular Edema (DME)
NCT07301775,Cataract
NCT07301775,Phacoemulfisication+IOL Implantation
NCT07301775,Intravitreal Injection
NCT00203775,Psychosis
NCT00203775,Aggression
NCT02170857,Chronic Periodontitis With Infra-bony Defects
NCT07012057,Myositis
NCT07012057,Dermatomyositis
NCT03395977,Oxidative Stress
NCT03395977,Endothelial Function
NCT03395977,Cardiovascular System
NCT03395977,Hypertension
NCT07493577,Aneurysmal Subarachnoid Hemorrhage
NCT00173875,Non-Small Cell Lung Cancer
NCT05394857,Active Moderate to Severe Graves' Orbitopathy
NCT05494957,Nontuberculous Mycobacterial Lung Disease
NCT01120457,Acute Myelogenous Leukemia
NCT01120457,Diffuse Large B-Cell Leukemia
NCT01120457,Chronic Lymphocytic Leukemia
NCT01120457,Follicular Lymphoma
NCT04417101,Myofascial Pain Syndrome
NCT02976701,ST Elevation Myocardial Infarction
NCT01735201,Rosacea
NCT01735201,Erythema
NCT02273401,Healthy
NCT00313001,Diabetes
NCT00313001,"Diabetes Mellitus, Type 2"
NCT00366301,Type 2 Diabetes
NCT03308201,Breast Cancer
NCT01839812,Adrenal Cortex Diseases
NCT01839812,Infant Morbidity
NCT05070312,Healthy Volunteer
NCT01819012,Valvular Heart Disease
NCT01819012,Ischemic Heart Disease
NCT05499312,Gout
NCT03113812,Alzheimer's Disease
NCT03246581,Healthy
NCT01027481,Retinal Vein Occlusion
NCT01169519,Heart Disease
NCT03961919,Acute Myeloid Leukemia
NCT03961919,Myelodysplastic Syndromes
NCT03961919,Transplant-Related Hematologic Malignancy
NCT03765619,Ankle Fractures
NCT02700919,"Pulmonary Disease, Chronic Obstructive"
NCT00815919,Chronic Graft Versus Host Disease
NCT00315328,Amblyopia
NCT01373528,Chronic Rhinosinusitis
NCT05667428,Hematopoietic Stem Cell Transplantation
NCT05667428,Premature Ovarian Failure
NCT00861328,Advanced Solid Tumors
NCT00096967,Breast Cancer
NCT00096967,Colorectal Cancer
NCT00096967,Metastases
NCT02202200,Melanoma BRAF V600E/K Mutated
NCT02202200,CDNKN2A Loss Defined
NCT06942000,Post Spinal Anesthesia Shivering
NCT06154200,Aqueous Tear Deficiency
NCT06154200,Meibomian Gland Dysfunction of Bilateral Eyes (Disorder)
NCT00507000,Tuberculosis
NCT00637000,Opioid-related Disorders
NCT03413800,Relapsed Hematologic Malignancy
NCT03413800,Multiple Myeloma
NCT06647407,Meningococcal Immunization
NCT06647407,Healthy Volunteers
NCT00003396,Leukemia
NCT00003396,Lymphoma
NCT00003396,Multiple Myeloma and Plasma Cell Neoplasm
NCT00003396,Myelodysplastic Syndromes
NCT03827096,Degenerative Disc Disease
NCT07142980,Advanced Solid Tumors Harboring RAS Mutations or Amplifications
NCT03125980,Locally Advanced Colon Cancer
NCT00161980,Breast Cancer
NCT00161980,Lumpectomy
NCT00161980,Mastectomy Plus Axillary Lymph Node Dissection
NCT00161980,Lymphatic Leakage
NCT04100096,Borderline Personality Disorder
NCT06800196,"Solid Tumors with FGFR2 Alterations, Adult"
NCT01914796,Healthy
NCT05177796,Anatomic Stage III Breast Cancer AJCC v8
NCT05177796,Anatomic Stage IIIA Breast Cancer AJCC v8
NCT05177796,Anatomic Stage IIIB Breast Cancer AJCC v8
NCT05177796,Anatomic Stage IIIC Breast Cancer AJCC v8
NCT05177796,Anatomic Stage IV Breast Cancer AJCC v8
NCT05177796,Breast Inflammatory Carcinoma
NCT05177796,Invasive Breast Carcinoma
NCT05177796,Prognostic Stage III Breast Cancer AJCC v8
NCT05177796,Prognostic Stage IIIA Breast Cancer AJCC v8
NCT05177796,Prognostic Stage IIIB Breast Cancer AJCC v8
NCT05177796,Prognostic Stage IIIC Breast Cancer AJCC v8
NCT05177796,Prognostic Stage IV Breast Cancer AJCC v8
NCT05177796,Triple-Negative Breast Carcinoma
NCT02790580,Breast Cancer
NCT04149379,Cerebral Stroke
NCT00454896,"Urinary Bladder, Overactive"
NCT02832362,Common Cold
NCT00853762,Relapsing Multiple Sclerosis
NCT00506246,General Anaesthesia
NCT00506246,Induction of Anaesthesia
NCT02250846,Asymptomatic Brain Metastases of Non Small Cell Lung Cancer
NCT05746546,Depressive Disorder
NCT07428746,"Diabetes Mellitus, Type 2"
NCT06361446,Migraine
NCT05302388,Asymptomatic Hyperuricemia
NCT06472388,Neuroendocrine Tumors
NCT06472388,Progression
NCT06472388,Neuroendocrine Tumor Grade 1
NCT06472388,Neuroendocrine Tumor Grade 2
NCT06472388,Neuroendocrine Tumor of Pancreas
NCT06472388,Neuroendocrine Tumor of the Lung
NCT06472388,Neuroendocrine Tumor Carcinoid
NCT00981227,Postherpetic Neuralgia
NCT01891227,Breast Cancer
NCT05501327,Scar
NCT05501327,Wound Healing
NCT01931527,Obesity
NCT01931527,Metabolic Syndrome
NCT01931527,Hyperuricemia
NCT06496061,Post Spinal Hypotension
NCT03910361,Type2 Diabetes
NCT03910361,Non-Alcoholic Fatty Liver Disease
NCT06168461,Preeclampsia
NCT01578161,Psychomotor Agitation
NCT01101061,Osteopenia
NCT07509242,Vitiligo
NCT03025542,Chronic Plaque Psoriasis
NCT00459342,Non-small Cell Lung Cancer
NCT00459342,Recurrent Non-small Cell Lung Cancer
NCT00459342,Stage IIIB Non-small Cell Lung Cancer
NCT00459342,Stage IV Non-small Cell Lung Cancer
NCT00082186,"Hypertension, Pulmonary"
NCT04745273,"Cholecystectomy, Laparoscopic"
NCT05269173,Alzheimer Disease
NCT05222269,CNS Lymphoma
NCT04859569,Bone Metastases From Solid Tumors
NCT01926769,Previously Treated Advanced Colorectal Cancer
NCT06241469,Gastric Cancer
NCT06241469,GastroEsophageal Cancer
NCT06241469,Adenocarcinoma
NCT04268069,Dry Eye Disease
NCT06173869,"Infertility, Female"
NCT06840483,Breast Cancer
NCT01290783,Metastatic Colorectal Cancer
NCT00002583,Lung Cancer
NCT03731741,Anemia of Chronic Kidney Disease
NCT00000941,HIV Infections
NCT00343941,HIV Infection
NCT00288041,"Ciliary Body and Choroid Melanoma, Medium/Large Size"
NCT00288041,Extraocular Extension Melanoma
NCT00288041,Iris Melanoma
NCT00288041,Recurrent Intraocular Melanoma
NCT00288041,Recurrent Melanoma
NCT00288041,Stage IV Melanoma
NCT02721641,Neoplasms
NCT07323641,Lung Non-Small Cell Carcinoma
NCT02021669,Depression
NCT00093405,Kidney Cancer
NCT00443105,Allergic Conjunctivitis
NCT00924105,Type 2 Diabetes Mellitus
NCT06720805,Irritable Bowel Syndrome (IBS)
NCT06720805,Pediatrics
NCT01507766,Acute Pancreatitis
NCT01507766,Intra-abdominal Hypertension
NCT00394966,Nausea
NCT00394966,Vomiting
NCT00886366,Type 2 Diabetes
NCT06696794,Non-Muscle-Invasive Bladder Cancer (NMIBC)
NCT03067194,Osteoarthritis Hand
NCT01263366,Radiodermatitis
NCT04041856,Adenoviral Keratoconjunctivitis
NCT06091956,Lichen Planopilaris
NCT01661556,Melasma
NCT01296256,Bendamustine
NCT01296256,Conditioning Therapy
NCT01296256,Autologous Stem Cell Transplant
NCT01296256,Aggressive Non Hodgkin's Lymphoma
NCT05686356,Tuberculosis
NCT05849922,Hidradenitis Suppurativa
NCT03675022,Sleep Apnea
NCT03675022,Rhinosinusitis Chronic
NCT01746602,Healthy
NCT03842202,Overweight
NCT03842202,Obesity
NCT02864602,"Anesthesia, Conduction"
NCT03523702,"Non-small Cell Lung Cancer, NSCLC"
NCT05345002,Glioma
NCT05345002,IDH Mutation
NCT05345002,Astrocytoma
NCT05345002,Oligodendroglioma
NCT06778902,DLBCL - Diffuse Large B Cell Lymphoma
NCT01573702,Non Small Cell Lung Cancer
NCT04657302,Lymphoma
NCT07275853,Advanced Solid Tumors
NCT00979953,Osteoarthritis of the Knee
NCT00969553,Neoplasms
NCT01313637,"Pulmonary Disease, Chronic Obstructive"
NCT06274853,COVID-19
NCT03613753,Small-cell Lung Cancer
NCT06602453,Acute Kidney Injury
NCT02131753,Hairy Cell Leukemia
NCT03143153,Various Advanced Cancer
NCT05337137,"Carcinoma, Hepatocellular"
NCT04466137,Non-Myeloid Malignancy
NCT00715637,"Secondary Acute Myeloid Leukemia (Secondary AML, sAML)"
NCT06865339,NSCLC
NCT06865339,Locally Advanced
NCT02074839,Relapsed or Refractory Acute Myeloid Leukemia (AML)
NCT02074839,Untreated AML
NCT02074839,Other IDH1-mutated Positive Hematologic Malignancies
NCT02074839,Myelodysplastic Syndromes
NCT00868439,Hyperkalemia
NCT00868439,Heart Failure
NCT06527677,Renal Impairment
NCT02196077,Chronic Obstructive Pulmonary Disease
NCT06903273,Cholangiocarcinoma
NCT06903273,Biliary Tract Cancer (BTC)
NCT02039869,Gastroesophageal Reflux Disease
NCT02039869,Non Erosive Reflux Disease
NCT02039869,Dyspepsia
NCT02033369,Major Depressive Disorder
NCT03065569,Labour Analgesia
NCT00363883,Localized Transitional Cell Cancer of the Renal Pelvis and Ureter
NCT00363883,Metastatic Transitional Cell Cancer of the Renal Pelvis and Ureter
NCT00363883,Recurrent Transitional Cell Cancer of the Renal Pelvis and Ureter
NCT00363883,Regional Transitional Cell Cancer of the Renal Pelvis and Ureter
NCT00363883,Transitional Cell Carcinoma of the Bladder
NCT02689869,Indolent Non-Hodgkin Lymphoma
NCT05771883,B-cell Non-Hodgkin's Lymphoma
NCT02972983,Methicillin Susceptible Staphylococcus Aureus Septicemia
NCT02972983,Bacteremia
NCT07011654,Metastatic Triple-Negative Breast Cancer
NCT05270954,COVID-19
NCT03141554,Oral Health
NCT02435654,Early-onset Schizophrenia
NCT05748054,Early Childhood Caries
NCT00388505,Cystic Fibrosis
NCT04201405,Mucopolysaccharidosis Type IIIA
NCT01047605,Healthy
NCT04019041,Hidradenitis Suppurativa
NCT04019041,Acne Inversa
NCT04019041,Suppurative Hidradenitis
NCT06660394,Dravet Syndrome
NCT04372394,Healthy
NCT04052594,Dyslipidemias
NCT00269594,Neurotic Disorders
NCT00269594,Obsessive-Compulsive Disorder
NCT05643066,Postoperative Recovery
NCT01974622,Retinal Vascular Disorders
NCT03383822,Insulin Resistance
NCT06593756,ECMO Treatment
NCT06593756,ARDS
NCT06593756,Pneumonia
NCT06593756,Intensive Care
NCT06593756,Hemodynamic Monitoring
NCT06593756,Fluid Responsiveness
NCT06679556,Pharmacokinetic
NCT07668856,Refractory Epilepsy in Children
NCT07668856,Refractory Epilepsy
NCT07668856,Epilepsy
NCT03142256,Adherence
NCT04442022,Relapsed/Refractory Diffuse Large B-cell Lymphoma
NCT01260922,Healthy
NCT05918822,Healthy Volunteers
NCT03058822,Healthy
NCT04522622,Adynamic Bone Disease
NCT04522622,Chronic Kidney Diseases
NCT04522622,Cardiac Disease
NCT04522622,Chronic Kidney Disease-Mineral and Bone Disorder
NCT04343222,Intravitreal Injections
NCT04343222,IVI
NCT00110929,End Stage Renal Disease
NCT02675829,Solid Tumor Cancers
NCT02675829,Lung Cancer
NCT02675829,Bladder Cancer
NCT02675829,Urinary Tract Cancers
NCT03243331,Triple Negative Breast Cancer
NCT03243331,Metastatic Breast Cancer
NCT04485702,Healthy Volunteers
NCT00559702,Relapsing-Remitting Multiple Sclerosis
NCT00559702,Secondary Progressive Multiple Sclerosis
NCT01126502,B-cell Chronic Lymphocytic Leukemia
NCT01126502,Prolymphocytic Leukemia
NCT01126502,Recurrent Small Lymphocytic Lymphoma
NCT01126502,Refractory Chronic Lymphocytic Leukemia
NCT00698802,Diabetes
NCT00698802,"Diabetes Mellitus, Type 2"
NCT07670702,Post Traumatic Stress Disorder
NCT05884502,Dyslipidemias
NCT05884502,"Stroke, Acute Ischemic"
NCT02053766,Mitochondrial Diseases
NCT07698756,Atopic Dermatitis
NCT03284931,Healthy
NCT02029456,Pulmonary Embolism
NCT03374956,Obesity
NCT03951753,"Diabetes Mellitus, Type 2"
NCT01962753,Elderly
NCT01962753,Major Depression
NCT02169453,Parkinson's Disease (PD)
NCT01394653,Healthy
NCT01394653,Plasma Concentration of YM060
NCT01420653,Dental Pain
NCT00935753,Behavioral Manifestations of Lesch-Nyhan Disease
NCT03557437,Helicobacter Pylori Infection
NCT00219037,Hypertension
NCT02973737,HER2 Positive Metastatic Breast Cancer
NCT01077245,Clostridium Difficile Infection
NCT05364645,Lung Non-Small Cell Carcinoma
NCT05364645,Recurrent Lung Non-Small Cell Carcinoma
NCT05364645,Stage IV Lung Cancer AJCC v8
NCT05364645,Stage IVA Lung Cancer AJCC v8
NCT05364645,Stage IVB Lung Cancer AJCC v8
NCT03951337,Rectal Cancer
NCT06538272,CIPN - Chemotherapy-Induced Peripheral Neuropathy
NCT01559272,Schizophrenia
NCT04029272,Polycystic Ovary Syndrome
NCT03587272,Sickle Cell Disease
NCT00408772,Colorectal Cancer
NCT00408772,Metastatic Cancer
NCT00420472,Kidney Transplantation
NCT06119672,Oral Lichen Planus
NCT07222072,Post Operative Pain
NCT07222072,Spinal Surgery
NCT02396537,Pain
NCT03536637,Acne Vulgaris
NCT07269145,Advanced Cancer
NCT03928145,Hypertension
NCT00906945,"Leukemia, Myeloid, Acute"
NCT00240045,Type 2 Hepatorenal Syndrome
NCT00240045,Refractory Ascites
NCT06873945,Alopecia Areata
NCT04504045,"Diabetes Mellitus, Type 2"
NCT04046445,Colorectal Cancer
NCT04046445,MSS
NCT04046445,Stage IV Colon Cancer
NCT04046445,Stage IV Rectal Cancer
NCT04046445,Metastatic Colorectal Cancer
NCT04046445,Liver Metastasis Colon Cancer
NCT00969072,Benign Prostatic Hyperplasia
NCT00969072,Prostatic Hyperplasia
NCT01548872,Myocardial Injury
NCT07604272,Inguinal Hernia Unilateral
NCT07604272,Inguinal Hernia Bilateral
NCT07604272,Inguinal Hernia Without Obstruction or Gangrene
NCT07604272,"Inguinal Hernia, Without Mention of Obstruction or Gangrene"
NCT00087672,Myelofibrosis
NCT00004795,Systemic Lupus Erythematosus
NCT02610595,Idiopathic Membranous Nephropathy
NCT06558695,"Spinal Stenosis, Lumbosacral Region"
NCT02905539,"Anemia, Iron-Deficiency"
NCT01089439,Acute Chest Syndrome
NCT01089439,Sickle Cell Disease
NCT00326339,Rheumatoid Arthritis
NCT00497939,Prostatic Hyperplasia
NCT00497939,Adrenergic Alpha-Antagonists
NCT04633239,Recurrent Ovarian High Grade Serous Adenocarcinoma
NCT04633239,Recurrent Platinum-Resistant Ovarian Carcinoma
NCT01794039,Recurrent Plasma Cell Myeloma
NCT01794039,Refractory Plasma Cell Myeloma
NCT06419439,Chronic Low Back Pain
NCT06419439,Depression
NCT01991977,Malignant Glioma
NCT03356977,Atopic Dermatitis
NCT06629077,Magnetic Resonance Imaging
NCT06629077,Cerebrovascular Circulation
NCT00413075,Solid Tumor
NCT00413075,Lymphoma
NCT00459875,Kidney Cancer
NCT02029157,Liver Cancer
NCT07703657,Allogeneic Hematopoietic Stem Cell Transplantation
NCT07703657,Epstein-Barr Virus Reactivation
NCT07703657,Clinically Significant EBV DNAemia
NCT01341457,Solid Tumors
NCT04339101,Acute Leukemia
NCT04339101,Hematologic and Lymphocytic Disorder
NCT04339101,Myelodysplastic Syndrome
NCT04339101,Primary Myelofibrosis
NCT04339101,Secondary Myelofibrosis
NCT04545801,Cesarean Section
NCT04545801,Postoperative Pain
NCT05623501,Alcohol-Related Disorders
NCT07245901,Solid Tumor
NCT04947501,Neuroblastoma
NCT04947501,Pediatric Cancer
NCT00788801,Healthy Volunteers
NCT00791401,Schizophrenia
NCT00791401,Renal Impairment
NCT00119301,Sarcoma
NCT02745912,Healthy Subjects
NCT01431573,Major Depressive Disorder
NCT01431573,Bipolar Disorder
NCT00759473,Cocaine Use Disorders
NCT03943173,BRCA-Mutated Ovarian Carcinoma
NCT03943173,BRCA1 Gene Mutation
NCT03943173,BRCA2 Gene Mutation
NCT03943173,High Grade Fallopian Tube Serous Adenocarcinoma
NCT03943173,High Grade Ovarian Serous Adenocarcinoma
NCT03943173,Primary Peritoneal High Grade Serous Adenocarcinoma
NCT03943173,Stage III Fallopian Tube Cancer AJCC v8
NCT03943173,Stage III Ovarian Cancer AJCC v8
NCT03943173,Stage III Primary Peritoneal Cancer AJCC v8
NCT03943173,Stage IIIA Fallopian Tube Cancer AJCC v8
NCT03943173,Stage IIIA Ovarian Cancer AJCC v8
NCT03943173,Stage IIIA Primary Peritoneal Cancer AJCC v8
NCT03943173,Stage IIIA1 Fallopian Tube Cancer AJCC v8
NCT03943173,Stage IIIA1 Ovarian Cancer AJCC v8
NCT03943173,Stage IIIA2 Fallopian Tube Cancer AJCC v8
NCT03943173,Stage IIIA2 Ovarian Cancer AJCC v8
NCT03943173,Stage IIIB Fallopian Tube Cancer AJCC v8
NCT03943173,Stage IIIB Ovarian Cancer AJCC v8
NCT03943173,Stage IIIB Primary Peritoneal Cancer AJCC v8
NCT03943173,Stage IIIC Fallopian Tube Cancer AJCC v8
NCT03943173,Stage IIIC Ovarian Cancer AJCC v8
NCT03943173,Stage IIIC Primary Peritoneal Cancer AJCC v8
NCT03943173,Stage IV Fallopian Tube Cancer AJCC v8
NCT03943173,Stage IV Ovarian Cancer AJCC v8
NCT03943173,Stage IV Primary Peritoneal Cancer AJCC v8
NCT03943173,Stage IVA Fallopian Tube Cancer AJCC v8
NCT03943173,Stage IVA Ovarian Cancer AJCC v8
NCT03943173,Stage IVA Primary Peritoneal Cancer AJCC v8
NCT03943173,Stage IVB Fallopian Tube Cancer AJCC v8
NCT03943173,Stage IVB Ovarian Cancer AJCC v8
NCT03943173,Stage IVB Primary Peritoneal Cancer AJCC v8
NCT05206773,Fabry Disease
NCT04360473,"Awakening, Post-Anesthesia Delayed"
NCT05984173,Dry Socket
NCT00565773,Organ Transplantation
NCT02791269,"Hepatitis B, Chronic"
NCT02331069,Superficial Radial Nerve Lesion
NCT04560569,HIV/AIDS
NCT02038569,Psoriasis Vulgaris
NCT02514954,Type 1 Diabetes Mellitus
NCT00470054,Extensive Stage Small Cell Lung Cancer
NCT00470054,Limited Stage Small Cell Lung Cancer
NCT00470054,Recurrent Small Cell Lung Cancer
NCT04432454,Metastatic Breast Cancer
NCT01962454,Cachexia
NCT04085354,Premature Ejaculation
NCT07570654,PTSD - Post Traumatic Stress Disorder
NCT07570654,PTSD
NCT07570654,PTSD Symptoms
NCT07570654,"PTSD, Post Traumatic Stress Disorder"
NCT04124705,Hypothyroidism
NCT04124705,Thyroid Disease
NCT04124705,Euthyroid
NCT04124705,Thyroid Gland
NCT04124705,Thyroid Hormones
NCT04287205,Endometriosis
NCT04287205,Sexual Dysfunction
NCT02060305,Hemophilia
NCT02060305,Synovitis
NCT05104905,"Carcinoma, Renal Cell"
NCT05104905,Carcinoma Colon
NCT02432105,Otitis Media With Effusion in Children
NCT02432105,Otitis Media Recurrent
NCT06852105,Dry Eye
NCT06852105,Tear Break-Up Time
NCT03553394,Fluid Therapy
NCT03553394,Postoperative Period
NCT03553394,Postoperative Complications
NCT03553394,Pancreas Disease
NCT03553394,Fluid Overload
NCT03080805,HER2 Positive Metastatic Breast Cancer
NCT01297894,Drug Safety
NCT03174366,Charcot Joint of Foot
NCT02331251,Advanced Cancer
NCT02331251,Breast Cancer
NCT02331251,Sarcoma
NCT02331251,Pancreatic Cancer
NCT02331251,Small Cell Lung Cancer
NCT02331251,Ovarian
NCT04705051,Congenital Cystic Kidney Disease
NCT01045551,Erythematotelangiectatic Rosacea
NCT01045551,Papulopustular Rosacea
NCT02251951,Stomach and Gastro-Esophageal Junction (GEJ) Cancer
NCT05897151,Sepsis
NCT05897151,Continuous Spinal Anesthesia
NCT05897151,General Anesthesia
NCT07121751,Hypo-responder
NCT07121751,Infertility (IVF Patients)
NCT07121751,OVARIAN STIMULATION
NCT04154722,Typhoid Fever
NCT01086722,Morbid Obesity
NCT01086722,Overweight
NCT05511922,Hereditary Angioedema
NCT01418729,Advanced Hepatocarcinoma
NCT06037031,Renal Impairment
NCT03964337,Prostate Cancer
NCT03964337,Prostate Cancer Adenocarcinoma
NCT03964337,Non-Metastatic
NCT03235037,Angelman Syndrome
NCT06762145,Transcatheter Aortic Valve Replacemen
NCT06762145,Left Bundle Branch Block
NCT01386645,Impaired Glucose Tolerance
NCT01386645,Oxidative Stress
NCT01386645,Prediabetes
NCT01386645,Impaired Fasting Glucose
NCT02616445,Healthy Volunteers
NCT04377945,Dyskinesias
NCT04377945,Parkinson Disease
NCT06249945,Heart Failure With Preserved Ejection Fraction
NCT06249945,End Stage Renal Disease on Dialysis
NCT07673445,Primary Aldosteronism
NCT05970172,Chronic Kidney Disease
NCT05970172,Renal Anemia
NCT02032095,End Stage Renal Disease
NCT01108939,"Malaria, Falciparum"
NCT02232139,Delayed Recovery From Anaesthesia
NCT05185739,Hepatocellular Carcinoma
NCT02605239,Tooth Discoloration
NCT06548139,Rabies Virus Infection
NCT00623077,Brain and Central Nervous System Tumors
NCT00623077,Kidney Cancer
NCT00623077,Liver Cancer
NCT00623077,Retinoblastoma
NCT00623077,Sarcoma
NCT00168077,Acquired Coagulation Factor Deficiency
NCT03991377,Psychotic Episode
NCT03991377,Psychological Trauma
NCT00249977,Solid Tumors
NCT00249977,Cancer
NCT05685277,Bioequivalence
NCT00223275,Bipolar Disorder
NCT00223275,Alcohol Dependence
NCT00335075,Glioblastoma
NCT00335075,Astrocytoma
NCT04892875,Head and Neck Cancer
NCT04892875,Squamous Cell Carcinoma of Head and Neck
NCT04892875,Oral Cavity Squamous Cell Carcinoma
NCT04892875,Oral Cavity Cancer
NCT04892875,Oropharynx Cancer
NCT04892875,Oropharynx Squamous Cell Carcinoma
NCT04892875,Larynx Cancer
NCT04892875,Pharynx Cancer
NCT04892875,Hypopharynx Cancer
NCT04892875,Hypopharynx Squamous Cell Carcinoma
NCT02112175,Multiple Myeloma
NCT00508157,Metabolic Syndrome
NCT00508157,Schizophrenia
NCT04423601,Healthy Subjects
NCT06797401,Dyslipidemias
NCT04762901,Breast Cancer
NCT01792401,Critical Illness
NCT01792401,Dietary Modification
NCT01792401,Probiotics
NCT01792401,Gut Failure
NCT01792401,Treatment Outcomes
NCT00761501,Healthy Volunteer
NCT01110512,Venous Insufficiency
NCT03285412,Breast Cancer
NCT01236612,Plasmodium Falciparum Malaria
NCT06308419,Leiomyosarcoma
NCT06308419,Soft-tissue Sarcomas
NCT03406819,ST Segment Elevation Myocardial Infarction
NCT03406819,Primary Percutaneous Coronary Intervention
NCT05146219,NSCLC
NCT05146219,EGFR Activating Mutation
NCT05146219,Brain Metastases
NCT05146219,Leptomeningeal Metastasis
NCT01764828,Neoplasms
NCT02369965,HIV Infections
NCT02369965,AIDS
NCT02218619,Type 1 Diabetes
NCT07107230,Colorectal Neoplasms
NCT00280930,Post-Menopausal
NCT00280930,Breast Cancer
NCT02831530,Breast Cancer
NCT02667730,Ligament Injury
NCT01030328,Coronary Atherosclerosis
NCT01235728,Psoriasis
NCT01235728,Plaque Psoriasis
NCT00356928,Leukemia
NCT00356928,Myelodysplastic Syndromes
NCT04351867,Stomach Neoplasms
NCT01231165,Coronary Heart Disease
NCT00299000,Mucopolysaccharidosis VI
NCT00299000,Maroteaux-Lamy Syndrome
NCT07140900,Metastatic Hormone-sensitive Prostate Cancer (mHSPC)
NCT06307600,B Lymphoblastic Leukemia/Lymphoma
NCT04693000,Keratotic Nodular Size
NCT03420300,Hepatitis C
NCT01630200,Chronic Obstructive Pulmonary Disease and Allied Conditions
NCT04837807,Dry Eye
NCT00189007,Fetal Hypoxia
NCT00189007,Reperfusion Injury
NCT07513207,Healthy
NCT06270407,Surgical Complication
NCT00871507,"Diabetes Mellitus, Type 2"
NCT07127107,Migraine
NCT06709092,Allergic Rhinitis
NCT01709292,Thyroid Cancer
NCT04811092,Pulmonary Arterial Hypertension
NCT07483736,C15.378
NCT03365336,Influenza
NCT01037036,Ocular Hypertension
NCT01037036,Open-Angle Glaucoma
NCT00371254,Breast Cancer
NCT00371254,Metastasis
NCT01351766,Smoking
NCT02684266,Neoplasm
NCT03563066,"Dermatitis, Atopic"
NCT03563066,Dermatitis
NCT03563066,Eczema
NCT03563066,Skin Diseases
NCT03563066,"Skin Diseases, Genetic"
NCT03563066,"Genetic Diseases, Inborn"
NCT03563066,"Skin Diseases, Eczematous"
NCT03563066,Hypersensitivity
NCT03563066,"Hypersensitivity, Immediate"
NCT03563066,Immune System Diseases
NCT03287466,Critical Illness
NCT03287466,Respiratory Failure
NCT03381066,Completely Resected NSCLC With Common EGFR Mutations
NCT06278766,Healthy Volunteer
NCT06039566,Hysterectomy
NCT06431256,Attention Deficit Hyperactivity Disorder
NCT02688322,Acinetobacter Infections
NCT00148122,Head and Neck Cancer
NCT03676322,Healthy
NCT00859222,Malignant Glioma
NCT02245022,HIV
NCT02245022,Pregnancy
NCT06034002,Myeloproliferative Neoplasms
NCT01254331,Rheumatoid Arthritis
NCT00590031,Esophageal Carcinoma
NCT00668031,"Blood Loss, Surgical"
NCT00129831,COPD
NCT00141531,Bladder Neoplasms
NCT05803031,Periodontal Pocket
NCT01702831,Multiple Myeloma
NCT04713631,Crohn's Disease
NCT07221253,Biliary Tract Cancer
NCT00293631,Bunionectomy
NCT00293631,Orthopedic Surgery
NCT06413537,Fragile X Syndrome
NCT01134237,Retained Hemothorax
NCT02270437,"Pain, Postoperative"
NCT07610837,Liver Fibrosis
NCT07610837,Hepatic Cirrhosis
NCT01888237,Dyspepsia
NCT01888237,Helicobacter-associated Gastritis
NCT01888237,Stomach Disorders
NCT01100437,Chronic Pain
NCT06531837,Chronic Pain
NCT06165237,Gastric or Duodenal Ulcer
NCT05871437,Breast Cancer
NCT03740737,Infertility
NCT03836937,Non-Alcoholic Fatty Liver Disease
NCT03126695,Sickle Cell Disease
NCT00456495,Conjunctival Neoplasms
NCT06790095,Traumatic Brain Injury
NCT00183339,Autistic Disorder
NCT06640439,"Molar, Third"
NCT06640439,Photobiomodulation
NCT06640439,Photobiomodulation Therapy
NCT06640439,Third Molar Surgery
NCT07067177,Patent Ductus Arteriosus in Preterm Infants
NCT07067177,Patent Ductus Arteriosus After Premature Birth
NCT07067177,Patent Ductus Arteriosus (PDA)
NCT07067177,Patent Ductus Arteriosus in Premature Infants
NCT00780377,Heart Transplantation
NCT00528177,Hysterectomy
NCT00528177,Myoma
NCT00528177,Postoperative Pain
NCT00528177,Opioids
NCT06227377,Solid Tumors
NCT04868175,Glaucoma
NCT04868175,Intraocular Pressure
NCT05688475,Non-Hodgkin Lymphoma
NCT02732275,"Lymphoma, Malignant"
NCT02732275,Non-hodgkin Lymphoma
NCT01124175,Healthy
NCT01513057,Healthy
NCT00000857,HIV Infections
NCT00593957,Rett Syndrome
NCT07481357,Gastric (Stomach) Cancer
NCT07481357,GastroEsophageal Cancer
NCT07481357,Pancreatic Ductal Adenocarcinoma (mPDAC)
NCT01578057,Pharmacodyamics and Pharmacokinetics of Tasimelteon Alone and in Combination With Ethanol
NCT05524857,Myeloproliferative Neoplasm
NCT01915901,Healthy
NCT02398201,Mitochondrial Diseases
NCT05932212,Vulvar Cancer
NCT01283412,"Delirium, Postoperative"
NCT00002012,HIV Infections
NCT02493712,"Colitis, Ulcerative"
NCT00888719,Type 2 Diabetes Mellitus
NCT02308319,"Carcinoma, Hepatocellular"
NCT01044719,Cystic Fibrosis
NCT02781519,Cannabis
NCT01866930,Chronic Hepatitis C Infection
NCT00826930,High Grade Glioma
NCT03233230,Rheumatoid Arthritis
NCT05384665,Rapid Sequence Induction
NCT01027065,Chronic Hepatitis B
NCT05258565,Acute Ischemic Stroke
NCT00683865,Pelvic Inflammatory Disease
NCT02255565,ADHD
NCT02255565,Autism
NCT04933565,Healthy Volunteers
NCT00002265,HIV Infections
NCT01398267,Diabetes Mellitus Type 2
NCT02945267,Unresectable Pancreatic Cancer
NCT03592667,Hypertension
NCT04536467,Premature Ovarian Failure
NCT01820767,Chronic Kidney Disease
NCT07078500,Diffuse Large B-Cell Lymphoma (DLBCL)
NCT02763800,Parkinson's Disease
NCT06607900,Alzheimer Disease
NCT06607900,Parkinson Disease
NCT06607900,Lewy Body Dementia
NCT06607900,Multiple System Atrophy
NCT06607900,Fronto-temporal Dementia
NCT06607900,Amyotrophic Lateral Sclerosis
NCT02837900,Knee Osteoarthritis
NCT03619707,Sterility
NCT03619707,Infertility
NCT00767507,Acute Coronary Syndrome (ACS)
NCT07303907,Autism Spectrum Disorder
NCT07303907,ASD
NCT01569828,Pharmacokinetics
NCT01569828,Renal Impaired
NCT01569828,Healthy Volunteer
NCT03128528,Chronic Heart Failure
NCT06139328,Myocardial Infarction
NCT04961528,Hemoptysis
NCT07124728,Hypertension
NCT07124728,Hypertension (HTN)
NCT07124728,Stroke Prevention
NCT07124728,Cardiovascular Risk Factor
NCT01829867,Parkinson's Disease
NCT02351700,Pituitary Tumor
NCT02351700,Pain
NCT01125800,Medulloblastoma
NCT01125800,Rhabdomyosarcoma
NCT01125800,Neuroblastoma
NCT01125800,Hepatoblastoma
NCT01125800,Glioma
NCT01125800,Astrocytoma
NCT02302092,Urinary Tract Infection
NCT00611936,Stress
NCT00869336,Tinea Pedis
NCT00753636,Parkinson's Disease
NCT04449536,Obesity
NCT04449536,Drug Effect
NCT06019936,Drug-Induced Liver Injury
NCT06019936,Cholestatic Liver Injury
NCT06019936,Mixed Liver Injury
NCT05515536,Friedreich Ataxia
NCT05764811,Fatty Liver Disease
NCT05539911,Pain
NCT00321854,Parkinson Disease
NCT00364741,Laparotomy
NCT01131741,"Injections, Intravenous"
NCT00553605,Pain
NCT00025051,Non-melanomatous Skin Cancer
NCT02020551,Pain
NCT06926751,Solid Tumors
NCT06926751,Children
NCT06926751,Adolescent
NCT06926751,Chemotherapy Induced Neutropenia
NCT04097756,Advanced Breast Cancer
NCT03924856,Bladder Cancer
NCT05947851,"Leukemia, Lymphocytic, Chronic, B-Cell"
NCT05947851,"Leukemia, Chronic Lymphocytic"
NCT05947851,Small-Cell Lymphoma
NCT05947851,"Lymphoma, Small Lymphocytic"
NCT05947851,CLL
NCT05947851,SLL
NCT00110851,Type 2 Diabetes Mellitus
NCT02643251,Painful Diabetic Neuropathy
NCT02643251,Diabetic Neuropathy
NCT02643251,Neuropathy
NCT05375851,Generalized Anxiety Disorder
NCT00324051,Schizophrenia
NCT02712151,"Pain, Postoperative"
NCT02084251,Type II Diabetes
NCT00335829,Liver Cancer
NCT00006929,Recurrent Non-small Cell Lung Cancer
NCT00006929,Stage IIIB Non-small Cell Lung Cancer
NCT00006929,Stage IV Non-small Cell Lung Cancer
NCT01782729,"Dermatitis, Atopic"
NCT00101829,Sjogren's Syndrome
NCT01466231,Germ Cell Tumor
NCT04302402,Dyspepsia
NCT06062602,Head and Neck Squamous Cell Carcinoma
NCT00700102,Colorectal Cancer
NCT00564902,Age Related Macular Degeneration
NCT00564902,Cognition Disorders
NCT00151502,Alzheimer's Disease
NCT00299702,Schizophrenia
NCT00299702,Psychotic Disorders
NCT02591953,Biceps Tendonitis
NCT02591953,Injection
NCT02323737,Extensive-stage Small Cell Lung Cancer
NCT00103272,Adult Acute Basophilic Leukemia
NCT00103272,Adult Acute Eosinophilic Leukemia
NCT00103272,Adult Acute Megakaryoblastic Leukemia (M7)
NCT00103272,Adult Acute Minimally Differentiated Myeloid Leukemia (M0)
NCT00103272,Adult Acute Monoblastic Leukemia (M5a)
NCT00103272,Adult Acute Monocytic Leukemia (M5b)
NCT00103272,Adult Acute Myeloblastic Leukemia With Maturation (M2)
NCT00103272,Adult Acute Myeloblastic Leukemia Without Maturation (M1)
NCT00103272,Adult Acute Myeloid Leukemia With 11q23 (MLL) Abnormalities
NCT00103272,Adult Acute Myeloid Leukemia With Inv(16)(p13;q22)
NCT00103272,Adult Acute Myeloid Leukemia With t(16;16)(p13;q22)
NCT00103272,Adult Acute Myeloid Leukemia With t(8;21)(q22;q22)
NCT00103272,Adult Acute Myelomonocytic Leukemia (M4)
NCT00103272,Adult Erythroleukemia (M6a)
NCT00103272,Adult Pure Erythroid Leukemia (M6b)
NCT00103272,Anaplastic Large Cell Lymphoma
NCT00103272,Angioimmunoblastic T-cell Lymphoma
NCT00103272,Extranodal Marginal Zone B-cell Lymphoma of Mucosa-associated Lymphoid Tissue
NCT00103272,Nodal Marginal Zone B-cell Lymphoma
NCT00103272,Recurrent Adult Acute Lymphoblastic Leukemia
NCT00103272,Recurrent Adult Acute Myeloid Leukemia
NCT00103272,Recurrent Adult Diffuse Large Cell Lymphoma
NCT00103272,Recurrent Adult T-cell Leukemia/Lymphoma
NCT00103272,Recurrent Cutaneous T-cell Non-Hodgkin Lymphoma
NCT00103272,Recurrent Grade 1 Follicular Lymphoma
NCT00103272,Recurrent Grade 2 Follicular Lymphoma
NCT00103272,Recurrent Grade 3 Follicular Lymphoma
NCT00103272,Recurrent Mantle Cell Lymphoma
NCT00103272,Recurrent Marginal Zone Lymphoma
NCT00103272,Recurrent Mycosis Fungoides/Sezary Syndrome
NCT00103272,Recurrent Small Lymphocytic Lymphoma
NCT00103272,Refractory Chronic Lymphocytic Leukemia
NCT00103272,Small Intestine Lymphoma
NCT00103272,Splenic Marginal Zone Lymphoma
NCT00103272,Waldenström Macroglobulinemia
NCT07187895,Myocardial Perfusion Imaging
NCT07187895,Diagnostic Certainty
NCT07187895,Stable Coronary Artery Disease
NCT04286295,Smoking Cessation
NCT04286295,Coronary Artery Disease
NCT06279039,Exosome
NCT06279039,Skin Regeneration
NCT06279039,Laser
NCT01951677,Exposure to Hepatitis B Virus
NCT00004939,"Polyradiculoneuropathy, Chronic Inflammatory Demyelinating"
NCT01781377,PREGNANCY
NCT03609775,Healthy
NCT02712775,Liver Disease
NCT03744975,"Diabetes Mellitus, Type 2"
NCT03744975,Diastolic Dysfunction
NCT00509275,Tinea Pedis
NCT00363857,Restless Legs Syndrome (RLS)
NCT00363857,Restless Legs Syndrome
NCT01385657,Atopic Dermatitis
NCT07654257,Breast Cancer
NCT01064557,Leukemia
NCT06237257,Locally Advanced Cervical Cancer
NCT00911157,"Thrombosis, Venous"
NCT06082557,Malignant Solid Tumors
NCT04898101,Healthy Volunteers
NCT00186901,"Leukemia, Lymphoblastic, Acute"
NCT00186901,Osteoporosis
NCT00397501,Brain and Central Nervous System Tumors
NCT00397501,Breast Cancer
NCT00397501,Cognitive/Functional Effects
NCT00397501,Drug/Agent Toxicity by Tissue/Organ
NCT00397501,Psychosocial Effects of Cancer and Its Treatment
NCT00766012,Healthy
NCT04079712,Metastatic Large Cell Neuroendocrine Carcinoma
NCT04079712,Metastatic Neuroendocrine Carcinoma
NCT04079712,Metastatic Neuroendocrine Neoplasm
NCT04079712,Metastatic Small Cell Neuroendocrine Carcinoma
NCT01037881,Atopic Dermatitis
NCT05062681,COVID-19 Pandemic
NCT03232281,Endometriosis
NCT07653581,Lower-risk Myelodysplastic Syndromes
NCT00783081,Intermittent Claudication
NCT06993181,Healthy
NCT01122381,"Headache, Migraine"
NCT04532281,Acute Lymphoblastic Leukemia
NCT04532281,Non-Hodgkin Lymphoma of Soft Tissue
NCT07596381,Advanced Solid Tumors
NCT04129619,Irritable Bowel Syndrome With Diarrhea
NCT01428219,Prostate Cancer Metastatic
NCT00510419,Migraine
NCT00249119,Schizophrenia
NCT00249119,Psychotic Disorder
NCT00030719,Neuroblastoma
NCT01722630,Intra Operative Fluid Management
NCT01965730,Aortic Disease
NCT06754501,Cancer
NCT06514430,Urinary Incontinence
NCT06514430,"Urinary Incontinence, Urge"
NCT06514430,Overactive Bladder
NCT06583330,Colorectal Surgery
NCT06583330,VTE (Venous Thromboembolism)
NCT01753128,Gastroesophageal Reflux Disease
NCT07222228,Healthy Women
NCT07222228,Female Contraception
NCT01401465,Perennial Allergic Rhinitis
NCT06175065,Acute Exacerbation of Chronic Obstructive Pulmonary Disease
NCT00375765,Benign Prostatic Hyperplasia
NCT00375765,Prostate Cancer
NCT02607865,Diabetes
NCT02607865,"Diabetes Mellitus, Type 2"
NCT02085265,Alzheimer's Disease
NCT05523765,Non-infectious Intermediate Uveitis
NCT05523765,Non-infectious Posterior Uveitis
NCT05523765,Non-infectious Pan Uveitis
NCT02368665,Essential Hypertension
NCT05519865,Non Small Cell Lung Cancer
NCT05434065,Intracerebral Hemorrhage
NCT00637065,Pulmonary Hypertension
NCT00637065,Interstitial Lung Disease
NCT00637065,Idiopathic Pulmonary Fibrosis
NCT00637065,Nonspecific Interstitial Pneumonia
NCT02506192,Chronic Inflammation
NCT02506192,Chronic Pain
NCT02506192,Fatigue
NCT02506192,Cognitive Impairment
NCT00638092,Transient Hypothyroxinemia
NCT00311402,Cerebrovascular Accident
NCT01887002,Irritable Bowel Syndrome (IBS)
NCT00896402,Infection
NCT04297202,Hepatocellular Carcinoma
NCT00429702,Nausea
NCT00429702,Vomiting
NCT00429702,"Unspecified Childhood Solid Tumor, Protocol Specific"
NCT06218602,Lymphoma
NCT01344902,Colon Cancer
NCT06462053,Early Low Rectal Cancer
NCT05879653,Bladder Cancer
NCT01141153,Atrial Fibrillation
NCT01141153,Stroke
NCT03416153,Oropharynx Cancer
NCT07711522,Posterior Spinal Instrumentation Patients
NCT00324922,Osteomyelitis
NCT00324922,Methicillin-resistant Staphylococcus Aureus
NCT02455622,Hunter Syndrome
NCT05635851,Spinal Cord Injuries
NCT05635851,Autonomic Dysreflexia
NCT03589651,Unresectable or Metastatic Solid Tumors
NCT02755753,Gastroesophageal Reflux
NCT06937853,Postoperative Pain
NCT01813253,Gastric Cancer
NCT01813253,Gastroesophageal Junction Cancer
NCT06815653,Healthy
NCT00380653,Leukemias
NCT00380653,Myelodysplastic Syndromes
NCT03224637,Osteo Arthritis Knee
NCT03224637,"Pain, Chronic"
NCT04857645,MDS
NCT04857645,AML
NCT01534637,Extrahepatic Bile Duct Cancer
NCT01534637,Nausea
NCT01534637,Vomiting
NCT01534637,Stage II Pancreatic Cancer
NCT01534637,Stage III Pancreatic Cancer
NCT01534637,Stage IV Pancreatic Cancer
NCT02919072,Unplanned Caesarean Section
NCT01412372,Irritable Bowel Syndrome
NCT02107872,Metabolic Disorders
NCT05965895,Pain
NCT00830895,Renal Cell Carcinoma
NCT00005595,Lymphoma
NCT02672995,Brain Neoplasm
NCT01812239,Premature Birth
NCT02606539,Gestational Trophoblastic Neoplasms
NCT07340177,Thyroid Nodules
NCT07360977,PARKINSON DISEASE (Disorder)
NCT07360977,Multiple Sclerosis (MS) - Relapsing-remitting
NCT07360977,Pediatric Patients Affected by Neuromuscolar and Degenerative Diseases
NCT06181175,Benign Prostatic Hyperplasia
NCT06181175,Urinary Obstruction
NCT06181175,Lower Urinary Tract Symptoms
NCT00206375,Hypothyroidism
NCT01845675,Advanced Well-differentiated Pancreatic Neuroendocrine Tumor
NCT02412657,Pain
NCT03860857,Alzheimer Disease
NCT03860857,Cognitive Impairment
NCT03860857,Cognitive Decline
NCT02816957,Nigella Sativa With Beta Thalassemia Major
NCT00920257,Cancer
NCT00528957,HIV Infections
NCT01293201,Seasonal Allergic Rhinitis
NCT04989101,COVID-19 Acute Respiratory Distress Syndrome
NCT01189201,Healthy
NCT06081101,Sacro-iliac Joint Pain
NCT07051512,Spinal Anesthesia Evaluation
NCT07051512,Analgesic
NCT07051512,Intrathecal Anesthesia
NCT07198412,Pain Management
NCT07198412,Postoperative Acute Pain
NCT07198412,Chronic Back Pain
NCT03338881,Advanced Solid Neoplasms
NCT03338881,Lymphoma Neoplasms
NCT00996281,Essential Hypertension
NCT00357981,Dysmenorrhea
NCT00357981,Menstruation Disturbances
NCT00357981,Menstruation Disorders
NCT05125081,Presbycusis
NCT05125081,Age-related Hearing Loss
NCT05125081,Hearing Disorders and Deafness
NCT06788912,Lung Neoplasm Malignant
NCT00471419,Dry Eye
NCT01394419,Postoperative Acute Kidney Injury After Off-pump Coronary Artery Bypass Graft
NCT06530719,Lung Neoplasms
NCT06530719,"Lung Cancer, Nonsmall Cell"
NCT05726019,Coronary Artery Disease
NCT05726019,Acute Coronary Syndrome
NCT05726019,Coronary Artery Bypass
NCT05726019,Myocardial Reperfusion
NCT05726019,Postpericardiotomy Syndrome
NCT05726019,Postoperative Atrial Fibrilation
NCT05726019,Perioperative Myocardial Infarction
NCT06699030,Gallbladder Stone
NCT00729365,Type 1 Diabetes
NCT01485328,Digestive System Disorders
NCT03302728,"Lymphoma, T-Cell, Cutaneous"
NCT03302728,"Lymphoma, T-Cell, Peripheral"
NCT03302728,Hodgkin Lymphoma
NCT06727630,Melanoma
NCT06302465,Malignant Bone Tumor
NCT03003065,Cholangiocarcinoma
NCT03003065,Tumor
NCT03003065,Klatskin Tumor
NCT05775965,Hip Fractures
NCT02358265,Chronic Urticaria
NCT00839865,Diabetic Foot Ulcer
NCT02018965,HIV
NCT00572065,Myelofibrosis
NCT00514865,Major Depressive Disorder
NCT00004465,Hemolytic Uremic Syndrome
NCT04045665,Atrial Fibrillation
NCT04045665,Stroke
NCT04045665,Bleeding
NCT00280865,Type 2 Diabetes
NCT06237465,Hidradenitis Suppurativa
NCT06237465,Hidradenitis Suppurativa \(HS\)
NCT06237465,"Hidradenitis Suppurativa, Acne Inversa"
NCT00094965,Gastrointestinal Cancer
NCT00855465,Pulmonary Hypertension
NCT01332292,Asthma
NCT03617536,Chronic Kidney Diseases
NCT03617536,Pruritus
NCT00002336,Mycobacterium Avium-intracellular Infection
NCT00002336,HIV Infections
NCT00133536,Influenza
NCT01976936,Stroke
NCT01976936,Rhabdomyolysis
NCT01976936,Jaundice
NCT05707936,Port-a-cath Occlusion
NCT05707936,Normal Saline
NCT05707936,Heparin Lock
NCT01610336,Non-small Cell Lung Cancer
NCT04804111,Gout
NCT00744211,Heart Disease
NCT03415711,Ulcerative Colitis
NCT03289871,Onychomycosis
NCT00494871,Atrial Fibrillation
NCT05930171,Lumbar Erector Spinae Plane Block
NCT05930171,Pericapsular Nerve Group Block (PENG Block)
NCT04093271,Sleep
NCT04093271,Healthy
NCT06756971,Sleep Disordered Breathing
NCT06756971,Drug Induced Sleep Disorder
NCT04639271,Breast Cancer
NCT04639271,HER2-positive Breast Cancer
NCT06642571,Obesity
NCT00412971,Bladder Cancer
NCT01061671,"Pulmonary Disease, Chronic Obstructive"
NCT00209144,Acute Myocardial Infarction
NCT07515209,Chronic Hepatitis B Virus Infection
NCT02244944,Nonalcoholic Fatty Liver Disease (NAFLD)
NCT01627834,Healthy
NCT00045734,Adult Grade I Meningioma
NCT00045734,Adult Grade II Meningioma
NCT00045734,Adult Grade III Meningioma
NCT00045734,Adult Meningeal Hemangiopericytoma
NCT00045734,Adult Meningioma
NCT00045734,Recurrent Adult Brain Tumor
NCT01158534,Renal Cell Cancer
NCT01158534,Stage IV Renal Cell Cancer
NCT01614964,Malaria
NCT06236009,Healthy Volunteers
NCT03116009,Gestational Diabetes
NCT02781909,Tuberculosis
NCT05839899,Abortion
NCT01938599,Plaque Psoriasis
NCT01938599,"Skin Diseases, Papulosquamous"
NCT01938599,Skin Diseases
NCT01220999,Colorectal Neoplasms
NCT00236899,Metastatic Breast Cancer (MBC)
NCT00000699,HIV Infections
NCT04152499,Epithelial Ovarian Cancer
NCT04152499,Gastric Adenocarcinoma
NCT04152499,Gastroesophageal Junction Adenocarcinoma
NCT04152499,Urothelial Carcinoma
NCT04152499,Non-Small Cell Lung Cancer
NCT04152499,Small-Cell Lung Cancer
NCT04152499,Endometrial Carcinoma
NCT04152499,Head and Neck Squamous Cell Carcinoma
NCT04152499,Breast Cancer
NCT04152499,Cervical Cancer
NCT06305832,Prostate Cancer
NCT06305832,Biochemical Recurrence
NCT02062099,Memory Complaint
NCT02062099,Mild Cognitive Impairment
NCT02062099,Alzheimer Disease
NCT02951299,Pentoxifylline
NCT02951299,Acute Kidney Injury
NCT04091399,Alveolar Osteitis
NCT06844799,Moderate-to-severe Plaque Psoriasis
NCT04536532,"Hepatitis B, Chronic"
NCT02452463,Lung Non-Squamous Non-Small Cell Carcinoma
NCT02452463,Radiation-Induced Pneumonitis
NCT02452463,Stage II Lung Non-Small Cell Cancer AJCC v7
NCT02452463,Stage IIA Lung Non-Small Cell Carcinoma AJCC v7
NCT02452463,Stage IIB Lung Non-Small Cell Carcinoma AJCC v7
NCT02452463,Stage III Lung Non-Small Cell Cancer AJCC v7
NCT02452463,Stage IIIA Lung Non-Small Cell Cancer AJCC v7
NCT02452463,Stage IIIB Lung Non-Small Cell Cancer AJCC v7
NCT02452463,Stage IV Lung Non-Small Cell Cancer AJCC v7
NCT05249387,Itch
NCT00483587,Acute Myocardial Infarction
NCT01046487,Cancer
NCT01593787,Hypertension With Renal Dysfunction
NCT05388487,"Solid Tumor, Adult"
NCT07367087,"Partial-Thickness Burn, Thermal Burn"
NCT01599793,Bone Metastases
NCT01599793,Castrate-resistant Prostate Cancer
NCT01599793,Recurrent Prostate Cancer
NCT01599793,Stage IV Prostate Cancer
NCT07341893,Heart Failure
NCT06149793,Cystic Fibrosis-related Diabetes
NCT06149793,Cystic Fibrosis
NCT00453193,Lymphoma
NCT00453193,Leukemia
NCT05722093,COVID-19
NCT06926621,Myotonic Dystrophy Type 1 (DM1)
NCT07626021,Myeloproliferative Neoplasms
NCT07074821,Catheter Related Blood Stream Infection
NCT07074821,Hemodialysis
NCT07074821,Vascular Access
NCT00022321,Myelodysplastic Syndromes
NCT03193814,Colorectal Cancer
NCT03193814,Chemotherapy
NCT03193814,Angiogenesis
NCT05874414,Cholangiocarcinoma
NCT00567814,Cocaine Dependence
NCT00567814,Cocaine Addiction
NCT03140514,Renal Transplant Rejection
NCT02549014,Pharmacokinetics
NCT04414514,Hidradenitis Suppurativa
NCT07116616,Relapsed or Refractory Multiple Myeloma
NCT02228616,Constipation
NCT03752216,Ovarian Cancer
NCT04984616,Chronic Chagas Disease
NCT03563716,Non-small Cell Lung Cancer
NCT01239706,Traumatic Brain Injury
NCT07006506,Graft Versus Host Disease
NCT07006506,Graft Vs Host Disease
NCT07006506,Hematologic Malignancy
NCT05004506,"Post-Operative Pain, Chronic"
NCT03018106,"Sexual Dysfunction, Physiological"
NCT02542306,Proximal Aortic Dissection
NCT02060006,Tuberculosis
NCT00346606,Chronic Idiopathic Urticaria
NCT00346606,Urticaria
NCT02164006,Hodgkin's Lymphoma
NCT01155206,Diabetes
NCT00391404,Osteoporosis
NCT03824704,Epithelial Ovarian Cancer
NCT03824704,Fallopian Tube Cancer
NCT03824704,Primary Peritoneal Carcinoma
NCT03824704,High Grade Serous Carcinoma
NCT03824704,Endometrioid Adenocarcinoma
NCT01380184,"Cancer, Advanced"
NCT03323684,Laparoscopic Cholecystectomy
NCT05991284,Heart Failure With Preserved Ejection Fraction
NCT05991284,Functional Mitral Regurgitation
NCT00183404,Autism
NCT07369284,Gestational Diabetes
NCT02680184,Melanoma
NCT03591133,Healthy Participants
NCT00222833,Overweight
NCT00222833,Hyperlipidemia
NCT00222833,Cardiovascular Diseases
NCT06208033,EGFR Positive Non-small Cell Lung Cancer
NCT00914433,Chronic Obstructive Pulmonary Disease
NCT02697552,Non-Hodgkin's Lymphoma
NCT01111552,Major Depressive Disorder (MDD)
NCT01808547,Ocular Inflammation
NCT01293747,Menopause
NCT00301847,Kidney Cancer
NCT00301847,Metastatic Cancer
NCT02657447,Non-Hodgkin Lymphoma
NCT02587247,Metastatic Colorectal Cancer
NCT04992949,Acute Myeloid Leukemia
NCT04992949,Myeloproliferative Syndrome
NCT05384249,Uveitis
NCT05462938,Renal Function Disorder
NCT05462938,Postoperative Delirium
NCT05462938,Adverse Event
NCT05462938,Death
NCT05462938,Satisfaction
NCT06561438,Postoperative Pain
NCT01820858,Endometrial Neoplasms
NCT00623558,Head and Neck Neoplasm
NCT00198848,Iron Deficiency Anemia
NCT07512648,Plasmacytic Mastitis
NCT07512648,Granulomatous Lobular Mastitis
NCT02277548,Oropharyngeal Cancer
NCT02277548,Squamous Cell Carcinoma to the Head and Neck
NCT04042948,Lumbar Spinal Stenosis
NCT04042948,Lumbar Disc Herniation
NCT04042948,Lumbar Radiculopathy
NCT04608448,Aging
NCT04608448,Epigenetics
NCT04608448,Inflammatory Mediators
NCT00162955,Non-Hodgkin's Lymphoma
NCT00823355,Recurrent or Refractory T/NK-cell Malignancies
NCT02626455,"Lymphoma, Non-Hodgkin"
NCT01568034,Parkinson's Disease
NCT02433834,Asthma
NCT02361034,Healthy
NCT00360464,Acute Bronchitis
NCT02961634,Onychomycosis
NCT00884234,Lateral Canthal Lines
NCT05614934,Helicobacter Pylori Infection
NCT00407264,Bronchogenic Carcinoma
NCT03785964,Desmoid Tumor
NCT03785964,Aggressive Fibromatosis
NCT02168309,Severe Postpartum Hypertension
NCT02372409,Glioma
NCT02372409,Pilocytic Astrocytoma
NCT02372409,Anaplastic Astrocytoma
NCT02372409,Glioblastoma
NCT02372409,Mixed Oligoastrocytoma
NCT02372409,Mixed Glioma
NCT02372409,Oligodendroglioma
NCT02372409,Optic Glioma
NCT02372409,Astrocytoma
NCT01656109,HIV
NCT02527564,Insomnia
NCT02527564,Bipolar Disorder
NCT05131464,Chronic Rhinosinusitis With Nasal Polyps
NCT02872064,Breast Neoplasms
NCT04831099,"Disorder of Sex Development, 46,XY"
NCT01105299,Healthy
NCT01066299,Psychiatric Disorders
NCT01705899,Type 1 Diabetes
NCT05859334,Recurrent Glioma
NCT05859334,Recurrent WHO Grade 2 Glioma
NCT05859334,Recurrent WHO Grade 3 Glioma
NCT05859334,Recurrent WHO Grade 4 Glioma
NCT00167934,Schizophrenia
NCT00281632,Peritoneal Cancer
NCT00281632,Ovarian Cancer
NCT00281632,"Neoplasms, Ovarian"
NCT00281632,Fallopian Tube Cancer
NCT01033032,Metastatic Breast Cancer
NCT03544632,Soft Tissue Injuries
NCT03544632,Trauma
NCT02574832,Pregnancy
NCT02574832,Surgery
NCT02574832,Pain
NCT03473132,Anticoagulation
NCT03473132,Anticoagulation Reversal
NCT03035032,Prostate Cancer
NCT02334163,Hepatic Encephalopathy
NCT00852163,Leukemia
NCT00852163,Myelodysplastic Syndrome
NCT01559363,"Polycystic Kidney, Autosomal Dominant"
NCT07703163,Solid Tumor
NCT07703163,SGLT 2 Inhibitors
NCT01424163,Amyotrophic Lateral Sclerosis
NCT01078363,Cardiac Allograft Vasculopathy
NCT01846663,Hepatic Encephalopathy
NCT02001363,Acute Myocardial Infarction
NCT02620163,Hypertension
NCT00940563,Advanced Gastrointestinal Stromal Tumors
NCT05384587,Chronic Myelogenous Leukemia - Chronic Phase
NCT07437287,Biliary Tract Cancer (BTC)
NCT00882687,Allergic Conjunctivitis
NCT07181187,Vitiligo
NCT03988387,HIV
NCT01742793,Hodgkin's Lymphoma
NCT01742793,Mature T-cell Lymphoma
NCT01742793,Multiple Myeloma
NCT06161493,Ovarian Cancer
NCT06161493,Recurrent Solid Tumors
NCT02771093,Type 2 Diabetes Mellitus
NCT00237393,PTSD
NCT06742593,Brain (Nervous System) Cancers
NCT06742593,Brain and Central Nervous System Tumors
NCT06742593,Brain Tumors
NCT03994393,EGFR Mutant Advanced Non Small Cell Lung Cancer
NCT07223021,B-cell Acute Lymphoblastic Leukemia
NCT06225921,Esophageal Squamous Cell Carcinoma
NCT01280214,Thyroid Disease
NCT03530514,Healthy Volunteers
NCT06036914,Heart Failure; With Decompensation
NCT06025916,PPH
NCT04176016,Relapsed or Refractory Synovial Sarcoma
NCT00543816,"Diabetes Mellitus, Type 2"
NCT00101816,Chronic Myeloid Leukemia
NCT00101816,Blast Crisis
NCT05386706,Polycystic Ovary Syndrome
NCT06329206,Advanced Solid Tumors
NCT04181606,Aging
NCT06873906,Septal Defect
NCT06548906,Healthy Subjects
NCT01853306,Oncology
NCT01853306,BRCA Mutated
NCT01853306,High Grade Serous Ovarian Cancer
NCT01853306,BRCA Mutated Breast Cancer
NCT03298906,Healthy
NCT03774706,Cesarean Section Complications
NCT04940104,Bruxism
NCT03841604,Idiopathic Parkinson Disease
NCT07581704,Multiple Myeloma
NCT03577704,Advanced Solid Tumors
NCT02035904,Acute Pain
NCT02035904,Chronic Pain
NCT02035904,Wound Infusion
NCT02035904,Mastectomy
NCT05971004,Collateral Ligament Injury of Stifle Joint
NCT00091104,Melanoma (Skin)
NCT04485104,Seizure in Participants With Tuberous Sclerosis Complex
NCT04485104,Seizure in Participants With Dravet Syndrome
NCT04485104,Seizure in Participants With Lennox-Gastaut Syndrome
NCT00083304,Breast Cancer
NCT00083304,Metastases
NCT05576584,Pharmacokinetics
NCT05576584,Food Affect
NCT05576584,Single Ascending Dose
NCT05576584,Maximum Applicable Dose
NCT00152984,"Pulmonary Disease, Chronic Obstructive"
NCT00152984,Asthma
NCT01674933,Dental Caries
NCT02865733,Pulmonary Hypertension
NCT06383533,Bile Duct Adenocarcinoma Non-Resectable
NCT06383533,HER2 Gene Mutation
NCT01626833,Anorexia Nervosa
NCT01626833,Interruption of Growth
NCT01626833,Delayed Puberty
NCT01626833,Osteopenia With Failure of Acquisition of Bone Mass
NCT00881452,Autism
NCT01590433,Obesity
NCT03310749,"Diabetes Mellitus, Type 2"
NCT00208949,Hematologic Diseases
NCT05060549,Bipolar Depression
NCT06542549,Advanced Ovarian Cancer
NCT06542549,AK104(PD-1/CTLA-4 Bispecial Antibody)
NCT06542549,Chemotherapy
NCT06542549,Efficacy
NCT06542549,Safety
NCT06906549,Rheumatoid Arthritis (RA)
NCT06906549,Rituximab (RTx)
NCT02062749,Colorectal Cancer
NCT02376049,Atopic Dermatitis
NCT07647133,Chronic Kidney Disease
NCT00405652,Liver Transplantation
NCT01387464,Cataract
NCT06385964,Healthy Subjects
NCT06385964,Asthmatic Patients
NCT06138964,Keloid
NCT06138964,Wound Heal
NCT06138964,Wound
NCT06713564,Lung Cancers
NCT05157464,Arthrofibrosis
NCT01937364,Alcoholism
NCT01937364,Alcohol Withdrawal
NCT00092209,Hypertension
NCT04458909,Metastatic Nasopharyngeal Carcinoma
NCT04458909,Metastatic Nasopharyngeal Keratinizing Squamous Cell Carcinoma
NCT04458909,Metastatic Nasopharyngeal Nonkeratinizing Carcinoma
NCT04458909,Metastatic Nasopharyngeal Undifferentiated Carcinoma
NCT04458909,Nasopharyngeal Nonkeratinizing Carcinoma
NCT04458909,Recurrent Nasopharyngeal Carcinoma
NCT04458909,Recurrent Nasopharyngeal Keratinizing Squamous Cell Carcinoma
NCT04458909,Recurrent Nasopharyngeal Undifferentiated Carcinoma
NCT04458909,Stage IV Nasopharyngeal Carcinoma AJCC v8
NCT04458909,Stage IVA Nasopharyngeal Carcinoma AJCC v8
NCT04458909,Stage IVB Nasopharyngeal Carcinoma AJCC v8
NCT01485809,Squamous Cell Carcinoma of Bronchus
NCT02387099,Breast Cancer
NCT02387099,Hormone Receptor Positive Tumor
NCT02817464,Pregnancy
NCT02817464,Contraception
NCT00895609,Neuromuscular Block
NCT02902432,Nasopharyngeal Neoplasms
NCT05284032,Platelet Refractoriness
NCT05284032,Hematologic Malignancy
NCT00964132,Non-small Cell Lung Cancer
NCT03311932,Adrenal Insufficiency
NCT03091699,Smoking Cessation
NCT01128699,Refractory Glaucoma
NCT05078944,Alzheimer Disease 1
NCT06830109,Nasal Obstruction
NCT04641299,Dyslipidaemia
NCT00147563,Hypertension
NCT06442709,Nasopharyngeal Carcinoma
NCT03309163,Caesarean Section
NCT02631863,Cervical Intraepithelial Neoplasia
NCT02631863,Low-Grade Squamous Intraepithelial Lesions
NCT02631863,Papillomavirus Infections
NCT03189563,Parkinson's Disease
NCT03193463,Glioma
NCT00446563,"Hypertension; Hypertrophy, Left Ventricular"
NCT03041363,Epilepsy
NCT03041363,GLUT1DS1
NCT03041363,"Glut1 Deficiency Syndrome 1, Autosomal Recessive"
NCT03041363,Glucose Metabolism Disorders
NCT03041363,Glucose Transport Defect
NCT03041363,Glucose Transporter Type 1 Deficiency Syndrome
NCT03041363,Glucose Transporter Protein Type 1 Deficiency Syndrome
NCT02825563,Advanced Cancer
NCT02328963,Transplantation Infection
NCT02328963,Cytomegalovirus Infection
NCT06313463,Breast Neoplasms
NCT04288687,Prostate Adenocarcinoma
NCT02089087,Rheumatoid Arthritis
NCT02618187,Ulcerative Colitis
NCT06482593,Apical Periodontitis
NCT04193293,Head and Neck Squamous Cell Carcinoma
NCT00797693,Miscarriage
NCT03473093,"Fracture; Rib, Multiple"
NCT00835393,Healthy
NCT01898221,Ventricular Tachycardia
NCT01898221,Atrial Fibrillation
NCT04478721,Bacteremia
NCT07570121,Preterm Labor With Preterm Delivery
NCT07570121,Premature Birth
NCT07570121,Apnea of Prematurity
NCT07570121,Respiratory Distress Syndrome
NCT07570121,Bronchopulmonary Dysplasia
NCT02669914,Non-Small Cell Lung Cancer
NCT02669914,Nonsmall Cell Lung Cancer
NCT02669914,Breast Cancer
NCT02669914,Cancer of Breast
NCT02669914,Cancer of the Breast
NCT02669914,Gastroesophageal Cancer
NCT02669914,Pancreatic Cancer
NCT02669914,Cancer of the Pancreas
NCT02669914,Colorectal Cancer
NCT02669914,Colorectal Carcinoma
NCT02669914,Renal Cancer
NCT02669914,Kidney Cancer
NCT02669914,Cancer of the Kidney
NCT02669914,Cancer of Kidney
NCT02669914,Ovarian Cancer
NCT02669914,Ovary Cancer
NCT02669914,Cancer of the Ovary
NCT02669914,Cancer of Ovary
NCT00280514,Abscess
NCT00280514,Cysts
NCT01362114,Hwa-byung
NCT04271514,Atopic Dermatitis
NCT01485614,Diabetes Mellitus
NCT01485614,Type 2 Diabetes
NCT03312114,Recurrent Epithelial Cancer of Ovary
NCT03312114,Primary Peritoneal Carcinoma
NCT03312114,Fallopian Tube Cancer
NCT04320316,Epidermal Nevus Syndrome
NCT02664116,Migraine Headache
NCT06712316,Non-small Cell Lung Cancer
NCT04503616,Graft-versus-host Disease
NCT02280616,Eosinophilic Esophagitis
NCT06873516,Chronic Spontaneous Urticaria
NCT06544616,Alzheimer Disease
NCT04009616,Oral Health
NCT01290406,Endometrial Cancer
NCT01516606,Lymphoma
NCT03225716,Waldenstrom's Macroglobulinemia
NCT04904406,Hiv
NCT04904406,HIV Infections
NCT04904406,HIV Cardiomyopathy
NCT04904406,"Weight Change, Body"
NCT04904406,HIV Lipodystrophy
NCT04904406,Cardiovascular Diseases
NCT01503606,Preterm Premature Rupture of Membrane
NCT05978206,Sarcopenia
NCT00650806,Obesity
NCT00550004,Pancreatic Cancer
NCT02851004,Metastatic Colorectal Cancer
NCT06301204,Tranexamic Acid
NCT06301204,Orthognathic Surgery
NCT06301204,Edema
NCT06301204,Bleeding
NCT02678104,Dry Socket
NCT05657704,Post-surgical Pain
NCT05657704,"Pain, Acute"
NCT05657704,Postoperative Pain
NCT06748404,Immunotherapy-related Pruritus
NCT01278004,Cancer
NCT01278004,Peripheral Neuropathy
NCT01671904,Chronic Lymphocytic Leukemia
NCT02500784,Alzheimer's Disease
NCT02500784,Cognitive Dysfunction
NCT01436084,Leukemia
NCT05226533,COVID-19
NCT03600233,Neuroendocrine Tumors
NCT03600233,Pancreatic Neuroendocrine Tumor
NCT03600233,Gastro-enteropancreatic Neuroendocrine Tumor
NCT03600233,Lung Neuroendocrine Neoplasm
NCT03600233,Neuroendocrine Carcinoma
NCT02418533,Infertility
NCT02418533,Fertility
NCT04297033,Cerebral Arteriovenous Malformation
NCT04546633,Uncomplicated Plasmodium Falciparum Malaria
NCT07692152,"Anal Squamous Cell Carcinoma, Limited-stage"
NCT00938652,Breast Cancer
NCT01263652,Pain Relief
NCT02720952,Adrenal Insufficiency
NCT01295047,Marfan Syndrome
NCT02500147,Polycystic Ovary Syndrome
NCT02500147,Non-Alcoholic Fatty Liver Disease
NCT02500147,Metabolic Syndrome
NCT06721247,Bronchial Asthma
NCT02584647,Sarcoma
NCT02584647,Malignant Peripheral Nerve Sheath Tumors
NCT02097238,Recurrent Osteosarcoma
NCT02514538,Hypertension
NCT02514538,Chronic Disease of Musculoskeletal System
NCT01516138,Cardiac Surgery
NCT01516138,Cardiopulmonary Bypass
NCT01361958,Suppression of Ovulation
NCT00769158,Alcoholism
NCT07706348,Acue Postoperative Pain
NCT00483158,Helicobacter Infections
NCT00483158,Urinary Tract Infection
NCT05063058,Melanoma
NCT02622958,Social Anxiety Disorder
NCT00646958,Infectious Skin Diseases
NCT00646958,Bacterial Skin Diseases
NCT00646958,Staphylococcal Skin Infections
NCT00646958,Streptococcal Infections
NCT00646958,Abscess
NCT01755234,Surgery
NCT01755234,Anesthesia
NCT03714334,Glioblastoma
NCT03714334,"Glioblastoma, Adult"
NCT00703534,GERD
NCT00703534,Acid Reflux Disease
NCT00703534,Heartburn
NCT00703534,Regurgitation
NCT02508064,"Infection, Human Immunodeficiency Virus"
NCT07362264,Liver Cancer
NCT06257264,Breast Cancer
NCT06257264,Small Cell Lung Cancer
NCT06257264,Ovarian Cancer
NCT06257264,Gastric Cancer
NCT06257264,Hormone-receptor-positive Breast Cancer
NCT06257264,Hormone Receptor Positive HER-2 Negative Breast Cancer
NCT06257264,Advanced Solid Tumor
NCT06257264,Endometrial Cancer
NCT06257264,Prostate Cancer
NCT06257264,TNBC - Triple-Negative Breast Cancer
NCT06257264,GastroEsophageal Cancer
NCT06257264,Bladder Cancer
NCT02892409,Helicobacter Pylori
NCT01038609,Pain
NCT02205099,Schizophrenia
NCT04195399,Desmoid Fibromatosis
NCT04195399,Recurrent Desmoid Fibromatosis
NCT04195399,Unresectable Desmoid Fibromatosis
NCT00383799,Ventricular Tachycardia
NCT00383799,Wide QRS Tachycardia
NCT05654064,Minimally Invasive Fetoscopic Procedures
NCT00039364,Brain and Central Nervous System Tumors
NCT05934409,Diabetes Mellitus Type 2
NCT00821964,Male Breast Cancer
NCT00821964,Recurrent Breast Cancer
NCT00821964,Skin Metastases
NCT00821964,Stage IV Breast Cancer
NCT02316964,Adult Acute Myeloid Leukemia With 11q23 (MLL) Abnormalities
NCT02316964,Adult Acute Myeloid Leukemia With Del(5q)
NCT02316964,Adult Acute Myeloid Leukemia With Inv(16)(p13;q22)
NCT02316964,Adult Acute Myeloid Leukemia With t(15;17)(q22;q12)
NCT02316964,Adult Acute Myeloid Leukemia With t(16;16)(p13;q22)
NCT02316964,Adult Acute Myeloid Leukemia With t(8;21)(q22;q22)
NCT02316964,Recurrent Adult Acute Myeloid Leukemia
NCT02316964,Secondary Acute Myeloid Leukemia
NCT00037609,Breast Neoplasms
NCT00037609,"Metastases, Neoplasm"
NCT01686009,Pain
NCT06620809,Neuromyelitis Optica Spectrum Disorders
NCT06936709,Osteoarthritis of Knee
NCT06936709,Recovery Following Primary Total Knee Arthroplasty
NCT06936709,Perioperative Pain Control
NCT07391709,Priapism
NCT07391709,Reperfusion Injury
NCT05490134,Analgesia
NCT01923064,Gastric Varices
NCT01923064,Portal Hypertension
NCT00216164,"Lymphoma, B-Cell"
NCT00002764,Endometrial Cancer
NCT00002764,Kidney Cancer
NCT00002764,Metastatic Cancer
NCT00002764,Ovarian Cancer
NCT00002764,Pheochromocytoma
NCT00002764,Sarcoma
NCT05503264,NMDAR Autoimmune Encephalitis
NCT05503264,LGI1 Autoimmune Encephalitis
NCT06773364,Suspected Stroke
NCT05646264,Schizophrenia
NCT05646264,Negative Symptoms in Schizophrenia
NCT00358163,Metastatic Non-hematologic Malignancies
NCT00369863,Diabetic Macular Edema
NCT03649763,Carpal Tunnel Syndrome
NCT03001609,"Carcinoma, Non-Small-Cell Lung"
NCT04620109,Corneal Neovascularization
NCT01038063,Malaria
NCT04020263,Cardiogenic Shock
NCT06434363,Autoimmune Disorders
NCT06434363,Systemic Sclerosis
NCT06434363,Systemic Lupus Erythematosus
NCT06434363,Lupus
NCT06434363,Lupus Nephritis
NCT07287163,"Epilepsy, Tonic-Clonic"
NCT07287163,Focal Seizure
NCT07287163,Primary Generalized Seizure
NCT04749563,Dementia of Alzheimer Type
NCT02342314,Healthy
NCT03690414,Myopia
NCT06510114,Graves Ophthalmopathy
NCT02891616,Melanoma
NCT01070316,Epilepsy
NCT01070316,Tuberous Sclerosis Complex
NCT03770416,Central Nervous System B-Cell Non-Hodgkin Lymphoma
NCT03770416,Recurrent Central Nervous System Lymphoma
NCT03770416,Refractory Central Nervous System Lymphoma
NCT01867216,"Diabetes Mellitus, Type 2"
NCT02937116,"Cancer, Solid Tumor"
NCT05980806,Myelofibrosis
NCT05980806,Moderate Thrombocytopenia
NCT05980806,Mild Thrombocytopenia
NCT03556384,Gastrointestinal Stromal Tumors
NCT03556384,Sdh
NCT03556384,GIST
NCT03556384,Cancer
NCT05901584,Immunotherapy
NCT05901584,Second-line Treatment
NCT01050933,Healthy
NCT00142233,Pancreatitis
NCT01703533,Rett Syndrome
NCT02054052,Non-small Cell Lung Cancer
NCT02054052,Malignant Pleural Effusion
NCT00964249,"Pulmonary Disease, Chronic Obstructive"
NCT06699849,Sickle Cell Disease Vaso-occlusive Crisis
NCT05369949,"Heart Defects, Congenital"
NCT05358249,KRAS G12C Mutant Solid Tumors
NCT05358249,"Carcinoma, Non-Small Cell Lung"
NCT05358249,"Carcinoma, Non-Small-Cell Lung"
NCT05358249,Non-Small Cell Lung Cancer
NCT05358249,Non-Small Cell Lung Carcinoma
NCT05358249,Nonsmall Cell Lung Cancer
NCT05358249,Colorectal Cancer
NCT05358249,Colorectal Carcinoma
NCT05358249,Colorectal Neoplasms
NCT05358249,Colorectal Tumors
NCT05358249,"Neoplasms, Colorectal"
NCT00327249,Multiple Myeloma
NCT07213349,Alzheimer Disease (AD)
NCT00981149,Temporomandibular Joint Disorders
NCT01061749,Adult Solid Neoplasm
NCT01434849,Infantile Hemangioma
NCT01434849,Very Low Birth Weight Infants
NCT02572349,Healthy
NCT01681849,PTSD
NCT06874049,Cervical Ripening and Induction of Labor
NCT01514149,Type 2 Diabetes Mellitus (T2DM)
NCT00563849,Rheumatoid Arthritis
NCT00548249,End-Stage Renal Disease (ESRD)
NCT01320449,Substance Abuse Problem
NCT01367249,Pain
NCT01367249,Inflammation
NCT01367249,Cataract
NCT00507949,Chronic Obstructive Pulmonary Disease
NCT04444349,Cardiovascular Disease
NCT01521949,Prostate Cancer
NCT00485849,Attention Deficit Hyperactivity Disorder
NCT07436949,Chronic Rhinosinusitis With Nasal Polyps (CRSwNP)
NCT01739049,Binge Eating Behaviour
NCT03852849,Viral Suppression of HIV Infection
NCT01988649,Pain
NCT01304849,Hodgkin's Lymphoma
NCT00745849,Vasomotor Rhinitis
NCT05403749,Neovascular Age-related Macular Degeneration
NCT01206049,Cholangiocarcinoma
NCT01333449,Myelodysplastic Syndrome
NCT05380349,Newly Diagnosed Glioblastoma
NCT04671849,"Advanced or Metastatic Solid Tumors With NTRK, ROS1 or ALK Gene Fusion"
NCT05347849,Pharmacokinetics in Healthy Adults
NCT03699449,Platinum-resistant Recurrent Ovarian Cancer
NCT01420549,Hypercholesterolemia
NCT01420549,Dyslipidemia
NCT00923949,Non-Small-Cell Lung Cancer
NCT00712049,Dyslipidemia
NCT00712049,Atherosclerosis
NCT05644249,Gastric Cancer
NCT05644249,Peritoneal Carcinomatosis
NCT02851849,Type 2 Diabetes Mellitus
NCT00511849,Neoplasms
NCT07462949,Elective Surgery
NCT07462949,Target Controlled Infusion (TCI)
NCT07462949,Noxious Stimuli
NCT07462949,Tracheal Intubation Stimulation
NCT01356849,Chronic Kidney Disease
NCT01356849,Diabetic Nephropathy
NCT04164238,Head and Neck Squamous Cell Carcinoma
NCT01423838,Overactive Bladder
NCT00544258,Actinic Keratoses
NCT00437658,Endometriosis
NCT00616655,Generalized Anxiety Disorder
NCT01790555,Pain
NCT00976755,Prostate Cancer
NCT01789255,Accelerated Phase Chronic Myelogenous Leukemia
NCT01789255,Adult Acute Myeloid Leukemia in Remission
NCT01789255,Adult Acute Myeloid Leukemia With 11q23 (MLL) Abnormalities
NCT01789255,Adult Acute Myeloid Leukemia With Del(5q)
NCT01789255,Adult Acute Myeloid Leukemia With Inv(16)(p13;q22)
NCT01789255,Adult Acute Myeloid Leukemia With t(15;17)(q22;q12)
NCT01789255,Adult Acute Myeloid Leukemia With t(16;16)(p13;q22)
NCT01789255,Adult Acute Myeloid Leukemia With t(8;21)(q22;q22)
NCT01789255,Adult Grade III Lymphomatoid Granulomatosis
NCT01789255,B-cell Chronic Lymphocytic Leukemia
NCT01789255,"Chronic Myelogenous Leukemia, BCR-ABL1 Positive"
NCT01789255,Chronic Myelomonocytic Leukemia
NCT01789255,Chronic Phase Chronic Myelogenous Leukemia
NCT01789255,Contiguous Stage II Adult Burkitt Lymphoma
NCT01789255,Contiguous Stage II Adult Diffuse Large Cell Lymphoma
NCT01789255,Contiguous Stage II Adult Diffuse Mixed Cell Lymphoma
NCT01789255,Contiguous Stage II Adult Diffuse Small Cleaved Cell Lymphoma
NCT01789255,Contiguous Stage II Adult Immunoblastic Large Cell Lymphoma
NCT01789255,Contiguous Stage II Adult Lymphoblastic Lymphoma
NCT01789255,Contiguous Stage II Grade 1 Follicular Lymphoma
NCT01789255,Contiguous Stage II Grade 2 Follicular Lymphoma
NCT01789255,Contiguous Stage II Grade 3 Follicular Lymphoma
NCT01789255,Contiguous Stage II Mantle Cell Lymphoma
NCT01789255,Contiguous Stage II Marginal Zone Lymphoma
NCT01789255,Contiguous Stage II Small Lymphocytic Lymphoma
NCT01789255,Cutaneous B-cell Non-Hodgkin Lymphoma
NCT01789255,Extranodal Marginal Zone B-cell Lymphoma of Mucosa-associated Lymphoid Tissue
NCT01789255,Graft Versus Host Disease
NCT01789255,Intraocular Lymphoma
NCT01789255,Myelodysplastic Syndrome With Isolated Del(5q)
NCT01789255,"Myelodysplastic/Myeloproliferative Neoplasm, Unclassifiable"
NCT01789255,Nodal Marginal Zone B-cell Lymphoma
NCT01789255,Noncontiguous Stage II Adult Burkitt Lymphoma
NCT01789255,Noncontiguous Stage II Adult Diffuse Large Cell Lymphoma
NCT01789255,Noncontiguous Stage II Adult Diffuse Mixed Cell Lymphoma
NCT01789255,Noncontiguous Stage II Adult Diffuse Small Cleaved Cell Lymphoma
NCT01789255,Noncontiguous Stage II Adult Immunoblastic Large Cell Lymphoma
NCT01789255,Noncontiguous Stage II Adult Lymphoblastic Lymphoma
NCT01789255,Noncontiguous Stage II Grade 1 Follicular Lymphoma
NCT01789255,Noncontiguous Stage II Grade 2 Follicular Lymphoma
NCT01789255,Noncontiguous Stage II Grade 3 Follicular Lymphoma
NCT01789255,Noncontiguous Stage II Mantle Cell Lymphoma
NCT01789255,Noncontiguous Stage II Marginal Zone Lymphoma
NCT01789255,Noncontiguous Stage II Small Lymphocytic Lymphoma
NCT01789255,Post-transplant Lymphoproliferative Disorder
NCT01789255,Primary Central Nervous System Hodgkin Lymphoma
NCT01789255,Primary Central Nervous System Non-Hodgkin Lymphoma
NCT01789255,Recurrent Adult Acute Myeloid Leukemia
NCT01789255,Recurrent Adult Burkitt Lymphoma
NCT01789255,Recurrent Adult Diffuse Large Cell Lymphoma
NCT01789255,Recurrent Adult Diffuse Mixed Cell Lymphoma
NCT01789255,Recurrent Adult Diffuse Small Cleaved Cell Lymphoma
NCT01789255,Recurrent Adult Grade III Lymphomatoid Granulomatosis
NCT01789255,Recurrent Adult Hodgkin Lymphoma
NCT01789255,Recurrent Adult Immunoblastic Large Cell Lymphoma
NCT01789255,Recurrent Adult Lymphoblastic Lymphoma
NCT01789255,Recurrent Grade 1 Follicular Lymphoma
NCT01789255,Recurrent Grade 2 Follicular Lymphoma
NCT01789255,Recurrent Grade 3 Follicular Lymphoma
NCT01789255,Recurrent Mantle Cell Lymphoma
NCT01789255,Recurrent Marginal Zone Lymphoma
NCT01789255,Recurrent Small Lymphocytic Lymphoma
NCT01789255,Refractory Anemia
NCT01789255,Refractory Anemia With Excess Blasts
NCT01789255,Refractory Anemia With Ringed Sideroblasts
NCT01789255,Refractory Chronic Lymphocytic Leukemia
NCT01789255,Refractory Cytopenia With Multilineage Dysplasia
NCT01789255,Refractory Hairy Cell Leukemia
NCT01789255,Relapsing Chronic Myelogenous Leukemia
NCT01789255,Secondary Central Nervous System Hodgkin Lymphoma
NCT01789255,Secondary Central Nervous System Non-Hodgkin Lymphoma
NCT01789255,Small Intestine Lymphoma
NCT01789255,Splenic Marginal Zone Lymphoma
NCT01789255,Stage I Adult Burkitt Lymphoma
NCT01789255,Stage I Adult Diffuse Large Cell Lymphoma
NCT01789255,Stage I Adult Diffuse Mixed Cell Lymphoma
NCT01789255,Stage I Adult Diffuse Small Cleaved Cell Lymphoma
NCT01789255,Stage I Adult Hodgkin Lymphoma
NCT01789255,Stage I Adult Immunoblastic Large Cell Lymphoma
NCT01789255,Stage I Adult Lymphoblastic Lymphoma
NCT01789255,Stage I Chronic Lymphocytic Leukemia
NCT01789255,Stage I Grade 1 Follicular Lymphoma
NCT01789255,Stage I Grade 2 Follicular Lymphoma
NCT01789255,Stage I Grade 3 Follicular Lymphoma
NCT01789255,Stage I Mantle Cell Lymphoma
NCT01789255,Stage I Marginal Zone Lymphoma
NCT01789255,Stage I Small Lymphocytic Lymphoma
NCT01789255,Stage II Adult Hodgkin Lymphoma
NCT01789255,Stage II Chronic Lymphocytic Leukemia
NCT01789255,Stage III Adult Burkitt Lymphoma
NCT01789255,Stage III Adult Diffuse Large Cell Lymphoma
NCT01789255,Stage III Adult Diffuse Mixed Cell Lymphoma
NCT01789255,Stage III Adult Diffuse Small Cleaved Cell Lymphoma
NCT01789255,Stage III Adult Hodgkin Lymphoma
NCT01789255,Stage III Adult Immunoblastic Large Cell Lymphoma
NCT01789255,Stage III Adult Lymphoblastic Lymphoma
NCT01789255,Stage III Chronic Lymphocytic Leukemia
NCT01789255,Stage III Grade 1 Follicular Lymphoma
NCT01789255,Stage III Grade 2 Follicular Lymphoma
NCT01789255,Stage III Grade 3 Follicular Lymphoma
NCT01789255,Stage III Mantle Cell Lymphoma
NCT01789255,Stage III Marginal Zone Lymphoma
NCT01789255,Stage IV Adult Burkitt Lymphoma
NCT01789255,Stage IV Adult Diffuse Large Cell Lymphoma
NCT01789255,Stage IV Adult Diffuse Mixed Cell Lymphoma
NCT01789255,Stage IV Adult Diffuse Small Cleaved Cell Lymphoma
NCT01789255,Stage IV Adult Hodgkin Lymphoma
NCT01789255,Stage IV Adult Immunoblastic Large Cell Lymphoma
NCT01789255,Stage IV Adult Lymphoblastic Lymphoma
NCT01789255,Stage IV Chronic Lymphocytic Leukemia
NCT01789255,Stage IV Grade 1 Follicular Lymphoma
NCT01789255,Stage IV Grade 2 Follicular Lymphoma
NCT01789255,Stage IV Grade 3 Follicular Lymphoma
NCT01789255,Stage IV Mantle Cell Lymphoma
NCT01789255,Stage IV Marginal Zone Lymphoma
NCT01789255,Stage IV Small Lymphocytic Lymphoma
NCT01789255,Testicular Lymphoma
NCT01789255,Waldenström Macroglobulinemia
NCT02857244,Parkinson's Disease
NCT03507244,Leptomeningeal Metastasis
NCT01805934,Rescue Therapy for Helicobacter Pylori
NCT02604134,Dental Caries
NCT05492734,Muscular Dystrophies
NCT00711464,Schizophrenia
NCT03165864,Thalassemia
NCT04895709,Cervical Cancer
NCT04895709,Gastric/Gastroesophageal Junction Adenocarcinoma
NCT04895709,Microsatellite Stable Colorectal Cancer
NCT04895709,Non-Small-Cell Lung Cancer
NCT04895709,Squamous Cell Carcinoma of Head and Neck
NCT04895709,"Carcinoma, Renal Cell"
NCT04895709,Urothelial Carcinoma
NCT04895709,Pancreatic Adenocarcinoma
NCT04895709,Melanoma
NCT04895709,Ovarian Neoplasms
NCT04895709,Triple Negative Breast Neoplasms
NCT01973309,Metastatic Breast Cancer
NCT04002934,Multiple Sclerosis
NCT04002934,"Multiple Sclerosis, Relapsing-Remitting"
NCT02912364,Epilepsy
NCT03646864,Chronic Obstructive Pulmonary Disease
NCT07444164,Healthy
NCT01322464,Food Effect
NCT01674309,Adenocarcinoma of Rectum
NCT02441244,HIV-1 Infection
NCT00773344,Solid Tumors
NCT00773344,Breast Cancer
NCT00296634,Influenza
NCT00429234,Advanced Cancer
NCT00429234,Solid Tumors
NCT00746434,Plaque Psoriasis
NCT05726734,Helicobacter Pylori Infection
NCT00594464,Parkinson's Disease
NCT01296464,Parkinson's Disease
NCT01555632,Recurrent Prostate Cancer
NCT01555632,Stage I Prostate Cancer
NCT01555632,Stage IIA Prostate Cancer
NCT01555632,Stage IIB Prostate Cancer
NCT01555632,Stage III Prostate Cancer
NCT01555632,Stage IV Prostate Cancer
NCT04251832,Sodium Thiosulfate
NCT04251832,Calcific Tendinitis
NCT04251832,Shoulder Pain
NCT02385032,Healthy
NCT05216432,PIK3CA Mutation
NCT05216432,"Solid Tumor, Adult"
NCT05216432,HER2-negative Breast Cancer
NCT05216432,Breast Cancer
NCT05216432,Metastatic Breast Cancer
NCT05216432,Advanced Breast Cancer
NCT05216432,Unresectable Solid Tumor
NCT02620332,Type 1 Diabetes
NCT01896232,Secondary Hyperparathyroidism
NCT01896232,Chronic Kidney Disease
NCT05385432,Renal Transplant Rejection
NCT05385432,Induction Therapy
NCT00059332,Cerebrovascular Accident
NCT03578432,Salivary Gland Dysfunction
NCT03578432,Xerostomia
NCT03578432,Head and Neck Cancer
NCT03560232,Open Fracture
NCT03560232,Post-Op Wound Infection
NCT03194932,Acute Myeloid Leukemia
NCT06837532,Ultrasound
NCT06837532,Surgical
NCT06837532,Rectus Sheath Block
NCT06837532,Local Anesthesia Infiltration
NCT06837532,Postoperative Analgesia
NCT06837532,Total Abdominal Hysterectomy
NCT01505998,Fed
NCT03050164,Bioequivalence Study
NCT01029509,Leukemia
NCT02841098,Asymptomatic Carotid Artery Stenosis
NCT04030598,Hereditary Angioedema
NCT03801798,Hepatitis B
NCT01130298,Healthy
NCT07686198,Photodamaged Skin
NCT06583863,Ulcerative Colitis
NCT07535463,Non-Small Cell Lung Cancer
NCT04873063,Healthy Adult Male Volunteers
NCT05239663,Chemotherapy-Related Cognitive Impairment
NCT05239663,Breast Cancer
NCT06647563,Squamous Cell Carcinoma of Head and Neck
NCT01929863,"Diabetes Mellitus, Type 2"
NCT06687993,Anorexia Nervosa Restricting Type
NCT00896493,Mycoses
NCT00896493,Sezary Syndrome
NCT00896493,"Lymphoma, T-Cell, Cutaneous"
NCT00896493,Bone Marrow Transplant Failure
NCT00896493,"Lymphoma, Non-Hodgkin"
NCT00896493,Cutaneous T-cell Lymphoma
NCT07064993,Knee Arthroscopy
NCT07064993,Postoperative Pain
NCT02100293,Observation of Neuromuscular Block
NCT02100293,Intubation Condition
NCT02100293,Surgical Condition
NCT06528093,Pancreatic Ductal Adenocarcinoma
NCT02232893,Postoperative Ileus
NCT00589693,Ventilator-Associated Pneumonia
NCT02450214,"Pain, Postoperative"
NCT01971814,Ulcerative Colitis (UC)
NCT01971814,Inflammatory Bowel Disease
NCT07635914,Resistant Hypertension
NCT02134314,End Stage Renal Disease
NCT02134314,Kidney Failure
NCT02134314,Delayed Graft Function
NCT02134314,Ischemic Reperfusion Injury
NCT05970016,Patients with Advanced Solid Tumors
NCT01314716,Bronchiectasis
NCT02150616,Precapillary Pulmonary Hypertension
NCT02150616,Interstitial Lung Disease
NCT01988116,Chronic Kidney Disease
NCT01988116,Anemia of Chronic Disease
NCT00287716,Idiopathic Pulmonary Fibrosis
NCT02019706,ACTH
NCT02019706,Cushing's Syndrome
NCT00005906,Lymphangioleiomyomatosis
NCT00005906,Lymphangiomyomas
NCT00005906,Pleural Effusions
NCT00005906,Ascites
NCT04410406,Lymphatic Filariasis
NCT02128906,Squamous Cell Carcinoma
NCT01660906,Chronic Phase Chronic Myeloid Leukemia
NCT05658484,Multiple Sclerosis
NCT02345733,Ulcerative Colitis (UC)
NCT02493933,Infertility
NCT02279433,Solid Tumors
NCT05190133,Healthy
NCT04245033,Malaria
NCT02811133,Bipolar Disorder
NCT02811133,Anxiety Disorders
NCT02811133,Anxiety
NCT00615433,Schizophrenia
NCT01141049,Alcohol Dependence
NCT03163849,Chronic Hepatitis c
NCT06716749,Primary Total Knee Arthroplasty
NCT06716749,Intraosseous Morphine Injection
NCT06716749,Knee Osteoarthritis
NCT06834347,Chronic Rhinosinusitis With Nasal Polyps
NCT05939947,Advanced Liver Fibrosis
NCT05939947,Liver Cirrhosis
NCT02316249,Atrophy of Vagina
NCT02316249,Vaginal Ulceration
NCT02316249,Vaginitis
NCT04333147,"Arthritis, Rheumatoid"
NCT05206149,Hypopituitarism
NCT06070649,Alcohol Use Disorder (AUD)
NCT06070649,Alcohol-Related Disorders
NCT06070649,Alcohol Use
NCT05134649,Platysma Prominence
NCT07048249,Ewings Sarcoma
NCT07048249,Chemotherapy Induced Thrombocytopenia
NCT00465452,Parkinson Disease
NCT02564952,Epilepsy
NCT03866252,Major Depressive Disorder
NCT04156347,Retinoblastoma
NCT01972347,Melanoma
NCT00674947,Solid Tumors
NCT02386449,Bowel Preparation
NCT04601038,Mild Cognitive Impairment
NCT04601038,Alzheimer Disease
NCT04601038,Memory Impairment
NCT06513338,Autoimmune Diseases
NCT06768138,"Stroke, Acute Ischemic"
NCT03909334,Non Small Cell Lung Cancer
NCT03909334,EGFR Gene Mutation
NCT03909334,Advanced Cancer
NCT03909334,Metastatic Cancer
NCT00950534,"Diabetes Mellitus, Type 2"
NCT07689344,Skin Aging
NCT07689344,Wrinkles
NCT02865434,"Arthritis, Rheumatoid"
NCT07631364,Neisseria Gonorrhoeae (Ng) Infections
NCT05753644,Atrial Fibrillation
NCT06398444,Advanced Neuroendocrine Neoplasm
NCT02694809,Ductal Breast Carcinoma In Situ
NCT02694809,Postmenopausal
NCT03815344,Leiomyoma
NCT03815344,Laparoscopy
NCT03815344,Uterine Myomectomy
NCT04044534,PTSD
NCT06177964,Recurrent Supratentorial Glioblastoma
NCT04035564,Hyponatremia
NCT04035564,Premature
NCT02583009,Rosacea
NCT04315909,Diabetic Foot Ulcers
NCT04315909,Diabetic Wound
NCT01181609,Colorectal Cancer
NCT03980509,Breast Cancer
NCT04040309,Myofascial Pain
NCT04481009,Advanced Solid Tumors
NCT01403064,Oral Mucositis
NCT01154764,Healthy
NCT05188664,Advanced Solid Tumor
NCT05527899,Zinc Deficiency
NCT02626299,Preterm Birth
NCT01982799,Odontalgia
NCT03056599,Soft Tissue Sarcoma Adult
NCT01620099,Asthma
NCT02247232,Cervical Cancer
NCT00050232,Multiple Sclerosis
NCT02091999,Metastatic Urothelial Cancer and Other Malignant Solid Tumors
NCT02517099,Asthma
NCT00010699,Cardiovascular Diseases
NCT06904599,Acute Graft Versus Host Disease
NCT07208799,Mandible Fracture
NCT07208799,Edema Face
NCT07208799,Pain Management
NCT07208799,Corticosteroid Injection
NCT00124332,Coronary Atherosclerosis
NCT07323732,NSCLC
NCT07323732,"NSCLC, Stage I"
NCT07323732,NSCLC Stage II
NCT07323732,Non Small Cell Lung Cancer
NCT07323732,Non-small Cell Lung Cancer Stage I
NCT07323732,Non-small Cell Lung Cancer Stage II
NCT07323732,Interstitial Lung Disease
NCT07323732,Interstitial Lung Disease Due to Connective Tissue Disease (Disorder)
NCT01403363,Chronic Pain
NCT02683863,Multiple Sclerosis
NCT02915263,Diabetes Complications
NCT02915263,Diabetes Mellitus
NCT02915263,Diabetic Neuropathies
NCT02352987,Chronic Arsenic Poisoning
NCT07183787,Endometriosis
NCT01233687,"Carcinoma, Non-Small-Cell Lung"
NCT02267187,Facial Injuries
NCT01071187,Alcohol Dependence
NCT02713893,Healthy
NCT06431893,Homocystinuria
NCT00901693,Adenoviral Conjunctivitis
NCT03211793,Systemic Sclerosis
NCT03211793,Digital Ulcer
NCT02211521,"Osteoarthritis, Knee"
NCT07089121,Childhood-onset Systemic Lupus Erythematous
NCT07089121,ANCA-Associated Vasculitis (AAV)
NCT07089121,Juvenile Myasthenia Gravis
NCT07089121,Juvenile Dermatomyositis
NCT02578121,Multiple Myeloma
NCT04251221,Alcohol Drinking
NCT01811121,Glioblastoma
NCT02151721,Non-Small-Cell Lung Carcinoma
NCT03735121,Non-Small Cell Lung Cancer
NCT00775814,Obesity
NCT00775814,Hypertension
NCT05540184,AKI - Acute Kidney Injury
NCT02023684,Overweight and Obesity
NCT01494233,Irritable Bowel Syndrome
NCT00000333,Cocaine-Related Disorders
NCT01061333,Asthma
NCT01965652,Opioid-induced Constipation
NCT01557452,Juvenile Idiopathic Arthritis
NCT05024552,Acute Myeloid Leukemia With FLT3/ITD Mutation
NCT00308347,Type 2 Diabetes
NCT00308347,Nephropathy
NCT02923947,Solid Tumours
NCT00446147,Hand-foot Syndrome
NCT05326347,Schizophrenia
NCT02327247,Healthy
NCT05621447,Healthy Male Subjects
NCT06453447,Complex Regional Pain Syndromes
NCT06453447,Distal Radius Fractures
NCT04600947,Primary Mediastinal Large B-Cell Lymphoma (PMBCL)
NCT06371638,Postoperative Cognitive Dysfunction
NCT06371638,Postoperative Pain
NCT00002038,Candidiasis
NCT00002038,Mycoses
NCT00002038,HIV Infections
NCT01917058,Alopecia Areata
NCT04182958,Healthy Adult Male
NCT00429858,Pancreatic Cancer
NCT07610148,Breast Cancer
NCT04200248,Exudative Age-related Macular Degeneration
NCT06055348,Serous Ovarian Cancer
NCT06055348,Advanced Ovarian Cancer
NCT02083055,Anesthesia
NCT02083055,Hypotension
NCT03338855,"Diabetes Mellitus, Type 2"
NCT03338855,Skeletal Muscle Insulin Sensitivity
NCT02980926,"Anesthesia, Spinal"
NCT02980926,"Arthroplasty, Replacement, Knee"
NCT02980926,Pain Management
NCT02980926,Early Ambulation
NCT02980926,Ambulatory Surgical Procedures
NCT04091126,Multiple Myeloma
NCT01309126,Colorectal Cancer
NCT06756126,Atopic Dermatitis
NCT03642626,Acute Lymphoblastic Leukemia
NCT03642626,Large B-cell Lymphoma
NCT00444626,Facial Wrinkles at the Nasolabial Folds
NCT05968326,"Adenocarcinoma, Pancreatic Ductal"
NCT02724878,Advanced Non-Clear Cell Kidney Cancer
NCT05816785,Head and Neck Cancer
NCT05816785,Squamous Cell Carcinoma of Head and Neck
NCT04086485,Gastroenteropancreatico Tumors
NCT04086485,Neuroendocrine Tumors
NCT04086485,Neuroendocrine Neoplasms
NCT00110344,"Carcinoma, Renal Cell"
NCT04942834,"Atrial Fibrillation, Persistent"
NCT04942834,"Arrhythmias, Cardiac"
NCT05266534,Myoma
NCT01278134,"Hepatitis C, Chronic"
NCT01267734,Coronary Heart Disease
NCT00603434,Methamphetamine Dependence
NCT00603434,Methamphetamine Abuse
NCT00292734,Sleep Initiation and Maintenance Disorders
NCT00292734,Depression
NCT06556134,Anemia of Chronic Kidney Disease
NCT03320434,Allergic Conjunctivitis
NCT02756364,Breast Neoplasms
NCT04856644,"Tuberculosis, Pulmonary"
NCT05222334,Arthroscopy
NCT05222334,Analgesia
NCT05222334,Intrafascial Interscalene Brachial Plexus Block
NCT00287664,Cirrhosis
NCT00287664,Hepatorenal Syndrome
NCT05314764,Cystic Fibrosis
NCT05314764,"Pneumonia, Bacterial"
NCT01309009,Infantile Colic
NCT05488509,Cannabis Use
NCT06437899,Overactive Bladder
NCT06597799,Healthy Volunteers
NCT01375699,Breast Cancer
NCT01375699,Gastrointestinal Cancer
NCT01375699,Genitourinary Cancer
NCT01375699,Sarcoma
NCT01375699,Gynecologic Cancer
NCT06990399,Macular Edema Secondary to Inflammation
NCT07108699,Chronic Obstructive Pulmonary Disease (COPD)
NCT05009199,Healthy Volunteer
NCT02410499,Diabetic Nephropathy
NCT02500199,Breast Cancer
NCT02500199,Gastric Cancer
NCT02500199,Solid Tumors
NCT02500199,NSCLC
NCT07676799,Myofascial Pain
NCT06575699,Gynecologic Surgical Procedures
NCT00091299,"Unspecified Adult Solid Tumor, Protocol Specific"
NCT00303199,Multiple Myeloma
NCT03796598,Cirrhosis
NCT03796598,Hepatic Encephalopathy
NCT06490198,Cholangiocarcinoma
NCT06490198,Chemotherapy Effect
NCT06490198,Immunotherapy
NCT00480298,Nasal Polyposis
NCT00057798,Lung Cancer
NCT00453063,Seasonal Allergic Rhinitis
NCT01706263,Acne Vulgaris
NCT07189793,Urinary Bladder Neoplasms
NCT07189793,"Carcinoma, Transitional Cell"
NCT07189793,Carcinoma in Situ of Bladder
NCT07189793,Non-Muscle-Invasive Bladder Cancer
NCT06920693,Atopic Dermatitis (AD)
NCT02054793,Prostate Cancer
NCT02054793,Castration-resistant Prostate Cancer
NCT01919593,Bacteremia
NCT06794593,Chronic Kidney Disease(CKD)
NCT04353193,Liver Cirrhosis Portal
NCT07235293,Colorectal Cancer
NCT03594487,Relapsing Remitting Multiple Sclerosis
NCT05436093,Solid Tumor
NCT03037593,Gestational Diabetes
NCT06477406,Endometriosis
NCT02474706,Urinary Tract Infections
NCT06235606,Acute Pain
NCT04371406,Covid-19
NCT04327206,Coronavirus Disease 2019 (COVID-19)
NCT04327206,Respiratory Illness
NCT04327206,Corona Virus Infection
NCT04327206,COVID-19
NCT05741606,Overweight and Obesity
NCT06541704,Age-related Macular Degeneration (AMD)
NCT06541704,Geographic Atrophy (GA)
NCT00436904,Leukemia
NCT07542704,Advanced Solid Tumors
NCT07542704,Colorectal Cancer (CRC)
NCT07542704,Non-Small Cell Lung Cancer
NCT07542704,Uterine Cancer
NCT07542704,KRAS G12C Mutations
NCT07542704,KRAS G12S Mutations
NCT02120404,Septic Shock
NCT05462704,Iron Deficiency Anemia
NCT05462704,Pregnancy
NCT04398004,COVID-19
NCT04398004,Virus Diseases
NCT04398004,Corona Virus Infection
NCT00884104,Overactive Bladder
NCT05872204,Low Grade Serous Ovarian Carcinoma
NCT05872204,Adult Type Granulosa Cell Tumor
NCT07241104,Dilated Cardiomyopathy
NCT01497704,Cancer Patients With Solid Tumors
NCT02409004,Healthy
NCT00035984,"Diabetes Mellitus, Non-Insulin-Dependent"
NCT03977233,Pancreatic Ductal Adenocarcinoma (PDAC)
NCT03977233,Cancer of Pancreas
NCT03977233,"Pancreatic Cancer, Adult"
NCT03977233,Pancreas Adenocarcinoma
NCT03977233,Pancreatic Neoplasms
NCT03977233,Pancreatic Cancer Non-resectable
NCT03977233,Pancreatic Cancer Resectable
NCT00211133,Anemia
NCT00211133,Breast Neoplasms
NCT00211133,Quality of Life
NCT00103233,Breast Cancer
NCT01769833,Chronic Hepatitis B
NCT01249833,Influenza
NCT06895733,"Solid Tumor, Adult"
NCT06895733,Next-generation Sequencing
NCT06895733,Precision Medicine
NCT01244633,Tourette's Syndrome
NCT00295633,"Diabetes Mellitus, Type 2"
NCT00362752,Hepatopulmonary Syndrome
NCT01354652,Lactic Acidosis
NCT06504147,Peritoneal Carcinomatosis
NCT06504147,Ovarian Cancer
NCT00761449,MDS
NCT00761449,AML
NCT06042049,Respiratory Syncytial Virus Infections
NCT02466347,Asthma
NCT02466347,Chronic Obstructive Pulmonary Disease (COPD)
NCT03693547,Advanced Non-small Cell Lung Cancer
NCT06823349,Vaginal Delivery
NCT06823349,Normal Labor
NCT03023449,Stroke
NCT00593138,Drug Binding to DAT Receptors
NCT01286038,Myelodysplastic Syndrome (MDS)
NCT01286038,Thrombocytopenia
NCT02285738,Solid Tumor
NCT02285738,Cancer
NCT01718938,Gastroparesis
NCT00654758,Non-small Cell Lung Cancer
NCT01044238,Methamphetamine Dependence
NCT00542958,Cancer
NCT02869438,Asthma
NCT04051255,Periodontal Diseases
NCT04051255,Aggressive Periodontitis
NCT00911248,Neurofibromatosis 2
NCT04345848,COVID
NCT04345848,Sars-CoV2
NCT00152048,Hirsutism
NCT02581748,Healthy
NCT02768948,Diabetic Nephropathy
NCT01797848,Hepatitis C
NCT00356226,Ascitic Cirrhosis
NCT00356226,Hyperactivation of Sympathetic Nervous System
NCT00057226,"Depressive Disorder, Major"
NCT07144826,Advanced Ovarian Carcinoma
NCT07144826,Recurrent Ovarian Carcinoma
NCT07144826,Stage II Ovarian Cancer AJCC v8
NCT07144826,Stage III Ovarian Cancer AJCC v8
NCT07144826,Stage IV Ovarian Cancer AJCC v8
NCT02689726,"HPV 16- and/or HPV 18-Infected Women With Normal Cytology, ASCUS, or LSIL"
NCT04984226,Chronic Kidney Diseases
NCT04984226,Metabolic Acidosis
NCT04984226,Fatigue
NCT04984226,Physical Endurance
NCT04984226,Insulin Resistance
NCT04984226,Mitochondrial Energetics
NCT04984226,Diabetes
NCT01771978,Ischaemia-reperfusion Injury
NCT05305885,Leptomeningeal Metastasis
NCT00264485,"Pain, Postoperative"
NCT00264485,Analgesia
NCT07420985,Influenza
NCT07420985,Acute Respiratory Viral Infection
NCT00807885,Dehydration
NCT03317743,Advanced Solid Tumors
NCT02987543,Metastatic Castration-resistant Prostate Cancer
NCT04589832,Uveal Melanoma
NCT03937999,Clostridium Difficile
NCT01324544,Other Acute Postoperative Pain
NCT01324544,Prolonged Endotracheal Intubation
NCT03743298,Metastatic Melanoma
NCT02255734,Healthy
NCT03856164,Post Partum Hemorrhage
NCT03856164,Fibrinolysis; Hemorrhage
NCT03856164,Blood Loss
NCT00654498,Restless Legs Syndrome
NCT01078298,Smoking Cessation
NCT01078298,Depression
NCT02066298,Asthma
NCT03891498,Preeclampsia
NCT03033498,Parkinson's Disease (PD)
NCT06670898,Healthy
NCT01712009,Bone Pain in Stage I - III Breast Cancer
NCT00434109,Neuroendocrine Tumor
NCT00434109,Islet Cell Tumor
NCT00399698,Oppositional Defiant Disorder
NCT00399698,Conduct Disorder
NCT00399698,Attention Deficit/Hyperactivity Disorder (ADHD)
NCT00399698,Intermittent Explosive Disorder
NCT00399698,Impulse-Control Disorders
NCT00399698,Adjustment Disorder
NCT00399698,Bipolar Disorder
NCT00399698,Pervasive Developmental Disorder
NCT01695863,Colorectal Cancer
NCT04528563,Abdominal Pain
NCT04528563,Appendicitis
NCT04528563,Analgesia
NCT04528563,"Child, Only"
NCT04528563,Emergencies
NCT05875493,Food Effect in Healthy Participants
NCT04679493,Covid19
NCT04679493,Healthy Volunteers
NCT01738893,Epilepsy
NCT00006014,Malignant Mesothelioma
NCT06690814,Cutaneous Ulcer Disease
NCT06690814,Skin Sores
NCT04060914,Antiplatelet Therapy
NCT04060914,Coronary Artery Disease
NCT04060914,Percutaneous Coronary Intervention
NCT03667014,Atopic Dermatitis
NCT03667014,Atopic Dermatitis Eczema
NCT04055116,Pediatric Dentistry
NCT04762316,Uterine Fibroids Affecting Pregnancy
NCT01154816,Hepatoblastoma
NCT01154816,Previously Treated Childhood Rhabdomyosarcoma
NCT01154816,Recurrent Childhood Acute Lymphoblastic Leukemia
NCT01154816,Recurrent Childhood Acute Myeloid Leukemia
NCT01154816,Recurrent Childhood Kidney Neoplasm
NCT01154816,Recurrent Childhood Malignant Germ Cell Tumor
NCT01154816,Recurrent Childhood Rhabdomyosarcoma
NCT01154816,Recurrent Childhood Soft Tissue Sarcoma
NCT01154816,Recurrent Ewing Sarcoma/Peripheral Primitive Neuroectodermal Tumor
NCT01154816,Recurrent Neuroblastoma
NCT01154816,Recurrent Osteosarcoma
NCT05066516,Diabetes Mellitus
NCT03598816,Renal Cell Carcinoma
NCT03275116,Chronic Obstructive Airway Disease
NCT06804616,Pain Management
NCT03045406,Venous Thromboembolism
NCT02487706,HIV
NCT05193604,Pancreatic Carcinoma
NCT07144904,Indocyanine Green (ICG)
NCT07144904,Robotic Surgical Procedure
NCT07144904,Deep Infiltrating Endometriosis (DIE)
NCT07144904,Endometriosis Pelvic
NCT07144904,Endometriosis (Diagnosis)
NCT07144904,Endometriosis of the Cul-de-sac
NCT07144904,Ureteral Stent Placement
NCT07144904,Ureteral Injury
NCT07144904,Endometriosis Ovaries
NCT05150704,Myocarditis Acute
NCT00737204,HIV Infections
NCT00737204,Fatigue
NCT07116304,Preventing Propofol Pain on Injection
NCT04420104,Erector Spinae Plane Block
NCT04420104,Cardiac Surgery
NCT06731504,Hematologic Malignancy
NCT02445404,Peripheral T-cell Lymphoma
NCT00125684,Cancer
NCT00125684,Pain
NCT03184584,Alström Syndrome
NCT07455084,Schizophrenia
NCT01341184,Tuberculosis
NCT01670084,B-cell Adult Acute Lymphoblastic Leukemia
NCT01670084,Blastic Phase Chronic Myelogenous Leukemia
NCT01670084,"Chronic Myelogenous Leukemia, BCR-ABL1 Positive"
NCT01670084,Philadelphia Chromosome Positive Adult Precursor Acute Lymphoblastic Leukemia
NCT01670084,Untreated Adult Acute Lymphoblastic Leukemia
NCT00220584,Fragile X Syndrome
NCT03933384,Hepatitis B
NCT03933384,Viral Hepatitis
NCT04570384,Acute Hypoxemic Respiratory Failure
NCT05516784,Coronary Artery Disease (CAD)
NCT00246584,Hypertension
NCT07478484,Ceftazidime-avibactam
NCT07478484,Aztreonam
NCT07478484,Gram-negative Bacterial Infection
NCT07478484,Metallo-β-lactamase-producing
NCT07478484,Carbapenem-resistant
NCT00663884,"Diabetes Mellitus, Type 2"
NCT03718884,Psoriasis
NCT03341884,Hepatic Insufficiency
NCT06697184,Chronic Lymphocytic Leukemia
NCT06697184,CLL
NCT06697184,Mantle Cell Lymphoma
NCT06697184,MCL
NCT00857584,Bipolar Disorder
NCT00857584,Bipolar Depression
NCT03705884,Cardiac Sarcoidosis
NCT03558984,Surgical Site Infection
NCT03558984,Sternal Infection
NCT03558984,Cardiac Surgery
NCT02966184,Status Asthmaticus
NCT03168984,Healthy Japanese and Caucasian Subjects
NCT04566484,Chikungunya
NCT02723084,Chronic Hepatitis C Virus
NCT02723084,Hepatitis C Virus
NCT04251533,Triple Negative Breast Neoplasms
NCT00885833,Wiskott-Aldrich Syndrome
NCT01057433,Healthy Volunteers
NCT06672133,Extensive Stage Lung Small Cell Carcinoma
NCT03550352,HIV Infections
NCT00000952,HIV Infections
NCT05468047,Psychedelic Experiences
NCT05468047,Therapeutic Alliance
NCT05468047,"Psychology, Perceptual"
NCT04610047,Influenza
NCT04610047,Influenza -Like Illness
NCT01013649,Pancreatic Adenocarcinoma
NCT01013649,Pancreatic Ductal Adenocarcinoma
NCT01013649,Pancreatic Intraductal Papillary-Mucinous Neoplasm
NCT01013649,Stage I Pancreatic Cancer AJCC v6 and v7
NCT01013649,Stage II Pancreatic Cancer AJCC v6 and v7
NCT04525638,Neuroendocrine Tumours (NET)
NCT04525638,Neuroendocrine Carcinomas (NEC)
NCT06294548,Hepatocellular Carcinoma
NCT03574948,Crohn Disease
NCT03574948,Ulcerative Colitis
NCT03574948,Fatigue
NCT03574948,Remission
NCT02274558,Tardive Dyskinesia
NCT02871648,Healthy Volunteers
NCT06656455,Anesthesia
NCT06656455,"Children, Only"
NCT02305355,"Diabetes Mellitus, Type 2"
NCT02305355,Hypertriglycemia
NCT07189455,Small-cell Lung Cancer
NCT01231126,Pregnancy
NCT01231126,Induced Labor
NCT04956926,Patients With Advanced Malignant Tumors
NCT00764426,Arteriosclerosis
NCT00764426,Myocardial Infarction
NCT04693026,Covid19
NCT04693026,Covid-19 ARDS
NCT00685178,Cocaine Dependence
NCT00937534,Essential Hypertension
NCT04055844,Acute Myeloid Leukemia
NCT04055844,Myeloid and Monocytic Leukemia
NCT04055844,Myelodysplastic Syndromes
NCT02593734,Schizophrenia
NCT02593734,"Mood Disorders,"
NCT02593734,Anxiety Disorder
NCT07492134,Acute Uncomplicated Diverticulitis
NCT04608734,Dental Anxiety
NCT01460134,CD27 Expressing B-cell Malignancies for Example Hodgkin's Lymphoma
NCT01460134,Chronic Lymphocytic Leukemia
NCT01460134,Mantle Cell Lymphoma
NCT01460134,Marginal Zone B Cell Lymphoma)
NCT01460134,Any T-cell Malignancy
NCT01460134,"Solid Tumors (Metastatic Melanoma, Renal (Clear) Cell Carcinoma"
NCT01460134,"Hormone-refractory Prostate Adenocarcinoma, Ovarian Cancer"
NCT01460134,"Colorectal Adenocarcinoma, Non-small Cell Lung Cancer)"
NCT01460134,Burkett's Lymphoma
NCT01460134,Primary Lymphoma of the Central Nervous System
NCT02164734,"Respiratory Distress Syndrome, Newborn"
NCT01847664,Uncomplicated Diverticulitis
NCT01002664,Lower Urinary Tract Symptoms
NCT01002664,Benign Prostatic Hyperplasia
NCT04299464,Autism Spectrum Disorder (ASD)
NCT04798209,Healthy
NCT01049009,High Blood Pressure
NCT02766244,Burns
NCT00193544,Multiple Myeloma
NCT03398434,Atrial Fibrillation
NCT07436234,Seasonal Allergic Rhinitis
NCT02424734,Late-onset Sepsis
NCT06469164,Bacterial Vaginosis
NCT00740064,HIV Infections
NCT01094964,Bladder Cancer
NCT03941964,Acute Myeloid Leukemia (AML)
NCT03941964,Cancer
NCT05030064,Ulcerative Colitis
NCT04455464,Chronic Liver Disease
NCT05741164,Anatomic Stage III Breast Cancer AJCC v8
NCT05741164,Anatomic Stage IV Breast Cancer AJCC v8
NCT05741164,Metastatic Triple-Negative Breast Carcinoma
NCT05741164,Refractory Triple-Negative Breast Carcinoma
NCT05741164,Unresectable Triple-Negative Breast Carcinoma
NCT00734864,Glioblastoma Multiforme
NCT00734864,Gliosarcoma
NCT00734864,Anaplastic Astrocytoma
NCT00734864,Anaplastic Oligodendroglioma
NCT00734864,Glioma
NCT06030609,Electrolyte Imbalance
NCT06030609,Kidney Transplant; Complications
NCT05414864,Insomnia
NCT05414864,Hypertension
NCT06493864,Breast Cancer
NCT06493864,Solid Tumor
NCT01247909,Infant Bacterial Meningitis
NCT05205109,Locally Advanced or Metastatic Solid Tumors
NCT01188798,Acute Lymphoblastic Leukemia
NCT01188798,Acute Myelocytic Leukemia
NCT01188798,Chronic Myelocytic Leukemia
NCT01188798,Hodgkin's Disease
NCT01188798,Myelodysplastic Syndrome
NCT01257698,Macular Hole
NCT01257698,Retinal Detachment
NCT05620498,Potentially Resectable Locally Advanced Intrahepatic Cholangiocarcinoma and Gallbladder Cancer
NCT00394498,Myocardial Infarction
NCT05038098,Gastric Adenocarcinoma
NCT05885763,End Stage Renal Disease on Hemodialysis
NCT03368963,Colorectal Adenocarcinoma
NCT03368963,Gastric Adenocarcinoma
NCT03368963,Metastatic Pancreatic Adenocarcinoma
NCT03368963,Non-Resectable Cholangiocarcinoma
NCT03368963,Stage IV Colorectal Cancer
NCT03368963,Stage IV Gastric Cancer
NCT03368963,Stage IV Pancreatic Cancer
NCT03368963,Stage IVA Colorectal Cancer
NCT03368963,Stage IVB Colorectal Cancer
NCT03368963,Stage III Colorectal Cancer
NCT03368963,Stage III Gastric Cancer
NCT03368963,Stage III Pancreatic Cancer
NCT03368963,Unresectable Digestive System Adenocarcinoma
NCT03368963,Unresectable Pancreatic Carcinoma
NCT02614963,Effect of Clostridium Butyricum in Treating Irritable Bowel Syndrome
NCT00583063,Solid Tumors
NCT03415763,Rectal Neoplasms
NCT02094963,Acute Coronary Syndrome
NCT02094963,Myocardial Ischemia
NCT02094963,Heart Diseases
NCT02094963,Cardiovascular Diseases
NCT02094963,Angina Pectoris
NCT03608163,"Diabetes Mellitus, Type 1"
NCT03608163,Hypoglycemia
NCT03608163,Hypoglycemia Unawareness
NCT04072887,"Pulmonary Disease, Chronic Obstructive"
NCT01095887,Kidney Transplant
NCT00041587,Malignant Glioma
NCT00041587,Glioblastoma Multiforme
NCT00041587,Anaplastic Astrocytoma
NCT00041587,Mixed Oligoastrocytoma
NCT02217787,Healthy
NCT06893887,Hepatocellular Carcinoma(HCC)
NCT04698187,Melanoma
NCT04698187,Advanced Melanoma
NCT04698187,Metastatic Melanoma
NCT04698187,Unresectable Melanoma
NCT00288093,Pancreatic Adenocarcinoma
NCT00288093,Stage III Pancreatic Cancer AJCC v6 and v7
NCT02664493,Chronic Renal Failure
NCT00801021,Cystitis
NCT00801021,Urinary Tract Infections
NCT00386321,Diffuse Large B-cell Lymphoma
NCT01548521,Prader-Willi Syndrome
NCT02565121,Brain Injuries
NCT02565121,Olfaction Disorders
NCT06394414,Advanced Solid Tumors
NCT06020014,Asthma
NCT02107014,Fibromyalgia
NCT01473316,Healthy Volunteer
NCT06376916,Tachycardia Atrial
NCT06376916,Atrial Fibrillation
NCT06376916,Atrial Flutter With Rapid Ventricular Response
NCT03670316,HIV
NCT03670316,AIDS
NCT03670316,Smoking Cessation
NCT04112316,Heart Failure With Reduced Ejection Fraction (HFrEF)
NCT04112316,Low T3 Syndrome
NCT00773916,Attention Deficit Disorder With Hyperactivity
NCT03749616,Distal Radius Fracture
NCT00003406,Chronic Myeloproliferative Disorders
NCT00003406,Leukemia
NCT00003406,Lymphoma
NCT00003406,Multiple Myeloma and Plasma Cell Neoplasm
NCT00003406,Myelodysplastic Syndromes
NCT00003406,Precancerous/Nonmalignant Condition
NCT00003406,"Unspecified Adult Solid Tumor, Protocol Specific"
NCT04268706,"Hodgkin Lymphoma, Adult"
NCT04268706,Hodgkin Disease Recurrent
NCT04268706,Hodgkin Disease Refractory
NCT04268706,"Hodgkin Disease, Pediatric"
NCT03891706,Solid Tumor
NCT06814106,Healthy
NCT07226206,Hemophilia A
NCT01000506,Asthma
NCT01170104,Hepatocellular Carcinoma
NCT00000704,HIV Infections
NCT01955304,Food Effect of Fruquintinib in Health Subjects
NCT04634604,Retinopathy of Prematurity
NCT06041204,PCOS (Polycystic Ovary Syndrome) of Bilateral Ovaries
NCT06041204,Subclinical Hypothyroidism
NCT06041204,Female Infertility
NCT03641404,Mild Cognitive Impairment
NCT05864404,Patients With Atrial Fibrillation Undergoing Catheter Ablation
NCT00735904,"Carcinoma, Non-Small-Cell Lung (NSCLC)"
NCT01548404,Atopic Dermatitis
NCT05096884,Tachycardia
NCT05096884,Dyspnea
NCT05096884,COVID-19
NCT06863584,Solitary Plasmacytoma
NCT06017284,Pancreatic Cancer Stage IV
NCT06017284,Chemotherapy-induced Nausea and Vomiting
NCT04961684,Onychomycosis of Toenail
NCT00000504,Arrhythmia
NCT00000504,Cardiovascular Diseases
NCT00000504,Heart Diseases
NCT00000504,Ventricular Arrhythmia
NCT04237584,Metastatic Castration-resistant Prostate Cancer
NCT04886284,Staphylococcus Aureus Bacteremia
NCT04886284,Staphylococcus Aureus Septicemia
NCT04886284,Staphylococcal Sepsis
NCT04886284,Staphylococcus Aureus Endocarditis
NCT02170584,Healthy
NCT05821933,NSCLC
NCT07704333,Aspergillos
NCT07704333,Mucormye
NCT07704333,Dimorphic
NCT07704333,Other Molds
NCT07704333,Non-Aspergillos
NCT07704333,Non-Mucormycosis
NCT03243552,ASD
NCT00356252,Oxidative DNA Damage
NCT03919552,Cisplatin
NCT03919552,Carboplatin
NCT03919552,NPC
NCT02050152,Amnesia
NCT02172352,"Pulmonary Disease, Chronic Obstructive"
NCT03877952,Healthy
NCT04226352,MDD
NCT04226352,Treatment Resistant Depression
NCT04226352,Smoking Cessation
NCT04226352,Smoking
NCT05006352,Amyotrophic Lateral Sclerosis
NCT00356447,Vasomotor Symptoms
NCT01391052,Heavy Menstrual Bleeding
NCT01391052,Menorrhagia
NCT01391052,Hypermenorrhea
NCT00673452,Fibromyalgia
NCT00591357,Antibiotic-Associated Diarrhea
NCT00591357,Clostridium Difficile
NCT06940557,Carpal Tunnel Syndrome (CTS)
NCT04014101,Hepatocellular Carcinoma
NCT01298401,Pancreatic Cancer
NCT07421401,Essential Hypertension
NCT02214901,Healthy
NCT00357201,Dry Eye Syndromes
NCT01183312,Hypersomnia
NCT01183312,Primary Hypersomnia
NCT01183312,Idiopathic Hypersomnia
NCT01183312,Narcolepsy Without Cataplexy
NCT05096312,Acne Vulgaris
NCT04760912,Rocuronium
NCT04760912,Muscle Weakness
NCT04760912,General Anaesthesia
NCT00824512,Friedreich Ataxia
NCT00377819,Postmenopausal Osteoporosis
NCT00320619,Scoliosis
NCT00320619,Kyphosis
NCT00320619,Lordosis
NCT00320619,Spondylitis
NCT00320619,Spinal Stenosis
NCT01404819,Carotid Endarterectomy
NCT02966730,Follicular Lymphoma
NCT02966730,"Follicular Lymphoma, Grade 1"
NCT02966730,"Follicular Lymphoma, Grade 2"
NCT02966730,Follicular Lymphoma Grade IIIa
NCT00160628,"Epilepsy, Partial"
NCT01772719,Multiple Myeloma
NCT03988530,Motion Sickness
NCT06639230,Pyogenic Granuloma of Gingiva
NCT06393530,Spine Fusion
NCT06393530,Spine Disease
NCT06393530,Spinal Disease
NCT06920901,Asthma
NCT00630812,Cystic Fibrosis
NCT05257512,Non-small Cell Lung Cancer
NCT04693312,"Pain, Chronic"
NCT07128212,Ischemic White Matter Lesions (WMIL)
NCT07128212,Cerebral Small Vessel Disease
NCT07128212,Vascular Cell Adhesion Molecule-1
NCT07128212,VCAM-1
NCT00615381,Intracranial Aneurysm
NCT04493281,Healthy Adult Subjects
NCT03916081,Atopic Dermatitis
NCT03501381,Renal Cell Carcinoma
NCT00684567,Glioblastoma
NCT00151567,Ureterolithiasis
NCT00151567,Ureteral Calculi
NCT00566267,Hyperlipidemia
NCT00494767,"Diabetes Mellitus, Type 2"
NCT00494767,Obesity
NCT06027567,Idiopathic Intracranial Hypertension
NCT06027567,Intracranial Pressure
NCT06027567,Obesity
NCT06027567,Pseudotumor Cerebri Syndrome
NCT06027567,Papilledema
NCT06027567,Weight Loss
NCT00265967,Hypertension
NCT02074800,Healthy
NCT01865500,Chronic Obstructive Pulmonary Disease
NCT00100607,Osteoporosis
NCT03112707,Coronary Artery Disease
NCT03112707,Acute Coronary Syndrome
NCT07197307,Aggressive Diffuse Large B-cell Lymphoma
NCT07197307,High-grade B-cell Lymphoma (HGBL)
NCT07197307,Follicular Lymphoma (FL) Grade 3B
NCT03301207,"Leukemia, Lymphocytic, Chronic, B-Cell"
NCT03385200,Early Primary Breast Cancer
NCT06136507,Severe Hemophilia A
NCT07294092,Anesthesia
NCT07294092,Pain
NCT05279092,Total Knee Replacement
NCT05279092,Knee Arthroplasty
NCT06560892,LAPAROSCOPIC CHOLECYSTECTOMY
NCT05222971,Biliary Tract Cancer
NCT05222971,DNA Damage Repair Deficiency
NCT04465071,Dry Eye
NCT04465071,Cataract
NCT03729271,Irritable Bowel Syndrome
NCT03729271,Irritable Bowel Syndrome With Diarrhea
NCT02258971,Healthy
NCT00506571,Colorecal Neoplasms
NCT00506571,Secondary
NCT01766336,Alzheimer's Disease
NCT05551936,Follicular Lymphoma
NCT03268811,Short Bowel Syndrome
NCT02784171,Mesothelioma
NCT02070471,ST-segment Elevation Myocardial Infarction
NCT00745771,Muscle Soreness
NCT00140244,HAART-induced Lipodystrophy and Metabolic Syndrome
NCT00904462,"Osteoarthritis, Knee"
NCT02662062,Bladder Cancer
NCT05226546,Anosmia
NCT05226546,COVID-19
NCT01617746,Asthma
NCT06954246,Small Cell Lung Cancer Extensive Stage
NCT04374188,Nephrolithiasis
NCT01388088,Hypertension
NCT06922903,Prostate Cancer
NCT00402103,Hypertension
NCT00378703,Clear Cell Renal Cell Carcinoma
NCT00378703,Recurrent Renal Cell Carcinoma
NCT00378703,Stage IV Renal Cell Cancer AJCC v7
NCT00679627,Alzheimer's Disease
NCT02500927,EGFR-TKI-naïve Patients With NSCLC Harboring EGFR Activating Mutations
NCT02549027,Polysomnography
NCT01362361,Colorectal Cancer
NCT01791842,Fibrous Dysplasia of Bone
NCT02201342,Single Ventricle Heart Disease After Fontan Surgery
NCT06925386,Acne Vulgaris
NCT03063086,Asthma
NCT00157586,Type 2 Diabetes
NCT04482270,Hepatic Impairment
NCT04482270,Healthy Volunteers
NCT05971173,Hip Fractures
NCT06358573,Triple-negative Breast Cancer
NCT06358573,TNBC - Triple-Negative Breast Cancer
NCT04421469,Nasopharyngeal Carcinoma
NCT02292069,Healthy
NCT05116969,Healthy Volunteer
NCT02593383,Acne
NCT04131283,Vasoconstriction
NCT04131283,Oral Soft Tissue Conditions
NCT04131283,Dental and Gingival Conditions
NCT01948583,Vaginal Dryness
NCT01948583,Menopause
NCT06791083,Gastric Cancer
NCT00343083,Cancer of Head and Neck
NCT04746183,Covid19
NCT07245069,Heart Failure
NCT07245069,Anthracycline-induced Cardiac Toxicity
NCT07245069,Endothelial Function (FMD)
NCT07245069,Arterial Stiffness
NCT07245069,Breast Cancer
NCT02398669,Obesity
NCT00060905,Bipolar Disorder
NCT02221505,cKIT-positive Solid Tumors
NCT02221505,AML
NCT00078494,Nasopharyngeal Neoplasms
NCT03996694,Respiratory Depression
NCT05169866,New Onset Atrial Fibrillation
NCT05169866,"Complications; Cardiac, Postoperative"
NCT05480566,Acute Exacerbation of Chronic Obstructive Pulmonary Disease
NCT05480566,Acute Exacerbation of COPD
NCT04603066,Neuropathic Pain
NCT03429556,Abdominoplasty
NCT04772456,Glioma
NCT02129556,Metastatic Breast Cancer
NCT01491022,Parkinson's Disease
NCT00769522,Chronic Lymphocytic Leukemia
NCT02302456,Immediate Postpartum Hemorrhage
NCT00968422,Healthy
NCT02690922,ph+ Acute Lymphoblastic Leukemia
NCT05778422,Shoulder Pain
NCT05778422,Rotator Cuff Impingement Syndrome
NCT05778422,Impingement Syndrome
NCT05778422,Adhesive Capsulitis
NCT05778422,Rotator Cuff Injuries
NCT07584031,ESCC
NCT01591031,Laryngeal Injuries
NCT01614431,Renal Disease
NCT01614431,Cystinosis
NCT06833931,Duchenne Muscular Dystrophy (DMD)
NCT01643031,Diabetes Mellitus
NCT01643031,Coronary Disease
NCT00822731,Lymphoma
NCT01727531,Brain Metastasis
NCT01009931,Leukemia
NCT04124731,Carcinoma
NCT04124731,Non-small Cell Lung Cancer
NCT02740231,Knee Osteoarthritis
NCT03843931,"Osteoarthritis, Knee"
NCT03361631,Erectile Dysfunction
NCT03361631,Stem Cells
NCT03361631,"Diabetes Mellitus, Type 1"
NCT01971853,Pain
NCT04328753,Generalized Gingivitis
NCT01084551,Idiopathic Restless Legs Syndrome
NCT00171951,Cushing Disease
NCT01901653,Recurrent Small Cell Lung Cancer
NCT02502253,Mild Cognitive Impairment
NCT02502253,Alzheimer's Disease
NCT05467553,Hepatitis D
NCT01960153,Heart Failure
NCT01960153,Pulmonary Hypertension
NCT07470853,PROC
NCT07470853,Platinum Resistant Ovarian Cancer
NCT07470853,Endometrial Cancer
NCT03100253,Rheumatoid Arthritis
NCT01451853,Lung Cancer
NCT01451853,Head and Neck Cancer
NCT01451853,Hearing Loss
NCT01451853,Ototoxicity
NCT01451853,Tinnitus
NCT01451853,Neuropathy
NCT03098953,Healthy
NCT02902653,"Labor, Induced"
NCT00745953,Metabolic Syndrome
NCT00745953,Lipotoxicity
NCT02698553,"Depressive Disorder, Major"
NCT00193245,Lung Cancer
NCT03280745,Cardiovascular Diseases
NCT03280745,Valvular Heart Disease
NCT05155345,Systemic Lupus Erythematosus
NCT07115745,Refractory Autoimmune Diseases
NCT00416845,Healthy
NCT05595772,Dental Implant Failure Nos
NCT03431272,Contact Lens Dry Eye
NCT00822172,Peripheral Vascular Disease
NCT00822172,Intermittent Claudication
NCT00822172,Peripheral Arterial Disease
NCT01577472,Female Infertility
NCT01577472,Ovarian Insufficiency
NCT04181372,Stage III Non-small-cell Lung Cancer
NCT01790295,Primary Myelofibrosis
NCT01790295,Post Polycythemia Vera Myelofibrosis
NCT01790295,Post Essential Thrombocythemia Myelofibrosis
NCT02098772,Aortic Valve Disease
NCT02098772,Coronary Artery Disease (CAD)
NCT00931372,"Diabetes Mellitus, Type 2"
NCT06972472,Obesity
NCT06972472,Overweight
NCT06972472,Type 2 Diabetes
NCT04969172,COVID-19 Disease
NCT00328172,"Diabetes Mellitus, Type 2"
NCT00373672,Schizophrenia
NCT00373672,Schizoaffective Disorder
NCT02570672,Frailty
NCT03384095,Breast Neoplasm Female
NCT03384095,Arthralgia
NCT03700359,Small Cell Lung Carcinoma
NCT01556659,Ventricular Thrombosis Mural Following Myocardial Infarction
NCT04087759,Healthy
NCT04040959,Vascular Diseases
NCT04040959,Kidney Disease
NCT04040959,Blood Pressure
NCT04040959,Oxidative Stress
NCT03902080,Overactive Bladder
NCT02734680,Pancreatic Cancer
NCT00955279,Sarcoidosis
NCT02302079,Diabetes Mellitus
NCT02302079,Diabetic Macular Edema
NCT05329779,Depression
NCT00037479,Lyme Disease
NCT00037479,Lyme Neuroborreliosis
NCT00055679,Breast Cancer
NCT04111159,Sedation or Anesthesia
NCT00436059,Multiple Myeloma
NCT00403559,Seborrheic Dermatitis
NCT03440359,Polycystic Ovary Syndrome
NCT05874180,Healthy Subjects
NCT00588380,Diabetes
NCT03682380,Healthy
NCT00219180,Hypertension
NCT04094896,HER2-Positive Breast Cancer
NCT00276796,Cervical Cancer
NCT01447862,Atrial Fibrillation
NCT04935762,Freezing of Gait Symptoms in Parkinson's Disease
NCT02005562,Kidney Transplantation
NCT00454662,Hypertension
NCT00454662,Cardiovascular Disease
NCT00454662,Diabetes
NCT03215446,Vascular Surgery
NCT04305327,Psoriasis
NCT01195727,Venous Thromboembolism
NCT00003327,Head and Neck Cancer
NCT01510288,Prostate Cancer
NCT02580188,Neuromuscular Blockade
NCT07570888,Pulmonary Fibrosis
NCT07570888,Interstitial Lung Disease (ILD)
NCT04647903,ADHD
NCT04647903,Narcolepsy
NCT00115427,Idiopathic Parkinson's Disease
NCT05663827,Steroid Refractory GVHD
NCT05910827,Advanced or Metastatic Squamous Non-Small Cell Lung Cancer
NCT05910827,Advanced Head and Neck Squamous Cell Carcinoma
NCT05910827,Advanced Esophageal Squamous Cell Carcinoma
NCT05910827,Cervical Squamous Cell Carcinoma
NCT05910827,Advanced Cutaneous Squamous Cell Carcinoma
NCT05910827,Nasopharyngeal Cancinoma (NPC)
NCT05910827,Squamous Cell Carcinoma
NCT03579927,CD19 Positive
NCT03579927,Mantle Cell Lymphoma
NCT03579927,Recurrent Diffuse Large B-Cell Lymphoma
NCT03579927,Recurrent Follicular Lymphoma
NCT03579927,Refractory B-Cell Non-Hodgkin Lymphoma
NCT03579927,Refractory Diffuse Large B-Cell Lymphoma
NCT03579927,Refractory Follicular Lymphoma
NCT00001027,"Pneumonia, Pneumocystis Carinii"
NCT00001027,HIV Infections
NCT05969561,Hip Fractures
NCT01943461,Solid Tumors
NCT00563342,"End Stage Renal Failure, Hemodialysis"
NCT03587142,Gastroparesis
NCT01543386,Healthy Volunteers (Middle-aged Smokers)
NCT06353386,"Prostatic Neoplasms, Castration-Resistant"
NCT01344070,Generic Drug Quality
NCT01344070,Generic Formulation Interchangeability
NCT03600870,Hepatopulmonary Syndrome (HPS)
NCT01650870,Colonoscopy
NCT06612970,Healthy
NCT02065570,Crohn's Disease
NCT04605770,"Sarcoma,Soft Tissue"
NCT06432673,Type2diabetes
NCT00992173,Neuroblastoma
NCT07592273,Diabetic Retinopathy
NCT05127473,Healthy Volunteers - Haemophilia A
NCT00656773,Acute Pain
NCT00507169,Overactive Bladder (OAB)
NCT01322269,Sickle Cell Disease
NCT01322269,Sickle Cell Anemia
NCT01322269,Sickle Cell Disorders
NCT01322269,Hemoglobin S Disease
NCT01322269,Sickling Disorder Due to Hemoglobin S
NCT00566969,Cocaine Dependence
NCT00566969,Opiate Dependence
NCT06543069,"Malignant Peritoneal Mesothelioma, Advanced"
NCT06319469,Prostatic Hyperplasia
NCT03260569,Traumatic Brain Injury
NCT07218341,Chronic Lymphocytic Leukemia
NCT07218341,"Lymphoma, Small Lymphocytic"
NCT05780541,COVID-19
NCT02834754,Crohn's Disease
NCT00685854,Macular Telangiectasia
NCT02971254,Down Syndrome
NCT06923605,Recurrent Aphthous Stomatitis
NCT01165905,Solid Tumor
NCT00002105,"Sarcoma, Kaposi"
NCT00002105,HIV Infections
NCT02548494,"Diabetes Mellitus, Type 1"
NCT02548494,Diabetic Ketoacidosis
NCT06209294,Neoadjuvant Immunotherapy
NCT06209294,Cervical Cancer
NCT06209294,Fertility-sparing Surgery
NCT00172094,Migraine Headache
NCT06757894,Follicular Lymphoma (FL)
NCT05711394,Episodic Migraine
NCT01015794,Obesity
NCT04417894,Moderate to Severe Atopic Hand and Foot Dermatitis
NCT00417794,Fetal Alcohol Syndrome
NCT00417794,Attention Deficit Disorder With Hyperactivity (ADHD)
NCT00417794,Attention Deficit Disorder (ADD)
NCT00675922,Burn
NCT07097922,Dry Eye
NCT00363766,Non-Small-Cell Lung Cancer
NCT05068856,Advanced Tumors
NCT00598156,Metastatic Colorectal Cancer
NCT05742022,Combined Hyperlipidemia
NCT06225622,Metastatic Colorectal Cancer
NCT02758522,Diabetes Mellitus
NCT02758522,Hyperglycemia
NCT00206622,Hot Flashes
NCT05279651,Myocardial Injury After Noncardiac Surgery (MINS)
NCT05279651,Myocardial Ischemia
NCT00049751,Rheumatoid Arthritis
NCT07124351,Gastrointestinal Cancer
NCT07124351,Gastric Cancer
NCT07124351,Esophageal Cancer
NCT07124351,Appendiceal Cancer
NCT00801151,Malignant Solid Tumour
NCT00490451,"Sarcoma, Soft Tissue"
NCT01118351,Recurrent Bladder Cancer
NCT01118351,Transitional Cell Carcinoma of the Bladder
NCT07553351,Growth Hormone Deficiency (GHD)
NCT07553351,Growth Hormone Deficiency in Children
NCT07553351,"Growth Hormone Deficiency, Pediatric"
NCT05846451,Herbal Interaction
NCT02064829,Metastatic Breast Cancer
NCT02064829,Locally Recurrent Breast Cancer
NCT03678129,Autism Spectrum Disorder
NCT06896929,Scabies
NCT04150029,Acute Myeloid Leukemia
NCT02421029,Heavy Metal Toxicity
NCT05737329,Primary Ovarian Insufficiency
NCT00387920,Central Nervous System Metastases
NCT00387920,Childhood Central Nervous System Choriocarcinoma
NCT00387920,Childhood Central Nervous System Embryonal Tumor
NCT00387920,Childhood Central Nervous System Germ Cell Tumor
NCT00387920,Childhood Central Nervous System Germinoma
NCT00387920,Childhood Central Nervous System Mixed Germ Cell Tumor
NCT00387920,Childhood Central Nervous System Teratoma
NCT00387920,Childhood Central Nervous System Yolk Sac Tumor
NCT00387920,Recurrent Childhood Central Nervous System Embryonal Tumor
NCT00387920,"Unspecified Childhood Solid Tumor, Protocol Specific"
NCT03520920,Marginal Zone Lymphoma
NCT03520920,Follicular Lymphoma
NCT03520920,Diffuse Large B-Cell Lymphoma
NCT02647320,Type 2 Diabetes Mellitus
NCT02278120,Advanced Metastatic Breast Cancer
NCT00003982,Testicular Germ Cell Tumor
NCT00003982,"Unspecified Adult Solid Tumor, Protocol Specific"
NCT00678782,Persistent Knee Joint Synovitis
NCT00845182,Type 2 Diabetes
NCT00845182,Healthy
NCT00845182,Impaired Glucose Tolerance
NCT02420782,Healthy Volunteers
NCT02460224,Advanced Solid Tumors
NCT02623959,Advanced Cancers
NCT02623959,Malignant Pleural Effusions
NCT00553059,Chemotherapy-induced Nausea and Vomiting
NCT00553059,"Unspecified Adult Solid Tumor, Protocol Specific"
NCT02285959,Glioblastoma Multiforme
NCT00092859,Obesity
NCT01923480,Parenteral Nutrition (No Primary Condition Studied)
NCT00710580,Moderate to Severe Plaque Psoriasis
NCT01845779,Metastatic Anal Canal Cancer
NCT01845779,Human Papillomavirus
NCT02625480,Relapsed/Refractory B-precursor Acute Lymphoblastic Leukemia
NCT02625480,Relapsed/Refractory B-Cell Non-Hodgkin Lymphoma
NCT05638880,Diabetic Nephropathies
NCT01627379,Esophageal Squamous Cell Cancer
NCT01516879,Hypercholesterolemia
NCT04768179,Covid19
NCT02681679,Cataract
NCT03346096,Malignant Lymphoma
NCT06706362,Stress Urinary Incontinence
NCT04498962,Chronic Stable Angina
NCT04498962,Vascular Dementia
NCT04498962,Idiopathic Membranous Nephropathy
NCT04937062,"STXBP1 Encephalopathy With Epilepsy, SLC6A1 Neurodevelopmental Disorder"
NCT04937062,Developmental and Epileptic Encephalopathy
NCT01785446,The Intraoperative Effect of Dexmedetomidine on Cisatracurium Infusion Consumption and Its Recovery Index.
NCT01785446,Effect of Dexmedetomidine on Sufentanil Consumption.
NCT01785446,"Quantitative Analysis of Cisatracurium Infusion Requirements, Sufentanil Consumption and Recovery Index in Different Age Groups."
NCT00779246,Staphylococcal Infections
NCT00424346,Rheumatoid Arthritis
NCT00601588,Depression
NCT04929288,Alcohol Use Disorder
NCT06251388,Cervical Cancer
NCT03516903,"Myocardial Infarction, Anterior Wall"
NCT03516903,"Myocardial Remodeling, Ventricular"
NCT00487903,Coronary Artery Disease
NCT00487903,Healthy
NCT06952803,Prostate Cancer
NCT03090503,Schizophrenia
NCT03090503,Psychotic Disorders
NCT03090503,Psychosis
NCT01100203,Chronic Kidney Disease
NCT01868503,Male Breast Cancer
NCT01868503,Recurrent Breast Cancer
NCT01868503,Stage IIIA Breast Cancer
NCT01868503,Stage IIIB Breast Cancer
NCT01868503,Stage IIIC Breast Cancer
NCT03827603,AIHA - Warm Autoimmune Hemolytic Anemia
NCT03428503,Musculoskeletal Pain
NCT00963703,Rheumatoid Arthritis
NCT02859727,Activated PI3Kdelta Syndrome (APDS); PASLI Disease
NCT00237627,Breast Cancer
NCT00237627,Leukemia
NCT00237627,Lymphoma
NCT00237627,Multiple Myeloma and Plasma Cell Neoplasm
NCT00237627,Ovarian Cancer
NCT00237627,"Unspecified Adult Solid Tumor, Protocol Specific"
NCT02508870,Myelodysplastic Syndromes
NCT00270270,Acquired Immunodeficiency Syndrome
NCT00270270,Anemia
NCT03283670,"Depressive Disorder, Major"
NCT03283670,"Depressive Disorder, Treatment-Resistant"
NCT00584870,Low Back Pain
NCT05280470,Extensive-stage Small-cell Lung Cancer
NCT01350570,Diarrhea-predominant Irritable Bowel Syndrome
NCT01350570,Functional Diarrhea
NCT01732770,Post Menopausal Osteoporosis
NCT04497870,Abdominal Pain
NCT03357770,Knee Osteoarthritis
NCT03357770,Umbilical Cord Bleeding
NCT00054873,Esophageal Neoplasms
NCT00054873,Stomach Neoplasms
NCT00054873,Adenocarcinoma
NCT05241873,Lung Neoplasm Malignant
NCT05241873,"Carcinoma, Non-Small-Cell Lung"
NCT05241873,Respiratory Tract Neoplasms
NCT05241873,Neoplasms
NCT05241873,Neoplasms by Site
NCT05241873,Lung Diseases
NCT05241873,Respiratory Tract Disease
NCT05241873,"Carcinoma, Bronchogenic"
NCT05241873,Bronchial Neoplasms
NCT05241873,Adenocarcinoma
NCT05241873,Carcinoma
NCT05241873,Neoplasms by Histologic Type
NCT05241873,EGFR Exon 20 Mutation
NCT05241873,EGFR Exon 20 Insertion Mutation
NCT05241873,EGFR Activating Mutation
NCT05241873,Antineoplastic Agents
NCT05241873,Metastatic Lung Cancer
NCT05241873,Brain Metastases
NCT05241873,EGFR-mutated NSCLC
NCT05241873,"EGFR Atypical Mutations, Including G719X and L861Q"
NCT06301373,Rheumatoid Arthritis
NCT01613183,Primary Insomnia
NCT01115673,Pain
NCT03487783,Tourette Syndrome
NCT01590641,Hepatitis B
NCT01590641,HBV
NCT05803941,Prostate Cancer
NCT07302841,Pancreatic Cancer Non-resectable
NCT01842841,Gaucher Disease
NCT00988741,Unresectable Hepatocellular Carcinoma
NCT01967641,Opioid Dependence
NCT05801354,Non-Vital Tooth
NCT07566754,Recurrent Bacterial Vaginosis (BV)
NCT00581854,Mantle Cell Lymphoma
NCT00327054,Hypercholesterolemia
NCT00327054,Hypertension
NCT00327054,Diabetes Mellitus
NCT00327054,Metabolic Syndrome X
NCT00382954,Acute Myelogenous Leukemia
NCT07657754,Septic Shock
NCT07657754,Sepsis
NCT07657754,"Critical Illness Sepsis, Severe"
NCT02665754,Allergic Rhinitis
NCT06841705,Immune Checkpoint Inhibitor-Related Colitis
NCT01307605,Lymphoma
NCT07285005,Venous Malformations
NCT07285005,Lymphatic Malformations
NCT07285005,Klippel-Trenaunay Syndrome
NCT07285005,CLOVES Syndrome
NCT01169805,Laparoscopic Marsupialization of Renal Cyst
NCT00791505,Chronic Obstructive Pulmonary Disease
NCT00791505,Sepsis
NCT00791505,Antibiotics
NCT01546805,Blepharospasm
NCT01546805,Hemifacial Spasm
NCT01395394,Phenylketonuria
NCT00820794,Generalized Anxiety Disease
NCT00136994,Schizophrenia
NCT02994394,Healthy Adult Male
NCT00259766,Asthma
NCT05535166,Medulloblastoma
NCT03716856,Refractory or Relapsed Multiple Myeloma
NCT01403922,Chronic Hypertension
NCT00040456,HEMOGLOBIN SC DISEASE
NCT00686556,Acute Lymphoblastic Leukemia
NCT00686556,Myelodysplastic Syndrome
NCT00686556,Multiple Myeloma
NCT01660256,Dry Eye
NCT05980156,"Malaria,Falciparum"
NCT05980156,Anemia in Children
NCT01158222,Clear Cell Renal Cell Carcinoma
NCT01158222,Stage IV Renal Cell Cancer
NCT02053922,Postpartum Hemorrhage
NCT00940056,Atrial Fibrillation
NCT01088256,Causalgia
NCT01088256,Polyneuropathy
NCT01088256,Postherpetic Neuralgia
NCT01088256,Peripheral Nerve Injury
NCT01088256,Radiculopathy
NCT02082522,Hilar Cholangiocarcinoma
NCT00757731,Fibromyalgia Syndrome
NCT07662720,Head and Neck Squamous Cell Carcinoma (HNSCC) - Recurrent/Metastatic (R/M)
NCT05886920,Advanced Solid Tumors With MAPK Pathway Mutations
NCT00618982,"Carcinoma, Renal Cell"
NCT03933982,Breast Cancer
NCT03933982,Brain Metastases
NCT02328482,"Muscular Dystrophy, Oculopharyngeal (OPMD)"
NCT01029782,Cellulitis
NCT06728982,Rectal Cancer Patients
NCT01749982,Arsenic Metabolites Measured in Urine
NCT06552182,Diabetes
NCT06552182,Diabetes Mellitus
NCT02857582,Clostridium Difficile
NCT01577524,Surgical Site Infection
NCT05260359,Sunburn
NCT04230759,Anal Cancer
NCT04230759,Anal Carcinoma
NCT04230759,Anal Cancer Stage III
NCT04230759,Anal Cancer Stage II
NCT06911359,Knee Osteoarthritis (OA)
NCT07576959,HELICOBACTER PYLORI INFECTIONS
NCT01347580,Myocardial Infarction
NCT01347580,Segment Elevation Myocardial Infarction (STEMI)
NCT03933280,Conscious Sedation
NCT00624780,Generalized Anxiety Disorder
NCT00944996,Major Depression
NCT02813096,"Carcinoma, Hepatocellular"
NCT02147262,Chronic Atrophic Acrodermatitis
NCT00388362,Graft vs Host Disease
NCT04085562,"Hypertension, Renal"
NCT03950362,Non-muscle-invasive Bladder Cancer
NCT07456046,KRAS P.G12D
NCT00003446,Colorectal Cancer
NCT03941288,Gastroparesis
NCT03941288,Dyspepsia
NCT07545746,HIV Infections
NCT07545746,HPV Infection
NCT07545746,Cervix Cancer
NCT07545746,CIN2
NCT07545746,CIN3
NCT07545746,CIN1
NCT07545746,CIN
NCT07545746,Cervical Intraepithelial Neoplasia Grade 3
NCT07545746,Cervical Intraepithelial Neoplasia Grade 1
NCT07545746,Cervical Intraepithelial Neoplasia Grade 2/3
NCT04112303,Hepatitis C Virus Infection
NCT05102903,Chronic Heart Failure
NCT06732388,Barrett Esophagus
NCT06732388,Clinical Stage I Esophageal Adenocarcinoma AJCC v8
NCT06732388,Clinical Stage IIA Esophageal Adenocarcinoma AJCC v8
NCT06732388,Esophageal Adenocarcinoma
NCT06447688,Radial Artery Spasm
NCT01796327,Healthy Volunteers
NCT06393361,Ineligible Or Refused Transplant Patients With Classical Hodgkin Lymphoma
NCT06750861,Pancreatic Adenocarcinoma
NCT03236961,Acute Appendicitis
NCT01689142,Type 2 Diabetes Mellitus
NCT01740986,Mild to Moderate Bronchial Asthma
NCT03859986,Atopic Dermatitis Eczema
NCT00486486,Glaucoma
NCT00811070,Chronic Myelogenous Leukemia
NCT01779570,Influenza
NCT01779570,Lower Respiratory Tract Infection
NCT04491370,B-cell Lymphoma
NCT04491370,Burkitt Lymphoma
NCT04491370,Diffuse Large B Cell Lymphoma
NCT04491370,Follicular Lymphoma
NCT04491370,Mantle Cell Lymphoma
NCT04491370,Marginal Zone Lymphoma
NCT04491370,Transformed Non-Hodgkin Lymphoma
NCT04491370,Richter Syndrome
NCT04491370,Hodgkin Lymphoma
NCT00453973,Chronic Renal Failure
NCT00453973,Chronic Kidney Disease
NCT00453973,Anemia
NCT03586973,Advanced Hepatocellular Carcinoma
NCT02251873,Healthy
NCT06510673,Calcaneal Spur
NCT00364273,"Pulmonary Disease, Chronic Obstructive"
NCT02269969,Burns
NCT02269969,Infection
NCT07154069,Nasopharyngeal Cancinoma (NPC)
NCT00518583,Breast Cancer
NCT05862883,COVID-19 Respiratory Infection
NCT01565083,Breast Cancer
NCT04635241,Covid19
NCT02820454,Brain Metastases
NCT05914454,Acute Respiratory Distress Syndrome
NCT02456454,Bipolar Disorder
NCT04968054,Ossification Posterior Longitudinal Ligament
NCT04968054,Cervical Spondylotic Myelopathy
NCT00201305,Biliary Tract Disease
NCT02900105,"Azoospermia, Nonobstructive"
NCT02900105,Oligozoospermia
NCT05929794,Healthy
NCT05565794,Intrahepatic Cholangiocarcinoma
NCT05565794,FGFR2 Gene Mutation
NCT05565794,FGFR2 Gene Rearrangement
NCT05565794,FGFR2 Gene Translocation
NCT04770194,Acute Coronary Syndrome
NCT04770194,Stroke
NCT03276494,Stroke
NCT03276494,Intracranial Hypotension
NCT03276494,Cerebral Edema
NCT07263594,Gastrointestinal Cancer
NCT04233294,Hodgkin Lymphoma
NCT00045994,Hypertension
NCT00045994,"Hypertrophy, Left Ventricular"
NCT04657666,Spasticity in Participants With Multiple Sclerosis
NCT02209766,Healthy
NCT02351856,LMNA-Related Dilated Cardiomyopathy
NCT06004856,Chronic Primary Immune Thrombocytopenia (ITP)
NCT00426556,Metastatic Breast Cancer
NCT01514422,Bipolar Depression
NCT00226122,Enuresis
NCT07426822,Metastatic HR+/HER2- Breast Cancer
NCT07705022,Healthy
NCT07705022,Covert Consciousness
NCT06337422,Healthy Volunteer
NCT04399122,Post-operative Pain Control
NCT00416351,Leukemia
NCT00416351,Lymphoma
NCT00416351,Small Intestine Cancer
NCT05309629,Extensive-stage Small-cell Lung Cancer
NCT03587129,Ovarian Cancer
NCT00641329,ADHD
NCT01785329,Hypercholesterolemia
NCT00003131,Leukemia
NCT02513329,Hot Flushes
NCT02513329,Hot Flashes
NCT06656429,Lumbar Redicular Pain
NCT00301002,Psoriasis
NCT00301002,Palmoplantaris Pustulosis
NCT00301002,Pustular Psoriasis of Palms and Soles
NCT00301002,Pustulosis Palmaris et Plantaris
NCT00301002,Pustulosis of Palms and Soles
NCT00004402,Osteopetrosis
NCT05651802,Small Cell Lung Cancer Limited Stage
NCT04143802,"Diabetes Mellitus, Type 2"
NCT06023602,Infertility
NCT06760702,Ovarian Cancer
NCT06760702,Colorectal Cancer
NCT06760702,Renal Cancer
NCT03685253,Diabetic Neuropathy Peripheral
NCT02159196,Respiratory Failure
NCT07057596,Mestastatic Uveal Melanoma
NCT02820896,Alzheimer's Disease
NCT01861496,Phase 1: Advanced or Refractory Solid Tumours
NCT01861496,"Phase 2 Part: Metastatic Breast Cancer, Prostate Cancer and Skin Cancer"
NCT00005996,"Unspecified Adult Solid Tumor, Protocol Specific"
NCT00803179,Cystic Fibrosis
NCT01935479,Osteoporosis
NCT03131479,Renal Impairment
NCT06202079,"Diabetes Mellitus, Type 2"
NCT00636896,Weight Gain
NCT00907959,Metastatic Breast Cancer
NCT05324059,Neuropathic Pain
NCT06918080,Non Alcoholic Fatty Liver Diseases (NAFLD)
NCT06918080,Obesity and Overweight
NCT06918080,Acute Lymphoblastic Leukemia
NCT00080080,Lung Cancer
NCT05343780,Nonalcoholic Steatohepatitis
NCT05365880,Headache
NCT05365880,Stroke
NCT05365880,Ischemic Stroke
NCT07094880,Methotrexate Adverse Reaction
NCT07094880,Advantage of Using Subcutaneous Route for Methotrexate
NCT03591380,Kidney Transplantation
NCT06081179,Healthy
NCT00258479,Tobacco Use Disorder
NCT07585279,Metastatic Colorectal Cancer (CRC)
NCT07585279,Liposomal Irinotecan
NCT07585279,Second-Line
NCT05840679,Post Operative Pain
NCT00401479,Irritable Bowel Syndrome (IBS)
NCT04478279,Glioblastoma
NCT04478279,Melanoma Stage IV
NCT04478279,Breast Cancer
NCT04478279,Prostate Cancer
NCT04478279,Glioblastoma Multiforme
NCT04478279,GBM
NCT04478279,Brain Cancer
NCT04478279,Metastatic Breast Cancer
NCT04478279,Metastatic Melanoma
NCT04478279,Metastatic Prostate Cancer
NCT04478279,Melanoma Recurrent
NCT04478279,Prostate Cancer Metastatic
NCT04478279,Recurrent Glioblastoma
NCT04478279,Newly Diagnosed Glioblastoma
NCT05078879,Crohn's Disease
NCT05078879,Glycogen Metabolism
NCT05078879,Inflammatory Bowel Disease (IBD)
NCT07470879,"Colitis, Ulcerative"
NCT05965479,Gastrooesophageal Cancer
NCT00333996,Anterior Uveitis
NCT01008696,Reflux Esophagitis
NCT07469462,Neural Inhibition
NCT07469462,Anxiety
NCT07469462,Depression
NCT05191862,Intermittent Claudication
NCT04839562,Attention Deficit Hyperactivity Disorder
NCT03298646,Nulliparity
NCT00832546,Healthy
NCT00832546,Hyperalgesia
NCT05100446,Helicobacter Pylori Infection
NCT05100446,Gastritis
NCT05100446,Gastric Cancer
NCT06365788,Triple Negative Breast Neoplasms
NCT02322788,Asthma
NCT02392546,Chronic Idiopathic Constipation
NCT00607646,Type 1 Diabetes
NCT00815646,Immersion Pulmonary Edema (IPE)
NCT00815646,Swimming Induced Pulmonary Edema (SIPE)
NCT06308588,Philadelphia Chromosome-Positive
NCT06308588,Acute Lymphoblastic Leukemia
NCT00669903,Schizophrenia
NCT05517603,Spinal and Bulbar Muscular Atrophy
NCT05517603,Kennedy's Disease
NCT00000588,Anemia (Iron-Loading)
NCT00000588,Beta-Thalassemia
NCT00000588,Hematologic Diseases
NCT00000588,Hemoglobinopathies
NCT00000588,Thalassemia
NCT00000588,Iron Overload
NCT02502903,Bullous Pemphigoid (BP)
NCT02502903,Cold Agglutinin Disease (CAD)
NCT02502903,Warm Autoimmune Hemolytic Anemia (WAIHA)
NCT02502903,End-stage Renal Disease (ESRD)
NCT01307488,HIV Infection
NCT00861588,Benign Prostate Hyperplasia
NCT02439788,Neuroblastoma
NCT03137303,COPD Asthma
NCT04503603,Healthy Volunteers
NCT01663103,"Renal Insufficiency, Chronic"
NCT04298203,Obesity
NCT07346742,Inguinal Hernia
NCT07346742,Hydroceles
NCT07346742,Surgical Site Infection
NCT00001561,Graft vs Host Disease
NCT00001561,Multiple Myeloma
NCT06325761,Health Subjects
NCT03833661,Biliary Tract Cancer
NCT03833661,Cholangiocarcinoma
NCT03833661,Gallbladder Cancer
NCT03308942,Neoplasms
NCT01482286,Polycystic Ovary Syndrome
NCT04092686,Schizophrenia
NCT02890173,Essential Hypertension
NCT06881173,Myasthenia Gravis
NCT01711073,End Stage Liver DIsease
NCT00851773,Diabetes
NCT00851773,Healthy
NCT02062073,Head Lice
NCT06647069,Systemic Lupus Erythematosus (SLE)
NCT06647069,Rheumatoid Arthritis (RA)
NCT00408369,Prophylactic Activity Against Malaria
NCT01961583,Kidney Neoplasm
NCT05689983,Asthma in Children
NCT05689983,"Nonadherence, Medication"
NCT01736683,Anemia
NCT01736683,Myelodysplastic Syndromes
NCT01736683,Chronic Myelomonocytic Leukemia
NCT01736683,Low to Intermediate-1 MDS
NCT01736683,Myelodysplastic Syndromes (MDS)
NCT01736683,Chronic Myelomonocytic Leukemia (CMML)
NCT03277183,Anemia
NCT03277183,CKD
NCT03277183,Atherosclerosis
NCT03277183,Cardiovascular
NCT00004083,Ovarian Cancer
NCT01049841,Pediatric Solid Tumors
NCT02195154,Vascular Parkinsonism
NCT00206154,Chronic Obstructive Pulmonary Disease
NCT01404754,Psychological Effects of Study Drug
NCT00343005,Plasmodium Falciparum Malaria
NCT05254405,Post-Traumatic Stress Disorder
NCT01570205,Inflammation
NCT00983905,Pharmacokinetics
NCT05767905,Healthy
NCT05202405,Hyperlipidemias
NCT02086994,"Severe Pre-eclampsia, Postpartum Condition or Complication"
NCT03355794,Diffuse Intrinsic Pontine Glioma
NCT03355794,Malignant Glioma of Brain
NCT03355794,High Grade Glioma
NCT03355794,Bithalamic High Grade Glioma
NCT03355794,Brainstem Glioma
NCT03355794,Glioblastoma
NCT03355794,Anaplastic Astrocytoma
NCT01201694,Advanced Cancers
NCT03531294,Diabetic Retinopathy
NCT06512194,Depression
NCT01891994,Severe Aplastic Anemia (SAA)
NCT00507494,Diabetes Mellitus
NCT00507494,Kidney Transplantation
NCT00507494,Proteinuria
NCT02759666,Neoplasm
NCT02759666,Solid Tumors
NCT00002766,Leukemia
NCT00002766,Lymphoma
NCT02177266,Atrial Fibrillation
NCT02177266,Post-pericardiotomy Syndrome
NCT02177266,Constriction
NCT00441922,Non Small Cell Lung Cancer
NCT00512122,Critical Illness
NCT00512122,Starvation
NCT07545122,Triple Negative Breast Cancer (TNBC)
NCT07545122,Colorectal Cancer
NCT07545122,Urothelial Cancer
NCT00825422,Hyperalgesia
NCT01076322,Asthma
NCT02932722,Myocardial Infarction
NCT07439822,Hypoxemia During Surgery
NCT03035422,Refractory Acute Myeloid Leukemia
NCT00054522,Prostate Cancer
NCT07159451,Breast Cancer
NCT07038629,Esophageal Cancer
NCT01388829,Healthy
NCT02499029,PTSD
NCT02499029,Addiction
NCT06924229,Braest Cancer
NCT06924229,Dry Eye
NCT00378729,Polycystic Ovary Syndrome
NCT03926559,Perineal Tear
NCT01768559,Type 2 Diabetes
NCT01250379,Breast Cancer
NCT01189279,Alopecia
NCT01189279,"Alopecia, Androgenetic"
NCT01189279,Baldness
NCT07057479,Type 2 Diabetes Mellitus (T2DM)
NCT07266779,Type 2 Diabetes
NCT02607696,Healthy Volunteers
NCT04571996,CNS Disease
NCT03785496,Histologically Confirmed Unresectable or Metastatic Squamous Cell Carcinoma of the Esophagus Who Failed on Standard Treatment
NCT07347496,Thoracic Surgery
NCT07347496,Anesthesia
NCT07347496,Non-intubated Anesthesia
NCT06289062,Cervical Cancer
NCT06289062,Neoadjuvant Chemoimmunotherapy
NCT06289062,Fertility Preservation
NCT00049062,Breast Cancer
NCT06151262,Pancreatic Cancer
NCT02873962,Peritoneal Cancer
NCT02873962,Ovarian Cancer
NCT02873962,Fallopian Tube Cancer
NCT02872246,Sunscreen Agents
NCT05769946,"Hemay005, Atopic Dermatitis"
NCT04147546,Plasmodium Falciparum Malaria
NCT04147546,Malaria Diagnosis
NCT04108546,Back Pain
NCT04108546,Lumbar
NCT04108546,"Anesthesia, Local"
NCT04108546,Epidural
NCT04108546,Electroacupuncture
NCT04108546,Massage
NCT05362188,Discoid Lupus Erythematosus
NCT06360588,Malignant Solid Neoplasm
NCT02600988,Hematopoietic Stem Cell Transplantation
NCT01685827,Human African Trypanosomiasis (HAT)
NCT01685827,Sleeping Sickness
NCT04034927,Fallopian Tube Endometrioid Tumor
NCT04034927,Fallopian Tube High Grade Serous Adenocarcinoma
NCT04034927,Malignant Ovarian Endometrioid Tumor
NCT04034927,Ovarian High Grade Serous Adenocarcinoma
NCT04034927,Platinum-Sensitive Fallopian Tube Carcinoma
NCT04034927,Platinum-Sensitive Ovarian Carcinoma
NCT04034927,Platinum-Sensitive Primary Peritoneal Carcinoma
NCT04034927,Primary Peritoneal High Grade Serous Adenocarcinoma
NCT04034927,Recurrent Fallopian Tube Carcinoma
NCT04034927,Recurrent Fallopian Tube Endometrioid Adenocarcinoma
NCT04034927,Recurrent Ovarian Endometrioid Adenocarcinoma
NCT04034927,Recurrent Ovarian Serous Adenocarcinoma
NCT04034927,Recurrent Primary Peritoneal Carcinoma
NCT04034927,Recurrent Primary Peritoneal Endometrioid Adenocarcinoma
NCT04193527,Parkinsonian Syndrome
NCT04193527,Parkinson Disease(PD)
NCT04193527,Multiple System Atrophy (MSA)
NCT04193527,Progressive Supranuclear Palsy (PSP)
NCT04193527,Essential Tremor
NCT04977427,Cataract Diabetic
NCT04977427,Macula Edema
NCT03210961,Plaque Psoriasis
NCT05048342,Chronic Spontaneous Urticaria
NCT02470442,Desflurane Anesthesia
NCT03100942,Sjogren's Syndrome
NCT05476042,Conjunctival and Scleral Avascular Lesions
NCT02860286,Mesothelioma
NCT02860286,BAP1 Loss of Function
NCT00014586,Prostate Cancer
NCT00138086,B-Cell Lymphoma
NCT00598442,Chronic Renal Failure
NCT00598442,Chronic Kidney Disease
NCT00598442,Anemia
NCT03298542,Pre-Symptomatic Type 1 Diabetes
NCT04660786,Alopecia Areata
NCT07217873,Scoliosis Correction
NCT07217873,Iron Deficiency
NCT07217873,Transfusion Blood
NCT07217873,Surgery Complications
NCT07217873,Spinal Fusion
NCT07217873,Scoliosis Idiopathic Adolescent
NCT07217873,Scoliosis Neuromuscular
NCT01742273,Cardiovascular Diseases
NCT00652873,To Determine Bioequivalence Under Fed Conditions
NCT05080569,Pregnancy Related
NCT05080569,Fertility Issues
NCT05080569,Luteal Phase Defect
NCT05080569,Infertility Unexplained
NCT02779569,Myelodysplastic Syndromes (MDS)
NCT02437669,Pain
NCT01951183,Diabetes Mellitus Type 2
NCT07413354,Hepatocellular Carcinoma (HCC)
NCT02947854,Healthy Volunteer
NCT05353205,"CML, Chronic Phase"
NCT01241669,Healthy Subjects
NCT05349669,Cytokine Release Syndrome
NCT00267683,Diabetes
NCT00267683,"Diabetes Mellitus, Type 2"
NCT07110883,Advanced Solid Tumor
NCT00480766,Osteoporosis
NCT02673866,Neuropathic Pain
NCT02673866,Diabetes
NCT06324266,Newly Diagnosed Multiple Myeloma
NCT05162066,Complement 3 Glomerulopathy
NCT05162066,Immunoglobulin A Nephropathy
NCT05162066,Membranous Nephropathy
NCT05563766,Esophageal Adenocarcinoma
NCT05563766,Esophageal Squamous Cell Carcinoma
NCT05563766,Gastroesophageal Junction Carcinoma
NCT00688766,Gastrointestinal Stromal Tumors
NCT05277766,Peritoneal Carcinomatosis
NCT05277766,Peritoneal Metastases
NCT05277766,Colorectal Cancer
NCT05277766,Small Bowel Cancer
NCT05277766,Appendix Cancer
NCT05277766,Gastric Cancer
NCT05277766,Pancreatic Cancer
NCT05277766,Bile Duct Cancer
NCT03260166,Cutaneous Lupus Erythematosus
NCT03260166,Systemic Lupus Erythematosus Rash
NCT05060666,Covid19
NCT00493766,Hormone Refractory Prostate Cancer
NCT02006966,"Lung Cancer(Primary, Metastatic)"
NCT02006966,Benign Lung Mass Requiring Operation
NCT07656766,Advanced Colorectal Cancer
NCT00279266,Peripheral Neuropathy
NCT00279266,Diabetes Mellitus
NCT00279266,Diabetes Complications
NCT04540666,Anesthesia
NCT06147856,Phenylketonuria
NCT02719756,Diabetes Mellitus
NCT02719756,Hypoglycemic Episodes
NCT00394056,Tinnitus
NCT03034356,Schizophrenia
NCT02971956,Esophageal Cancer
NCT02971956,Squamous Cell Esophagus Cancer
NCT02971956,Adenocarcinoma Esophagus
NCT01067222,Narcolepsy
NCT01067222,Excessive Daytime Sleepiness
NCT01067222,Cataplexy
NCT01067222,Sleep Disorders
NCT00634751,Pancreatic Neoplasms
NCT00634751,Bile Duct Neoplasms
NCT02963051,Prostate Cancer
NCT01349751,Observation of Neuromuscular Block
NCT01349751,Disease (or Disorder); Gynecological
NCT04811651,Ischemic Stroke
NCT02426229,Scleroderma
NCT02426229,Interstitial Lung Disease
NCT05198531,Recurrent / Metastatic Nasopharyngeal Cancer
NCT03751631,Mydriasis
NCT04882631,Healthy Volunteers
NCT03602131,Hodgkin Lymphoma
NCT03602131,Non-hodgkin Lymphoma
NCT02215031,Healthy
NCT01397331,"Heart; Dysfunction Postoperative, Cardiac Surgery"
NCT01397331,"Disorder; Heart, Functional, Postoperative, Cardiac Surgery"
NCT01100931,NSCLC
NCT01100931,Solid Tumors
NCT04389931,Periodontitis
NCT00569231,Warts
NCT00569231,HPV
NCT05827653,Healthy Elderly
NCT04415853,Esophageal Cancer
NCT07300553,IBD
NCT07300553,Crohn Disease
NCT07300553,Ulcerative Colitis (UC)
NCT00547053,Cystic Fibrosis
NCT00548145,Alzheimer Disease
NCT00548145,Hypercholesterolemia
NCT06708845,Lupus Nephritis
NCT06708845,Systemic Lupus Erythematosus
NCT06708845,Systemic Sclerosis (SSc)
NCT06708845,Diffuse Cutaneous Systemic Sclerosis
NCT01274637,Venous Thromboembolism
NCT01274637,Postpartum
NCT01723345,Coronary Arteriosclerosis
NCT06057545,Pediatric Kidney Disease
NCT03906045,Chronic Obstructive Pulmonary Disease
NCT01619345,Diabetes
NCT01619345,Healthy
NCT02378545,Sepsis
NCT06442462,Schizophrenia
NCT00181662,Healthy
NCT01674062,Breast Cancer
NCT04532346,Interstitial Lung Disease
NCT04532346,Surfactant Dysfunction
NCT03852446,Healthy
NCT00749788,Dyslipidemia
NCT02192203,Pain
NCT00001903,Respiratory Syncytial Virus Infection
NCT02423603,Metastatic Breast Cancer
NCT03987503,"Hepatitis C, Chronic"
NCT00264888,Duchenne Muscular Dystrophy
NCT01530503,Biliary Tract Cancer
NCT05011227,Recurrent Nasopharyngeal Carcinoma
NCT06463327,Acute Myeloid Leukemia
NCT06463327,Myelodysplastic Syndromes
NCT02630927,Anemia
NCT01868061,Asthma
NCT02174861,Treatment for Prevention of Chronic Migraine
NCT00157261,Heart Arrest
NCT06293742,Type 2 Diabetes Mellitus
NCT01193842,AIDS-Related Plasmablastic Lymphoma
NCT01193842,AIDS-Related Primary Effusion Lymphoma
NCT01193842,Ann Arbor Stage I Diffuse Large B-Cell Lymphoma
NCT01193842,Ann Arbor Stage I Grade 3 Follicular Lymphoma
NCT01193842,Ann Arbor Stage II Diffuse Large B-Cell Lymphoma
NCT01193842,Ann Arbor Stage II Grade 3 Contiguous Follicular Lymphoma
NCT01193842,Ann Arbor Stage II Grade 3 Non-Contiguous Follicular Lymphoma
NCT01193842,Ann Arbor Stage III Diffuse Large B-Cell Lymphoma
NCT01193842,Ann Arbor Stage III Grade 3 Follicular Lymphoma
NCT01193842,Ann Arbor Stage IV Diffuse Large B-Cell Lymphoma
NCT01193842,Ann Arbor Stage IV Grade 3 Follicular Lymphoma
NCT01193842,HIV Infection
NCT01193842,Plasmablastic Lymphoma
NCT01193842,Primary Effusion Lymphoma
NCT01193842,Recurrent Diffuse Large B-Cell Lymphoma
NCT01193842,Recurrent Grade 3 Follicular Lymphoma
NCT07460986,Sarcoma of Soft Tissue
NCT00143286,Smoking Cessation
NCT05002686,Gastric Cancer
NCT05243186,Attention Deficit Disorder
NCT03503786,Endometrial Cancer
NCT00206570,Schizophrenia
NCT00206570,Schizoaffective Disorder
NCT00206570,Schizophreniform Disorder
NCT01584570,"Anesthesia, General"
NCT04122170,Healthy
NCT07555470,Follicular Lymphoma
NCT00392470,Colorectal Cancer
NCT04235270,Healthy
NCT07536373,Chronic Limb-Threatening Ischemia
NCT00994773,Hepatitis B
NCT00931073,Alzheimer's Disease
NCT00931073,Huntington's Disease
NCT01793883,Influenza
NCT07647783,Healthy Participants
NCT06085183,Ureter Injury
NCT01344083,Seasonal Allergic Conjunctivitis
NCT03614741,Acute Kidney Injury
NCT03614741,Renal Replacement Therapy
NCT03614741,Anticoagulants
NCT00819741,Diabetes
NCT00819741,"Diabetes Mellitus, Type 2"
NCT01871441,Malignant Neoplasm
NCT02453841,Adenoidectomy
NCT02453841,Functional Endoscopic Sinus Surgery (FESS)
NCT02453841,Turbinate Surgery
NCT05281341,Female Infertility
NCT00641641,HIV Infection
NCT00529841,"Adrenal Hyperplasia, Congenital"
NCT02143141,Scheduled Cesarean Sections
NCT02143141,Postoperative Pain Management
NCT02143141,Side Effects
NCT00453141,Preterm Delivery
NCT03401541,Vitamin D Deficiency
NCT03401541,Fat Malabsorption
NCT01325441,Cancer
NCT01302041,Prostate Cancer
NCT04199741,Small Cell Lung Cancer
NCT04199741,Small Cell Lung Carcinoma
NCT05865041,Alopecia Areata
NCT01429441,Vitreomacular Adhesion Including Macular Hole
NCT07679841,Vulvar Squamous Cell Carcinoma
NCT07228741,Acute Lymphoblastic Leukemia
NCT07228741,Obesity
NCT00823641,HTLV-I-associated Myelopathy
NCT00165841,Gastroesophageal Reflux Disease
NCT00001854,Chronic Hepatitis C
NCT00376454,Neuropathic Pain
NCT01536041,Asthma
NCT02548741,Type 2 Diabetes Mellitus
NCT00484341,Metastatic Adult Soft Tissue Sarcoma
NCT04865705,Stage III
NCT04865705,Non-small Cell Lung Cancer
NCT03303105,Migraine
NCT00135005,Gastrointestinal Stromal Tumors
NCT00193505,Non-Hodgkins Lymphoma
NCT07608705,Hyperlipidemias
NCT03105505,Inflammation of the Eyelids
NCT01702194,OIC
NCT02076594,Locally Advanced Unresectable Gastric Cancer
NCT02076594,Metastatic Gastric Cancer
NCT05180851,Head and Neck Cancer
NCT05180851,Melanoma
NCT05180851,Breast Cancer
NCT05180851,Bladder Cancer
NCT05180851,Ovarian Carcinoma
NCT05180851,Cervical Carcinoma
NCT05180851,Lung Cancer
NCT04294056,Anesthesia
NCT00177866,Crohn's Disease
NCT00782951,Analgesia
NCT00751751,Essential Hypertension
NCT01014351,Metastatic Melanoma
NCT03076151,Transplantation
NCT03076151,Kidney
NCT03076151,Pharmacokinetic
NCT00039351,Lymphoma
NCT06358651,Social Anxiety Disorder
NCT01475851,"Hepatitis B, Chronic"
NCT00123851,Colorectal Cancer
NCT00123851,Neoplasm Metastasis
NCT03243851,Glioblastoma
NCT00919451,Leprosy
NCT05288166,Prostatic Neoplasms
NCT05288166,Neoplasm Metastasis
NCT05288166,Urogenital Neoplasms
NCT05288166,Physiological Effects of Drugs
NCT05288166,Antineoplastic Agents
NCT05288166,"Antineoplastic Agents, Hormonal"
NCT05288166,Androgens
NCT05288166,Hormones
NCT05288166,"Hormones, Hormone Substitutes, and Hormone Antagonists"
NCT05288166,Abiraterone Acetate
NCT05288166,Steroid Synthesis Inhibitors
NCT05288166,Cytochrome P-450
NCT05288166,Enzyme Inhibitors
NCT05288166,Prednisone
NCT05288166,Prednisolone
NCT05288166,Cyclin-Dependent Kinase 4
NCT05288166,Cyclin-Dependent Kinase 6
NCT02063802,Obesity
NCT02578602,Adult Hepatocellular Carcinoma
NCT02578602,Advanced Adult Hepatocellular Carcinoma
NCT02578602,BCLC Stage 0 Adult Hepatocellular Carcinoma
NCT02578602,BCLC Stage A Adult Hepatocellular Carcinoma
NCT02578602,BCLC Stage B Adult Hepatocellular Carcinoma
NCT02578602,BCLC Stage C Adult Hepatocellular Carcinoma
NCT02578602,BCLC Stage D Adult Hepatocellular Carcinoma
NCT02578602,Localized Non-Resectable Adult Liver Carcinoma
NCT02578602,Localized Resectable Adult Liver Carcinoma
NCT04775602,18F-PSMA
NCT04775602,Prostate Cancer
NCT04791202,Pain
NCT04791202,"Satisfaction, Patient"
NCT04791202,Functionality
NCT00264602,Lung Cancer
NCT07333937,Brest Cancer
NCT02391337,Permanent Atrial Fibrillation
NCT06732245,Obesity and Overweight
NCT01014637,Onychomycosis
NCT00198237,Breast Cancer
NCT04243837,Breast Cancer Related Lymphoedema
NCT04243837,Lymphoedema
NCT05799495,SARS-CoV-2 Infection
NCT00272662,Chemotherapy Induced Anemia
NCT00272662,Cancer
NCT02961946,Coronary Artery Disease
NCT03992846,Endometriosis
NCT00006388,Brain and Central Nervous System Tumors
NCT00130403,"Osteoporosis, Postmenopausal"
NCT05502146,Spinal Anesthetic Toxicity
NCT05502146,Hypotension Drug-Induced
NCT05502146,Cesarean Section Complications
NCT00156546,Urinary Tract Infections
NCT00998088,Osteoarthritis
NCT00929903,Childhood Central Nervous System Choriocarcinoma
NCT00929903,Childhood Central Nervous System Embryonal Tumor
NCT00929903,Childhood Central Nervous System Germ Cell Tumor
NCT00929903,Childhood Central Nervous System Germinoma
NCT00929903,Childhood Central Nervous System Mixed Germ Cell Tumor
NCT00929903,Childhood Central Nervous System Teratoma
NCT00929903,Childhood Central Nervous System Yolk Sac Tumor
NCT00929903,Metastatic Childhood Soft Tissue Sarcoma
NCT00929903,Recurrent Childhood Brain Stem Glioma
NCT00929903,Recurrent Childhood Central Nervous System Embryonal Tumor
NCT00929903,Recurrent Childhood Soft Tissue Sarcoma
NCT00929903,Recurrent Childhood Visual Pathway Glioma
NCT00929903,"Unspecified Childhood Solid Tumor, Protocol Specific"
NCT02071927,Acute Myeloid Leukemia (AML)
NCT02071927,Acute Lymphocytic Leukemia (ALL)
NCT02811627,Autism Spectrum Disorder
NCT03416127,"Diabetes Mellitus, Type 2"
NCT01030861,Autoantibody Positive
NCT01030861,Non-diabetic Relatives at Risk for Type 1 Diabetes
NCT01030861,High Risk
NCT01030861,Impaired Glucose Tolerance
NCT02092961,Rheumatoid Arthritis
NCT00763061,Glaucoma
NCT02800161,Bipolar Disorder
NCT02800161,Bipolar Depression
NCT07214142,Rectal Cancer Patients
NCT03657342,Bronchiolitis Obliterans
NCT03657342,Chronic Rejection of Lung Transplant
NCT03657342,Lung Transplant Rejection
NCT03657342,Lung Transplant; Complications
NCT03657342,Lung Transplant Failure and Rejection
NCT03657342,Chronic Lung Allograft Dysfunction
NCT04506242,NSCLC
NCT05173142,Solid Tumor
NCT00485342,Chronic Hepatitis C
NCT01145586,Lactose Intolerance
NCT06890286,Type 2 Diabetes
NCT06846086,Cardiomyopathies
NCT02557386,"Anesthesia, Local"
NCT00385970,Colorectal Cancer
NCT01808573,HER2+ Metastatic Breast Cancer (MBC)
NCT05672173,Recurrent Transformed Chronic Lymphocytic Leukemia
NCT05672173,Refractory Transformed Chronic Lymphocytic Leukemia
NCT05672173,Richter Syndrome
NCT05843669,Chronic Bronchitis
NCT03117569,"Hepatitis C, Chronic"
NCT05878769,Chronic Obstructive Pulmonary Disease
NCT00423683,Cancer
NCT00423683,Thromboembolism
NCT04744883,Chronic Low-back Pain
NCT03398941,Pancreatic Diseases
NCT07044141,Vitiligo
NCT00276354,Constipation
NCT07518654,Leukaemia (Acute Lymphoblastic)
NCT07518654,Leukaemia (Acute Myeloid)
NCT07518654,Neuroblastoma
NCT07518654,"Neuroblastoma, Metastatic"
NCT07518654,"Leukaemia, Lymphoblastic, Acute"
NCT07518654,Leukemia Acute Myeloid
NCT07518654,Leukemia (Both ALL and AML)
NCT07518654,Leukemia Acute Myeloid - AML
NCT07518654,Hematopoetic Stem Cell Transplantation
NCT07518654,Hematopoetic Stem Cell Transplant
NCT03614273,Bronchiolitis
NCT00434473,Sickle Cell Disease
NCT00434473,Vaso-occlusive Crisis
NCT00434473,Acute Chest Syndrome
NCT07315373,Immune Thrombocytopenia
NCT01039805,Gastroparesis
NCT05680805,Polycystic Ovary Syndrome
NCT05680805,Metformin
NCT00126269,Carcinoma
NCT05717569,Chronic Liver Disease and Cirrhosis
NCT00026169,Malignant Neoplasm
NCT00026169,"Unspecified Adult Solid Tumor, Protocol Specific"
NCT06947083,Myeloma
NCT07707505,Erectile Dysfunction Following Radical Prostatectomy
NCT04912505,"Purpura, Thrombocytopenic"
NCT02282605,Staphylococcus Aureus Infection
NCT06061094,Philadelphia Chromosome Positive Acute Lymphoblastic Leukemia
NCT07069166,Periodontitis
NCT07069166,Type 2 Diabetes Mellitus (T2DM)
NCT05857566,Drug-induced Weight Gain
NCT04037566,Leukemia Lymphocytic Acute (ALL) in Relapse
NCT04037566,Leukemia Lymphocytic Acute (All) Refractory
NCT04037566,"Lymphoma, B-Cell"
NCT04037566,CD19 Positive
NCT02867566,"Diffuse, Large B-Cell, Lymphoma"
NCT00127166,Exercise Induced Asthma
NCT02065466,Metastatic Melanoma
NCT02065466,Brain Metastases
NCT07184866,Acute-on-Chronic Liver Failure (ACLF)
NCT03834766,ADHD
NCT06790966,Recurrent Head and Neck Cancer
NCT06790966,Metastatic Head and Neck Cancer
NCT06790966,HPV Positive Oropharyngeal Squamous Cell Carcinoma
NCT06790966,"Neoplasms, Head and Neck"
NCT06790966,Unresectable Head and Neck Squamous Cell Carcinoma
NCT06217822,Advanced Metastatic Castration-resistant Prostate Cancer
NCT06217822,Prostate Specific Membrane Antigen (PSMA) Expression
NCT05141422,Human Immunodeficiency Virus Infection
NCT06284122,Follicular Lymphoma
NCT04890522,Nasopharyngeal Carcinoma
NCT04890522,Metastasis
NCT04890522,Chemotherapy
NCT04890522,Immunotherapy
NCT04890522,Survival
NCT03197922,Encopresis
NCT03197922,Autism Spectrum Disorder
NCT04910022,Glioblastoma
NCT04910022,Diffuse Glioma
NCT03164122,Osteoarthritis
NCT00001951,Healthy
NCT00001951,Osteoporosis
NCT00001951,Premature Ovarian Failure
NCT05124951,"Intracranial Germ Cell CNS Tumor, Childhood"
NCT03488251,"Non-hodgkin Lymphoma,B Cell"
NCT03488251,Refractory Diffuse Large B-Cell Lymphoma
NCT03488251,Relapsed Diffuse Large B-Cell Lymphoma
NCT01147029,"Unspecified Adult Solid Tumor, Protocol Specific"
NCT03428529,Rectal Neoplasm Malignant
NCT04509102,Major Depressive Disorder
NCT00660231,Lymphoma
NCT00496431,Hodgkin's Lymphoma
NCT04880031,Nonalcoholic Steatohepatitis (NASH)
NCT00060931,Hypertension
NCT01468831,Retinal Vein Occlusion
NCT01264731,Melanoma
NCT05246631,Laparoscopy
NCT05246631,Postoperative Nausea and Vomiting
NCT02371031,Glioma
NCT02371031,Malignant Glioma
NCT06534502,Seizures
NCT06534502,"Seizures, Focal"
NCT06534502,"Seizure, Partial Onset"
NCT06534502,"Seizure Disorder, Partial"
NCT06534502,"Seizure, Partial"
NCT06534502,"Epilepsies, Partial"
NCT06534502,Epilepsy
NCT00822302,Stroke
NCT04579302,Postoperative Analgesia
NCT02650102,Schizophrenia
NCT04142502,Spinal Anesthesia
NCT04142502,Autonomic Nervous System
NCT03292302,Genetic Disease
NCT03292302,Nonsense Mutation
NCT00384202,Transplantation
NCT03081702,Platinum-resistant Epithelial Ovarian Cancer
NCT02369302,Healthy
NCT00418002,Healthy
NCT05862402,Carbapenem Resistant Klebsiella Pneumoniae
NCT01025102,Postoperative Pain
NCT01025102,Shoulder Surgery
NCT06414902,Esophageal Cancer
NCT04185402,Trachoma
NCT02890602,Diffuse Large B-cell Lymphoma
NCT07439653,Histologically Confirmed Relapsed or Refractory B-cell Non-Hodgkin Lymphoma
NCT06338553,Type 1 Diabetes
NCT01355302,Advanced or Metastatic Solid Tumors
NCT01355302,Previously Untreated Gastric Cancer
NCT01843153,Total Knee Arthroplasty
NCT01843153,Pain
NCT06322953,Traumatic Intracranial Haemorrhage
NCT00002953,Breast Cancer
NCT00457353,Gastroenteritis
NCT02123953,Dose Finding Study
NCT00635037,Myofascial Pain Syndromes
NCT05969327,Importance of Vitamin D Therapy in Treatment of Neonatal Sepsis
NCT07036861,Healthy Male and Female Subjects
NCT01006161,Asthma
NCT01069042,Heart Failure
NCT00715442,Renal Cell Carcinoma
NCT00461942,Parkinson's Disease
NCT00325442,Pulmonary Hypertension
NCT00811642,Fungal Infection
NCT01369186,Drug Interaction Potentiation
NCT01369186,Myocardial Infarction
NCT01681186,Healthy Participants
NCT03742986,Breast Cancer
NCT06051786,Allergic Rhinitis
NCT05838573,Schizophrenia
NCT01274273,Metastatic Renal Cell Carcinoma
NCT01700673,Acute Myeloid Leukemia
NCT01700673,Myelodysplastic Syndrome
NCT02175069,Disorder of Shoulder
NCT00132769,Rheumatoid Arthritis
NCT00257283,"Kidney Failure, Chronic"
NCT00271583,Emergency Contraception
NCT04828083,"Arthroplasty, Replacement, Knee"
NCT04828083,Total Knee Arthroplasty
NCT07419841,Gastroesophageal Cancer (GC)
NCT07419841,Hepatocellular Carcinoma (HCC)
NCT07419841,Endometrial Cancer
NCT07419841,Renal Cell Carcinoma (RCC)
NCT01809041,Intra-abdominal and Intrapelvic Surgery
NCT06231641,Shift-Work Sleep Disorder
NCT06288841,Pharmacological Action
NCT05421741,Osteomyelitis Tibia
NCT05421741,Tibial Fractures
NCT05421741,Open Tibia Fracture
NCT00035854,Bacterial Infections
NCT03268954,Myelodysplastic Syndrome
NCT03268954,"Leukemia, Myelomonocytic, Chronic"
NCT03268954,"Leukemia, Myeloid, Acute"
NCT00331305,Depression
NCT00002305,"Meningitis, Cryptococcal"
NCT00002305,HIV Infections
NCT06718205,Esophageal Cancer
NCT01323205,Schizophrenia
NCT01007994,Hypertension Secondary to Kidney Transplant
NCT01225094,Acute Kidney Injury
NCT01225094,Abdominal Aortic Aneurysm
NCT01491594,"Sarcoma, Soft Tissue"
NCT01491594,Osteosarcoma
NCT01491594,"Neoplasms, Connective and Soft Tissue"
NCT07357766,Overweight
NCT07357766,Obesity
NCT02815566,Osteoporosis
NCT02815566,HIV
NCT02815566,Menopause
NCT00812266,Extensive Disease
NCT00812266,First-Line
NCT00812266,Small Cell Lung Cancer
NCT05648266,Minimal Invasive Cardiac Surgery
NCT05648266,Minimal Invasive Cardiac Surgery Mitral Valve Surgery
NCT05648266,Serratus Anterior Plane Block
NCT03275454,"Purpura, Thrombocytopenic, Idiopathic"
NCT03384654,Precursor Cell Lymphoblastic Leukemia-Lymphoma
NCT00324805,Stage IB Lung Non-Small Cell Carcinoma AJCC v7
NCT00324805,Stage IIA Lung Non-Small Cell Carcinoma AJCC v7
NCT00324805,Stage IIB Lung Non-Small Cell Carcinoma AJCC v7
NCT00324805,Stage IIIA Lung Non-Small Cell Cancer AJCC v7
NCT03780894,Polytrauma
NCT03780894,Traumatic Hemorrhage
NCT00927394,Hypertension
NCT00099294,Pancreatic Cancer
NCT03332329,Chronic Hepatitis b
NCT04806529,Influenza
NCT01855529,Pain After Mastectomy
NCT01955629,Colorectal Cancer Metastatic
NCT00003129,Bladder Cancer
NCT01559129,"Scleroderma, Systemic"
NCT01559129,"Sclerosis, Systemic"
NCT01559129,Systemic Scleroderma
NCT01559129,Systemic Sclerosis
NCT01559129,Interstitial Lung Disease
NCT02640729,Lewy Body Dementia
NCT02640729,Visual Hallucinations
NCT04865029,Covid19
NCT00145002,Adult T-cell Leukemia
NCT00145002,Lymphoma
NCT04500002,IUCD Complication
NCT00914602,Parkinson's Disease
NCT02425202,Obstructive Sleep Apnea Syndrome
NCT00119002,"Bronchiolitis, Viral"
NCT03655002,Recurrent Hepatocellular Carcinoma
NCT03655002,Refractory Liver Carcinoma
NCT03655002,Stage IV Hepatocellular Carcinoma AJCC v8
NCT03655002,Stage IVA Hepatocellular Carcinoma AJCC v8
NCT03655002,Stage IVB Hepatocellular Carcinoma AJCC v8
NCT05740202,Advanced Solid Tumors
NCT00837902,Healthy
NCT05420402,Anesthesia
NCT05420402,Surgery
NCT02094053,Down Syndrome
NCT03705351,Glioblastoma
NCT03705351,Cancer of Brain
NCT03705351,Glioblastoma Multiforme
NCT03705351,Brain Tumor
NCT03392051,Elevated Lipoprotein(a)
NCT03392051,Cardiovascular Diseases
NCT00064051,Pancreatic Cancer
NCT05215951,Lung Cancer
NCT05767229,Portal Hypertension
NCT06003829,Healthy
NCT00890929,Acute Myeloid Leukemia (AML)
NCT00890929,Adult Acute Myeloblastic Leukemia
NCT02762929,Postoperative Pain
NCT02762929,Bunions
NCT04736329,Heart Failure With Reduced Ejection Fraction
NCT04736329,Renal Insufficiency
NCT01821729,Pancreatic Cancer
NCT01481129,Diffuse Large B Cell Lymphoma
NCT04858529,Neoadjuvant Therapies for HER2+ Breast Cancer
NCT04855929,Advanced Solid Tumor
NCT04855929,Adult Disease
NCT04855929,Lung Cancer
NCT02848729,Pain
NCT01593735,Hepatitis C
NCT04560725,Prostate Cancer
NCT06733025,Muscle Spasticity
NCT06733025,Spinal Cord Injury
NCT06733025,Stroke
NCT06733025,Traumatic Brain Injuries
NCT05470725,Hypertension
NCT01981408,Healthy Volunteers
NCT00117117,Anemia
NCT02663089,"Pulmonary Disease, Chronic Obstructive"
NCT00239889,Forearm Fracture
NCT00784368,Mycoses
NCT00784368,Candidiasis
NCT00784368,Aspergillosis
NCT00784368,Cryptococcosis
NCT00784368,Blastomycosis
NCT00784368,Histoplasmosis
NCT00784368,Neutropenia
NCT00565968,Melanoma (Skin)
NCT07167368,Cardiorenal Syndrome
NCT06246968,Metastatic Breast Cancer
NCT06246968,Breast Cancer
NCT06246968,Breast Cancer Stage IV
NCT06246968,Triple Negative Breast Cancer
NCT06246968,Triple Negative Breast Neoplasms
NCT06246968,Metastatic Triple-Negative Breast Carcinoma
NCT06246968,Locally Advanced Breast Cancer
NCT06246968,Locally Advanced Triple-Negative Breast Carcinoma
NCT01524068,Idiopathic Pulmonary Fibrosis
NCT04797468,Advanced Solid Tumor
NCT04924868,Acute Pancreatitis Due to Gallstones
NCT07209189,Head and Neck Cancer
NCT07209189,Squamous Cell Carcinoma
NCT07209189,Oral Cavity Cancer
NCT07209189,Oropharyngeal Cancer
NCT07209189,Laryngeal Cancer
NCT07209189,Sinonasal Squamous Cell Carcinoma
NCT07209189,HPV (Human Papillomavirus)-Associated Carcinoma
NCT07209189,Skull Base Tumors
NCT07209189,HPV 16 Positive Oropharyngeal Tumors (OPC)
NCT01342289,Hodgkin's Lymphoma
NCT01342289,Leukemia
NCT01342289,Myelodysplastic Syndrome(MDS)
NCT01342289,Multiple Myeloma
NCT01342289,Non Hodgkin's Lymphoma
NCT04007289,Intrahepatic Non Cirrhotic Portal Hypertension
NCT00316550,Irritable Bowel Syndrome (IBS)
NCT05822050,PTCL Patients Who Achieved Complete Response From Frontline Treatment
NCT04557150,Multiple Myeloma
NCT06059391,Acute Lymphoblastic Leukemia
NCT06059391,Acute Myeloid Leukemia
NCT06059391,Chronic Lymphocytic Leukemia
NCT06059391,"Chronic Myeloid Leukemia, BCR-ABL1 Positive"
NCT06059391,Hematopoietic and Lymphoid System Neoplasm
NCT06059391,Hodgkin Lymphoma
NCT06059391,Myelodysplastic Syndrome
NCT06059391,Myelofibrosis
NCT06059391,Myeloproliferative Neoplasm
NCT06059391,Non-Hodgkin Lymphoma
NCT01378091,Prostate Cancer
NCT02320474,Type 3 Choroidal Neovascularization
NCT01771874,Healthy
NCT01771874,Substance-related Disorders
NCT00131118,Osteogenesis Imperfecta
NCT04055818,Sickle Cell Disease
NCT07421518,Type 1 Diabetes
NCT07421518,Type 2 Diabetes
NCT03627390,Metastatic Pancreatic Cancer
NCT03627390,Unresectable Pancreatic Cancer
NCT02059590,Pharmacokinetics of 14C-labeled Isavuconazonium Sulfate
NCT02059590,Healthy Subjects
NCT05676697,Autoimmune Hemolytic Anemia
NCT05676697,Failure of Two Rounds of Treatment
NCT07066397,Acute Lymphoblastic Leukemia
NCT07695597,Mixed Hyperlipidemia
NCT01473797,Langerhans Cell Histiocytosis of Lung
NCT07289997,AFP Gastric or Gastroesophageal Junction Adenocarcinoma
NCT07289997,PD-1/CTLA-4
NCT07289997,AFPGC
NCT07289997,Immunotherapy
NCT01482897,Discal Sciatica
NCT01293097,Non-ST Segment Elevation Myocardial Infarction
NCT01293097,Unstable Angina Pectoris
NCT01293097,Stable Angina Pectoris
NCT01373710,Metastatic Breast Cancer
NCT01373710,Carcinomatous Meningitis
NCT00029510,Asthma
NCT06251310,Advanced Solid Tumor
NCT06251310,"Mesothelioma, Malignant"
NCT00146913,Chronic Myeloid Leukemia
NCT05025813,Cutaneous Squamous Cell Carcinoma of the Head and Neck
NCT05025813,Head and Neck Cancer
NCT02741713,Biceps Tendonitis
NCT07547813,Hidradenitis Suppurativa
NCT02385760,Acne Vulgaris
NCT05638620,Post Acute COVID-19 Syndrome
NCT05638620,Long COVID
NCT05638620,Long Covid19
NCT05638620,COVID-19 Recurrent
NCT05638620,Post-Acute COVID-19
NCT05638620,Post-Acute COVID-19 Infection
NCT05638620,SARS-CoV2 Infection
NCT05638620,Post Acute Sequelae of COVID-19
NCT05638620,Dysautonomia
NCT05638620,Dysautonomia Like Disorder
NCT05638620,Dysautonomia Orthostatic Hypotension Syndrome
NCT05638620,Post COVID-19 Condition
NCT05638620,Post-COVID Syndrome
NCT05638620,"Post COVID-19 Condition, Unspecified"
NCT05638620,Post-COVID-19 Syndrome
NCT00244920,Prostate Cancer
NCT02782520,Right Ventricular Impaired Function
NCT02782520,Hypovolemia
NCT00912782,End-stage Renal Disease
NCT01817582,Keratoconjunctivitis Sicca
NCT06401824,NSCLC Stage IV
NCT06401824,"Brain Metastases, Adult"
NCT00179023,OBESITY
NCT00179023,HYPERTENSION
NCT00179023,PURE AUTONOMIC FAILURE
NCT00179023,SHY-DRAGER SYNDROME
NCT02210559,Pancreatic Cancer (Unresectable)
NCT01065259,Attention Deficit Hyperactivity Disorder
NCT02250859,Acne
NCT00562159,Rhinoconjunctivitis
NCT00562159,Rhinitis
NCT00562159,Conjunctivitis
NCT00562159,Allergy
NCT02859480,Coronary Artery Disease
NCT02859480,Coronary Disease
NCT02859480,Cardiovascular Diseases
NCT06784479,Sedative Effect During Drug-induced Sleep Endoscopy
NCT06784479,Obstructive Sleep Apnea (OSA)
NCT06411379,Hidradenitis Suppurativa
NCT01300780,Color Changes During Tooth Formation
NCT01128296,Pancreatic Cancer
NCT05574296,Cardiac Arrest
NCT05574296,Extracorporeal Membrane Oxygenation
NCT05574296,Reperfusion Injury
NCT01544296,Postherpetic Neuralgia
NCT03717896,Diabetic Ketoacidosis
NCT00467779,Solid Tumor
NCT00540696,Anemia
NCT00540696,Non-Myeloid Malignancies
NCT01884896,Fasting
NCT00830362,Cocaine Dependence
NCT01245062,Melanoma
NCT01879462,"Hepatitis C, Chronic"
NCT00579046,Anemia
NCT00579046,Chronic Obstructive Pulmonary Disease
NCT00441246,Acute Respiratory Infection
NCT00441246,Bronchitis
NCT00441246,Rhinosinusitis
NCT06504446,Refractory or Unexplained Chronic Cough
NCT01970046,Type 2 Diabetes
NCT05634746,Eosinophilic Esophagitis
NCT02421588,Ovarian Cancer
NCT05626803,Norovirus Infections
NCT02359227,Heart Failure
NCT00483327,Atypical Endometrial Hyperplasia
NCT00483327,Endometrial Carcinoma
NCT00060242,Head and Neck Cancer
NCT04272242,HIV Infection
NCT04272242,LTBI
NCT02446886,Multiple Sclerosis
NCT04004117,Copd
NCT06372717,Acute Myeloid Leukemia Refractory
NCT06372717,Myelodysplastic Syndrome Acute Myeloid Leukemia
NCT06372717,Myelodysplastic Syndrome With Excess Blasts
NCT06372717,"Acute Myeloid Leukemia, in Relapse"
NCT06372717,Acute Myeloid Leukemia (AML)
NCT01294540,Alzheimer's Disease
NCT06491940,Proteinuria
NCT00675740,Impaired Glucose Tolerance
NCT04951440,Acute Ischemic Stroke
NCT07070440,Non Small Cell Lung Cancer
NCT00102440,Gout
NCT01062568,Development
NCT02764268,Gastric Cancer
NCT05224050,Tobacco Smoking
NCT07549750,Atopic Dermatitis
NCT07555691,Fibromyalgia Syndrome
NCT01192191,"Pulmonary Disease, Chronic Obstructive"
NCT02081391,Acute Pain
NCT06100874,Her 2 Positive Breast Cancer
NCT06100874,Breast Cancer Female
NCT06100874,Breast Cancer Metastatic
NCT00018174,Depression
NCT00018174,Smoking
NCT00380718,Non-small Cell Lung Cancer
NCT04655118,Myelofibrosis
NCT04655118,Indolent Systemic Mastocytosis
NCT01197118,Gastric Cancer
NCT03156790,Acute B-Cell Lymphoblastic Leukaemia
NCT05985590,Healthy Volunteers
NCT05019690,Advanced Triple Negative Breast Cancer
NCT03568890,Left Atrial Appendage Closure
NCT03568890,Thrombosis
NCT03568890,Stroke
NCT03568890,TIA
NCT03568890,Bleeding
NCT04896697,Advanced Solid Tumor
NCT03062397,Acute Ischemic Stroke
NCT05483010,Clonal Cytopenia of Undetermined Significance
NCT05483010,Myelodysplastic Syndromes
NCT00955513,Grade I/II Ankle Sprain
NCT00213213,Pain
NCT00213213,"Infant, Newborn"
NCT00213213,Diabetes
NCT01212913,"Diabetes Mellitus, Type 2"
NCT06641960,Orthodontic Appliance Complication
NCT05881720,Heart Failure
NCT06807320,Indirect Pulp Cap
NCT07450482,COPD (Chronic Obstructive Pulmonary Disease)
NCT07450482,COPD
NCT00002082,Cryptosporidiosis
NCT00002082,HIV Infections
NCT01554982,End Stage Renal Disease
NCT01554982,Kidney Failure
NCT01554982,Renal Failure
NCT01554982,Hyperphosphatemia
NCT01554982,ESRD
NCT00041782,Neoplasms
NCT00041782,Deep Vein Thrombosis
NCT04233424,Surgical Site Infection
NCT04233424,Colon Surgery
NCT04233424,Abdominal Surgery
NCT04233424,Post-Op Infection
NCT03812523,Chemotherapy-Induced Peripheral Neuropathy
NCT05197023,Moderate to Severe Atopic Dermatitis
NCT04163523,Healthy Volunteers
NCT02815059,Acute Lymphoblastic Leukemia
NCT00126659,Clear Cell Renal Cell Carcinoma
NCT00126659,Recurrent Renal Cell Cancer
NCT00126659,Stage IV Renal Cell Cancer
NCT04857359,Parkinson Disease
NCT04857359,"Dyskinesia, Drug-Induced"
NCT04857359,Dyskinesias
NCT02740959,Cancer-related Fatigue
NCT01434459,Pancreatic Neoplasms
NCT01434459,Cholangiocarcinoma
NCT05940259,Neoplasms
NCT07459959,Alzheimer s Disease
NCT04563559,Cataract Surgery
NCT04563559,Glaucoma Surgery
NCT01640080,Major Depressive Disorder
NCT01738880,Brain Tumor
NCT00004580,HIV Infections
NCT00212680,Postoperative Supraventricular Tachyarrythmia
NCT06983080,Insomnia Chronic
NCT06983080,Older People
NCT06983080,Drug Therapy
NCT01670162,Age Related Macular Degeneration
NCT01670162,Pigment Epithelial Detachment
NCT03822962,Nasal Sinus; Inflammation
NCT03822962,Opioid Abuse
NCT03822962,"Pain, Postoperative"
NCT05914662,Waldenstrom Macroglobulinemia
NCT03436862,Hodgkin Lymphoma
NCT02172846,"Carcinoma, Non-Small-Cell Lung"
NCT02652546,"HIV, Inflammation"
NCT03829046,Atherosclerotic Vascular Disease
NCT03829046,Type2 Diabetes
NCT03829046,Microvascular Dysfunction
NCT02757703,Vasoconstrictor Choice on Acute Variceal Bleeding
NCT06543303,Dry Eye
NCT01349803,Chronic Obstructive Pulmonary Disease
NCT00846703,Acute Lymphoblastic Leukemia
NCT05700903,Androgen Deprivation Therapy
NCT05700903,Prostate Cancer
NCT05700903,Hypertension
NCT05700903,Autonomic Dysfunction
NCT05700903,Renal Disease
NCT04664803,Acute Sinusitis
NCT06415903,Advanced Malignant Cancer
NCT03813303,Colonoscopy
NCT03813303,Anesthesia
NCT02042027,Corneal Neovascularization
NCT02042027,Corneal Graft Failure
NCT02042027,Anterior Segment Inflammation
NCT01463670,Multiple Myeloma
NCT02511561,Otitis Externa
NCT05584761,Myelodysplastic Syndromes
NCT05584761,Chronic Myelomonocytic Leukemia-2
NCT05584761,Secondary Acute Myeloid Leukemia
NCT02512861,Pain
NCT00377442,Diabetes Mellitus Type 2
NCT07513142,Thigh Muscle Injury
NCT07513142,Thigh Injury
NCT07513142,Musculoskeletal
NCT07513142,Musculoskeletal Injury Trauma
NCT07513142,Musculoskeletal Injuries
NCT00968942,Lateral Canthal Lines
NCT00968942,Crow's Feet
NCT00968942,Facial Wrinkles
NCT00313586,Acute Myeloid Leukemia Arising From Previous Myelodysplastic Syndrome
NCT00313586,Adult Acute Myeloid Leukemia in Remission
NCT00313586,Adult Acute Myeloid Leukemia With Inv(16)(p13.1q22); CBFB-MYH11
NCT00313586,Adult Acute Myeloid Leukemia With t(16;16)(p13.1;q22); CBFB-MYH11
NCT00313586,Adult Acute Myeloid Leukemia With t(8;21)(q22;q22); RUNX1-RUNX1T1
NCT00313586,Adult Acute Myeloid Leukemia With t(9;11)(p22;q23); MLLT3-MLL
NCT00313586,Adult Acute Promyelocytic Leukemia With t(15;17)(q22;q12); PML-RARA
NCT00313586,Alkylating Agent-Related Acute Myeloid Leukemia
NCT00313586,Chronic Myelomonocytic Leukemia
NCT00313586,de Novo Myelodysplastic Syndrome
NCT00313586,Previously Treated Myelodysplastic Syndrome
NCT00313586,Recurrent Adult Acute Myeloid Leukemia
NCT00313586,Secondary Acute Myeloid Leukemia
NCT00313586,Secondary Myelodysplastic Syndrome
NCT00313586,Untreated Adult Acute Myeloid Leukemia
NCT02359942,Helicobacter Pylori Infection
NCT02283242,Abdominal Obesity Metabolic Syndrome
NCT04017442,Postpartum Pain
NCT04017442,Postpartum Depression
NCT04017442,Opioid Consumption
NCT07063342,Healthy Volunteers
NCT00229970,Asthma
NCT03408470,Intestinal Disorders
NCT03408470,"Bowel Diseases, Inflammatory"
NCT01475370,Acute Myeloid Leukemia
NCT03474770,Focal Impaired Awareness Seizures
NCT00109070,Colorectal Cancer
NCT00002070,Cytomegalovirus Retinitis
NCT00002070,HIV Infections
NCT00068770,Brain and Central Nervous System Tumors
NCT05029973,Hepatocellular Carcinoma
NCT00541073,Malignant Mesothelioma
NCT01127269,"Diabetes Mellitus, Type 2"
NCT03462069,Diabetes Mellitus
NCT01301469,Decreased and Nonspecific Blood Pressure Disorders and Shock
NCT05236569,Melasma
NCT00001083,HIV Infections
NCT00922441,Essential Hypertension
NCT07550517,High-Risk Localized Prostate Cancer
NCT01355289,Thrombocytopenia
NCT05005689,Orthodontic Appliance Complication
NCT05005689,Tooth Demineralization
NCT03266640,Cytomegalovirus Infections
NCT03266640,Primary Immune Deficiency Disorder
NCT02009540,Overactive Detrusor
NCT03937440,Stomach Cancer
NCT02367040,"Lymphoma,Non-Hodgkin"
NCT00019968,Stage IVB Adult Soft Tissue Sarcoma
NCT00019968,Stage IIB Adult Soft Tissue Sarcoma
NCT00019968,Stage IIC Adult Soft Tissue Sarcoma
NCT00019968,Recurrent Adult Soft Tissue Sarcoma
NCT00019968,Stage IVA Adult Soft Tissue Sarcoma
NCT00019968,Stage III Adult Soft Tissue Sarcoma
NCT03709550,Castration Levels of Testosterone
NCT03709550,Castration-Resistant Prostate Carcinoma
NCT03709550,Metastatic Prostate Carcinoma in the Soft Tissue
NCT03709550,Prostate Carcinoma Metastatic in the Bone
NCT03709550,PSA Level Greater Than or Equal to Two
NCT03709550,PSA Progression
NCT03709550,Stage IV Prostate Cancer AJCC v8
NCT03709550,Stage IVA Prostate Cancer AJCC v8
NCT03709550,Stage IVB Prostate Cancer AJCC v8
NCT01537250,Community-acquired Pneumonia
NCT00566150,Bipolar Depression
NCT05799391,Upper Extremity Problem
NCT00306891,Cancer
NCT00792818,Osteoarthritis
NCT01854918,Hyperlipidemia and Mixed Dyslipidemia
NCT01429818,Endothelial Dysfunction
NCT01429818,Diabetes Mellitus
NCT01528618,Nasopharyngeal Neoplasms
NCT05023018,"Residual, Progressive or Recurrent Grade II or III Meningioma"
NCT06568718,Lower Urinary Tract Symptoms
NCT06568718,Prostatic Hyperplasia
NCT00638690,Prostatic Neoplasms
NCT02835118,Clostridium Difficile Associated Diarrhea (CDAD)
NCT04626518,"Carcinoma, Renal Cell"
NCT07396090,Advanced Solid Tumor
NCT05291390,Acute Myeloid Leukemia (AML)
NCT05291390,Acute Lymphoblastic Leukemia (ALL)
NCT04465097,Breast Cancer
NCT03014297,Neuroendocrine Tumors
NCT03014297,Everolimus
NCT05220410,Treatment Resistant Depression
NCT05220410,Suicidal Ideation
NCT02105610,Aortocoronary Bypass
NCT02105610,Cardiac Surgery
NCT02105610,Coronary Artery Bypass Grafting
NCT00394810,Prostate Cancer
NCT01683513,Infertility
NCT01683513,PCOS
NCT03505710,Non-Small Cell Lung Cancer
NCT04305210,Alzheimer's Disease
NCT00390013,Vulvar Pain Symptoms
NCT00390013,Vulvodynia (Chronic Vulvar Pain)
NCT03475160,Recurrent Abortion
NCT02162160,Post Menopausal Dryness in the Intimate Area of Women
NCT00979160,Systemic Mastocytosis
NCT04972760,Dermatomyositis
NCT00248313,Kidney Disease
NCT00572260,Antimicrobial Prophylaxis
NCT07337460,Hepatocellular Carcinoma (HCC)
NCT03021460,Metastatic Melanoma
NCT03021460,Stage III Cutaneous Melanoma AJCC v7
NCT03021460,Stage IIIA Cutaneous Melanoma AJCC v7
NCT03021460,Stage IIIB Cutaneous Melanoma AJCC v7
NCT03021460,Stage IIIC Cutaneous Melanoma AJCC v7
NCT03021460,Stage IV Cutaneous Melanoma AJCC v6 and v7
NCT03021460,Unresectable Melanoma
NCT00151320,Non-Hodgkin's Lymphoma
NCT07669220,Rectal Adenocarcinoma
NCT07669220,High-risk Locally Advanced
NCT07669220,Short-course Radiotherapy (SCRT)
NCT07669220,Immunotherapy
NCT07669220,FOLFOX
NCT06357520,Healthy Participants
NCT03011320,Ovary Cancer
NCT01935882,Malaria
NCT01935882,Asymptomatic Malaria
NCT01935882,Plasmodium Falciparum
NCT03475524,Melasma
NCT07481682,Tranexamic Acid
NCT07481682,Pulmonary Hemorrhage
NCT07481682,Pediatric
NCT07481682,Intensive Care Unit
NCT02938923,Hip Fracture
NCT02938923,Frailty
NCT02938923,Sarcopenia
NCT01009359,Diagnostic Imaging
NCT05806359,Healthy Volunteers
NCT05624359,Postoperative Pain
NCT00841659,Healthy
NCT00003159,Lung Cancer
NCT00749359,Depressive Disorder
NCT00016159,Leukemia
NCT01243359,Clear Cell Renal Cell Carcinoma
NCT01243359,Recurrent Renal Cell Cancer
NCT01243359,Stage I Renal Cell Cancer
NCT01243359,Stage II Renal Cell Cancer
NCT01243359,Stage III Renal Cell Cancer
NCT01243359,Stage IV Renal Cell Cancer
NCT01243359,"Unspecified Adult Solid Tumor, Protocol Specific"
NCT02264080,Healthy
NCT00483080,Colorectal Cancer (CRC)
NCT07146880,Brugada Syndrome (BrS)
NCT06685679,Neonatal Diseases and Abnormalities
NCT06685679,Neonatal Mortality
NCT06685679,Pulmonary Arterial Hypertension
NCT06685679,"Pulmonary Arterial Hypertension, Children"
NCT00760279,Ureaplasma
NCT00760279,Bacterial Infection
NCT07203079,Postoperative Pain
NCT03973879,Malignant Glioma
NCT02122679,"Heart Defect, Congenital"
NCT00195780,Bipolar I Disorder
NCT07167862,Preeclampsia
NCT07167862,Preeclampsia Postpartum
NCT07167862,Preeclampsia Severe or Mild
NCT00419562,"Diabetes Mellitus, Type 1"
NCT01306162,Healthy
NCT04302662,Cystic Fibrosis
NCT04302662,Cystic Fibrosis Gastrointestinal Disease
NCT04302662,Cystic Fibrosis of Pancreas
NCT06134362,HIV Infections
NCT00087646,"Hepatitis C, Chronic"
NCT03817346,Safety and Tolerability
NCT02356588,Post-Operative Pain
NCT05263388,Infertility
NCT04601688,Branch Retinal Vein Occlusion
NCT01908803,Acute Otitis Media
NCT05422703,Temporomandibular Joint Dysfunction
NCT07173127,Uterine Fibroid
NCT02798627,Cocaine Use Disorder
NCT02861261,Type 2 Diabetes
NCT01445561,Hematologic Diseases
NCT06980961,Stasis Dermatitis
NCT02371161,Non Hodgkin Lymphoma
NCT06774261,Alzheimer Disease
NCT06774261,Mild Cognitive Impairment
NCT00000142,HIV Infections
NCT00000142,CMV Cytomegalovirus Retinitis
NCT05076786,Neuroendocrine Tumors
NCT05076786,Neuroendocrine Carcinoma
NCT06674486,Bioequivalency
NCT06674486,Safety Issues
NCT05018286,Short Bowel Syndrome
NCT01031186,Depressive Disorder and Anxiety Disorders
NCT02940886,Iron Deficiency Anaemia
NCT02940886,Iron Deficiency Anemia
NCT06468670,Esophageal Squamous Cell Carcinoma
NCT02239770,Smoking Cessation
NCT03216473,Essential Blepharospasm
NCT04868773,Colorectal Cancer
NCT04868773,Colorectal Carcinoma
NCT04868773,Metastatic Cancer
NCT04868773,CRC
NCT05972473,Neovascular Age-related Macular Degeneration
NCT06838273,Non-small Cell Lung Cancer
NCT00973973,"Endometriosis, Pain"
NCT03901469,Triple Negative Breast Cancer
NCT00138983,Rheumatoid Arthritis
NCT00138983,Polymyalgia Rheumatica
NCT00138983,Giant Cell Arteritis
NCT00138983,Polymyositis
NCT00138983,Wegener's Granulomatosis
NCT00415883,Healthy
NCT01386541,Type 2 Diabetes Mellitus
NCT05553041,Glioma
NCT05553041,High Grade Glioma
NCT05553041,"Glioma, Malignant"
NCT05553041,Glioma Intracranial
NCT05553041,Diffuse Glioma
NCT03126760,"Multiple Sclerosis, Relapsing-Remitting"
NCT02374060,Macular Edema
NCT02374060,Uveitis
NCT00040560,Lung Neoplasms
NCT00040560,"Carcinoma, Non-Small-Cell Lung"
NCT00040560,Brain Neoplasms
NCT00040560,"Metastases, Neoplasm"
NCT00132860,"Pulmonary Disease, Chronic Obstructive"
NCT00335920,Sudden Deafness
NCT03476460,"Kidney Failure, Chronic"
NCT03476460,"Kidney Failure, Acute"
NCT03476460,Heart Failure
NCT03476460,Diabetes
NCT01343082,Open Angle Glaucoma or Ocular Hypertension
NCT05278182,Atherosclerotic Cardiovascular Disease
NCT04983160,Chronic Kidney Disease
NCT02108782,Gastrinoma
NCT02108782,Glucagonoma
NCT02108782,Insulinoma
NCT02108782,Pancreatic Polypeptide Tumor
NCT02108782,Recurrent Islet Cell Carcinoma
NCT02108782,Somatostatinoma
NCT00880282,"Unspecified Childhood Solid Tumor, Protocol Specific"
NCT01076582,Oral Contraceptive
NCT04792424,Regional Citrate Anticoagulation
NCT04792424,Ionized Calcium
NCT04792424,Continuous Renal Replacement Therapy
NCT01087424,Diffuse Large B-Cell Lymphoma
NCT05118724,Colorectal Cancer
NCT01288924,Shoulder Pain
NCT01288924,Post-operative Pain
NCT01434524,Liver Cancer
NCT05598723,Chronic Migraine
NCT00546923,Anxiety Disorders
NCT00546923,Depression
NCT01854723,Diabetes
NCT03616223,Sensorineural Hearing Loss
NCT06222723,Lassa Fever
NCT03348423,Pain
NCT03752723,Triple Negative Breast Cancer
NCT04879823,Adenotonsillectomy
NCT04879823,Analgesia
NCT04879823,Surgery
NCT03592823,Atrial Fibrillation
NCT04051723,"Pain, Postoperative"
NCT04051723,Children
NCT05256823,To Evaluate the Safety and Efficacy of Celecoxib Plus Nucleos(t)Ide Analogues in Nucleos(t)Ide-treated Patients With Chronic Hepatitis B
NCT00715559,Major Depressive Disorder
NCT05238896,Rheumatoid Arthritis
NCT02822196,Breast Cancer
NCT02822196,Mastectomy
NCT02822196,Regional Anesthesia
NCT02822196,Post Operative Pain
NCT00001959,Fibrosis
NCT00001959,Focal Glomerulosclerosis
NCT00001959,Kidney Failure
NCT00001959,Nephrotic Syndrome
NCT00001959,Proteinuria
NCT00563459,Epilepsy
NCT00563459,Seizures
NCT03515980,Liver Dysfunction
NCT03515980,Liver Insufficiency
NCT03515980,Hepatic Failure
NCT03515980,Myocardial Failure
NCT03515980,Cardiac Failure
NCT03515980,Congestive Heart Failure
NCT03515980,Heart Decompensation
NCT03775096,REM Sleep Behavior Disorder
NCT03775096,Pre-motor Parkinson Disease
NCT03775096,Symptomatic Parkinson Disease
NCT05923996,Skin Abnormalities
NCT04566796,Sugammadex
NCT01598480,Burns
NCT03229980,Cardioplegia
NCT00681980,Paraparesis Spastic Tropical
NCT06676696,"Renal Failure , Chronic"
NCT06676696,Graft Failure
NCT06676696,Graft Rejection
NCT06676696,Allograft
NCT06676696,Renal Failure Chronic Requiring Dialysis
NCT00652262,Erectile Dysfunction
NCT00652262,Sexual Dysfunction
NCT00652262,Spinal Cord Injury
NCT02704546,Methylphenidate
NCT01749046,Epilepsy
NCT01749046,Simple Partial Seizures
NCT01749046,Complex Partial Seizures
NCT01749046,Partial Seizures With Secondary Generalization
NCT00088946,Bladder Cancer
NCT03157388,Alcoholic Hepatitis
NCT00254488,Bipolar Disorder
NCT00254488,Mania
NCT02187588,Pain
NCT04159688,Alcohol Drinking
NCT02220088,Hepatocellular Carcinoma
NCT00420303,"Spondylarthropathies, Enthesitis"
NCT03070327,Multiple Myeloma
NCT01054027,Retinopathy of Prematurity (ROP)
NCT02122627,Chronic Obstructive Pulmonary Disease
NCT05012761,Healthy
NCT06059261,Nasopharyngeal Carcinoma
NCT01425242,Hypertension
NCT01425242,Abdominal Aortic Aneurysm
NCT04356742,Type 2 Diabetes
NCT01246986,"Carcinoma, Hepatocellular"
NCT06369870,Analgesic Effect
NCT04556370,Adverse Effect
NCT05536570,Thoracic Outlet Syndrome
NCT05536570,Whiplash Injuries
NCT00687570,Rectal Cancer
NCT05525286,Pancreatic Cancer
NCT04802070,Sarcoma
NCT04387773,Parkinson Disease
NCT06539273,Androgenetic Alopecia
NCT06539273,Exosomes
NCT06141473,Multiple Sclerosis
NCT06835569,Cancer
NCT06835569,PDAC - Pancreatic Ductal Adenocarcinoma
NCT06835569,NSCLC (Non-small Cell Lung Cancer)
NCT06835569,CRC (Colorectal Cancer)
NCT06835569,Advanced Solid Tumors
NCT01281969,Obsessive-Compulsive Disorder
NCT01281969,Children
NCT01281969,Anxiety Disorder
NCT01281969,Autoimmune Disease
NCT01281969,PANDAS
NCT02948569,Metabolic Syndrome
NCT02623569,Angina Pectoris
NCT00049283,Metastatic Squamous Neck Cancer With Occult Primary Squamous Cell Carcinoma
NCT00049283,Stage III Squamous Cell Carcinoma of the Hypopharynx
NCT00049283,Stage III Squamous Cell Carcinoma of the Larynx
NCT00049283,Stage III Squamous Cell Carcinoma of the Lip and Oral Cavity
NCT00049283,Stage III Squamous Cell Carcinoma of the Nasopharynx
NCT00049283,Stage III Squamous Cell Carcinoma of the Oropharynx
NCT00049283,Stage III Verrucous Carcinoma of the Larynx
NCT00049283,Stage III Verrucous Carcinoma of the Oral Cavity
NCT00049283,Stage IV Squamous Cell Carcinoma of the Hypopharynx
NCT00049283,Stage IV Squamous Cell Carcinoma of the Nasopharynx
NCT00049283,Stage IVA Squamous Cell Carcinoma of the Larynx
NCT00049283,Stage IVA Squamous Cell Carcinoma of the Lip and Oral Cavity
NCT00049283,Stage IVA Squamous Cell Carcinoma of the Oropharynx
NCT00049283,Stage IVA Verrucous Carcinoma of the Larynx
NCT00049283,Stage IVA Verrucous Carcinoma of the Oral Cavity
NCT00049283,Stage IVB Squamous Cell Carcinoma of the Larynx
NCT00049283,Stage IVB Squamous Cell Carcinoma of the Lip and Oral Cavity
NCT00049283,Stage IVB Squamous Cell Carcinoma of the Oropharynx
NCT00049283,Stage IVB Verrucous Carcinoma of the Larynx
NCT00049283,Stage IVB Verrucous Carcinoma of the Oral Cavity
NCT00049283,Stage IVC Squamous Cell Carcinoma of the Larynx
NCT00049283,Stage IVC Squamous Cell Carcinoma of the Lip and Oral Cavity
NCT00049283,Stage IVC Squamous Cell Carcinoma of the Oropharynx
NCT00049283,Stage IVC Verrucous Carcinoma of the Larynx
NCT00049283,Stage IVC Verrucous Carcinoma of the Oral Cavity
NCT00049283,Tongue Cancer
NCT00049283,Untreated Metastatic Squamous Neck Cancer With Occult Primary
NCT05970783,Chronic Pelvic Pain
NCT05628883,Metastatic Melanoma
NCT05628883,Unresectable Melanoma
NCT05628883,Acral Melanoma
NCT05628883,Mucosal Melanoma
NCT05628883,Cutaneous Melanoma
NCT05628883,Ocular Melanoma
NCT05628883,Uveal Melanoma
NCT05628883,Iris Melanoma
NCT05628883,Conjunctival Melanoma
NCT05628883,Non-Cutaneous Melanoma
NCT00099541,Non-Small-Cell Lung Cancer
NCT00099541,"Pleural Effusion, Malignant"
NCT01918241,Neutropenia
NCT01118741,Prostate Cancer
NCT02975141,Metastatic Pancreatic Cancer
NCT01580683,Atrial Fibrillation
NCT00151983,Attention Deficit Disorder With Hyperactivity
NCT00720083,Head and Neck Cancer
NCT04795583,Covid19
NCT07483983,Metastatic/Locally Advanced Non-Small-Cell Lung Cancer
NCT07483983,Metastatic/Locally Pancreatic Ductal Adenocarcinoma
NCT06184841,Hepatic Arterial Infusion Chemotherapy
NCT06184841,Liver Metastases
NCT06184841,Esophageal Squamous Cell Carcinoma
NCT01760954,Endometriosis
NCT01848054,Opioid-Related Disorders
NCT01848054,Opiate Dependence
NCT05301205,Gabapentin
NCT01266005,Chronic Hepatitis B
NCT04148105,Aneurysmal Subarachnoid Hemorrhage
NCT00802594,"Trypanosomiasis, African"
NCT00889694,Early Ankylosing Spondylitis
NCT01586494,Pain
NCT00346294,Rheumatoid Arthritis
NCT00712166,Cystic Fibrosis
NCT00712166,Lung Infection
NCT00712166,Pseudomonas Aeruginosa
NCT01711866,Advanced Idiopathic Parkinson's Disease
NCT00020566,Sarcoma
NCT04316351,IIIb/IV NSCLC With T790M Positive Mutations Failed to Osimertinib Therapy
NCT04185051,Healthy
NCT05817851,Cardiac Arrest
NCT03523351,Metastatic Solid Tumors of Metastatic Disease
NCT00695851,Prostate Cancer
NCT06194851,Post-Traumatic Stress Disorder (PTSD)
NCT01101451,Cervical Adenocarcinoma
NCT01101451,Cervical Adenosquamous Carcinoma
NCT01101451,"Cervical Squamous Cell Carcinoma, Not Otherwise Specified"
NCT01101451,Stage I Cervical Cancer AJCC v6 and v7
NCT01101451,Stage IA Cervical Cancer AJCC v6 and v7
NCT01101451,Stage IB Cervical Cancer AJCC v6 and v7
NCT01101451,Stage IIA Cervical Cancer AJCC v7
NCT00232635,Respiratory Syncytial Virus Infections
NCT06057935,Malignant Peritoneal Mesothelioma
NCT06057935,Peritoneal Mesothelioma
NCT06057935,Mesothelioma
NCT06057935,"Mesothelioma, Malignant"
NCT06057935,Malignant Mesothelioma
NCT06424717,Urothelial Carcinoma
NCT00040417,Sickle Cell Anemia
NCT00040417,Hemoglobinopathy
NCT00040417,Thalassemia
NCT00003317,Lung Cancer
NCT01213017,Rheumatoid Arthritis
NCT01545817,"Carcinoma, Renal Cell"
NCT03497117,Cystic Fibrosis
NCT00220740,"Polyradiculoneuropathy, Chronic Inflammatory Demyelinating"
NCT03868540,Healthy
NCT04548440,Esophageal Squamous Cell Carcinoma
NCT03295240,Mantle Cell Lymphoma
NCT03295240,Lymphoma
NCT00146640,Rheumatoid Arthritis
NCT04727840,Chronic Kidney Diseases
NCT04727840,Hyperkalemia
NCT06065540,Type 2 Diabetes Mellitus
NCT04176250,Pulmonary Tuberculosis
NCT03929250,Healthy
NCT03929250,Elderly
NCT01957150,"Pulmonary Disease, Chronic Obstructive"
NCT00796250,Crohn's Disease
NCT00657618,Leishmaniasis
NCT06601218,Cancer
NCT06601218,"Cancers, Pain"
NCT06537518,ACL Injury
NCT00070018,Lymphoma
NCT04001218,Healthy
NCT04001218,Neck Pain
NCT03446690,White Spot Lesion
NCT03446690,Orthodontic Treatment
NCT00171990,Recurrent Genital Herpes
NCT01889290,"Opioid Use, Unspecified With Other Opioid-induced Disorder"
NCT03380390,Rosacea
NCT02131597,High Risk Myelodysplastic Syndrome
NCT00877097,Osteoporosis
NCT01200797,Recurrent Fallopian Tube Cancer
NCT01200797,Recurrent Ovarian Epithelial Cancer
NCT01200797,Recurrent Primary Peritoneal Cavity Cancer
NCT06192797,Cholangiocarcinoma Non-resectable
NCT04254913,Japanese Patients With ALS
NCT06113913,Inflammatory Bowel Diseases
NCT06113913,Crohn Disease
NCT06113913,Ulcerative Colitis
NCT06588413,Multiple Myeloma
NCT06588413,Autologous Stem Cell Transplantation
NCT00387413,Hyperalgesia
NCT05835713,Respiratory Disease
NCT05835713,Tracheal Stenosis
NCT05835713,Endobronchial Mass
NCT03998813,Knee Pain Chronic
NCT01146613,Alcoholism
NCT07226713,Prostate Cancer
NCT04075513,Type 1 Diabetes Mellitus
NCT01881113,Allergic Conjunctivitis
NCT00261560,Sprains and Strains
NCT00261560,Pain
NCT00733720,Cocaine-related Disorders
NCT02308020,Breast Cancer
NCT02308020,Non-small Cell Lung Cancer
NCT02308020,Melanoma
NCT02308020,Brain Metastases
NCT05937282,Hemodynamic Responses
NCT05937282,Laparoscopic Cholecystectomy
NCT05937282,Dexmedetomidine
NCT05937282,Lidocaine
NCT05937282,Propofol
NCT02610582,Achromatopsia
NCT03659682,Parkinson Disease
NCT03250182,Chronic Obstructive Pulmonary Disease
NCT02691182,Attention Deficit Hyperactivity Disorder (ADHD)
NCT00961259,Healthy
NCT04489459,Treatment of Blood Stream Infections Due to Multidrug-Resistant Klebsiella Pneumoniae
NCT02252796,Non-small Cell Lung Cancer
NCT00056459,Colorectal Neoplasms
NCT00056459,Colonic Neoplasms
NCT00056459,Rectal Neoplasms
NCT04500496,Postmenopausal Bleeding
NCT04712396,"Healthy Volunteers (Intended Indication: Metastatic Patients With Triple Negative or HR+ Breast Cancer, or Hormone Sensitive Prostate Cancer)"
NCT01455896,Type 2 Diabetes
NCT00327379,"Blood Loss, Surgical"
NCT00327379,Postoperative Hemorrhage
NCT00171080,Hypertension
NCT00856596,Tinea Pedis
NCT00856596,Athlete's Foot
NCT00856596,Foot Fungus
NCT00856596,Ringworm
NCT05916196,Uterine Cancer
NCT03054896,Richter Syndrome
NCT03120962,Herpes Zoster
NCT03120962,Post-herpetic Neuralgia
NCT01103388,Non-Hodgkin's Lymphoma
NCT01579188,Inoperable Stage III Non-small Cell Lung Cancer
NCT03523988,NSAID
NCT03523988,Pain Management
NCT00613288,Hypogonadism
NCT03419403,Glioblastoma Multiforme
NCT00612703,Cancer
NCT02363127,Infertility
NCT03262727,Systemic Lupus Erythematosus
NCT03262727,Arthritic Psoriasis
NCT03262727,Psoriasis
NCT03262727,Inflammatory Bowel Diseases
NCT03698227,Advanced Soft Tissue Sarcoma
NCT04362527,Vasospasm
NCT04019561,Non-alcoholic Fatty Liver Disease (NAFLD)
NCT04019561,Non-alcoholic Steatohepatitis (NASH)
NCT00812461,Alcohol Dependence
NCT07448142,Colorectal Cancer (CRC)
NCT01872442,Chronic Phase of Chronic Myeloid Leukemia
NCT02358161,Pancreatic Cancer
NCT01357161,Ovarian Cancer
NCT02952586,Squamous Cell Carcinoma of the Head and Neck
NCT00891670,Coronary Artery Stenosis
NCT00891670,Maximal Platelet Aggregation
NCT00891670,Late Platelet Aggregation
NCT00891670,High Post-Treatment Platelet Reactivity
NCT01567670,Binge Eating Disorder
NCT01633970,Cancer
NCT01197170,Solid Tumors
NCT01197170,Advanced Cancer
NCT01530373,Hot Flashes
NCT01530373,Breast Cancer
NCT07013773,Healthy Male and Female Subjects
NCT02949973,Lupus Nephritis
NCT00238173,Bone Marrow Suppression
NCT00238173,Brain and Central Nervous System Tumors
NCT00238173,Drug/Agent Toxicity by Tissue/Organ
NCT00238173,Long-term Effects Secondary to Cancer Therapy in Children
NCT02115360,Amputation Stumps
NCT02462720,Varicose Veins
NCT04350320,COVID19
NCT02479620,Chronic Limb Ischemia
NCT00577720,Postmenopausal Women
NCT02193282,Lung Non-Squamous Non-Small Cell Carcinoma
NCT02193282,Stage IB Lung Non-Small Cell Carcinoma AJCC v7
NCT02193282,Stage II Lung Non-Small Cell Cancer AJCC v7
NCT02193282,Stage IIA Lung Non-Small Cell Carcinoma AJCC v7
NCT02193282,Stage IIB Lung Non-Small Cell Carcinoma AJCC v7
NCT02193282,Stage IIIA Lung Non-Small Cell Cancer AJCC v7
NCT00728923,Obsessive Compulsive Disorder
NCT01424423,Multiple Sclerosis
NCT02149524,HER2 Positive Early or Locally Advanced Breast Cancer
NCT02531724,Acute Kidney Injury
NCT02531724,"Renal Insufficiency, Acute"
NCT06690723,Obstructive Sleep Apnea
NCT01758523,Alcoholism
NCT01758523,Alcohol Abuse
NCT01758523,Alcohol Dependence
NCT03895359,Hepatocellular Carcinoma
NCT03307759,Non-small Cell Lung Cancer
NCT07346859,Primary Immunodeficiency Diseases
NCT03686059,Ocular Surface Disease
NCT03679780,Cardiovascular Diseases
NCT03679780,Cardiovascular Risk Factor
NCT03679780,Vasoconstriction
NCT05075980,Head and Neck Carcinoma
NCT05075980,Head and Neck Carcinoma of Unknown Primary
NCT05075980,Hypopharyngeal Carcinoma
NCT05075980,Laryngeal Carcinoma
NCT05075980,Metastatic Malignant Neoplasm in the Lymph Nodes
NCT05075980,Nasal Cavity Carcinoma
NCT05075980,Oral Cavity Carcinoma
NCT05075980,Oropharyngeal Carcinoma
NCT05075980,Paranasal Sinus Carcinoma
NCT05075980,Salivary Gland Carcinoma
NCT05075980,Cutaneous Squamous Cell Carcinoma of the Head and Neck
NCT05075980,Locally Advanced Cutaneous Squamous Cell Carcinoma of the Head and Neck
NCT04162379,Steroid Anlgesia in Cancer Pain
NCT01054196,Multiple Myeloma
NCT06204796,Oral Lichen Planus
NCT06204796,Vitamin D Deficiency
NCT02235480,Nail Psoriasis
NCT07624279,Persistent Post Traumatic Headache
NCT02881762,Hepatitis C
NCT02881762,Human Immunodeficiency Virus
NCT00673062,Seasonal Allergic Rhinitis
NCT03449446,Nonalcoholic Steatohepatitis
NCT00069888,Prostate Cancer
NCT01286103,Healthy
NCT03743662,Glioblastoma
NCT01762462,Hepatic Impairment
NCT00449046,Bronchial Asthma
NCT05660746,Crohn Disease
NCT03206788,Cystic Fibrosis
NCT01568203,Schizophrenia
NCT01576003,Bloodstream Infections
NCT01576003,Short Bowel Syndrome
NCT01576003,Development
NCT01576003,Nutrition
NCT01576003,Biological Markers
NCT06157827,Advanced Neuroendocrine Carcinoma
NCT05529927,Cocaine Use Disorder
NCT07190027,Advanced Non-Small Cell Lung Cancer (NSCLC)
NCT00896961,Stage I Adult Soft Tissue Sarcoma
NCT00896961,Stage I Squamous Cell Carcinoma of the Lip and Oral Cavity
NCT00896961,Stage II Adult Soft Tissue Sarcoma
NCT00896961,Stage II Squamous Cell Carcinoma of the Lip and Oral Cavity
NCT00896961,Stage III Adult Soft Tissue Sarcoma
NCT00896961,Stage III Squamous Cell Carcinoma of the Lip and Oral Cavity
NCT01466361,Smoking
NCT01466361,Smoking Cessation
NCT02202161,"Diabetes Mellitus, Type 2"
NCT00197886,Septic Shock
NCT07549386,Pain Management
NCT07549386,Osteoarthritis
NCT06423170,Unresectable Gallbladder Cancer
NCT04790370,Pulmonary Embolism
NCT06269770,Total Knee Replacement
NCT06269770,Post-operative Pain
NCT06269770,Chronic Pain
NCT05874570,Helicobacter Pylori Infection
NCT05670470,Bowel Preparation
NCT02217670,Comparative Bioavailability
NCT05387070,Hypoparathyroidism
NCT05387070,Parathyroid Hormone Deficiency
NCT05387070,Endocrine System Diseases
NCT05387070,Parathyroid Diseases
NCT03640273,Allergic Rhinitis
NCT03640273,Adverse Drug Event
NCT03640273,Quality of Life
NCT04958473,Renal Cell Carcinoma
NCT04958473,Clear Cell Renal Cell Carcinoma
NCT02628769,"Pulmonary Disease, Chronic Obstructive"
NCT03750383,RSV Infection
NCT02005783,Grade 3/4 Neutropenia
NCT02005783,Febrile Neutropenia
NCT03262441,Human Immunodeficiency Virus I Infection
NCT03460041,Pain in Pediatric Patients
NCT05688241,EBV Lymphoma
NCT05688241,Post-transplant Lymphoproliferative Disease (PTLD)
NCT04397341,Locally Advanced Head and Neck Carcinoma
NCT02053454,Transthyretin (TTR)-Mediated Amyloidosis
NCT05186454,Post Operative Pain
NCT00515554,Hodgkins Lymphoma
NCT01767454,Solid Tumours
NCT03885154,Migraine in Children
NCT01726205,Post-thoracotomy Pain
NCT05050305,Multiple Myeloma
NCT05050305,Multiple Myeloma in Relapse
NCT05050305,"Multiple Myeloma, Refractory"
NCT01250405,Chronic Kidney Disease
NCT04935294,Healthy
NCT04935294,Renal Dysfunction
NCT03633994,Lower Urinary Tract Symptoms
NCT03633994,Postoperative Urinary Tract Infection
NCT00252694,Type 2 Diabetes
NCT04234594,Healthy Males
NCT01813994,Early Gastric Cancer or Gastric Adenoma
NCT06198894,Chronic Sinusitis
NCT00383994,Lymphoma
NCT00383994,Leukemia
NCT00383994,"Transplantation, Stem Cell"
NCT00383994,Lymphoid Malignancies
NCT00383994,Disorder Related to Transplantation
NCT00430066,Polycythemia Vera
NCT00248066,Coronary Artery Disease
NCT00248066,Coronary Restenosis
NCT02937766,"Assessing Injection Pain of Makena® (Hydroxyprogesterone Caproate Injection, 250 mg/mL) in Healthy Post-menopausal Women"
NCT00375960,Pain
NCT00375960,Diabetic Neuropathies
NCT01023360,30 Healthy People
NCT00002520,Bladder Cancer
NCT00002520,Breast Cancer
NCT00002520,Colorectal Cancer
NCT00002520,Head and Neck Cancer
NCT00002520,Lung Cancer
NCT00002520,Lymphoma
NCT00002520,Prostate Cancer
NCT00002520,Testicular Germ Cell Tumor
NCT00002520,Tobacco Use Disorder
NCT00002520,"Unspecified Adult Solid Tumor, Protocol Specific"
NCT05447520,Rheumatoid Arthritis
NCT00715520,Stroke
NCT06700720,Coronary Artery Disease
NCT06700720,Coronary Atherosclerotic Disease
NCT00742820,Hyperphosphatemia
NCT00191724,Submassive Pulmonary Embolism
NCT00945724,Large B-cell Diffuse Lymphoma of Testis
NCT01563523,Acquired Bleeding Disorder
NCT01563523,Trauma
NCT03246724,Surgery
NCT03246724,Sedation
NCT04700423,Trichuriasis
NCT04700423,Ascariasis
NCT04700423,Hookworm Infections
NCT04700423,"Helminthes; Infestation, Intestinal"
NCT04544059,Diffuse Large B Cell Lymphoma
NCT02872259,Melanoma
NCT00282659,Coronary Artery Disease
NCT00282659,Hypertension
NCT00282659,Dyslipidemia
NCT00282659,Diabetes
NCT00376480,Leukemia
NCT00376480,Myelodysplastic Syndromes
NCT06954480,Triple Negative Breast Cancer
NCT07541079,Early Breast Cancer
NCT03862079,Graft-versus-host Disease Prevention
NCT02370680,Cardiovascular Disease
NCT01750580,"CANCER, NOS"
NCT02576080,Gastrointestinal Stromal Tumor
NCT00138580,"Diabetes Mellitus, Type 2"
NCT03908580,"Spasticity, Muscle"
NCT04016779,Attention-Deficit/Hyperactivity Disorder (ADHD)
NCT07334496,Biosimilarity
NCT01657162,Postmenopausal Osteoporosis
NCT01376362,Anterior Uveitis
NCT01376362,Uveitis
NCT01563562,Hepatic Impairment
NCT01563562,Healthy
NCT01745588,Multiple Myeloma
NCT01147588,Healthy
NCT01389388,Carotid Artery Plaque
NCT01389388,Ankylosing Spondylitis
NCT01389388,Rheumatoid Arthritis
NCT04204603,Rheumatoid Arthritis
NCT04211103,"Cervical, Vaginal and Vulval Inflammatory Diseases"
NCT02855203,Renal Cell Carcinoma
NCT01700803,Wound Infections
NCT02591888,Pain
NCT01742988,Lymphoma
NCT01742988,Relapsed Lymphoma
NCT01742988,Refractory Lymphoma
NCT01742988,Relapsed and/or Refractory Lymphoma
NCT01742988,Relapsed Ddiffuse Large B-Cell Lymphoma (DLBCL)
NCT01742988,Refractory Diffuse Large B-Cell Lymphoma (DLBCL)
NCT01742988,Relapsed and/or Refractory Diffuse Large B-Cell Lymphoma (DLBCL)
NCT01742988,Double-hit Lymphoma (DHL)
NCT01742988,Triple-hit Lymphoma (THL)
NCT01742988,Double-expressor Lymphoma (DEL)
NCT01742988,High-grade B-cell Lymphoma (HGBL)
NCT02704403,Nonalcoholic Steatohepatitis (NASH) With Fibrosis
NCT00005603,Leukemia
NCT00885703,Cryptococcal Meningitis
NCT00885703,HIV Infections
NCT01925703,Heart Failure
NCT01925703,Iron Deficiency Anemia
NCT04911127,Rheumatoid Arthritis
NCT04911127,Cannabis
NCT05286827,Pancreatic Acinar Cell Carcinoma
NCT02588027,Rotator Cuff Tear Arthropathy
NCT07058727,Efficacy of Hemostatic Agents
NCT07058727,Partial Pulpotomy
NCT07058727,Postoperative Pain
NCT05429827,Myofascial Trigger Point Pain
NCT02213861,Cutaneous T-Cell Lymphoma (CTCL)
NCT04871061,"Pain, Acute"
NCT02154061,Influenza
NCT01100242,Metastatic Renal Cell Carcinoma
NCT00706342,"Purpura, Thrombocytopenic, Idiopathic"
NCT02176642,Urinary Urge Incontinence
NCT05199142,Cognitive Decline
NCT07517042,Obesity
NCT07517042,Weight Control
NCT03299842,Dravet Syndrome
NCT00825786,Local Anesthetic
NCT06349486,Helicobacter Pylori Eradication
NCT02624986,Non-Hodgkin's Lymphoma
NCT02022670,Vascular Aging
NCT04263870,Gastroesophageal Junction Adenocarcinoma
NCT04263870,Stomach Adenocarcinoma
NCT04263870,Locally Advanced Unresectable Gastric Adenocarcinoma
NCT04263870,Metastatic Gastric Cancer
NCT06684470,IBS - Irritable Bowel Syndrome
NCT06684470,Diarrhea
NCT03160573,Oral Malodor
NCT02644473,Pulmonary Embolism
NCT02644473,Deep Vein Thrombosis
NCT02644473,Stroke
NCT02644473,Myocardial Infarction
NCT03218969,Restless Legs Syndrome
NCT03218969,Augmentation
NCT04920383,Advanced Solid Tumor
NCT04920383,Lymphoma
NCT03792269,Colorectal Cancer Metastatic
NCT03792269,Chemotherapy Effect
NCT03792269,Chemotherapeutic Toxicity
NCT00102869,Cerebrovascular Accident
NCT00102869,Aphasia
NCT02154269,Chronic Chagasic Myocarditis
NCT01480869,Breast Cancer
NCT01665183,"Cutaneous Melanoma, Uveal Melanoma, Ovarian Carcinoma or Other Advanced Solid Tumors"
NCT00489983,Non-Small Cell Lung Cancer
NCT01628783,Depression
NCT02353741,Non Small Cell Lung Cancer
NCT03168841,Onychomycosis
NCT01204554,Reconstructive Surgery
NCT01204554,Microcirculation
NCT00106054,Colorectal Neoplasms
NCT00106054,Liver Neoplasms
NCT03304054,"Myasthenia Gravis, Generalized"
NCT06897605,Chronic Kidney Disease(CKD)
NCT06897605,"Anemia, Kidney Disease, Chronic"
NCT07113054,Healthy
NCT00583154,Constipation
NCT05748405,Down Syndrome
NCT07067905,Clear Cell Renal Cell Carcinoma and Glioblastoma
NCT00778505,Anesthesia
NCT05375305,Pain
NCT00010205,"Unspecified Adult Solid Tumor, Protocol Specific"
NCT02406794,Breast Neoplasms
NCT05985694,Eosinophilic Asthma
NCT02976194,Exudative Age-related Macular Degeneration
NCT02976194,Polypoidal Choroidal Vasculopathy
NCT04274894,Hypogonadism
NCT03393494,Acne Vulgaris
NCT00003694,"Chronic Myelogenous Leukemia, BCR-ABL1 Positive"
NCT00003694,Chronic Phase Chronic Myelogenous Leukemia
NCT07375966,Ischemic Stroke
NCT00181922,Bipolar Disorder
NCT00181922,Mania
NCT03787017,Healthy Volunteers
NCT00091689,Melanoma
NCT03631017,Head and Neck Cancer
NCT01796717,Nosocomial Pneumonia
NCT05471440,Covid-19 Vaccination
NCT04233840,Hepatocellular Carcinoma
NCT07001540,Diffuse Large B-Cell Lymphoma
NCT00220168,Upper Gastrointestinal Tumours
NCT01027689,Healthy
NCT02825940,Neoplasms
NCT06186440,Glioblastoma Multiforme of Brain
NCT06409689,Postoperative Analgesia
NCT05595889,Small Cell Lung Cancer
NCT05595889,Angiogenesis
NCT05595889,Chemotherapy Effect
NCT05745350,Small Cell Lung Cancer Extensive Stage
NCT05910450,"Alopecia, Androgenetic"
NCT05547750,Nocturnal Leg Cramps
NCT00411450,Colon Cancer
NCT00411450,Colorectal Cancer
NCT00411450,Rectal Cancer
NCT00411450,Cancer
NCT00411450,Metastatic Cancer
NCT00411450,Metastatic Colorectal Cancer
NCT00411450,Oncology
NCT01160991,Schizophrenia
NCT01160991,Diabetes
NCT01160991,Insulin Resistance
NCT02518191,Breast Cancer
NCT01802450,Chronic Myeloid Leukemia
NCT00326391,Attention Deficit Disorder With Hyperactivity
NCT03706274,"Solid Tumor, Adult"
NCT02680574,Anemia
NCT02680574,Non-Dialysis-Dependent Chronic Kidney Disease
NCT05394818,Advanced Solid Tumor
NCT02910518,Type1 Diabetes Mellitus
NCT06783790,AML (Acute Myelogenous Leukemia)
NCT03237390,Advanced Malignant Solid Neoplasm
NCT03237390,Metastatic Malignant Solid Neoplasm
NCT06067490,Healthy Volunteers
NCT06447090,Relapse Acute Myeloid Leukemia
NCT01722097,Neuromuscular Blockade
NCT01722097,Pain
NCT01722097,Laparoscopy
NCT04621097,Peripheral Arterial Disease
NCT02352597,Polycystic Ovaries
NCT06665997,Sickle Cell Disease (SCD)
NCT06665997,Vaso-Occlusive Pain Episode in Sickle Cell Disease
NCT00636610,Metastatic Colorectal Cancer
NCT05310110,"Anesthesia, General"
NCT05558410,Acute Pain
NCT04218110,Surgical Site Infection
NCT04090710,Metastatic Renal Cell Carcinoma
NCT05835310,Systemic Lupus Erythematosus
NCT00416520,Chronic Kidney Disease
NCT00416520,Hyperphosphatemia
NCT00654420,"Carcinoma, Non-small-cell Lung"
NCT01742520,Development
NCT02450682,Atrial Fibrillation
NCT01534182,Relapsing Remitting Multiple Sclerosis
NCT02117024,Non Small Cell Lung Cancer
NCT04168723,Healthy Volunteers
NCT04457323,Hypertension
NCT07193459,Type 2 Diabetes
NCT00742859,Atrial Fibrillation
NCT03870880,Schizophrenia
NCT03926780,Anticoagulants; Increased
NCT03926780,Left Ventricular Thrombosis
NCT02698280,Glioblastoma
NCT02290080,Acute Myocardial Infarction (AMI)
NCT02290080,Acute Coronary Syndrome (ACS)
NCT02290080,ST Elevation (STEMI) Myocardial Infarction
NCT02290080,Ischemic Reperfusion Injury
NCT02290080,Non-ST Elevation (NSTEMI) Myocardial Infarction
NCT02290080,"Angina, Unstable"
NCT05009680,Hepatic Impairment
NCT06772779,Healthy
NCT00211679,Arthritis
NCT00211679,Pain
NCT00171379,Prevention of Acute Rejection After Kidney Transplantation
NCT00618579,Healthy
NCT06024096,Vaccine Response
NCT02236962,Type 2 Diabetes
NCT02236962,Obesity
NCT02236962,Cardiovascular Disease
NCT04619862,Pain
NCT04619862,Neuropathic Pain
NCT04619862,Irritability
NCT01949662,Advanced Cancers
NCT00733746,Pancreatic Cancer
NCT01096446,Hypertriglyceridemia
NCT01096446,Hyperglycemia
NCT02556346,Chronic B-cell Lymphocytic Leukemia
NCT02556346,Small Lymphocytic Leukemia
NCT02702388,Thyroid Cancer
NCT07533227,Cachexia; Cancer
NCT07533227,Fecal Microbiota Transplantation (FMT)
NCT05778461,"Liver Failure, Acute"
NCT02707861,HIV
NCT00362661,Posttraumatic Stress Disorder
NCT05315661,Frontotemporal Dementia
NCT02150161,Opioid Free Anaesthesia
NCT02150161,Postoperative Analgesia
NCT06514261,Acute Myeloid Leukemia
NCT05110742,Hematological Malignancy
NCT01304342,Chronic Pain
NCT01078142,Follicular Lymphoma
NCT01078142,Mantle Cell Lymphoma
NCT00004686,Giant Cell Arteritis
NCT03010670,Social Behavior
NCT01000870,Alzheimer Disease
NCT05201170,Dry Eye
NCT05201170,Dry Eye Syndromes
NCT04878770,"Dermatitis, Atopic"
NCT03936270,Ovarian Cancer
NCT03681470,Acne Vulgaris
NCT02259361,Multiple Sclerosis
NCT01982942,"Multiple Sclerosis, Primary Progressive"
NCT01982942,"Multiple Sclerosis, Secondary Progressive"
NCT00284986,Graft Versus Host Disease
NCT01040286,Periodontitis
NCT03948386,"Osteoarthritis, Hip"
NCT02246270,Recurrent Urinary Tract Infections
NCT01266135,Idiopathic Pulmonary Fibrosis
NCT02740335,Significant Bleeding Risk
NCT06724835,Advanced Breast Cancer
NCT04325035,Cardiogenic Shock
NCT05032235,Renal Impairment
NCT01640535,Perennial Allergic Rhinitis
NCT03937635,Smoldering Plasma Cell Myeloma
NCT03398135,Ulcerative Colitis (UC)
NCT06713135,Duchenne Muscular Dystrophy
NCT04373317,Parkinson's Disease Psychosis
NCT05614817,Atopic Dermatitis
NCT00212017,Impaired Glucose Tolerance
NCT00212017,Myocardial Infarction
NCT04477317,Local Anesthesia
NCT04742517,Healthy Volunteers
NCT03808740,Orthostatic Intolerance
NCT00557440,Asthma
NCT06565689,Relapsed or Refractory B-Cell Non-Hodgkin Lymphoma
NCT06045689,Myelodysplastic Syndromes
NCT01021189,Healthy
NCT07626489,Video-assisted Thoracoscopic Surgery (VATS)
NCT07626489,Wedge Resection
NCT07626489,Segmentectomy
NCT07626489,Lobectomy
NCT07626489,Infiltration Anesthesia
NCT04372589,COVID-19
NCT04372589,Pneumonia
NCT07229768,Pancreatic Cancer
NCT01489189,Proliferative Diabetic Retinopathy
NCT06560268,Low Flow Anesthesia
NCT06560268,Sevoflurane
NCT06560268,Strabismus
NCT06560268,Emergence Delirium
NCT06157450,Elder
NCT04195074,Chronic Hepatitis b
NCT03676374,GERD
NCT02768974,Ulcerative Colitis
NCT03831191,Atopic Dermatitis
NCT01013818,Lymphoid Malignancies
NCT00318474,IgA Nephropathy
NCT04408118,Metastatic Breast Cancer
NCT04408118,Advanced Breast Cancer
NCT04408118,Triple Negative Breast Cancer
NCT05874518,Warm Needling
NCT05874518,Electroacupuncture
NCT05874518,Ovulation Dysfunction
NCT02647918,Renal Impairment
NCT02647918,Healthy
NCT00143390,Breast Neoplasms
NCT05549297,Advanced Melanoma
NCT01706510,Coronary Artery Disease
NCT01283997,Myeloma
NCT04570410,Bladder Urothelial Carcinoma
NCT01177410,Irritable Bowel Syndrome With Diarrhea
NCT04890613,Advanced Solid Tumor
NCT02072213,Healthy
NCT02419313,Parkinson
NCT02419313,Tremor
NCT00656513,Head and Neck Cancer
NCT00656513,Xerostomia
NCT04760860,Dementia With Lewy Bodies
NCT04860960,"Niemann-Pick Disease, Type C1"
NCT00108420,"Stress Disorder, Post-Traumatic"
NCT00911820,Esophageal Cancer
NCT00911820,Gastric Cancer
NCT00911820,Stomach Cancer
NCT04799782,Spinal Cord Injuries
NCT04799782,Sleep Disordered Breathing
NCT00531882,Cystic Fibrosis
NCT04901923,Healthy Participants
NCT03207724,Pancreatic Cancer
NCT03207724,Cachexia
NCT03207724,Weight Loss
NCT01208324,Menopause
NCT01125124,Malignant Pleural Effusion
NCT02736123,Melanoma
NCT03462459,Recurrent Clostridium Difficile Infection
NCT03462459,Clostridium Difficile Infection
NCT03462459,CDI
NCT03462459,C.Difficile Diarrhea
NCT03462459,C. Diff Colitis
NCT03462459,C.Difficile Colitis
NCT07462559,Drug Drug Interaction
NCT07475559,Advanced Solid Tumor Malignancies
NCT02966080,Acute Respiratory Failure
NCT02966080,Extracorporeal Membrane Oxygenation Complication
NCT02966080,Bleeding
NCT04220996,MDD
NCT04220996,Anxiety Disorders
NCT04241380,Total Anomalous Pulmonary Venous Connection
NCT07058779,Safety Issues
NCT02061280,Asthma
NCT03423979,Benign Prostatic Hyperplasia
NCT03423979,Benign Prostatic Hypertrophy
NCT00255879,"Dyskinesia, Drug-Induced"
NCT07082179,NSCLC
NCT01152996,"Depressive Disorder, Major"
NCT00005596,Leukemia
NCT00002096,Cytomegalovirus Infections
NCT00002096,HIV Infections
NCT00597896,Bipolar Disorder
NCT01484496,Systemic Lupus Erythematosus
NCT05537896,Hematological Malignancy
NCT05537896,Neutropenia
NCT00000896,HIV Infections
NCT00462696,Breast Cancer
NCT02878096,Nocturia
NCT07022496,Migraine
NCT07022496,Migraine Disease
NCT07022496,Migraine Headache
NCT07022496,"Migraine Headache, With or Without Aura"
NCT07022496,"Migraine, Acute"
NCT00044889,Acute Myelogenous Leukemia
NCT06773117,Cough
NCT00856817,Atherosclerotic Cardiovascular Disease
NCT05519917,Chordoma of Clivus
NCT00361868,Dyslipidemia
NCT00361868,Glucose Metabolism Disorder
NCT01542268,Irritable Bowel Syndrome
NCT00684268,Hepatitis C
NCT04720768,Melanoma
NCT04720768,Metastasis
NCT02603068,Pulmonary Hypertension
NCT02603068,Pulmonary Fibrosis
NCT05586568,Healthy Subjects
NCT04226950,Essential Thrombocytopenia
NCT01862250,"Encephalopathy, Hypoxic-Ischemic"
NCT00471991,Oral Contraceptive
NCT01543074,Histone Deacetylase (HDAC) Activity
NCT02711891,Pain
NCT03671174,Undifferentiated Connective Tissue Disease
NCT03671174,Recurrent Pregnancy Loss
NCT03204318,Endometriosis Related Pain
NCT00353418,"Hepatitis C, Chronic"
NCT00734890,Lung Cancer
NCT00734890,Lymphoma
NCT00734890,Lymphoproliferative Disorder
NCT00734890,Small Intestine Cancer
NCT00734890,"Unspecified Adult Solid Tumor, Protocol Specific"
NCT07194590,Chronic Kidney Disease (Stage 3-4)
NCT07194590,Vascular Function
NCT07194590,Cognitive Functions
NCT07194590,Cerebrovascular Function
NCT07194590,Blood Pressure
NCT00699790,Type 2 Diabetes
NCT03093090,Medication Absorption
NCT07545590,Healthy
NCT04909697,Acute Respiratory Distress Syndrome
NCT01820897,Urinary Tract Infection
NCT01820897,Asymptomatic Bacteriuria
NCT01820897,Allograft Rejection
NCT01820897,Microbiologic Resistance
NCT01820897,Hospitalization
NCT07443397,Whole-Brain Radiotherapy
NCT03737110,Recurrent Pericarditis
NCT02192710,Paediatric Outpatient Surgery
NCT03590613,Autoimmune Diseases
NCT00153660,Arthritis
NCT00153660,Cardiovascular Diseases
NCT00153660,Cerebrovascular Disorders
NCT00303810,Brain and Central Nervous System Tumors
NCT00650910,"Neoplasms, Breast"
NCT07028710,Luteal Phase Insufficiency
NCT01484210,Asthma
NCT04555213,Covid19
NCT00004213,"Unspecified Adult Solid Tumor, Protocol Specific"
NCT06627413,Schizophrenia or Schizoaffective
NCT00452660,Myelodysplastic Syndrome
NCT04387760,SARS-CoV 2
NCT04387760,COVID-19
NCT01850420,Fibromyalgia
NCT01850420,Chronic Pain
NCT01850420,Myofascial Pain
NCT04294160,BRAF V600 Colorectal Cancer
NCT06223360,Alzheimer Disease
NCT00402220,Major Depressive Disorder
NCT03454620,Metastatic Colorectal Cancer
NCT03454620,Solid Tumor
NCT03467620,Crohn Disease
NCT03467620,Inflammatory Bowel Diseases
NCT03467620,Cannabis
NCT00446420,Cognitive Impairment
NCT01522820,Anaplastic Astrocytoma
NCT01522820,Anaplastic Oligoastrocytoma
NCT01522820,Anaplastic Oligodendroglioma
NCT01522820,Estrogen Receptor Negative
NCT01522820,Estrogen Receptor Positive
NCT01522820,Glioblastoma
NCT01522820,Hormone-Resistant Prostate Cancer
NCT01522820,Metastatic Prostate Carcinoma
NCT01522820,Metastatic Renal Cell Cancer
NCT01522820,Recurrent Adult Brain Neoplasm
NCT01522820,Recurrent Bladder Carcinoma
NCT01522820,Recurrent Breast Carcinoma
NCT01522820,Recurrent Colorectal Carcinoma
NCT01522820,Recurrent Esophageal Carcinoma
NCT01522820,Recurrent Gastric Carcinoma
NCT01522820,Recurrent Hepatocellular Carcinoma
NCT01522820,Recurrent Lung Carcinoma
NCT01522820,Recurrent Melanoma
NCT01522820,Recurrent Ovarian Carcinoma
NCT01522820,Recurrent Prostate Carcinoma
NCT01522820,Recurrent Renal Cell Carcinoma
NCT01522820,Recurrent Uterine Corpus Carcinoma
NCT01522820,Resectable Hepatocellular Carcinoma
NCT01522820,Sarcoma
NCT01522820,Stage IA Breast Cancer
NCT01522820,Stage IA Ovarian Cancer
NCT01522820,Stage IA Uterine Corpus Cancer
NCT01522820,Stage IB Breast Cancer
NCT01522820,Stage IB Ovarian Cancer
NCT01522820,Stage IB Uterine Corpus Cancer
NCT01522820,Stage IC Ovarian Cancer
NCT01522820,Stage II Uterine Corpus Cancer
NCT01522820,Stage IIA Breast Cancer
NCT01522820,Stage IIA Lung Carcinoma
NCT01522820,Stage IIA Ovarian Cancer
NCT01522820,Stage IIB Breast Cancer
NCT01522820,Stage IIB Esophageal Cancer
NCT01522820,Stage IIB Lung Carcinoma
NCT01522820,Stage IIB Ovarian Cancer
NCT01522820,Stage IIB Skin Melanoma
NCT01522820,Stage IIC Ovarian Cancer
NCT01522820,Stage IIC Skin Melanoma
NCT01522820,Stage IIIA Breast Cancer
NCT01522820,Stage IIIA Esophageal Cancer
NCT01522820,Stage IIIA Lung Carcinoma
NCT01522820,Stage IIIA Ovarian Cancer
NCT01522820,Stage IIIA Skin Melanoma
NCT01522820,Stage IIIA Uterine Corpus Cancer
NCT01522820,Stage IIIB Breast Cancer
NCT01522820,Stage IIIB Esophageal Cancer
NCT01522820,Stage IIIB Ovarian Cancer
NCT01522820,Stage IIIB Skin Melanoma
NCT01522820,Stage IIIB Uterine Corpus Cancer
NCT01522820,Stage IIIC Breast Cancer
NCT01522820,Stage IIIC Esophageal Cancer
NCT01522820,Stage IIIC Ovarian Cancer
NCT01522820,Stage IIIC Skin Melanoma
NCT01522820,Stage IIIC Uterine Corpus Cancer
NCT01522820,Stage IV Bladder Urothelial Carcinoma
NCT01522820,Stage IV Esophageal Cancer
NCT01522820,Stage IV Ovarian Cancer
NCT01522820,Stage IV Prostate Cancer
NCT01522820,Stage IV Skin Melanoma
NCT01522820,Stage IVA Uterine Corpus Cancer
NCT01522820,Stage IVB Uterine Corpus Cancer
NCT00949182,Liver Cancer
NCT03774082,Graft vs Host Disease
NCT06449482,"Acute Myeloid Leukemia, Adult"
NCT00738582,Malignant Pleural Mesothelioma
NCT01641224,Irritable Bowel Syndrome
NCT01456624,Healthy
NCT00358423,Cystoid Macular Edema
NCT00096382,Melanoma (Skin)
NCT06710782,Transcutaneous
NCT06710782,Pulsed Radiofrequency
NCT06710782,Genicular Nerve Block
NCT06710782,Intraarticular
NCT06710782,Hyaluronic Acid
NCT06710782,Chronic Pain
NCT06710782,Knee Osteoarthritis
NCT05013424,Glabellar Lines
NCT05407324,Amyotrophic Lateral Sclerosis
NCT00223223,Memory Loss Associated With Corticosteroid Use
NCT00223223,Manic State Associated With Corticosteroid Use
NCT01619423,Advanced Metastatic (Stage IV) Colorectal Cancer
NCT03881423,Muscle Relaxation
NCT00827359,Renal Cell Carcinoma
NCT00827359,Renal Cancer
NCT04762459,Non-small Cell Lung Carcinoma
NCT06826859,Preterm Birth
NCT06826859,Preeclampsia
NCT00359359,"Carcinoma, Small Cell"
NCT04464759,Melanoma
NCT00570180,Multiple Myeloma
NCT03109080,"Breast Neoplasms, Triple-Negative"
NCT03109080,Breast Neoplasm Malignant Female
NCT03109080,Radiotherapy Side Effect
NCT00935480,HIV Infections
NCT03340779,Cardiogenic Shock
NCT05752279,Diabetic Ketoacidosis
NCT02460679,Amyotrophic Lateral Sclerosis
NCT03540979,Reproductive Behavior
NCT00484679,Alopecia Areata
NCT03283696,Soft Tissue Sarcoma
NCT04409262,COVID-19 Pneumonia
NCT01451762,Surgery
NCT01451762,Pain
NCT01469988,Heart Failure
NCT03439488,Chronic Hepatitis B
NCT07522788,Melasma
NCT04163588,Acute Heart Failure
NCT03856788,Laparoscopic Sleeve Gastrectomy
NCT03856788,Subcostal Transversus Abdominis Plane Block
NCT06272903,Effect of Benzocaine on Pain
NCT01757327,Breast Neoplasms
NCT06911242,Healthy Volunteer
NCT06911242,Pharmacokinetics After Oral Intake
NCT00051142,"Glaucoma, Open-Angle"
NCT00051142,Ocular Hypertension
NCT07056842,Obesity &Amp; Overweight
NCT00585442,Hypertension
NCT00585442,Vitamin D Deficiency
NCT05949008,NIDDM
NCT05949008,Obesity
NCT03891108,Heart Failure
NCT02362035,Follicular Lymphoma (FL)
NCT02362035,CLL
NCT02362035,Small Lymphocytic Lymphoma (SLL)
NCT02362035,Richter's Syndrome
NCT02362035,Mantle Cell Lymphoma (MCL)
NCT02362035,Indolent Non Hodgkin Lymphoma
NCT02362035,Waldenström Macroglobulinemia
NCT02362035,Multiple Myeloma
NCT02362035,Hodgkin Lymphoma
NCT02362035,Burkitt Lymphoma
NCT02362035,Marginal Zone Lymphomas
NCT02362035,Mediastinal Large B Cell Lymphoma
NCT02362035,Hairy Cell Leukemia
NCT03158935,Advanced Ovarian Cancer
NCT03158935,Malignant Melanoma
NCT01198535,Colon Mucinous Adenocarcinoma
NCT01198535,Colon Signet Ring Cell Adenocarcinoma
NCT01198535,Rectal Mucinous Adenocarcinoma
NCT01198535,Rectal Signet Ring Cell Adenocarcinoma
NCT01198535,Recurrent Colon Carcinoma
NCT01198535,Recurrent Rectal Carcinoma
NCT01198535,Stage IVA Colon Cancer
NCT01198535,Stage IVA Rectal Cancer
NCT01198535,Stage IVB Colon Cancer
NCT01198535,Stage IVB Rectal Cancer
NCT03175835,Dyslipidemias
NCT04231435,Healthy Volunteers
NCT07629635,Migraine Disease
NCT07629635,Patent Foramen Ovale
NCT00033735,Pancreatic Cancer
NCT00195676,Psoriasis
NCT00116376,Glioblastoma Multiforme
NCT04359017,Radius Fracture Distal
NCT04359017,Hematoma
NCT04359017,Lidocaine
NCT04359017,Pediatrics
NCT05742789,Mitral Valve Insufficiency
NCT05742789,Aortic Valve Insufficiency
NCT05742789,Cardiac Disease
NCT06024889,Acute Heart Failure
NCT06731868,Tardive Dyskinesia (TD)
NCT05797168,Ovarian Cancer
NCT05797168,Lung Adenocarcinoma
NCT05797168,Endometrial Cancer
NCT05797168,Lung Squamous Cell Carcinoma
NCT05218668,Amyotrophic Lateral Sclerosis
NCT04615468,Peripheral T-cell Lymphoma
NCT00681668,Postpartum Depressive Disorder
NCT01292668,Basal Cell Carcinoma of the Skin
NCT01292668,Pain
NCT01292668,Recurrent Skin Cancer
NCT02092168,Parkinson Disease
NCT05210868,Hematoma
NCT06592768,Allergic Asthma
NCT07085468,Healthy
NCT00191568,Pancreatic Neoplasms
NCT02201368,Long-chain Fatty Acid Transport Deficiency
NCT01119768,Non Erosive Reflux Disease
NCT01119768,Chronic Gastritis
NCT02863068,Sickle Cell Disease
NCT01737268,Bipolar Disorder
NCT01737268,Elderly
NCT04197050,Myocardial Injury
NCT04197050,Connective Tissue Diseases
NCT07437950,Acute Myeloid Leukemia
NCT02289950,Platinum-Sensitive Ovarian Cancer in First Relapse
NCT06591091,Depression
NCT01355991,Spinal Cord Injury
NCT06165991,Thoracic Paravertebral Block
NCT06165991,Postoperative Analgesia
NCT06165991,Thoracoscopic Lobectomy
NCT00906191,Alzheimer Disease
NCT00369174,Oral Leukoplakia
NCT01587118,Posttraumatic Stress Disorder
NCT03089918,Alzheimer Disease
NCT02722018,Healthy Volunteer
NCT01958918,Neovascular Age-related Macular Degeneration
NCT06860490,Hepatocellular Carcinoma (HCC)
NCT01956890,Breast Cancer
NCT02082197,Hypogonadism
NCT02082197,Testosterone Deficiency
NCT01776697,Healthy
NCT00714597,Venous Thromboembolism
NCT04422210,Small Cell Lung Cancer
NCT03491410,Breast Cancer
NCT00099060,Brain and Central Nervous System Tumors
NCT03548220,Pyruvate Kinase Deficiency
NCT03548220,"Anemia, Hemolytic"
NCT01843920,Scleral Buckling
NCT03832582,Chronic Dissection of Thoracic Aorta (Disorder)
NCT02065882,Congenital Afibrinogenemia
NCT02065882,Congenital Hypofibrinogenemia
NCT03108924,Renal Insufficiency
NCT00563823,Melanoma (Skin)
NCT05178823,Gingival Diseases
NCT05178823,Caries
NCT05103423,Hidradenitis Suppurativa
NCT01950923,Kidney Tumor
NCT00470223,Sarcoma
NCT04294459,Immune System Disorder
NCT06060080,Lymphoma
NCT06060080,Multiple Myeloma
NCT00389480,Tumors
NCT04276480,Enterobacteriaceae Infections
NCT04848480,"Diabetes Mellitus, Type 1"
NCT04230980,Non-obstructive Azoospermia
NCT00657579,Open-Angle Glaucoma
NCT00657579,Ocular Hypertension
NCT00536679,Depressive Disorder and Anxiety Disorders
NCT01711879,Neovascular Glaucoma
NCT06789679,Pancreatic Adenocarcinoma
NCT02254096,Healthy
NCT00439062,Rheumatoid Arthritis
NCT06550362,Iron Deficiency Anemia
NCT03245762,Prader-Willi Syndrome
NCT01477762,Post Traumatic Stress Disorder
NCT02704962,Schizophrenia
NCT01531062,Dyslipidemia
NCT01371162,"Hepatitis C, Chronic, Healthy Volunteer"
NCT04356846,Non-Hodgkin Lymphoma
NCT04356846,Chronic Lymphocytic Leukemia
NCT01388946,"Pain, Postoperative"
NCT01388946,Chronic Postoperative Pain
NCT00936546,"Debilitating Fibrosing Skin Disorders (Localised Scleroderma, Eosinophilic Fasciitis)"
NCT01232946,Type 2 Diabetes
NCT00397046,Tumors
NCT05303688,"Pain, Postoperative"
NCT04327388,Corona Virus Infection
NCT01215344,Multiple Myeloma
NCT07585734,T-ALL
NCT00449709,"Obstetric Labour, Premature"
NCT00449709,Premature Ejaculation
NCT02445599,Pain
NCT02445599,Inadequate or Impaired Respiratory Function
NCT01503632,Acute Lymphoblastic Leukemia
NCT00888732,"Diabetes Mellitus, Type 1"
NCT04294732,Foot and Ankle Surgery
NCT04294732,Popliteal Nerve Block
NCT04294732,Peripheral Nerve Block
NCT00870532,Non-Small Cell Lung Cancer
NCT00048932,Rheumatoid Arthritis
NCT05243693,Relapsed/Refractory Classical Hodgkin Lymphoma
NCT02652793,Human Immunodeficiency Virus
NCT01901393,Pain
NCT00093093,Chronic Hepatitis C
NCT02920593,Gestational Hypertension
NCT02920593,Toxemia
NCT02920593,Superimposed Preeclampsia
NCT02920593,Eclampsia
NCT02920593,HELLP Syndrome
NCT05590793,Advanced Prostate Cancer
NCT05590793,Metastatic Prostate Cancer
NCT05590793,Locally Advanced Prostate Cancer
NCT07187193,Langerhans Cell Histiocytosis
NCT05737693,Posttraumatic Stress Disorder
NCT07651293,Depression - Major Depressive Disorder
NCT07595393,Reversing Vecuronium-Induced Neuromuscular Blockade in Patients Undergoing General Anesthesia Surgery
NCT07595393,Reversing Rocuronium-Induced Neuromuscular Blockade in Patients Undergoing General Anesthesia Surgery
NCT02641821,Hypertension
NCT00528021,Pediculus Humanus Capitis
NCT00528021,Head Lice
NCT05498714,Bowel Preparation Before Colonoscopy
NCT00491114,Bladder Neoplasms
NCT01354314,HIV Associated Neurocognitive Disorder
NCT03516214,Bronchial Neoplasms
NCT03674814,Prostate Cancer
NCT02958514,Dry Eye Syndrome
NCT04819516,Colorectal Cancer
NCT00783016,Appendicitis
NCT01565616,Sickle Cell Disease
NCT00853216,Healthy
NCT02379416,Solid Tumors
NCT01655316,Paroxysmal Supraventricular Tachycardia
NCT02878616,Kidney Transplantation
NCT04303416,Adrenomyeloneuropathy
NCT04303416,Adrenoleukodystrophy
NCT06375616,Sepsis
NCT05433116,Head and Neck Squamous Cell Carcinoma
NCT02668016,Adverse Effects
NCT02668016,Cardiovascular Diseases
NCT02668016,Hyperlipidemias
NCT01004406,Acute Coronary Syndrome
NCT03417206,Endoscopic Sinus Surgery
NCT07046806,Hereditary Angioedema (HAE)
NCT07046806,Angioedema
NCT07046806,Bradykinin-mediated Angioedema
NCT07046806,C1 Inhibitor Deficiency
NCT01549106,Healthy Volunteers
NCT04576806,Critical Illness
NCT04576806,Sepsis
NCT04576806,Fluid Overload
NCT04576806,Hemodynamic Instability
NCT02483104,Ovarian Cancer
NCT00274404,Infectious Mononucleosis
NCT05376904,Postsurgical Pain Management
NCT06258304,Advanced or Metastatic Solid Tumor Malignancies
NCT06218004,Efficacy and Safety
NCT06092684,Laparoscopy
NCT06092684,"Anesthesia, Intravenous"
NCT01710033,Kidney Transplant
NCT06066333,Adrenocortical Carcinoma
NCT06066333,ACC
NCT06066333,Metastatic Adrenocortical Carcinoma
NCT04672252,"Pain, Postoperative"
NCT02796352,Melanoma
NCT03460652,ADHD
NCT03242252,Type 2 Diabetes Mellitus
NCT03242252,Chronic Kidney Disease Stage 3
NCT00864747,Healthy
NCT01760447,Type 2 Diabetes Mellitus
NCT01791647,Polycystic Ovary Syndrome
NCT06441747,Cholangiocarcinoma
NCT03779347,Schistosomiasis Hematobium
NCT03779347,Diagnostic
NCT03779347,Drug Reaction
NCT03779347,Pregnancy
NCT00788749,Nasal Polyps
NCT02959749,Progression Free Survival
NCT00003238,Prostate Cancer
NCT03549338,Metastatic Colorectal Cancer
NCT03549338,Colorectal Cancer Metastatic
NCT03549338,Carcinoma
NCT04989855,Locally Advanced Rectal Cancer
NCT00259155,Irritable Bowel Syndrome
NCT00802555,Cirrhosis
NCT00802555,Hepatocellular Carcinoma
NCT00022555,AIDS-related Diffuse Large Cell Lymphoma
NCT00022555,AIDS-related Diffuse Mixed Cell Lymphoma
NCT00022555,AIDS-related Peripheral/Systemic Lymphoma
NCT00022555,AIDS-related Small Noncleaved Cell Lymphoma
NCT06275555,Extracorporeal Membrane Oxygenation Complication
NCT07706855,ARDS (Acute Respiratory Distress Syndrome)
NCT03423355,Type 2 Diabetes Mellitus (T2DM)
NCT06932926,White Spot Lesion
NCT00768326,Schizophrenia
NCT06206278,Gastric Cancer
NCT06206278,Gastroesophageal Junction Adenocarcinoma
NCT01747278,"Pneumonia, Pneumocystis"
NCT01747278,Prevention & Control
NCT00547885,Pain
NCT00172185,Short Bowel Syndrome
NCT06850285,"Lymphoma, B-Cell"
NCT04342585,Preterm Birth
NCT00237185,Unresectable or Metastatic Malignant Gastrointestinal Stromal Tumor (GIST)
NCT03569085,Heart Diseases
NCT04430985,Metastatic Colorectal Cancer
NCT02264015,Healthy
NCT06581315,Hepatocellular Carcinoma
NCT06581315,Adjuvant Therapy
NCT00542035,Dental Pain
NCT04557735,Thrombotic Microangiopathy
NCT04315935,Analgesia
NCT03027635,Cirrhosis
NCT03027635,Ascites Hepatic
NCT03027635,Ascites (Non-Malignant)
NCT06612476,"Chronic Obstructive Pulmonary Disease, COPD"
NCT02445976,Prostate Cancer
NCT00415376,Brain and Central Nervous System Tumors
NCT00415376,Seizure
NCT00415376,"Unspecified Adult Solid Tumor, Protocol Specific"
NCT06447376,Non-Hodgkin Lymphoma
NCT06447376,Cytokine Release Syndrome
NCT07263776,Acute Ischemic Stroke
NCT03067376,Healthy
NCT03818776,Non-Small Cell Lung Cancer
NCT05124717,Pharmacokinetics
NCT00505817,Effect of Two Protocols of Ovarian Stimulation on Oocyte Quality
NCT04556617,Metastatic Castration-resistant Prostate Cancer
NCT07484217,Major Depressive Disorder With Excessive Daytime Sleepiness Symptoms
NCT02314117,Metastatic Gastric Adenocarcinoma
NCT02314117,Gastroesophageal Junction Adenocarcinoma
NCT03314740,Ovarian Neoplasms
NCT01233609,Retinitis Pigmentosa
NCT01732809,Skin Wrinkling
NCT02629809,Chronic Lymphocytic Leukemia
NCT02629809,Small Lymphocytic Lymphoma
NCT00257309,Acute Myocardial Infarction
NCT00317499,Psoriatic Arthritis
NCT00317499,Psoriasis
NCT05306899,Chronic Daily Headache
NCT01422499,"Children With Relapsed Solid Tumor, Lymphoma or Leukemia"
NCT00559299,"Depressive Disorder, Major"
NCT00559299,Major Depressive Disorder (MDD)
NCT04430699,Vulvar Cancer
NCT04430699,Vulvar Squamous Cell Carcinoma
NCT00001399,Fanconi's Anemia
NCT00001399,Pancytopenia
NCT02433899,Gingival Recession
NCT00269399,Clostridium Infections
NCT00269399,Diarrhea
NCT06642909,Primary Membranous Nephropathy
NCT06600698,Prostate Cancer
NCT03348098,Triple Negative Breast Cancer
NCT07257198,NSTEMI - Non-ST Segment Elevation MI
NCT07257198,STEMI (ST Elevation MI)
NCT07257198,Myocardial Infarction
NCT02837198,Hyperuricemia
