study_id,intervention_name,intervention_type
NCT01042717,Plerixafor,DRUG
NCT04941040,Opioid free anesthetics,DRUG
NCT04941040,Opioid Anesthetics,DRUG
NCT05883540,Lysergic Acid Diethylamide Tartrate,DRUG
NCT00171717,Cyclosporine - cyclosporine microemulsion,DRUG
NCT00022217,carboplatin,DRUG
NCT00022217,cisplatin-e therapeutic implant,DRUG
NCT00022217,paclitaxel,DRUG
NCT01714089,RNS60 125 ml,DRUG
NCT01714089,RNS60 250 ml,DRUG
NCT01714089,Interferon beta 1a,DRUG
NCT04099589,Toripalimab,DRUG
NCT00116389,talabostat mesylate tablets,DRUG
NCT00116389,gemcitabine,DRUG
NCT03063489,Loteprednol Etabonate Ophthalmic Gel,DRUG
NCT01231750,Capsaicin,DRUG
NCT01231750,Placebo cream,OTHER
NCT03745950,Olaparib Oral Capsule,DRUG
NCT03745950,Placebo oral capsule,DRUG
NCT02336750,Aprepitant,DRUG
NCT02336750,Mirtazapine,DRUG
NCT00704691,Lenalidomide,DRUG
NCT07325591,Tazbentetol,DRUG
NCT07325591,placebo,DRUG
NCT05862974,LPM3480392,DRUG
NCT05862974,Placebo,DRUG
NCT02342691,BLXA4,DRUG
NCT02342691,Placebo oral rinse,DRUG
NCT05631574,BMF-219,DRUG
NCT06473974,Test cosmetic product,DRUG
NCT02021474,AGX-201,DRUG
NCT02021474,"Subcutaneous placebo (Evan's solution = phenol 0.4%, isotonic sodium chloride).",DRUG
NCT00425074,slow release acetyl salicylic acid,DRUG
NCT00425074,ASA,DRUG
NCT00425074,SR-ASA,DRUG
NCT00046774,MRA 003 US,DRUG
NCT00620074,voriconazole,DRUG
NCT00620074,anidulafungin,DRUG
NCT01874574,Hylan G-F 20,DRUG
NCT01874574,Corticosteroid,DRUG
NCT02577718,Nitroglycerin-citrate-ethanol (NiCE),DRUG
NCT00441818,TNX-650,DRUG
NCT05323890,Tislelizumab Combined With Neoadjuvant Radiotherapy and Chemotherapy,DRUG
NCT02710890,Lacosamide,DRUG
NCT00130390,Nitazoxanide,DRUG
NCT00130390,Placebo,OTHER
NCT00649090,exemestane,DRUG
NCT07334197,Melatonin 10 MG,DRUG
NCT07334197,Selenium,DRUG
NCT07334197,Placebo,DRUG
NCT00593697,trastuzumab (9 weeks) + docetaxel,DRUG
NCT00593697,trastuzumab (9 weeks) + docetaxel + CEF + trastuzumab (up to 51 weeks),DRUG
NCT00845897,Botulinum Toxin,DRUG
NCT00845897,Saline,DRUG
NCT03603197,BP-C1,DRUG
NCT03603197,Placebo,DRUG
NCT06383897,HS-10398,DRUG
NCT06383897,HS-10398 Placebo,DRUG
NCT03059797,Anlotinib,DRUG
NCT03059797,Placebo,DRUG
NCT03876210,PK101,COMBINATION_PRODUCT
NCT03876210,"PK101-001, PK101-002",DRUG
NCT01063010,Bevacizumab,DRUG
NCT01063010,Placebo,DRUG
NCT01388413,Weekly Oral Cyclic Antibiotic programme,DRUG
NCT00488813,Third generation cephalosporins,DRUG
NCT05950113,Bone Marrow Aspiration,PROCEDURE
NCT05950113,Bone Marrow Biopsy,PROCEDURE
NCT05950113,Computed Tomography,PROCEDURE
NCT05950113,Cyclophosphamide,DRUG
NCT05950113,Echocardiography,PROCEDURE
NCT05950113,Fludarabine,DRUG
NCT05950113,Fludeoxyglucose F-18,OTHER
NCT05950113,Immunotherapy,OTHER
NCT05950113,Leukapheresis,PROCEDURE
NCT05950113,Magnetic Resonance Imaging,PROCEDURE
NCT05950113,Positron Emission Tomography,PROCEDURE
NCT02047513,perioperative nab-paclitaxel/gemcitabine,DRUG
NCT02047513,adjuvant nab-paclitaxel/gemcitabine,DRUG
NCT04613960,Magnesium sulfate,DRUG
NCT04613960,normal saline,DRUG
NCT03034460,CD5024 1% cream,DRUG
NCT03034460,CD5024 cream placebo,DRUG
NCT03034460,CD0271/CD1579 gel,DRUG
NCT03034460,CD0271/CD1579 gel placebo,DRUG
NCT04209660,Lenvatinib,DRUG
NCT04209660,Pembrolizumab,DRUG
NCT03122860,SM04690,DRUG
NCT03122860,Placebo,OTHER
NCT03122860,Sham,OTHER
NCT02296320,MEDI4893,DRUG
NCT02296320,Placebo,OTHER
NCT00762320,Low dose Kaletra tablets,DRUG
NCT00997282,OPC-262 2.5 mg,DRUG
NCT00997282,OPC-262 5 mg,DRUG
NCT00997282,Placebo,DRUG
NCT02981082,Dimethyl Fumarate (DMF),DRUG
NCT02981082,Placebo Oral Tablet,DRUG
NCT06617182,Thalidomide,DRUG
NCT06617182,Glutamine,DRUG
NCT06617182,Thalidomide+Glutamine,DRUG
NCT00451724,Intranasal ketamine,DRUG
NCT07484724,JS212,DRUG
NCT07484724,JS001,DRUG
NCT07484724,5-FU,DRUG
NCT02678923,MDCO-216,DRUG
NCT02678923,Placebo,DRUG
NCT01677923,Metformin,DRUG
NCT03499223,Ranibizumab 0.5mg,DRUG
NCT03499223,THR-317 8mg,DRUG
NCT03499223,Sham injection,DRUG
NCT02562859,500 mg GLPG1837 as oral suspension,DRUG
NCT02562859,500 mg GLPG1837 as oral tablet,DRUG
NCT06692959,PD-1 vaccine IMU-201 (PD1-Vaxx),DRUG
NCT01216696,ipilimumab,DRUG
NCT00891696,Rapamycin,DRUG
NCT00891696,Amino acid supplementation,OTHER
NCT00891696,Low-intensity resistance exercise,OTHER
NCT00891696,Sodium nitroprusside,DRUG
NCT00891696,Blood flow restriction cuff,DEVICE
NCT00726180,trastuzumab (Herceptin®),DRUG
NCT04456296,Aveed Injectable Product,DRUG
NCT04456296,Fortesta,DRUG
NCT04456296,Testim,DRUG
NCT04953780,Calaspargase pegol-mknl,DRUG
NCT05327296,Isoflurane,DRUG
NCT05327296,Propofol,DRUG
NCT07504796,Nivolumab,DRUG
NCT07504796,Relatlimab,DRUG
NCT07504796,Ipilimumab,DRUG
NCT07504796,Signatera genome MRD assay,DEVICE
NCT05472896,cTACE,PROCEDURE
NCT05472896,Dicycloplatin (TP21),DRUG
NCT05472896,Epirubicin,DRUG
NCT03945279,BIIB100,DRUG
NCT03945279,Placebo,DRUG
NCT06274879,"Gemcitabin, Cisplatin and Durvalumab",DRUG
NCT06274879,Biliary Radiofrequency Ablation,PROCEDURE
NCT06274879,Endoscopic Retrograde Cholangio-Pancreatography with stenting,PROCEDURE
NCT04211896,Anlotinib,DRUG
NCT04211896,Nivolumab,DRUG
NCT06133062,Atezolizumab,DRUG
NCT06133062,Bevacizumab,DRUG
NCT06133062,Proton radiotherapy,RADIATION
NCT00658762,PD 0332334,DRUG
NCT00658762,paroxetine,DRUG
NCT00658762,Placebo,DRUG
NCT04744662,ONL1204 Ophthalmic solution,DRUG
NCT04744662,sham injection,PROCEDURE
NCT03968146,Erector Spinae Plane Block,PROCEDURE
NCT03968146,Fentanyl,DRUG
NCT03968146,additional Fentanyl,DRUG
NCT03968146,Morphine,DRUG
NCT03968146,rescue Morphine,DRUG
NCT03968146,pethidine,DRUG
NCT03968146,Ketorolac,DRUG
NCT03968146,Acetaminophen,DRUG
NCT03466346,Fluoxetine,DRUG
NCT03466346,Interpersonal Psychotherapy,BEHAVIORAL
NCT04976088,Diclofenac Sodium 140 mg medicated plaster,DRUG
NCT04976088,"Diclofenac epolamine (DIEP) 180mg medicated plaster, Flector",DRUG
NCT04976088,Placebo,DRUG
NCT00646503,Telbivudine,DRUG
NCT01365403,RO4917838,DRUG
NCT01365403,carbamazepine,DRUG
NCT06204003,Cannabis/Hemp Isolate Extract,DRUG
NCT00811603,Cefazolin (Timing of Antibiotic Prophylaxis),DRUG
NCT06224127,active heat,DEVICE
NCT06224127,Active c tactile fiber stimulation,DRUG
NCT06224127,sham heat,DEVICE
NCT06224127,Sham c tactile fiber stimulation,DEVICE
NCT01730027,ADC3680,DRUG
NCT01730027,Placebo,DRUG
NCT01730027,montelukast,DRUG
NCT03465527,PrednisoLONE 50 MG,DRUG
NCT05990127,AK104,DRUG
NCT05990127,Tislelizumab,DRUG
NCT05990127,carboplatin,DRUG
NCT05990127,Pemetrexed,DRUG
NCT05990127,Paclitaxel,DRUG
NCT03379727,Midostaurin,DRUG
NCT03379727,Cytarabine,DRUG
NCT03379727,anthracycline ((daunorubicin or idarubicin): Induction Phase only,DRUG
NCT02569827,Celgosivir,DRUG
NCT02569827,Modipafant 50mg,DRUG
NCT02569827,Placebo,DRUG
NCT02569827,Modipafant 100mg,DRUG
NCT00916227,"ARRY-614, p38/Tie2 inhibitor; oral",DRUG
NCT01728961,Artemether/Lumefantrine (AL),DRUG
NCT01856361,Ramipril,DRUG
NCT01856361,Placebo,DRUG
NCT05866861,CUG252,DRUG
NCT05866861,Placebo,DRUG
NCT05628961,HOPO 14-1,DRUG
NCT01679561,intralipid,DRUG
NCT00773461,tocilizumab [RoActemra/Actemra],DRUG
NCT00773461,Placebo,DRUG
NCT00424242,Pemetrexed,DRUG
NCT04060342,GB1275,DRUG
NCT04060342,nab-paclitaxel and gemcitabine,DRUG
NCT04060342,pembrolizumab,DRUG
NCT03891342,Fluid bolus administration,DRUG
NCT05933642,Aminophylline,DRUG
NCT05933642,Frusemide,DRUG
NCT06361186,Proximod,DRUG
NCT06361186,Placebo,DRUG
NCT05004142,FCN-437c+Fulvestrant,DRUG
NCT05004142,FCN-437c+Letrozole+Goserelin,DRUG
NCT01353742,Lamivudine,DRUG
NCT01353742,Adefovir dipivoxil,DRUG
NCT01353742,Fixed dose combination (Lamivudine and Adefovir dipivoxil),DRUG
NCT03771586,SAGE-718,DRUG
NCT03771586,Placebo,DRUG
NCT01805570,Prasugrel,DRUG
NCT01805570,Ticagrelor,DRUG
NCT00621686,bevacizumab,BIOLOGICAL
NCT00621686,sorafenib tosylate,DRUG
NCT05228470,Elranatamab,DRUG
NCT03733470,Sildenafil study group,DRUG
NCT03545373,Azithromycin,DRUG
NCT03545373,Amoxicillin,DRUG
NCT01985373,Intravenous immunoglobulin infusion,DRUG
NCT05748873,SPVN06,DRUG
NCT01833273,PolyMVA,DRUG
NCT00234169,VTP195183,DRUG
NCT01254383,Sildenafil Tablet,DRUG
NCT01254383,Sildenafil ODT,DRUG
NCT00818883,Azilsartan medoxomil and chlorthalidone,DRUG
NCT00818883,Azilsartan medoxomil and hydrochlorothiazide,DRUG
NCT04203641,L-DOS47,BIOLOGICAL
NCT04203641,Doxorubicin,DRUG
NCT05819541,Montelukast Oral Granules,DRUG
NCT05819541,Albuterol,DRUG
NCT05819541,Corticosteroid,DRUG
NCT00095641,capecitabine,DRUG
NCT00095641,adjuvant therapy,PROCEDURE
NCT00095641,chemotherapy,PROCEDURE
NCT00852241,Restalyne,DRUG
NCT00852241,Perlane,DRUG
NCT03421041,Dexamethasone Oral Tablet,DRUG
NCT02938741,Anti-human Thymoglobulin,DRUG
NCT02938741,Placebo,DRUG
NCT00189241,imiquimod,DRUG
NCT00247741,spinal administration of articaine,DRUG
NCT00247741,spinal administration of lidocaine,DRUG
NCT00367341,escitalopram,DRUG
NCT00367341,Cognitive Behavioral Therapy (CBT),BEHAVIORAL
NCT00857454,Testosterone MD-Lotion,DRUG
NCT04704154,"Regorafenib, (Stivarga, BAY73-4506)",DRUG
NCT04704154,Nivolumab (Opdivo),DRUG
NCT04302454,Radiotherapy,RADIATION
NCT04302454,Leuprorelin,DRUG
NCT03002805,CBT-1®,DRUG
NCT00235105,Adalimumab 40 mg sc every other week,DRUG
NCT01419405,Pregabalin,DRUG
NCT01419405,Remifentanil,DRUG
NCT01419405,"sugar pill, saline infusion",DRUG
NCT00003505,antineoplaston A10,DRUG
NCT00003505,antineoplaston AS2-1,DRUG
NCT00003505,alternative product therapy,PROCEDURE
NCT00003505,biological therapy,PROCEDURE
NCT00003505,biologically based therapies,PROCEDURE
NCT00003505,cancer prevention intervention,PROCEDURE
NCT00003505,complementary and alternative therapy,PROCEDURE
NCT00003505,differentiation therapy,PROCEDURE
NCT01745354,SD-101,DRUG
NCT01745354,Local Radiation,RADIATION
NCT05346354,Ravulizumab,DRUG
NCT05693454,Infiltration with NaCl,DRUG
NCT05693454,Infiltration with Ropivacain,DRUG
NCT05693454,Infiltration with a combination of Levobupivacaine and Tramadol,DRUG
NCT05351905,CBD oil ( MPL-001),DRUG
NCT05351905,CDB+THC oil (MPL-005),DRUG
NCT05351905,Placebo oil,DRUG
NCT01679405,BIBW 2992,DRUG
NCT07101705,OriV508 Injection,DRUG
NCT00103194,lapatinib ditosylate,DRUG
NCT00103194,laboratory biomarker analysis,OTHER
NCT07615283,Adebrelimab & SHR2554,DRUG
NCT05823441,Oxytocin nasal spray,DRUG
NCT05823441,Placebo,DRUG
NCT05823441,Stranger,BEHAVIORAL
NCT05823441,Acquaintance,BEHAVIORAL
NCT05108766,Tildrakizumab 100 mg,DRUG
NCT05108766,Placebo,DRUG
NCT04359966,"Esomeprazole 40mg, Clarithromycin 500 mg, Metronidazole 400 mg,",DRUG
NCT04359966,"Esomeprazole 40mg, Bismuth subcitrate 120 mg, Amoxicillin 500 mg, Metronidazole 400 mg",DRUG
NCT04359966,"Esomeprazole 40mg, Amoxicillin 500 mg, Levofloxacin 500 mg",DRUG
NCT00690066,PROCHYMAL®,DRUG
NCT00690066,Placebo,DRUG
NCT01880866,(-)-Epicatechin,DRUG
NCT05158166,DaxibotulinumtoxinA,DRUG
NCT06567366,CAR T-cell therapy,BIOLOGICAL
NCT06567366,Glofitamab,DRUG
NCT06567366,Obinutuzumab,DRUG
NCT00648466,Sumatriptan Succinate Tablets 100 mg,DRUG
NCT00648466,Imitrex® Tablets 100 mg,DRUG
NCT02771366,Fermented Papaya Preparation,DRUG
NCT02771366,Granulated Sugar,OTHER
NCT02736266,Pembrolizumab (MK-3475),DRUG
NCT00575302,Gonal-f®: follitropin alpha,DRUG
NCT02809131,polymixin/bacitracin,DRUG
NCT02809131,"cephalexin, or levofloxacin, or clindamycin",DRUG
NCT02809131,Saline,DRUG
NCT03876002,[18F]PBR06,DRUG
NCT01490931,Ketorolac Nasal Spray,DRUG
NCT07079631,BNT314,BIOLOGICAL
NCT07079631,Pumitamig,DRUG
NCT07079631,SoC chemotherapy treatment 1,DRUG
NCT07079631,SoC chemotherapy treatment 2,DRUG
NCT07079631,Bevacizumab,DRUG
NCT02312531,Hepatitis B immunoglobulin,DRUG
NCT00207831,Tegafur and Uracil,DRUG
NCT01448902,OC000459,DRUG
NCT01448902,Placebo,DRUG
NCT02839902,TAK-085,DRUG
NCT02839902,Not treated with omega-3-acid ethyl esters,OTHER
NCT03165253,Bifidobacterium Animalis Oral Product,DRUG
NCT03165253,Amoxicillin Oral Tablet,DRUG
NCT03165253,Clarithromycin Oral Tablet,DRUG
NCT03165253,Omeprazole,DRUG
NCT00322153,memantine ER,DRUG
NCT00322153,Placebo,DRUG
NCT00002253,Octreotide,DRUG
NCT01718353,DOCETAXEL (XRP6976),DRUG
NCT01718353,CABAZITAXEL (XRP6258),DRUG
NCT01718353,Prednisone,DRUG
NCT03214731,Artesunate,DRUG
NCT03214731,placebo,OTHER
NCT01310231,Metformin,DRUG
NCT01310231,Placebo,DRUG
NCT04062331,Transcranial Magnetic Stimulation (TMS),DEVICE
NCT04062331,Placebos,DRUG
NCT04275453,FDG,DRUG
NCT04275453,Ketone Drink,DIETARY_SUPPLEMENT
NCT04275453,Ketogenetic Diet,OTHER
NCT01568853,Norepinephrine,DRUG
NCT01568853,Open abdomen,PROCEDURE
NCT01568853,enteral nutrition,OTHER
NCT01568853,parenteral nutrition,OTHER
NCT03205553,SoC Staged Silo Closure,PROCEDURE
NCT03205553,Peritoneal Dialysis Solution/Dextrose 1.5%,DRUG
NCT03092453,Mature dendritic cell (DC) vaccine,BIOLOGICAL
NCT03092453,Cyclophosphamide 300mg/m^2,DRUG
NCT03092453,Pembrolizumab,DRUG
NCT02773537,Femoral nerve catheter and sciatic nerve block,DRUG
NCT02773537,Adductor canal catheter and selective tibial block,DRUG
NCT02773537,Adductor canal catheter only,DRUG
NCT03361345,Tranexamic Acid,DRUG
NCT03361345,Vehicle,DRUG
NCT05632445,Apixaban vs. DAPT,DRUG
NCT00692445,TC-5214 + citalopram,DRUG
NCT00692445,Placebo + citalopram,DRUG
NCT05716945,Fluorometholone 0.1% Oph Susp,DRUG
NCT05716945,Dexamethasone 0.1% ophthalmic suspension,DRUG
NCT05716945,Stop steroids,OTHER
NCT00804245,needle biopsy,PROCEDURE
NCT00804245,PET-CT scans supplemented with 11C-Choline tracer,DRUG
NCT03698045,PRO-143 Ophthalmic Solution,DRUG
NCT02076672,Artichoke WPC,DRUG
NCT02027272,Dexamethasone,DRUG
NCT00471237,Ronacaleret,DRUG
NCT00471237,Teriparatide,DRUG
NCT00471237,Alendronate,DRUG
NCT01031472,GSK2248761 formulation 1,DRUG
NCT01031472,GSK2248761 reference formulation,DRUG
NCT01031472,GSK2248761 formulation 3,DRUG
NCT01031472,GSK2248761 formulation 2 or 4,DRUG
NCT01336972,Tolvaptan,DRUG
NCT06771245,SYH9056,DRUG
NCT06771245,Levamlodipine,DRUG
NCT06771245,Valsartan,DRUG
NCT06771245,SYH9056 placebo,DRUG
NCT06771245,Levamlodipine placebo,DRUG
NCT06771245,valsartan placebo,DRUG
NCT02788045,Ad26.Mos.HIV,BIOLOGICAL
NCT02788045,Ad26.Mos4.HIV,BIOLOGICAL
NCT02788045,Clade C gp140,BIOLOGICAL
NCT02788045,Placebo,DRUG
NCT02583672,N-acetylcysteine,DRUG
NCT03970772,Glucagon Injection,DRUG
NCT03970772,Glucose Tablets,OTHER
NCT04804072,Medication for opioid-use disorder (MOUD) for opioid-use disorder (OUD),DRUG
NCT04804072,HIV testing,DIAGNOSTIC_TEST
NCT04804072,HIV treatment for participants living with HIV not already in care,DRUG
NCT04804072,PrEP for participants without HIV,DRUG
NCT04804072,Testing and referral for vaccination or treatment for hepatitis A virus (HAV) and hepatitis B virus (HBV),DIAGNOSTIC_TEST
NCT04804072,Testing and referral for treatment for hepatitis C virus (HCV),DIAGNOSTIC_TEST
NCT04804072,Sexually transmitted infection (STI) testing and treatment,DIAGNOSTIC_TEST
NCT04804072,Primary care,OTHER
NCT04804072,Harm reduction services,BEHAVIORAL
NCT04804072,Peer navigation,BEHAVIORAL
NCT04804072,"COVID-19 testing and referral for further evaluation, care and/or treatment",DIAGNOSTIC_TEST
NCT00757172,panitumumab,BIOLOGICAL
NCT00757172,cisplatin,DRUG
NCT00757172,docetaxel,DRUG
NCT00757172,neoadjuvant therapy,PROCEDURE
NCT00757172,therapeutic conventional surgery,PROCEDURE
NCT00757172,radiation therapy,RADIATION
NCT00925639,Isoflavone,DRUG
NCT00925639,Placebo,DRUG
NCT02822339,BAY987517,DRUG
NCT02059239,Bendamustine,DRUG
NCT02059239,Carmustine,DRUG
NCT02059239,Etoposide,DRUG
NCT02059239,Melphalan,DRUG
NCT02059239,Cytarabine,DRUG
NCT02059239,Alemtuzumab,DRUG
NCT02059239,Autologous Stem Cell Transplantation,BIOLOGICAL
NCT02059239,Allogeneic Stem Cell Transplantation,BIOLOGICAL
NCT02059239,Rituximab,DRUG
NCT01608139,Curcumin,DRUG
NCT01608139,Sorafenib,DRUG
NCT01608139,Vorinostat,DRUG
NCT03906539,Atorvastatin 10mg,DRUG
NCT03906539,Virgin Coconut Oil (VCO),DIETARY_SUPPLEMENT
NCT03906539,Placebo,OTHER
NCT01469377,Placebo,DRUG
NCT01469377,Cariprazine,DRUG
NCT05109377,Endocan,DIAGNOSTIC_TEST
NCT05109377,tadalafil,DRUG
NCT01854177,Aprepitant,DRUG
NCT01854177,Placebo,DRUG
NCT06978777,Caffeine (200 mg),DRUG
NCT06978777,Placebo,DRUG
NCT00835575,Mirtazapine 15 mg (Orally Disintegrating) Tablets,DRUG
NCT00835575,REMERON SolTab® 15 mg Orally Disintegrating Tablets,DRUG
NCT03552575,sacubitril/valsartan,DRUG
NCT03552575,Valsartan,DRUG
NCT02678975,Disulfiram,DRUG
NCT02678975,Copper,DIETARY_SUPPLEMENT
NCT02678975,Alkylating Agents,DRUG
NCT01070875,Variation of heparin dose,DRUG
NCT04596475,glecaprevir/pibrentasvir (GLE/PIB),DRUG
NCT01011257,Asprin,DRUG
NCT01011257,Clopidogrel,DRUG
NCT01789957,AC2993,DRUG
NCT04423757,BI 1358894,DRUG
NCT04423757,Placebo,DRUG
NCT06701357,CR-CHOP+PD1 inhibitor,DRUG
NCT06701357,CR-CHOP + Orelabrutinib,DRUG
NCT06701357,CR-CHOP + decitabine,DRUG
NCT06828757,nanocrystalline megestrol oral suspension + PD-1/L1 inhibitor combined with chemotherapy,DRUG
NCT06828757,PD-1/L1 inhibitor combined with chemotherapy,DRUG
NCT04426357,JNJ-64417184,DRUG
NCT02237157,"Gemcitabine, local delivery",DRUG
NCT07272057,SGLT-2 inhibitor,DRUG
NCT07272057,Sham (No Treatment),OTHER
NCT07346157,Liothyronine (L-T3),DRUG
NCT07346157,Bevacizumab,DRUG
NCT07346157,Irinotecan,DRUG
NCT07346157,Temozolomide (TMZ),DRUG
NCT00772057,Propranolol,DRUG
NCT00772057,Placebo,DRUG
NCT05134857,Zonisamide,DRUG
NCT05134857,Placebo,DRUG
NCT03972657,REGN5678,DRUG
NCT03972657,Cemiplimab,DRUG
NCT04887857,CC-486,DRUG
NCT04887857,Venetoclax,DRUG
NCT00475657,pemetrexed,DRUG
NCT00475657,cisplatin,DRUG
NCT04304157,Dexmedetomidine,DRUG
NCT03499457,Amoxicillin,DRUG
NCT06070857,LV232,DRUG
NCT06070857,Placebo,DRUG
NCT02537457,Rivaroxaban (BAY 59-7939),DRUG
NCT02537457,"Rivaroxaban (Xarelto, BAY 59-7939)",DRUG
NCT03717701,metformin,DRUG
NCT03717701,esomeprazole,DRUG
NCT03717701,Placebo,DRUG
NCT02118012,Chlorcyclizine HCl,DRUG
NCT02118012,Ribavirin,DRUG
NCT03840512,CBD,DRUG
NCT03727412,"Drugs, Generic (Naprosyn)",DRUG
NCT03727412,Placebo Oral Tablet,DRUG
NCT01310101,ofatumumab plus dexamethasone,DRUG
NCT05123781,"Metformin 1000 mg Prolonged Release Tablets (JSC Farmak, Ukraine)",DRUG
NCT05123781,"Glucophage® XR 1000 mg Prolonged Release Tablets (Merck Serono Ltd, UK)",DRUG
NCT02847481,fecal microbiota transplantation,PROCEDURE
NCT02847481,placebo fecal microbiota transplantation,DRUG
NCT02847481,FMT with antibiotic pre-treatment (v1),PROCEDURE
NCT02847481,FMT with antibiotic pre-treatment (v2),PROCEDURE
NCT06787781,Alpha Lipoic Acid,DRUG
NCT04383912,Botox Injectable Product,DRUG
NCT04383912,No intervention (placebo),OTHER
NCT01200212,"Taxane, Avastin",DRUG
NCT01200212,"Taxane, Avastin, Xeloda",DRUG
NCT02899130,Polyherbal,DRUG
NCT02899130,Placebo,DRUG
NCT03394430,Placebos,DRUG
NCT03394430,Midazolam,DRUG
NCT03394430,Dexmedetomidine,DRUG
NCT07325630,IBI363 + chemotherapy,DRUG
NCT00803530,ATO + Ascorbic acid,DRUG
NCT05269030,Ivermectin Topical,DRUG
NCT05269030,Budesonide Nasal,DRUG
NCT04973930,Interpersonal Psychotherapy,BEHAVIORAL
NCT04973930,Venlafaxine HCl ER,DRUG
NCT06102928,Combined therapy of anlotinib and aumolertinib,DRUG
NCT03838328,Tranexamic Acid,DRUG
NCT00951665,paclitaxel,DRUG
NCT00951665,pertuzumab [Perjeta],DRUG
NCT00951665,trastuzumab emtansine [Kadcyla],DRUG
NCT00663728,"Levitra (Vardenafil, BAY38-9456)",DRUG
NCT00663728,Placebo,DRUG
NCT00804830,Bevacizumab,DRUG
NCT00825565,Alwextin cream,DRUG
NCT02457130,Ticagrelor,DRUG
NCT02457130,Clopidogrel,DRUG
NCT05122130,Melatonin,DRUG
NCT05122130,Carbopol,DRUG
NCT03068130,Bardoxolone methyl,DRUG
NCT00624130,Yasmin 20,DRUG
NCT00624130,Mercilon,DRUG
NCT06883630,RC148 plus Carboplatin and Paclitaxel/pemetrexed,DRUG
NCT06883630,RC148,DRUG
NCT05865028,APG-157,DRUG
NCT02048228,"genotyping guided therapy Ticagrelor, Clopidogrel",DRUG
NCT02048228,standard therapy clopidogrel,DRUG
NCT01263028,Ergocalciferol supplementation,DRUG
NCT01923428,AZD1722,DRUG
NCT01923428,Placebo,DRUG
NCT00574067,Buprenorphine +OTP,DRUG
NCT00574067,Buprenorphine +CHC,DRUG
NCT00574067,Counseling +OTP,DRUG
NCT00574067,Counseling +CHC,DRUG
NCT03551067,Dexmedetomidine,DRUG
NCT03551067,Midazolam/Ketamine,COMBINATION_PRODUCT
NCT04483167,99mTccAbVCAM1-5 injection,DRUG
NCT02950467,Psilocybin,DRUG
NCT02950467,Modified brief Supportive Expressive Group Therapy,BEHAVIORAL
NCT04539067,HHMG,DRUG
NCT00713817,Sativex®,DRUG
NCT00713817,Placebo,DRUG
NCT02749968,Liposomal bupivacaine,DRUG
NCT02749968,0.9% sodium chloride,DRUG
NCT07562568,SHR2554/AZA + Overlapped TBF,COMBINATION_PRODUCT
NCT07562568,mBUCY conditioning regimen,DRUG
NCT03496740,Penile Block,PROCEDURE
NCT03496740,Pudendal Block,PROCEDURE
NCT03496740,Bupivacaine (Block Drug),DRUG
NCT00103740,zoledronic acid,DRUG
NCT00103740,placebo to zoledronic acid,DRUG
NCT00103740,Risedronate,DRUG
NCT00103740,Placebo to risedronate,DRUG
NCT00103740,Calcium and vitamin D supplements,DRUG
NCT02971540,Metamizol,DRUG
NCT02971540,Tramadol,DRUG
NCT02971540,Bupivacaine,DRUG
NCT02971540,Ropivacaine,DRUG
NCT02971540,control group,OTHER
NCT03102489,BP101,DRUG
NCT03102489,Placebo,DRUG
NCT07024589,AN2-502998,DRUG
NCT07024589,Placebo,DRUG
NCT05047250,Atezolizumab,DRUG
NCT05204550,unfractionated heparin,DRUG
NCT05204550,0.9%sodium chloride,DRUG
NCT01747850,Motivational Enhancement/Cognitive Behavioral Therapy,BEHAVIORAL
NCT01747850,Sativex,DRUG
NCT01747850,Placebo spray,DRUG
NCT01052974,ropivacaine,DRUG
NCT00974974,IPX066,DRUG
NCT00974974,IR CD-LD,DRUG
NCT03958591,"CSII and thereafter combination therapy, followed up with wearable devices",DRUG
NCT03958591,CSII and thereafter combination therapy,DRUG
NCT03958591,Basal insulin treatment without wearables,DRUG
NCT00613691,SPI-1620,DRUG
NCT06529718,Ivonescimab,DRUG
NCT06529718,FOLFOX regimen,DRUG
NCT02164318,Handgrip training,OTHER
NCT02164318,Nitroglycerin ointment,DRUG
NCT03057418,Aurixim,DRUG
NCT03095118,Daratumumab,DRUG
NCT06004674,Lovenox 40mg,DRUG
NCT02044874,APD356-lorcaserin hydrochloride,DRUG
NCT02044874,Placebo,DRUG
NCT03920618,Entecavir,DRUG
NCT03920618,Tenofovir Disoproxil Fumarate,DRUG
NCT03920618,Tenofovir Alafenamide,DRUG
NCT00327418,Atorvastatin,DRUG
NCT00270790,Amifostine,DRUG
NCT00270790,Carboplatin,DRUG
NCT00270790,Taxol,DRUG
NCT00270790,Radiotherapy,DEVICE
NCT00520390,EZN-2208,DRUG
NCT03523390,Avelumab 3 mg/kg Q2W,DRUG
NCT03523390,Avelumab 10 mg/kg Q2W,DRUG
NCT03523390,Avelumab 20 mg/kg Q2W,DRUG
NCT03523390,Avelumab 10 mg/kg QW,DRUG
NCT02695290,Afatinib,DRUG
NCT05924997,"adebrelimab, camrelizumab plus apatinib",DRUG
NCT00567697,ranibizumab,DRUG
NCT03379597,"Bifico (Live combined bifidobacterium,Lactobacillus and Enterococcus capsules, Oral)",DRUG
NCT03379597,Dietary fiber,DIETARY_SUPPLEMENT
NCT01069510,Spironolactone 25mg,DRUG
NCT01069510,Placebo,OTHER
NCT02686697,L-Carnosine,DRUG
NCT02686697,Placebo,DRUG
NCT02686697,Cognitive Training,BEHAVIORAL
NCT05555797,308nm Excimer laser,DEVICE
NCT05555797,Tazarotene Topical Gel,DRUG
NCT05555797,Betamethasone Valerate,DRUG
NCT00000513,"diet, reducing",BEHAVIORAL
NCT00000513,"diet, sodium-restricted",BEHAVIORAL
NCT00000513,chlorthalidone,DRUG
NCT00000513,atenolol,DRUG
NCT02471560,dimethyl fumarate,DRUG
NCT02471560,injectable MS DMT,DRUG
NCT02510560,NTRA-2112,DRUG
NCT02510560,Placebo,DRUG
NCT02283320,BIND-014 (Docetaxel Nanoparticles for Injectable Suspension),DRUG
NCT00953420,Docetaxel,DRUG
NCT00953420,Carboplatin,DRUG
NCT00953420,Dexamethasone,DRUG
NCT00953420,EBV-specific cytotoxic T lymphocytes,BIOLOGICAL
NCT00953420,G-CSF or Peg-GCSF,BIOLOGICAL
NCT06861920,Naproxen Sodium 550mg,DRUG
NCT06861920,Placebo,DRUG
NCT06861920,Extended Release Acetaminophen (650 mg),DRUG
NCT00121420,Motexafin gadolinium,DRUG
NCT04597320,Fentanyl,DRUG
NCT04597320,Esketamine,DRUG
NCT04597320,Midazolam,DRUG
NCT02626182,sildenafil,DRUG
NCT02626182,placebo,DRUG
NCT01508182,Canagliflozin tablets,DRUG
NCT01508182,Metformin IR tablets,DRUG
NCT01508182,Canagliflozin/metformin IR FDC tablets,DRUG
NCT00175682,Prazosin HCL,DRUG
NCT05221320,Ulixertinib,DRUG
NCT05221320,Hydroxychloroquine,DRUG
NCT04910620,Placebo,DRUG
NCT04910620,TCI378,DRUG
NCT04910620,TCI507,DRUG
NCT03493282,Active Treatment- CT1812 100 mg,DRUG
NCT03493282,Active Treatment- CT1812 300 mg,DRUG
NCT03493282,Placebo,DRUG
NCT02029924,BioChaperone insulin lispro,DRUG
NCT02029924,Humalog®,DRUG
NCT03508882,Botulinum Toxin Type A 100Unit/Vial (Product),DRUG
NCT03508882,Saline Solution for Injection,DRUG
NCT01948024,SAPHRIS,DRUG
NCT01948024,Asenapine,DRUG
NCT01985724,Docetaxel,DRUG
NCT01985724,Epirubicin,DRUG
NCT01985724,Cyclophosphamide,DRUG
NCT01985724,5-fluoruracil,DRUG
NCT01985724,Granulocyte-colony stimulating growth factor,DRUG
NCT00276159,852A,DRUG
NCT06471959,Psilocybin,DRUG
NCT01906580,Peg-IFNα-2a,DRUG
NCT01906580,Entecavir,DRUG
NCT05036759,68Ga-FAPI,DRUG
NCT06505759,Bromelain gel,DRUG
NCT06505759,chlorhexidine gel,DRUG
NCT06505759,SRP,PROCEDURE
NCT03736980,Placebo,DRUG
NCT03736980,Psilocybine,DRUG
NCT06307080,Multi-mode thermal ablation device,DEVICE
NCT06307080,Intravenous anti-PD-1 and chemotherapy,DRUG
NCT00860080,PXL01,DRUG
NCT00860080,Placebo,DRUG
NCT02232880,Abatacept,DRUG
NCT02232880,Placebo,DRUG
NCT02235662,TFV IVR,DRUG
NCT02235662,TFV/LNG IVR,DRUG
NCT02235662,Placebo IVR,OTHER
NCT02373462,Olmesartan,DRUG
NCT02373462,other anti-hypertensive drug,DRUG
NCT06484062,Biospecimen Collection,PROCEDURE
NCT06484062,Bone Marrow Aspiration,PROCEDURE
NCT06484062,Cirtuvivint,DRUG
NCT06484062,Decitabine and Cedazuridine,DRUG
NCT06484062,Echocardiography Test,PROCEDURE
NCT06484062,Multigated Acquisition Scan,PROCEDURE
NCT00730262,TLN-4601,DRUG
NCT06267846,NBI-1070770,DRUG
NCT06267846,Placebo,DRUG
NCT01503788,Midazolam,DRUG
NCT03033303,Hu3F8,BIOLOGICAL
NCT03033303,GM-CSF,DRUG
NCT03033303,Isotretinoin,DRUG
NCT02489903,RRx-001,DRUG
NCT02489903,Cisplatin,DRUG
NCT02489903,Etoposide,DRUG
NCT02489903,Carboplatin,DRUG
NCT02489903,Irinotecan,DRUG
NCT02489903,Vinorelbine,DRUG
NCT02489903,Doxil,DRUG
NCT02489903,Gemcitabine,DRUG
NCT02489903,Taxane,DRUG
NCT02489903,Paclitaxel,DRUG
NCT02489903,Nab-Paclitaxel,DRUG
NCT02489903,Pemetrexed,DRUG
NCT00867503,Bendamustine HCL,DRUG
NCT00087503,Edotecarin,DRUG
NCT02982603,Qinggongshoutao Bolus,DRUG
NCT02982603,Ginkgo Biloba Extract 761,DRUG
NCT02982603,Placebos,DRUG
NCT02960503,Azithromycin,DRUG
NCT02960503,Placebo,OTHER
NCT07382427,2.4% Topical Terbinafine,DRUG
NCT07382427,10% Topical Efinaconazole,DRUG
NCT07382427,Vehicle Control,OTHER
NCT05420727,Ga-68-PSMA-11 PET/CT,DRUG
NCT05420727,Lu-177-ITG-PSMA-1,DRUG
NCT01645761,Endonase,DRUG
NCT03815461,Nab-paclitaxel and S-1,DRUG
NCT04124861,"Drug free, IS monotherapy and GC combined with IS",DRUG
NCT00401661,Alfuzosin,DRUG
NCT02911142,Lenalidomide,DRUG
NCT02911142,Rituximab,DRUG
NCT02911142,Prednisone,DRUG
NCT02911142,Etoposide,DRUG
NCT02911142,Doxorubicin,DRUG
NCT02911142,Vincristine,DRUG
NCT02911142,Cyclophosphamide,DRUG
NCT02911142,"CT of neck, chest, abdomen and pelvis",DIAGNOSTIC_TEST
NCT02911142,18FDG-PET scan,DIAGNOSTIC_TEST
NCT02911142,MRI Brain,DIAGNOSTIC_TEST
NCT02911142,Bone marrow biopsy,PROCEDURE
NCT02911142,EKG,DIAGNOSTIC_TEST
NCT02911142,Echocardiogram,DIAGNOSTIC_TEST
NCT02911142,Ultrasound,DIAGNOSTIC_TEST
NCT02911142,Bronchoscopy,DIAGNOSTIC_TEST
NCT02911142,Endoscopy,DIAGNOSTIC_TEST
NCT02911142,CXR: PA/lat/decub,DIAGNOSTIC_TEST
NCT07088042,Limitless Allzyme,DRUG
NCT07088042,Oral tablets of Alphintern®,DRUG
NCT07088042,Cataflam® 50 coated tablet,DRUG
NCT07032142,I-01/23,DRUG
NCT05050942,CAM2029,DRUG
NCT05050942,Octreotide LAR,DRUG
NCT05050942,Lanreotide ATG,DRUG
NCT06305286,Islet transplantation with Tegoprubart (AT-1501) immunosupression-based therapy,DRUG
NCT00219986,Potent HAART during acute or early HIV-1 infection,DRUG
NCT00430586,"Botulinum neurotoxin type A, free of complexing proteins",DRUG
NCT00430586,Placebo,DRUG
NCT01019486,Regadenoson myocardial perfusion imaging,DRUG
NCT01019486,Regadenoson MRI myocardial blood flow,DRUG
NCT00395070,Allovectin-7®,BIOLOGICAL
NCT00395070,Dacarbazine (DTIC),DRUG
NCT00395070,Temozolomide (TMZ),DRUG
NCT02036970,Bardoxolone methyl,DRUG
NCT02036970,Placebo,DRUG
NCT02802969,Surgery,PROCEDURE
NCT02802969,Protontherapy,RADIATION
NCT02802969,18F FAZA,DRUG
NCT05145569,Carboplatin AUC 5 and paclitaxel,DRUG
NCT05145569,HCW9218,DRUG
NCT00526669,Lapatinib and Capecitabine,DRUG
NCT07101783,NNC0662-0419,DRUG
NCT06229483,"TRANEXAMIC ACID 1 G in 10 mL INTRAVENOUS INJECTION, SOLUTION",DRUG
NCT06229483,Placebo,OTHER
NCT00419783,bilastine,DRUG
NCT00419783,Bilastine,DRUG
NCT00419783,Bilastine & Ketoconazole,DRUG
NCT00419783,Moxifloxacin,DRUG
NCT00419783,Placebo,DRUG
NCT07290283,AZD3974,DRUG
NCT07290283,Placebo,OTHER
NCT00408083,MultiHance,DRUG
NCT00408083,Magnevist,DRUG
NCT06722183,Futibatinib orally administered,DRUG
NCT06722183,Tislelizumab (i.v. 200mg),DRUG
NCT03499041,LY3314814,DRUG
NCT00152854,Acetaminophen,DRUG
NCT00152854,acetaminophen,DRUG
NCT00152854,"placebo, sugar pill",DRUG
NCT05893654,Melphalan Injection,DRUG
NCT05893654,Plaque brachytherapy,RADIATION
NCT00268554,dipyridamole,DRUG
NCT00268554,caffeine,DRUG
NCT00198354,gemcitabine + cisplatine,DRUG
NCT00198354,Paclitaxel + Carboplatine,DRUG
NCT00001954,Etanercept,DRUG
NCT00434954,exenatide twice daily (BID),DRUG
NCT00434954,premixed insulin aspart twice daily (BID),DRUG
NCT00864305,Gabapentin 400 mg capsules,DRUG
NCT00864305,NEURONTIN® 400 mg capsules,DRUG
NCT00864305,"Gabapentin 400 mg capsules, single dose",DRUG
NCT01475305,Placebo,DRUG
NCT01475305,MEDI-557,DRUG
NCT01386294,Tenofovir gel,DRUG
NCT01386294,Universal placebo gel,DRUG
NCT02977494,Daratumumab,DRUG
NCT02977494,Bortezomib,DRUG
NCT02977494,Dexamethasone,DRUG
NCT03936205,Dexmedetomidine,DRUG
NCT05752305,Dexamethasone 4 Mg/mL Injectable Solution,DRUG
NCT05752305,MethylPREDNISolone 40 Mg/mL Injectable Suspension,DRUG
NCT02538705,Neovasculgen,DRUG
NCT03738735,Hypertonic saline,DRUG
NCT01412008,Botox (botulinum toxin),DRUG
NCT04428008,Thymalfasin,DRUG
NCT06291935,VG901,DRUG
NCT04360135,Acetaminophen,DRUG
NCT04360135,Placebo,DRUG
NCT06874335,BHV-1530,DRUG
NCT06874335,Cemiplimab,DRUG
NCT03597217,PF-05221304,DRUG
NCT03597217,Placebo,DRUG
NCT02195817,Selincro® 18 mg with continuous psychosocial support: Cohort A,DRUG
NCT02195817,Initial psychosocial support: Cohort B,OTHER
NCT03756389,BMX-010,DRUG
NCT04600089,Saline,DRUG
NCT04600089,Ketamine,DRUG
NCT00650689,Ezetimibe + Atorvastatin,DRUG
NCT00650689,Atorvastatin,DRUG
NCT00162240,Muraglitazar,DRUG
NCT02589340,Buspirone,DRUG
NCT02589340,Placebo,DRUG
NCT01279668,Montelukast,DRUG
NCT01279668,Placebo,DRUG
NCT04941989,HTL0022562,DRUG
NCT04941989,Placebo,DRUG
NCT00524368,Darunavir (DRV),DRUG
NCT00524368,Ritonavir (rtv),DRUG
NCT05361668,Randomized: 40 mg Paltusotine,DRUG
NCT05361668,Randomized: 80 mg Paltusotine,DRUG
NCT00003540,gemcitabine hydrochloride,DRUG
NCT05468840,Ketamine Hydrochloride,DRUG
NCT05468840,Normal saline,DRUG
NCT04537689,Ixekizumab,BIOLOGICAL
NCT04537689,Methotrexate,DRUG
NCT04537689,Cyclosporin A,DRUG
NCT04537689,Acitretin,DRUG
NCT05557591,BNT116,DRUG
NCT05557591,Cemiplimab,DRUG
NCT02401191,FEX60/PE10,DRUG
NCT07266974,AH-Plus Epoxy Resin Sealer,DRUG
NCT07266974,bioceramic sealer,DRUG
NCT01094574,Alfentanil,DRUG
NCT01094574,Propranolol,DRUG
NCT01094574,Placebo,DRUG
NCT06880874,Enlicitide,DRUG
NCT03958474,Oxycodone,DRUG
NCT06104618,Enfortumab Vedotin,DRUG
NCT06104618,Computed Tomography,PROCEDURE
NCT06104618,Magnetic Resonance Imaging,PROCEDURE
NCT03108690,Continuous infusion of beta-lactam antibiotics .,DRUG
NCT03108690,Therapeutic drug monitoring of beta-lactam antibiotics.,OTHER
NCT01150890,Brodalumab,BIOLOGICAL
NCT01150890,Placebo,DRUG
NCT06923891,Xanomeline/Trospium,DRUG
NCT05412290,Mosunetuzumab,DRUG
NCT01478490,mirabegron,DRUG
NCT01478490,metoprolol,DRUG
NCT00919490,ABT-333,DRUG
NCT00919490,Placebo,DRUG
NCT05261997,extracorporeal shock wave lithotripsy and endoscopic drainage of the main pancreatic duct,PROCEDURE
NCT05261997,"pancreatic enzyme(Pancreatin Enteric-coated Capsules or Oryz-Aspergillus Enzyme and Pancreatin Table), antidiabetic medicine(Acarbose Tablets, Glucophage, Glimepirde Tablets)",DRUG
NCT04197310,Nivolumab,DRUG
NCT04197310,Cabozantinib,DRUG
NCT03200210,Febuxostat,DRUG
NCT03200210,Placebo,DRUG
NCT01596010,2 mg estradiol / 1 mg norethisterone acetate (NETA),DRUG
NCT00472810,ologen collagen matrix in glaucoma filtering surgery,DEVICE
NCT00472810,MMC in glaucoma filtering surgery,DRUG
NCT03633760,Bilastine 40mg single dose,DRUG
NCT03633760,Bilastine 20mg single-dose followed by multiple-dose,DRUG
NCT02784860,Lidocaine,DRUG
NCT02784860,normal saline,DRUG
NCT04805060,TQB2858 injection,DRUG
NCT02151760,18F-DCFPyL,DRUG
NCT00067860,recombinant human growth hormone,DRUG
NCT00067860,diet modification,BEHAVIORAL
NCT01005160,Metformin,DRUG
NCT01005160,CKD-501,DRUG
NCT02803060,Coppertone (BAY987516),DRUG
NCT06379360,"Hypomethylating agent, Azacitidine or Decitabine",DRUG
NCT01083420,Minocycline,DRUG
NCT01083420,Dexamethasone,DRUG
NCT01975220,"Empagliflozin/Metformin XR, FDC",DRUG
NCT01975220,Empagliflozin/Metformin XR FDC,DRUG
NCT01975220,"25 mg Empagliflozin/1000 mg Metformin XR, FDC",DRUG
NCT01975220,1 tablet Empagliflozin/2 tablets Metformin XR,DRUG
NCT01975220,1 tablet Empagliflozin/3 tablets Metformin XR,DRUG
NCT05717920,ADX-629 (Open-label),DRUG
NCT01710020,"CP-690,550",DRUG
NCT04617782,Donepezil TDS,COMBINATION_PRODUCT
NCT04617782,Aricept,DRUG
NCT05696782,Durvalumab,DRUG
NCT05696782,the EORTC Core Quality of Life Questionnaire (EORTC QLQ-C30),OTHER
NCT05696782,COPD Assessment Test (CAT),DIAGNOSTIC_TEST
NCT05696782,Modified Medical Research Council (mMRC) dyspnea scale,DIAGNOSTIC_TEST
NCT03963882,Two cycles of neoadjuvant chemotherapy,DRUG
NCT03963882,First imaging evaluation,DIAGNOSTIC_TEST
NCT03963882,Second imaging evaluation,DIAGNOSTIC_TEST
NCT03963882,The third cycles of neoadjuvant chemotherapy,DRUG
NCT03963882,RH,PROCEDURE
NCT03963882,Radiochemotherapy,RADIATION
NCT03963882,Pathologic evaluation,DIAGNOSTIC_TEST
NCT02846324,GBT440,DRUG
NCT02846324,Placebo,DRUG
NCT06180382,Adalimumab,DRUG
NCT06180382,Vedolizumab,DRUG
NCT03756623,Metformin powder,DRUG
NCT03756623,Probiotics powder,DRUG
NCT03756623,Placebo powder,OTHER
NCT03979859,WCK 4873,DRUG
NCT03979859,Placebo Oral Tablet,DRUG
NCT00134459,Bifeprunox,DRUG
NCT00134459,Placebo,DRUG
NCT00666159,tacrolimus ointment,DRUG
NCT00666159,pimecrolimus cream,DRUG
NCT03923959,Tranexamic Acid Injectable Solution,DRUG
NCT03923959,Placebo,OTHER
NCT01637259,arm 1 nucleotide analogue reverse transcriptase inhibitors and boosted protease inhibitors,DRUG
NCT01637259,Arm 2 boosted protease inhibitors and maraviroc,DRUG
NCT01637259,Arm 3 nucleotide analogue reverse transcriptase inhibitors and maraviroc,DRUG
NCT04428359,Measles-Mumps-Rubella Vaccine,DRUG
NCT04428359,Vit D,DRUG
NCT05047159,rTMS,DEVICE
NCT05047159,light therapy,DEVICE
NCT05047159,ECT,DEVICE
NCT05047159,MST,DEVICE
NCT05047159,drug therapy,DRUG
NCT01218659,migalastat hydrochloride,DRUG
NCT01218659,agalsidase,BIOLOGICAL
NCT03418480,BNT113,DRUG
NCT01872780,Rosiglitazone,DRUG
NCT01872780,CYP2C8 genotype,GENETIC
NCT01298180,Growth hormone (Genotonorm® or Omnitrope®),DRUG
NCT01298180,"DEXA, blood tests, H.G.P.O, osseous age.",PROCEDURE
NCT01298180,biopsy,PROCEDURE
NCT02858180,Sofosbuvir/ledipasvir fixed dose combination(SOF/LDV FDC),DRUG
NCT07183462,Intravenous Ampicillin followed by Oral Amoxicillin,DRUG
NCT07183462,Ampicillin/Amoxicillin plus single-dose PO Azithromycin,DRUG
NCT00006462,gemcitabine hydrochloride,DRUG
NCT00314262,Erlotinib & Celecoxib,DRUG
NCT01082146,Lurasidone,DRUG
NCT02564146,nab-paclitaxel and gemcitabine,DRUG
NCT02564146,gemcitabine mono and nab-paclitaxel and gemcitabine,DRUG
NCT00003146,busulfan,DRUG
NCT00003146,melphalan,DRUG
NCT00003146,thiotepa,DRUG
NCT00003146,bone marrow transplantation,PROCEDURE
NCT00003146,peripheral blood stem cell transplantation,PROCEDURE
NCT02546388,Indium-111 Pentreotide,DRUG
NCT02546388,Gallium-68 DOTATATE,DRUG
NCT01672788,Empagliflozin,DRUG
NCT01672788,Empagliflozin + Metformin,DRUG
NCT01672788,Metformin,DRUG
NCT01949103,TD-1607,DRUG
NCT01949103,Placebo,DRUG
NCT01223027,Dovitinib,DRUG
NCT01223027,Sorafenib,DRUG
NCT05195827,PRM-125,DRUG
NCT00126061,Tedisamil sesquifumarate,DRUG
NCT03377361,Nivolumab,BIOLOGICAL
NCT03377361,Trametinib,DRUG
NCT03377361,Ipilimumab,BIOLOGICAL
NCT03377361,Regorafenib,DRUG
NCT06176261,Datopotamab Deruxtecan,DRUG
NCT02644161,Dense cranial electroacupuncture stimulation,PROCEDURE
NCT02644161,Body acupuncture,PROCEDURE
NCT02644161,Antidepressant,DRUG
NCT02644161,Rehabilitation,OTHER
NCT02644161,Least acupuncture stimulation,PROCEDURE
NCT03174886,AADvac1 40 µg,DRUG
NCT03174886,AADvac1 160 µg,DRUG
NCT02830542,SER-262,DRUG
NCT02830542,Placebo,DRUG
NCT02826642,IDH305,DRUG
NCT00990886,Placebo,DRUG
NCT00990886,Oxybutynin chloride,DRUG
NCT06688786,neoadjuvant mFOLFOX6 chemotherapy combined with PD-1 inhibitor therapy,DRUG
NCT00537186,Iron oligosaccharide,DRUG
NCT00330486,Acamprosate,DRUG
NCT02100670,1% diclofenac sodium plus 3% menthol,DRUG
NCT02100670,1% diclofenac sodium plus 0.09% menthol,DRUG
NCT02100670,3% menthol,DRUG
NCT02100670,Placebo with 0.09% menthol gel,DRUG
NCT00833586,Terbinafine HCl 250mg tablets,DRUG
NCT00833586,Lamisil® 250 mg Tablets,DRUG
NCT00583986,Levalbuterol HFA MDI with top mounted actuation indicator,DRUG
NCT01271270,Palomid 529,DRUG
NCT04539470,Efmarodocokin Alfa,DRUG
NCT05669170,Psychosocial intervention,BEHAVIORAL
NCT05669170,Methylphenidate,DRUG
NCT01740570,Cabazitaxel,DRUG
NCT04551170,Theophylline,DRUG
NCT04551170,Placebo,DRUG
NCT06793670,Landiolol,DRUG
NCT06793670,Placebo,DRUG
NCT01555970,N-Acetylcysteine (NAC),DRUG
NCT01555970,Placebo,DRUG
NCT06455670,"Sanhan Huayin recipe, Qingre Huatan recipe or Zaoshi Huatan recipe",DRUG
NCT06455670,"Sanhan Huayin recipe placebo, Qingre Huatan recipe placebo or Zaoshi Huatan recipe placebo",DRUG
NCT01189370,sorafenib,DRUG
NCT07221370,Vancomycin 125mg,DRUG
NCT07221370,Placebo,DRUG
NCT06115070,Intravenous thrombolysis (alteplase and other guideline-recommended thrombolytic agents),DRUG
NCT06027970,Terlipressin,DRUG
NCT06027970,0.9% normal saline (NS),OTHER
NCT03045770,Fluorouracil,DRUG
NCT03045770,Oxaliplatin,DRUG
NCT03045770,Irinotecan,DRUG
NCT03045770,Paclitaxel,DRUG
NCT03045770,calcium levofolinate,DRUG
NCT05634473,Methacholine Chloride,DRUG
NCT02615873,Accordion Pill™ Carbidopa/Levodopa,DRUG
NCT00006127,amifostine,DRUG
NCT03925727,Tavilermide ophthalmic solution,DRUG
NCT03925727,Placebo,OTHER
NCT02449070,Nicorandil,DRUG
NCT00218270,Tobacco free snuff,DRUG
NCT00423761,midazolam,DRUG
NCT00423761,GW876008,DRUG
NCT02321761,Amantadine hydrochloride,DRUG
NCT05885542,Cannabidiol oral solution,DRUG
NCT05885542,Placebo,DRUG
NCT05411861,Analgesic Non Narcotic,DRUG
NCT04169061,Acthar,DRUG
NCT01652742,BI 135585 XX,DRUG
NCT00000642,CD4-IgG,DRUG
NCT04506073,Mesenchymal Stem Cells,DRUG
NCT04506073,Placebo,DRUG
NCT03059173,Myo-Inositol + Levomefolic acid,DIETARY_SUPPLEMENT
NCT03059173,Clomiphene Citrate,DRUG
NCT03059173,placebo,DIETARY_SUPPLEMENT
NCT07093073,ssCART-19,DRUG
NCT00031473,Virazole (Ribavirin) Inhalation Solution,DRUG
NCT00212069,"gemcitabine, carboplatin",DRUG
NCT05893069,Oxandrolone,DRUG
NCT05893069,Placebo,DRUG
NCT02769169,Lucentis® (Raibizumab) double-dose,DRUG
NCT02769169,Lucentis® (Raibizumab) regular-dose,DRUG
NCT04901169,Angiotensin II,DRUG
NCT04901169,Saline,DRUG
NCT07232069,Rosuvastatin 20 Mg Oral Tablet,DRUG
NCT07232069,Colchicine 0.5 MG Oral Tablet Once Daily,DRUG
NCT07232069,Placebo,DRUG
NCT01852383,Duloxetine,DRUG
NCT00499083,therapeutic autologous dendritic cells,BIOLOGICAL
NCT00499083,aromatase inhibition therapy,DRUG
NCT00499083,cyclophosphamide,DRUG
NCT00499083,doxorubicin hydrochloride,DRUG
NCT00499083,paclitaxel,DRUG
NCT00499083,tamoxifen citrate,DRUG
NCT00499083,gene expression analysis,GENETIC
NCT00499083,protein expression analysis,GENETIC
NCT00499083,reverse transcriptase-polymerase chain reaction,GENETIC
NCT00499083,immunoenzyme technique,OTHER
NCT00499083,immunohistochemistry staining method,OTHER
NCT00499083,laboratory biomarker analysis,OTHER
NCT00499083,adjuvant therapy,PROCEDURE
NCT00499083,biopsy,PROCEDURE
NCT00499083,conventional surgery,PROCEDURE
NCT00499083,neoadjuvant therapy,PROCEDURE
NCT00499083,radiation therapy,RADIATION
NCT05556083,Sildenafil 50 mg Oral Tablet and Dapoxitine 3mg Oral tablet,DRUG
NCT05556083,Placebo oral tablet and Dapoxitine 3mg Oral tablet,DRUG
NCT00431054,Perifosine,DRUG
NCT00431054,Docetaxel,DRUG
NCT00039754,Holmium-166-DOTMP,DRUG
NCT02156154,Intravenous Acetaminophen,DRUG
NCT04346654,Eltrombopag,DRUG
NCT04346654,Dexamethasone,DRUG
NCT07078305,Regorafenib and tislelizumab,DRUG
NCT07078305,Regorafenib,DRUG
NCT03713905,GLS-010,DRUG
NCT01248494,BEZ235,DRUG
NCT01248494,BKM 120,DRUG
NCT01248494,Letrozole,DRUG
NCT01248494,BKM120,DRUG
NCT05452005,[18F]-αvβ6-BP,DRUG
NCT01184105,Intervention A,DRUG
NCT01184105,Intervention B,DRUG
NCT02210494,Secretrol,DRUG
NCT03773666,Durvalumab,DRUG
NCT03773666,Oleclumab,DRUG
NCT02611466,ASP7962,DRUG
NCT02611466,Naproxen,DRUG
NCT02611466,Placebo,DRUG
NCT02549066,Increased cardiopulmonary bypass flow,PROCEDURE
NCT02549066,Milrinone,DRUG
NCT06118866,placebo-Q2W,DRUG
NCT06118866,HMI-115-120mg-Q4W,DRUG
NCT06118866,HMI-115-240mg-Q4W,DRUG
NCT06118866,"HMI-115, 240mg-Q2W",DRUG
NCT04068766,Paracervical block,DEVICE
NCT04068766,5% bupivacaine,DRUG
NCT04068766,Normal saline,DRUG
NCT04108156,PDS Implant Pre-Filled with 100 mg/mL Ranibizumab,DRUG
NCT04108156,Intravitreal Ranibizumab 0.5 mg Injection,DRUG
NCT04108156,Ranibizumab refill exchange,DRUG
NCT00085956,Arzoxifene,DRUG
NCT00085956,Placebo,DRUG
NCT05604222,Mirabegron 50 MG,DRUG
NCT05604222,Brief Behavioral Treatment for Insomnia,BEHAVIORAL
NCT02914522,Filgotinib,DRUG
NCT02914522,PTM filgotinib,DRUG
NCT02230956,onabotulinumtoxinA,BIOLOGICAL
NCT02230956,Normal Saline,DRUG
NCT04975256,MRTX849,DRUG
NCT04975256,BI 1701963,DRUG
NCT00028522,R(+)XK469,DRUG
NCT06832722,AK1967 (Invobenitug also known as Procizumab),DRUG
NCT06832722,Placebo,DRUG
NCT04973722,LY06006,DRUG
NCT04973722,Prolia,DRUG
NCT05949294,ARO-SOD1 Injection,DRUG
NCT02430194,lonafarnib,DRUG
NCT02430194,ritonavir,DRUG
NCT02430194,Pegylated interferon-alfa-2a,DRUG
NCT05147194,Trimetazidine,DRUG
NCT02920229,68Ga- PSMA,DRUG
NCT02801929,Coppertone (BAY987518),DRUG
NCT05052229,Nitric Oxide,DRUG
NCT05052229,Medical air,DRUG
NCT00511329,somatropin [rDNA origin] for injection,DRUG
NCT01460602,"MTD of Velcade, Nipent and Rituxan established in Part 1",DRUG
NCT00984802,CMX-2043,DRUG
NCT00984802,Placebo control,DRUG
NCT05913102,PDLLA,DRUG
NCT02916602,HCP1401,DRUG
NCT02916602,HCP0605,DRUG
NCT01050829,"Gadobutrol (Gadovist, BAY86-4875)",DRUG
NCT01050829,"Gadopentetate Dimeglumine (Magnevist, BAY86-4882)",DRUG
NCT02716129,Morphine,DRUG
NCT02716129,Morphine plus Nalbuphine,DRUG
NCT02187302,CRLX101,DRUG
NCT02187302,Bevacizumab,DRUG
NCT02187302,Standard of Care (Investigator Choice),DRUG
NCT00435929,Ritonavir,DRUG
NCT00435929,saquinavir [Invirase],DRUG
NCT04592029,TACE combined with sintilimab and bevacizumab,DRUG
NCT05706129,[68Ga]Ga-DPI-4452,DRUG
NCT05706129,[177Lu]Lu-DPI-4452,DRUG
NCT00289653,Nicoderm,DRUG
NCT02916537,CTT1057,DRUG
NCT02916537,Prostatectomy,PROCEDURE
NCT01682837,Potassium chloride powder,DRUG
NCT01682837,Potassium citrate powder,DRUG
NCT01682837,Potassium magnesium citrate powder,DRUG
NCT01682837,Placebo,DRUG
NCT00644137,pregabalin,DRUG
NCT00644137,cigarettes,OTHER
NCT00506337,Qingyi granules,DRUG
NCT04511637,"Rivaroxaban (BAY 59-7939, Xarelto) in ODT form",DRUG
NCT04511637,"Rivaroxaban (BAY 59-7939, Xarelto) in film-coated form",DRUG
NCT02071537,Chloroquine,DRUG
NCT02071537,Carboplatin,DRUG
NCT02071537,Gemcitabine,DRUG
NCT00195845,Galantamine,DRUG
NCT00195845,Placebos,DRUG
NCT00152945,Intravenous Intralipid,DRUG
NCT00152945,"Intravenous leucine, glycerol",DRUG
NCT01568645,Carvedilol,DRUG
NCT01568645,Imatinib,DRUG
NCT05905172,Hydronidone capsules,DRUG
NCT05905172,The placebo capsules,DRUG
NCT05533372,IA-14069,DRUG
NCT05533372,Placebo,DRUG
NCT05533372,Methotrexate,DRUG
NCT06669572,Pembrolizumab,DRUG
NCT06669572,Lenvatinib,DRUG
NCT00398372,Rituximab,DRUG
NCT00398372,Epratuzumab,DRUG
NCT00658372,PD 0332334,DRUG
NCT00658372,Paroxetine,DRUG
NCT00658372,Placebo,DRUG
NCT07280572,Metformin,DRUG
NCT07280572,colchicine,DRUG
NCT05610072,n-acetylcysteine,DRUG
NCT05610072,Hydromorphone,DRUG
NCT05610072,Placebo n-acetylcystine,DRUG
NCT05610072,Placebo hydromorphone,DRUG
NCT02288195,Oxaliplatin,DRUG
NCT02288195,capecitabine,DRUG
NCT02288195,Radiation,RADIATION
NCT06734195,dexmedetomidine + propofol,DRUG
NCT06734195,Propofol alone,DRUG
NCT06734195,Dexmedetomidine,DRUG
NCT01631539,DC Bead™,DEVICE
NCT01631539,Cetuximab,DRUG
NCT01631539,5 FU,DRUG
NCT01631539,Irinotecan,DRUG
NCT01640639,Thalidomide,DRUG
NCT01640639,Placebo,DRUG
NCT06848439,benmelstobart-Anlotinib-Chemo,DRUG
NCT00610077,Letrozole,DRUG
NCT00610077,Clomiphene citrate,DRUG
NCT06089577,Cangrelor 50 MG,DRUG
NCT05002777,rilzabrutinib,DRUG
NCT07233577,Cryotherapy,OTHER
NCT07233577,Dexametasone,DRUG
NCT02522377,Ketamine,DRUG
NCT02522377,Midazolam,DRUG
NCT07523295,Nifedipine 20 Mg,DRUG
NCT07523295,Dexamethasone,DRUG
NCT07523295,Progesterone 200 mg vaginal capsules,DRUG
NCT07523295,Counseling,BEHAVIORAL
NCT05324995,Multimodal Drug,DRUG
NCT05324995,epinephrine,DRUG
NCT05324995,celecoxib,DRUG
NCT04218539,Psilocybin,DRUG
NCT04218539,Placebo,DRUG
NCT01313039,AZ6244,DRUG
NCT02125357,Abiraterone acetate,DRUG
NCT02125357,Enzalutamide,DRUG
NCT03729401,Active Comparator: Dual Antiplatelet Therapy (DAPT) - Aspirin 81 mg + Ticagrelor 60mg twice daily,DRUG
NCT03729401,Ticagrelor Monotherapy: Ticagrelor 60 mg twice daily,DRUG
NCT03729401,Personalized Therapy Arm: Aspirin 81 mg or Ticagrelor 60mg twice daily or Clopidogrel 75 mg once daily,DRUG
NCT03410901,Anti-OX40 Antibody BMS 986178,BIOLOGICAL
NCT03410901,Laboratory Biomarker Analysis,OTHER
NCT03410901,Radiation Therapy,RADIATION
NCT03410901,TLR9 Agonist SD-101,DRUG
NCT01150201,Aliskiren,DRUG
NCT01150201,Losartan,DRUG
NCT00120601,Naltrexone,DRUG
NCT00120601,Acamprosate,DRUG
NCT05177601,iTBS repetitive Transcranial Magnetic Stimulation (rTMS),DEVICE
NCT05177601,Sham rTMS,DEVICE
NCT05177601,D-cycloserine,DRUG
NCT05177601,Placebo oral capsule,DRUG
NCT05513001,LOU064 (blinded),DRUG
NCT05513001,Placebo,DRUG
NCT05513001,LOU064 (open label),DRUG
NCT05156281,Remibrutinib,DRUG
NCT05156281,Teriflunomide,DRUG
NCT02626481,Daratumumab,DRUG
NCT02626481,Dexamethasone,DRUG
NCT02064881,Metformin glycinate,DRUG
NCT02064881,Metformin Hydrochloride,DRUG
NCT02474212,Enoxaparin,DRUG
NCT00706381,Sincalide,DRUG
NCT00706381,Ursodiol,DRUG
NCT00706381,Fat Meal,PROCEDURE
NCT00706381,Carb meal,PROCEDURE
NCT00706381,Placebo,DRUG
NCT01760889,"SPD489 low dose range (40mg, 80mg, and 100mg)",DRUG
NCT01760889,"SPD489 high dose range (120mg, 140mg and 160mg)",DRUG
NCT01760889,Placebo,DRUG
NCT05097768,Dexamethasone 0.5mg,DRUG
NCT05097768,Ketorolac 10 Mg Oral Tablet,DRUG
NCT05097768,Meloxicam 7.5 mg,DRUG
NCT05097768,Ibuprofen 600 mg,DRUG
NCT05097768,Placebo,DRUG
NCT01427868,LB80380 maleate salt,DRUG
NCT01427868,LB80380 free base,DRUG
NCT07180940,0.9%NaCl,DRUG
NCT07180940,Dexamethasone 4mg,DRUG
NCT07180940,Dexmedetomidine,DRUG
NCT01415440,Lisdexamfetamine,DRUG
NCT01415440,Placebo,DRUG
NCT05121740,Plitidepsin 1.5 mg / day,DRUG
NCT05121740,Plitidepsin 2.0 mg / day,DRUG
NCT05121740,Plitidepsin 2.5 mg / day,DRUG
NCT04218240,Pregabalin 200 MG capsules,DRUG
NCT04218240,Placebo oral tablet,DRUG
NCT04218240,Lofexidine 0.18Mg Tab,DRUG
NCT06768489,JNJ-79635322,DRUG
NCT06768489,Daratumumab,DRUG
NCT06768489,Pomalidomide,DRUG
NCT06768489,Lenalidomide,DRUG
NCT06903689,Pentoxifylline 400 MG Oral Tablet,DRUG
NCT06903689,Conventional Medications for Chronic Kidney Disease,OTHER
NCT05914389,Oxaliplatin,DRUG
NCT05914389,Capecitabine,DRUG
NCT05914389,Anti-PD-L1 Monoclonal Antibody,DRUG
NCT05914389,Clostridium butyricum,DRUG
NCT05914389,Colectomy,PROCEDURE
NCT02521389,PWT-143,DRUG
NCT01377389,Ipilimumab,DRUG
NCT01377389,Leuprolide,DRUG
NCT01377389,Goserelin,DRUG
NCT01377389,Degarelix,DRUG
NCT02514668,Isatuximab,DRUG
NCT05650268,Vitamin D3,DRUG
NCT05650268,95% MCT,OTHER
NCT07006168,Ketorolac 15mg,DRUG
NCT07006168,Triamcinolone Acetonide 40mg,DRUG
NCT07006168,Ropivacaine HCL 1% 15ml,DRUG
NCT07006168,0.9 % Normal Saline 35ml,DRUG
NCT07006168,Adrenaline 1:1000 0.5ml,DRUG
NCT02189668,Antibiotics only (Zosyn then Augmentin),DRUG
NCT00543868,MK0782,DRUG
NCT01460368,LY2409021,DRUG
NCT01460368,Placebo,DRUG
NCT01460368,Moxifloxacin,DRUG
NCT00024050,busulfan,DRUG
NCT00024050,cyclophosphamide,DRUG
NCT00024050,cyclosporine,DRUG
NCT00024050,methotrexate,DRUG
NCT00024050,allogeneic bone marrow transplantation,PROCEDURE
NCT00024050,peripheral blood stem cell transplantation,PROCEDURE
NCT06210750,Biospecimen Collection,PROCEDURE
NCT06210750,Bone Marrow Aspiration,PROCEDURE
NCT06210750,Bone Marrow Biopsy,PROCEDURE
NCT06210750,Calaspargase Pegol,DRUG
NCT06210750,Computed Tomography,PROCEDURE
NCT06210750,Cyclophosphamide,DRUG
NCT06210750,Cytarabine,DRUG
NCT06210750,Daunorubicin,DRUG
NCT06210750,Dexamethasone,DRUG
NCT06210750,Doxorubicin,DRUG
NCT06210750,Echocardiography,PROCEDURE
NCT06210750,Lumbar Puncture,PROCEDURE
NCT06210750,Mercaptopurine,DRUG
NCT06210750,Methotrexate,DRUG
NCT06210750,Multigated Acquisition Scan,PROCEDURE
NCT06210750,Navitoclax,BIOLOGICAL
NCT06210750,Nelarabine,DRUG
NCT06210750,Pegaspargase,DRUG
NCT06210750,Positron Emission Tomography,PROCEDURE
NCT06210750,Thioguanine,DRUG
NCT06210750,Venetoclax,DRUG
NCT06210750,Vincristine,DRUG
NCT06210750,X-Ray Imaging,PROCEDURE
NCT03896750,PA-824,DRUG
NCT04066491,M7824,DRUG
NCT04066491,Placebo,DRUG
NCT04066491,Gemcitabine,DRUG
NCT04066491,Cisplatin,DRUG
NCT01977118,streptokinase,DRUG
NCT01977118,Saline irrigation,OTHER
NCT01966718,Repository corticotropin injection,DRUG
NCT05363774,NNC0519-0130,DRUG
NCT05363774,Placebo (NNC0519-0130),DRUG
NCT06055374,BxC-I17e,DRUG
NCT06055374,Placebo,DRUG
NCT07146074,Preventive radiotherapy,RADIATION
NCT07146074,Systemic therapy (Standard of Care)/Observation,DRUG
NCT02189174,CLR457,DRUG
NCT05378074,Maxipost,DRUG
NCT05378074,Placebo,DRUG
NCT01149174,Mitomycin-C 40 mg,DRUG
NCT04492774,Goldic serum,COMBINATION_PRODUCT
NCT04492774,Steroid injections,DRUG
NCT04492774,Manual therapy,PROCEDURE
NCT00211718,intra-articular botulinum toxin type a,DRUG
NCT03789318,CA-008 5 mg,DRUG
NCT03789318,Placebo,DRUG
NCT03789318,Bupivacaine Hydrochloride,DRUG
NCT03789318,Hydromorphone,DRUG
NCT03789318,Fentanyl,DRUG
NCT03789318,Acetaminophen,DRUG
NCT03789318,Oxycodone,DRUG
NCT03789318,CA-008 10 mg,DRUG
NCT03789318,CA-008 15 mg,DRUG
NCT05396690,Remimazolam Injection [Byfavo],DRUG
NCT05396690,Sevoflurane,DRUG
NCT06820190,Multiple Mid-Transverse Process to Pleura (MTP) Block,OTHER
NCT06820190,Morphine,DRUG
NCT02814097,elamipretide,DRUG
NCT02814097,Placebo,DRUG
NCT04519697,Mesenchymal Stem Cells,DRUG
NCT04519697,Placebo,OTHER
NCT06892197,Methylprednisolone (drug),DRUG
NCT06892197,hydrocortisone,DRUG
NCT00372697,Octreotide acetate 30 mg suspension,DRUG
NCT01147510,Combination of low ICS and montelukast,DRUG
NCT01147510,Monotherapy of medium dose ICS,DRUG
NCT02522013,Aminophylline,DRUG
NCT02522013,isotonic saline,DRUG
NCT07072910,Cabergoline 0.5 MG,DRUG
NCT07072910,Placebo,DRUG
NCT07072910,Cabergoline 1 MG,DRUG
NCT03225313,Bupivacaine Hydrochloride 0.5% Injection Solution_#4,DRUG
NCT03225313,"Normal Saline Flush, 0.9% Injectable Solution_#5",DRUG
NCT07081360,Neoadjuvant chemotherapy,DRUG
NCT07081360,Upfront Surgery Group,PROCEDURE
NCT05362760,Abemaciclib + Aromatase Inhibitor,DRUG
NCT05362760,Abemaciclib + Fulvestrant,DRUG
NCT02150720,Tranexamic Acid,DRUG
NCT02150720,Fibrin glue,DRUG
NCT02150720,Electrocauterization,PROCEDURE
NCT01515020,vancomycin monotherapy,DRUG
NCT01515020,daptomycin monotherapy,DRUG
NCT01416220,Lithium,DRUG
NCT01416220,Paroxetine,DRUG
NCT04944082,Ivermectin,DRUG
NCT06109259,DWJ1567,DRUG
NCT06109259,DWC202312,DRUG
NCT03678259,124I-p5+14 Injection,DRUG
NCT02431559,Durvalumab,DRUG
NCT02431559,Pegylated Liposomal Doxorubicin,DRUG
NCT02431559,Motolimod,DRUG
NCT02782559,Sildenafil,DRUG
NCT02782559,Placebo,DRUG
NCT03500380,RC48-ADC,DRUG
NCT03500380,Lapatinib,DRUG
NCT03500380,Capecitabine,DRUG
NCT01702480,GSK2981710,DRUG
NCT01702480,Placebo,DRUG
NCT05771480,Durvalumab,BIOLOGICAL
NCT05771480,Gemcitabine monotherapy,DRUG
NCT05771480,Gemcitabine + cisplatin,DRUG
NCT05771480,Gemcitabine + oxaliplatin,DRUG
NCT05771480,Gemcitabine + carboplatin,DRUG
NCT05771480,Gemcitabine + cisplatin + S-1,DRUG
NCT05771480,Gemcitabine + S-1,DRUG
NCT05771480,Gemcitabine + cisplatin + albumin-bound paclitaxel,DRUG
NCT07346079,"Purified Cortophin Gel, 40 U",DRUG
NCT07346079,Purified Cortophin Gel 80 U,DRUG
NCT04508179,7HP349 Single Ascending Dose,DRUG
NCT04508179,7HP349 Multiple Ascending Dose,DRUG
NCT04508179,Placebo Single Ascending Dose,DRUG
NCT04508179,Placebo Multiple Ascending Dose,DRUG
NCT04508179,7HP349 Food Effect,DRUG
NCT02971696,Sorafenib,DRUG
NCT02971696,Best Supportive care,DRUG
NCT03509662,Vitamin C,DRUG
NCT03509662,Thiamine,DRUG
NCT03509662,Placebos,DRUG
NCT01130662,combination therapy using decitabine and midostaurin,DRUG
NCT03981562,Vit D,DRUG
NCT03981562,Placebo Oral Tablet,DRUG
NCT05974462,Methylprednisolone 125 MG,DRUG
NCT05974462,IV saline solution 0.9%,OTHER
NCT07637162,AXS-14 (esreboxetine),DRUG
NCT04690062,Brolucizumab-Dbll,DRUG
NCT05803746,18F-FDG,DRUG
NCT02604446,Tapentadol,DRUG
NCT02604446,Oxycodone,DRUG
NCT02604446,Placebo,DRUG
NCT02604446,usual pain treatment,DRUG
NCT06963346,Romidepsin,DRUG
NCT06963346,Durvalumab,DRUG
NCT02373046,LX4211,DRUG
NCT04547088,Camrelizumab,DRUG
NCT04547088,Apatinib,DRUG
NCT00457288,TF 002,DRUG
NCT03455088,Dialectical Behavioral Group Therapy,BEHAVIORAL
NCT03455088,Drug: fluoxetine,DRUG
NCT03980288,CAR-GPC3 T Cells,DRUG
NCT04008888,Allogeneic Hematopoietic Stem Cell Transplantation,PROCEDURE
NCT04008888,Autologous Hematopoietic Stem Cell Transplantation x 1 or x 2,PROCEDURE
NCT04008888,Melphalan Given IV,DRUG
NCT04008888,Fludarabine Injection,DRUG
NCT04008888,PI and dexamethasone as maintenance therapy,DRUG
NCT04008888,PI+IMids+Dexamethasone as Consolidated Chemotherapy,DRUG
NCT03141203,Romidepsin,DRUG
NCT03141203,Carfilzomib,DRUG
NCT01657903,Sodium Fluoride,DRUG
NCT01657903,Potassium nitrate,DRUG
NCT03076203,Niraparib,DRUG
NCT03076203,Radium Ra 223 Dichloride,RADIATION
NCT06135103,talfirastide,DRUG
NCT06135103,Placebo,DRUG
NCT06804603,Tradipitant,DRUG
NCT06804603,Placebo,DRUG
NCT03899103,Rituximab,DRUG
NCT03899103,Mycophenolate Mofetil,DRUG
NCT00458003,Ephedrine,DRUG
NCT00458003,Phenylephrine,DRUG
NCT06181227,AVD-104,DRUG
NCT00077727,Extended-release galantamine hydrobromide,DRUG
NCT05232227,Primaquine double dose over 14 days,DRUG
NCT05232227,Primaquine single dose over 14 days,DRUG
NCT01050127,ABT-436,DRUG
NCT01050127,Placebo,DRUG
NCT00000761,Interferon gamma-1b,DRUG
NCT01510327,PROMUS Element Everolimus-Eluting Coronary Stent System,DEVICE
NCT01510327,Aspirin,DRUG
NCT01510327,Thienopyridine,DRUG
NCT00050661,Daclizumab,DRUG
NCT00050661,NB-UVB,DEVICE
NCT06645886,KQB198,DRUG
NCT06645886,Dasatinib,DRUG
NCT00151086,Estramustine,DRUG
NCT00151086,Vinorelbine,DRUG
NCT01115842,Vitamin D,DRUG
NCT07332442,Eszopiclone,DRUG
NCT07332442,Placebo,DRUG
NCT02064842,TMC647055,DRUG
NCT02064842,TMC435,DRUG
NCT02064842,Placebo,DRUG
NCT02064842,Ritonavir (RTV),DRUG
NCT01889186,ABT-199 (Main Cohort),DRUG
NCT01889186,ABT-199 (Safety Expansion Cohort),DRUG
NCT01717170,Tocilizumab,DRUG
NCT00759070,Tenofovir + emtricitabine + efavirenz,DRUG
NCT00759070,Tenofovir + emtricitabine + lopinavir/ritonavir,DRUG
NCT06180070,Ibuprofen/ Paracetamol tablets,DRUG
NCT06180070,Nuromol® tablets,DRUG
NCT02387086,Thalidomide,DRUG
NCT02387086,placebo,DRUG
NCT02387086,Gefitinib,DRUG
NCT02387086,Aspirin,DRUG
NCT06940570,PCA plus methadone (Experimental),DRUG
NCT06940570,PCA Alone (SOC),DRUG
NCT01774786,5-Fluorouracil,DRUG
NCT01774786,Capecitabine,DRUG
NCT01774786,Cisplatin,DRUG
NCT01774786,Pertuzumab,DRUG
NCT01774786,Placebo,DRUG
NCT01774786,Trastuzumab,DRUG
NCT05655273,Prograf,DRUG
NCT05655273,Envarsus,DRUG
NCT02000973,Lidocaine,DRUG
NCT02000973,Bupivacaine,DRUG
NCT02000973,Ropivacaine,DRUG
NCT02000973,Normal Saline,DRUG
NCT04307173,KBL693,DRUG
NCT03150173,Onsite treatment,BEHAVIORAL
NCT03150173,Enhanced referral,BEHAVIORAL
NCT03150173,Buprenorphine,DRUG
NCT01356173,GDC-0349,DRUG
NCT02806869,Single dose of ibuprofen (800 mg tablet),DRUG
NCT02806869,"Pulmocare, two 8.0 oz (236.6 mL) cans",DIETARY_SUPPLEMENT
NCT00547469,DDP733,DRUG
NCT02317783,[18F]Flutemetamol,DRUG
NCT02317783,[18F]fluoro-2-deoxy-D-glucose (FDG),DRUG
NCT02317783,Functional Magnetic Resonance Imaging (fMRI),DIAGNOSTIC_TEST
NCT02811783,"Naloxone Hydrochloride Lotion, 0.5%",DRUG
NCT02811783,Placebo Lotion,DRUG
NCT03690869,cemiplimab (monotherapy),DRUG
NCT03690869,cemiplimab (maintenance),DRUG
NCT03690869,Conventional or hypofractionated,RADIATION
NCT03690869,Re-irradiation,RADIATION
NCT02138383,Enzalutamide,DRUG
NCT02138383,Gemcitabine,DRUG
NCT02138383,Nab-paclitaxel,DRUG
NCT02136641,Midazolam,DRUG
NCT02136641,Midazolam+Fentanyl Combination,DRUG
NCT02136641,Midazolam+Ketamine Combination,DRUG
NCT03250741,Rotigotine transdermal patch,DRUG
NCT03250741,Placebo,OTHER
NCT02486341,Insulin,DRUG
NCT01090141,Micafungin,DRUG
NCT04536454,[18F]FPyGal,DRUG
NCT04683354,HL-085,DRUG
NCT02696954,Artemether-lumefantrine,DRUG
NCT02696954,Amodiaquine,DRUG
NCT02696954,Artemether-lumefantrine + Amodiaquine,DRUG
NCT02696954,Primaquine,DRUG
NCT02696954,Artemether-lumefantrine + Primaquine,DRUG
NCT02696954,Artemether-lumefantrine + Amodiaquine + Primaquine,DRUG
NCT06164327,BEBT-908 for Injection,DRUG
NCT06164327,Rituximab Injection,DRUG
NCT06164327,Gemcitabine Hydrochloride for Injection,DRUG
NCT06164327,Oxaliplatin Injection,DRUG
NCT06164327,Etoposide Injection,DRUG
NCT06164327,Ifosfamide for Injection,DRUG
NCT06164327,Carboplatin Injection,DRUG
NCT00707161,Radiation Therapy,RADIATION
NCT00707161,Cisplatin,DRUG
NCT00707161,Surgical resection,PROCEDURE
NCT00058461,ifosfamide,DRUG
NCT00058461,etoposide,DRUG
NCT00058461,rituximab,BIOLOGICAL
NCT00058461,carboplatin,DRUG
NCT00058461,filgrastim,BIOLOGICAL
NCT00058461,methotrexate,DRUG
NCT00058461,cytarabine,DRUG
NCT00058461,laboratory biomarker analysis,OTHER
NCT03381261,Botulinum toxin type A,DRUG
NCT06486142,Afatinib/Dacomitinib,DRUG
NCT06486142,Osimertinib,DRUG
NCT07367542,Esketamine 0.3mg/kg,DRUG
NCT07367542,Normal Saline,DRUG
NCT01213186,high dose of MSC,DRUG
NCT01213186,low dose of MSC treatment,DRUG
NCT03068442,Imaging with flutemetamol F 18 PET/CT,DRUG
NCT00003270,anti-thymocyte globulin,BIOLOGICAL
NCT00003270,filgrastim,BIOLOGICAL
NCT00003270,busulfan,DRUG
NCT00003270,cyclophosphamide,DRUG
NCT00003270,cyclosporine,DRUG
NCT00003270,methylprednisolone,DRUG
NCT00003270,bone marrow ablation with stem cell support,PROCEDURE
NCT00003270,umbilical cord blood transplantation,PROCEDURE
NCT00003270,radiation therapy,RADIATION
NCT01917773,Octreotide,DRUG
NCT01917773,Bisacodyl,DRUG
NCT03875573,Durvalumab,DRUG
NCT03875573,Stereotactic Body Radiotherapy,RADIATION
NCT03875573,Oleclumab,DRUG
NCT01596673,45-mg hydrocodone bitartrate extended-release tablet (crushed or intact),DRUG
NCT01596673,Placebo,DRUG
NCT04844073,TAK-186,DRUG
NCT06679569,rocuronium 0.2 mg/kg/hr continuous infusion,DRUG
NCT06679569,rocuronium 0.6 mg/kg/hr continuous infusion,DRUG
NCT05727969,Dexmedetomidine,DRUG
NCT05727969,Lactated Ringer,DRUG
NCT05727969,Hypospadias,PROCEDURE
NCT05727969,Surgical pleth index,DEVICE
NCT01765569,Digoxin,DRUG
NCT01765569,Vemurafenib,DRUG
NCT06223841,IAP0971,DRUG
NCT06556641,GZR33 Injection,DRUG
NCT06556641,GZR101 Injection,DRUG
NCT06556641,Placebo,DRUG
NCT06556641,Insulin Degludec,DRUG
NCT06214741,survodutide,DRUG
NCT06214741,Placebo matching BI 456906,DRUG
NCT00559741,cetuximab,BIOLOGICAL
NCT00559741,fluorouracil,DRUG
NCT00559741,irinotecan hydrochloride,DRUG
NCT00559741,leucovorin calcium,DRUG
NCT00559741,pharmacological study,OTHER
NCT01090154,Cimzia,DRUG
NCT00692354,CHR-2797 (tosedostat),DRUG
NCT02622854,plasma exchange,PROCEDURE
NCT02622854,conservative treatment,DRUG
NCT00021554,Enfuvirtide,DRUG
NCT05962541,PDD-TURBT with hexaminolevulinate (Hexvix®),DRUG
NCT05962541,Power Led Saphira (TM),DEVICE
NCT02945241,Vancomycin,DRUG
NCT02945241,Cystatin C dosing algorithm,OTHER
NCT02945241,Creatine clearance dosing algorithm,OTHER
NCT02147041,EGCG(Epigallocatechin Gallate),DRUG
NCT02147041,Placebo,DRUG
NCT07457541,[99mTc]Tc-HYNIC-FAPI,DRUG
NCT04324905,HIP1802,DRUG
NCT04324905,HGP1705,DRUG
NCT00144105,TPV500mg/RTV200mgBID,DRUG
NCT00144105,TPV500mg/RTV100mgBID,DRUG
NCT00144105,LPV400mg/RTV100mgBID,DRUG
NCT04542694,Favipiravir,DRUG
NCT04542694,Standard of care,DRUG
NCT02239094,Lurasidone (Latuda),DRUG
NCT06296966,VSJ-110,DRUG
NCT06296966,Placebo,DRUG
NCT00922194,Extended Release Metformin,DRUG
NCT07192666,Exosome Preparation,DRUG
NCT03880266,"Glycopyrronium cloth, 2.4%",DRUG
NCT03880266,Vehicle,DRUG
NCT05783856,LiveSpo X-secret,COMBINATION_PRODUCT
NCT05783856,0.9% NaCl physiological saline,DRUG
NCT06323356,TAK-279,DRUG
NCT00274456,ABI-007,DRUG
NCT00274456,Docetaxel,DRUG
NCT02443922,Glimepiride,DRUG
NCT02443922,Sitagliptin,DRUG
NCT02443922,Metformin,DRUG
NCT00428922,Trastuzumab,DRUG
NCT00428922,Bevacizumab,DRUG
NCT00428922,Docetaxel,DRUG
NCT00328822,Quetiapine,DRUG
NCT00328822,placebo,DRUG
NCT01142622,Ropivacaine nebulization,DRUG
NCT01142622,Ropivacaine instillation,DRUG
NCT01552122,Odanacatib,DRUG
NCT01552122,Alendronate,DRUG
NCT01552122,Placebo (odanacatib),OTHER
NCT01552122,Cholecalciferol (Vitamin D3),DIETARY_SUPPLEMENT
NCT01552122,Calcium carbonate,DIETARY_SUPPLEMENT
NCT01552122,Placebo (alendronate),OTHER
NCT04724629,Ixekizumab,BIOLOGICAL
NCT04724629,Aldesleukin,BIOLOGICAL
NCT04724629,Colchicine,DRUG
NCT04724629,Standard of care (SOC),DRUG
NCT00938431,Lacosamide,DRUG
NCT04623931,Quality-of-Life Assessment,OTHER
NCT04623931,Questionnaire Administration,OTHER
NCT04623931,Radiation Therapy,RADIATION
NCT04623931,Temozolomide,DRUG
NCT04808531,NanaBis™,DRUG
NCT04808531,Oxycodone CR,DRUG
NCT04808531,Placebo Spray,DRUG
NCT04808531,Placebo Tablet,DRUG
NCT04808531,Oxycodone IR,DRUG
NCT05513131,Venetoclax；Azacitidine；Homoharringtonine,DRUG
NCT02259231,Omaveloxolone Capsules (2.5 mg/capsule),DRUG
NCT02259231,Ipilimumab (3 mg/kg),DRUG
NCT02259231,Nivolumab (240 mg),DRUG
NCT02259231,Omaveloxolone Capsules (10 mg/capsule),DRUG
NCT02259231,Omaveloxolone Capsules (50 mg/capsule),DRUG
NCT00905931,Lycopene,DRUG
NCT00905931,placebo,DRUG
NCT05640531,WCK 771 IV Infusion,DRUG
NCT05640531,Placebo IV Infusion,OTHER
NCT02364453,PACAP38,DRUG
NCT05654753,active FMT,DRUG
NCT05654753,Placebo,DRUG
NCT06373653,Manzanilla Sophia®,DRUG
NCT06373653,Meticel Ofteno®,DRUG
NCT04744753,Calcium Ionophore A23187,DRUG
NCT03734653,Transdermal Testosterone,DRUG
NCT03734653,"Standard of Care, Enzalutamide",DRUG
NCT05760053,EP/EC+PD-1,DRUG
NCT04723537,Part A: Upamostat 200 mg,DRUG
NCT04723537,Part A: Upamostat 400 mg,DRUG
NCT04723537,Part A and B: Placebo,DRUG
NCT04723537,Part B: Upamostat 200 or 400 mg,DRUG
NCT01541345,Autogenous bone graft,DEVICE
NCT01541345,InductOs,DRUG
NCT01541345,Augmentation surgery,PROCEDURE
NCT02153645,240mg Amantadine HCl ER tablets,DRUG
NCT02153645,Placebo tablets,DRUG
NCT02153645,320mg Amantadine HCl ER tablets,DRUG
NCT00995345,KRP-104,DRUG
NCT00995345,Placebo,DRUG
NCT04314895,NanoPac (sterile nanoparticulate paclitaxel) Powder for Suspension,DRUG
NCT02744937,Aspirin,DRUG
NCT00761995,Azopt,DRUG
NCT00761995,Cosopt,DRUG
NCT01037595,turmeric,DRUG
NCT01037595,placebo,DRUG
NCT06160895,TQ-A3334 tablets,DRUG
NCT06160895,TQ-A3334 placebo tablets,DRUG
NCT07628972,Quercetin,DRUG
NCT06414395,Precedex (Dexmedetomidine) 200 MCG in 2 ML Injection,DRUG
NCT06414395,C group: Patients received saline infusion over 10 minutes,OTHER
NCT03779295,Pulse laser dye therapy (Device name: Candela Family of Pulsed Dye Laser Systems. 501k Number: K050673.),DEVICE
NCT03779295,Clindamycin,DRUG
NCT00355095,Erythropoietin,DRUG
NCT00435695,GSK163090,DRUG
NCT00992537,insulin degludec,DRUG
NCT00992537,insulin degludec/insulin aspart,DRUG
NCT00992537,insulin aspart,DRUG
NCT06872645,5% Dextrose/Water,DRUG
NCT06872645,1.5% standard PD fluid,DRUG
NCT07429045,AMG 133,DRUG
NCT05242445,Cetrelimab,DRUG
NCT05242445,Placebo,DRUG
NCT00516945,Lamivudine,DRUG
NCT01016145,Antipsychotics,DRUG
NCT00866645,Intramuscular Haloperidol,DRUG
NCT00866645,Intramuscular Levosulpiride,DRUG
NCT01385345,Vitamin D3 cholecalciferol,DRUG
NCT03182595,Paracetamol,DRUG
NCT06468995,Surveys completion,OTHER
NCT06468995,Home administration of CAB+RPV,DRUG
NCT06468995,Hospital administration of CAB+RPV,DRUG
NCT03906695,ASTX727,DRUG
NCT00361595,zoledronic acid,DRUG
NCT00902395,Midazolam,DRUG
NCT00902395,Protective stabilization,BEHAVIORAL
NCT00902395,"Midazolam, ketamine",DRUG
NCT02513095,Dantrolene sodium for injectable suspension,DRUG
NCT06507995,thoracic interlaminar epidural injection,DRUG
NCT04108195,Daratumumab,DRUG
NCT04108195,Talquetamab,DRUG
NCT04108195,Teclistamab,DRUG
NCT04108195,Pomalidomide,DRUG
NCT01323595,Celecoxib,DRUG
NCT01323595,Sugar Pill,DRUG
NCT06531395,Abiprubart,DRUG
NCT06531395,Placebo,DRUG
NCT05552495,CKD-386(4) F1,DRUG
NCT05552495,CKD-386(4) F2,DRUG
NCT05552495,"D013, D326, D337",DRUG
NCT00002095,Ganciclovir,DRUG
NCT03810339,Toripalimab,DRUG
NCT00128739,Budesonide,DRUG
NCT02185339,Rocuronium,DRUG
NCT06491680,Dapagliflozin 10mg Tab,DRUG
NCT02465580,hrIL-2 active,DRUG
NCT02465580,hrIL-2 placebo,DRUG
NCT01060696,Mefenamic acid or Hyoscine or placebo,DRUG
NCT03238196,Erdafitinib,DRUG
NCT03238196,Palbociclib,DRUG
NCT03238196,Fulvestrant,DRUG
NCT00392496,sunitinib malate,DRUG
NCT06025396,Cohort 1 - TMP-301,DRUG
NCT06025396,Placebo,DRUG
NCT06025396,Cohort 2 - TMP-301,DRUG
NCT06025396,Cohort 3 - TMP-301,DRUG
NCT06025396,Cohort 4 - TMP-301,DRUG
NCT03601780,local wound infiltration plus usual care,DRUG
NCT03601780,usual care only,DRUG
NCT02028780,Placebo to dose,DRUG
NCT02028780,Idarucizumab,DRUG
NCT02028780,Placebo to Idarucizumab,DRUG
NCT02028780,dabigatran,DRUG
NCT07547462,Beta-Sitosterol Ointment,DRUG
NCT07547462,Hydrophilic Methacrylate Gel,DRUG
NCT05259527,Ergocalciferol Capsules,DRUG
NCT05259527,Cholecalciferol Capsules,DIETARY_SUPPLEMENT
NCT03946527,Lanreotide,DRUG
NCT05296746,Ribociclib (neoadjuvant),DRUG
NCT05296746,Chemotherapy (adjuvant),DRUG
NCT05296746,Ribociclib (adjuvant),DRUG
NCT01518946,Midodrine HCl,DRUG
NCT01518946,Placebo,DRUG
NCT06455046,AK104,DRUG
NCT06455046,Recombinant Human Adenovirus 5 Injection,DRUG
NCT00655746,Dasatinib + Omeprazole,DRUG
NCT00103246,silicon phthalocyanine 4,DRUG
NCT07027488,AB821,DRUG
NCT01342627,Sorafenib,DRUG
NCT00292227,Rotigotine,DRUG
NCT00292227,Placebo,OTHER
NCT00292227,Moxifloxacin infusion,DRUG
NCT00292227,Placebo infusion,OTHER
NCT07134127,placebo,DRUG
NCT07134127,IBI3032,DRUG
NCT05801627,SAL067,DRUG
NCT05801627,Placebo,DRUG
NCT05896527,DC-806,DRUG
NCT05896527,Placebo,OTHER
NCT04221061,18F-FluorThanatrace,DRUG
NCT00947661,SPARC0912,DRUG
NCT00947661,Reference0912,DRUG
NCT05218161,Dexmedetomidine alone,DRUG
NCT04315961,Blinded drug dose conditions,DRUG
NCT05865886,BI 1291583,DRUG
NCT05865886,Placebo to BI 1291583,DRUG
NCT01316042,sugar pill,DRUG
NCT01316042,"Metformin, glucophage",DRUG
NCT01446042,Testosterone,DRUG
NCT04071470,Storytelling,BEHAVIORAL
NCT04071470,PrEP,DRUG
NCT00494442,KU-0059436 (AZD2281)(PARP inhibitor),DRUG
NCT06199973,SHR-A1811,DRUG
NCT06199973,"TAS-102, Regorafenib , Fruquintinib",DRUG
NCT00557973,"XP19986 SR1, 10 mg BID",DRUG
NCT00557973,"XP19986 SR1, 20 mg BID",DRUG
NCT00557973,"XP19986 SR1, 30 mg BID",DRUG
NCT00557973,Placebo,DRUG
NCT00232973,ICXP007,DRUG
NCT02782273,Ketorolac,DRUG
NCT02782273,Morphine,DRUG
NCT02969473,Docetaxel,DRUG
NCT02969473,Fluorouracil,DRUG
NCT01712373,Ginseng,DRUG
NCT01712373,Placebo,DRUG
NCT00433069,Pioglitazone,DRUG
NCT00433069,Interferon Alfa-2a,DRUG
NCT00433069,Ribavirin,DRUG
NCT04942769,Selenium,DRUG
NCT03303469,FMISO,DRUG
NCT05045469,dian dao san,DRUG
NCT05331469,NPH basal insulin titration,DRUG
NCT03161041,Cytoreductive surgery combined with HIPEC,PROCEDURE
NCT03161041,bevacizumab and HIPEC (Oxaliplatin 360 mg/m2).,DRUG
NCT02966041,Ondansetron,DRUG
NCT02966041,Saline,DRUG
NCT04495283,Pregabalin,DRUG
NCT04495283,Acetaminophen,DRUG
NCT04495283,Placebo 1,OTHER
NCT04495283,Placebo 2,OTHER
NCT02000154,SyB L-1101,DRUG
NCT06278454,NRT6008 Injection + Systematic chemotherapy,DRUG
NCT07232654,Iparomlimab/Tuvonralimab,DRUG
NCT07232654,Cisplatin,DRUG
NCT07232654,Brachytherapy and External Beam Radiotherapy,RADIATION
NCT04028505,Terlipressin Injectable Product,DRUG
NCT01607905,Selinexor,DRUG
NCT01607905,Acetaminophen,DRUG
NCT05357794,Brentuximab vedotin,DRUG
NCT05524194,Intravenous Infusion,DRUG
NCT02380794,Danshen Gegen Capsule,DRUG
NCT02380794,Placebo,DRUG
NCT04920994,M-TAPA block,PROCEDURE
NCT04920994,SCTAP block,PROCEDURE
NCT04920994,Bupivacaine Hydrochloride,DRUG
NCT02986594,Aspirin,DRUG
NCT02986594,Heparin,DRUG
NCT05652894,HX008(Pucotenlimab),DRUG
NCT05652894,Investigator's Choice Chemotherapy,DRUG
NCT06565494,midomafetamine (MDMA)-Assisted Therapy,DRUG
NCT07492394,entinostat,DRUG
NCT07492394,Dalpiciclib,DRUG
NCT07492394,Letrozole,DRUG
NCT04809766,Autologous Mesothelin-specific TCR-T Cells,BIOLOGICAL
NCT04809766,Cyclophosphamide,DRUG
NCT04809766,Fludarabine,DRUG
NCT04809766,Bendamustine,DRUG
NCT05357066,Nitrous oxide gas for inhalation,DRUG
NCT05357066,Placebo,DRUG
NCT01906866,Circadin 2/5/10 mg,DRUG
NCT01906866,Placebo,DRUG
NCT02701166,Bezafibrate,DRUG
NCT02701166,Placebo,DRUG
NCT00565422,Escitalopram,DRUG
NCT03054922,Normal Saline,DRUG
NCT03054922,Lactated Ringer,DRUG
NCT03054922,Normosol-R Inj,DRUG
NCT03468322,AC-203,DRUG
NCT03468322,Vehicle,DRUG
NCT02401256,Efavirenz,DRUG
NCT02401256,Bupropion,DRUG
NCT02401256,Rosuvastatin,DRUG
NCT02401256,Montelukast,DRUG
NCT00006222,cilengitide,DRUG
NCT06823856,Empagliflozin + Metformin hydrochloride 12.5 mg/1000 mg combination film-coated tablets,DRUG
NCT06823856,Synjardy 12.5 mg/1000 mg film-coated tablets,DRUG
NCT03099122,Rabbit Anti-thymocyte Immunoglobulin,BIOLOGICAL
NCT03099122,Tacrolimus,DRUG
NCT03099122,Methylprednisolone,DRUG
NCT03099122,Mycophenolate mofetil,DRUG
NCT03099122,Mycophenolate Na,DRUG
NCT03099122,prednisone,DRUG
NCT00443222,Infliximab,DRUG
NCT07201922,Nerandomilast,DRUG
NCT07201922,Placebo,DRUG
NCT01129622,letrozole,DRUG
NCT00001422,fludarabine,DRUG
NCT05756322,LBS-007,DRUG
NCT05355051,Azacytidine,DRUG
NCT05355051,Pembrolizumab,DRUG
NCT01975129,Vagitocin,DRUG
NCT06690229,glass ionomer cement,DRUG
NCT06690229,self-adhesive resin cement,DRUG
NCT06690229,resin modified glass ionomer cement,DRUG
NCT01686802,oral morphine,DRUG
NCT01686802,Ibuprofen,DRUG
NCT00829231,"Sorafenib (Nexavar, BAY43-9006)",DRUG
NCT04432831,Faricimab,DRUG
NCT04432831,Sham Procedure,OTHER
NCT05225831,Autologous CD19/CD22 Chimeric Antigen Receptor T-cells,BIOLOGICAL
NCT05225831,"Cyclophosphamide,Fludarabine",DRUG
NCT06219902,Elinzanetant (BAY3427080),DRUG
NCT06219902,Placebo to elinzanetant,DRUG
NCT06219902,Zopiclone,DRUG
NCT06219902,Placebo to zopiclone,DRUG
NCT07495631,VDCLP+V,DRUG
NCT07495631,2VIP,DRUG
NCT07495631,Consolidation Therapy,DRUG
NCT07495631,Maintenance Therapy,DRUG
NCT07495631,Blinatumomab,DRUG
NCT07495631,Venetoclax,DRUG
NCT07495631,CNS Prophylaxis,PROCEDURE
NCT07495631,CAR-T Cell Therapy,PROCEDURE
NCT07495631,Hematopoietic Stem Cell Transplantation (HSCT),PROCEDURE
NCT06976853,Tirzepatide,DRUG
NCT06976853,Standard of care treatment,DRUG
NCT06003231,disitamab vedotin,DRUG
NCT03239145,Pembrolizumab,DRUG
NCT03239145,Trebananib,DRUG
NCT03489837,Levotuss,DRUG
NCT03535545,[68Ga]CBP8,DRUG
NCT03535545,PET Imaging,DIAGNOSTIC_TEST
NCT02438072,"Omeprazole (10 mg, A02BC01)",DRUG
NCT03436472,dexmedetomidine,DRUG
NCT03436472,placebo,DRUG
NCT05194072,Felmetatug Vedotin,DRUG
NCT05194072,Pembrolizumab,DRUG
NCT06968572,HSK41959,DRUG
NCT06391372,estriol cream,DRUG
NCT02581072,SB204 4%,DRUG
NCT02581072,SB204 8% or 12%,DRUG
NCT02581072,Vehicle,DRUG
NCT04677972,Ebselen,DRUG
NCT04677972,Placebo,DRUG
NCT02744495,Betamethasone,DRUG
NCT02744495,Droperidol,DRUG
NCT05611372,Rasagiline,DRUG
NCT02851472,Inhaled Nitric Oxide,DRUG
NCT02851472,Placebo,DRUG
NCT01181895,Vilanterol,DRUG
NCT01181895,Salmeterol Inhalation Powder,DRUG
NCT01181895,Placebo Inhalation Powder NDPI,DRUG
NCT01181895,Placebo Inhalation Powder Diskus,DRUG
NCT00001962,Daclizumab,DRUG
NCT01079962,Bisoprolol,DRUG
NCT01079962,Atenolol,DRUG
NCT07144462,Fludarabine,DRUG
NCT07144462,Cyclophosphamide (C),DRUG
NCT07144462,NEUK203-215 Injection,GENETIC
NCT00098046,famciclovir,DRUG
NCT02104388,SJP-0035 Ophthalmic Solution,DRUG
NCT02104388,Vehicle of SJP-0035 Ophthalmic Solution,DRUG
NCT04404088,Acalabrutinib,DRUG
NCT04404088,Lenalidomide,DRUG
NCT04404088,Rituximab,BIOLOGICAL
NCT03910088,Pregabalin 100Mg Oral Cap,DRUG
NCT03910088,Hydrocortisone,DRUG
NCT03910088,Acetaminophen,DRUG
NCT03910088,oral fluids,OTHER
NCT03910088,Caffeine,DRUG
NCT03910088,Diclofenac,DRUG
NCT03332888,Rituximab,DRUG
NCT07683403,Savolitinib plus cetuximab and FOLFOX chemotherapy,DRUG
NCT07683403,Cetuximab and FOLFOX chemotherapy,DRUG
NCT03340103,"LUTEIN ofta 0,5 gocce",DIETARY_SUPPLEMENT
NCT03340103,Placebo,DRUG
NCT06196203,AK117,DRUG
NCT06196203,Placebo,DRUG
NCT06196203,Azacitidine,DRUG
NCT03654703,Cyclophosphamide,DRUG
NCT01545427,Imatinib mesylate,DRUG
NCT01545427,Placebo,OTHER
NCT05249127,64Cu-SAR-bisPSMA,DRUG
NCT04509661,LABA/LAMA or Placebo inhalation,DRUG
NCT00003261,methotrexate,DRUG
NCT00003261,zidovudine,DRUG
NCT00003261,neoadjuvant therapy,PROCEDURE
NCT00003261,radiation therapy,RADIATION
NCT02010242,GKT137831,DRUG
NCT02010242,Placebo,DRUG
NCT02067442,oral acetaminophen,DRUG
NCT02067442,intravenous acetaminophen,DRUG
NCT00411242,agomelatine,DRUG
NCT00411242,placebo,DRUG
NCT01007942,everolimus,DRUG
NCT01007942,Placebo,DRUG
NCT01007942,vinorelbine,DRUG
NCT01007942,trastuzumab,DRUG
NCT01187186,ASP1941,DRUG
NCT00034086,Lopinavir/Ritonavir,DRUG
NCT00034086,Lamivudine/Zidovudine,DRUG
NCT00034086,Tenofovir disoproxil fumarate,DRUG
NCT00034086,"Pneumococcal Vaccine, Polyvalent (23-valent)",BIOLOGICAL
NCT00034086,Lamivudine,DRUG
NCT00034086,Stavudine,DRUG
NCT00034086,Zidovudine,DRUG
NCT00034086,Didanosine,DRUG
NCT00034086,Lyme Disease Vaccine Recombinant OspA,BIOLOGICAL
NCT00034086,Haemophilus B Conjugate Vaccine,BIOLOGICAL
NCT06666270,SYN818,DRUG
NCT01525173,0.1% brimonidine tartrate ophthalmic solution,DRUG
NCT01525173,0.01% bimatoprost ophthalmic solution,DRUG
NCT01525173,0.2% hypromellose lubricant eye drops,DRUG
NCT01525173,latanoprost 0.005% ophthalmic solution,DRUG
NCT02111473,Testosterone,DRUG
NCT03785873,Nivolumab,DRUG
NCT03785873,Nanoliposomal-Irinotecan,DRUG
NCT03785873,5-Fluorouracil,DRUG
NCT03785873,Leucovorin,DRUG
NCT02216669,DTP348,DRUG
NCT03281369,5-Fluorouracil (5-FU),DRUG
NCT03281369,Leucovorin,DRUG
NCT03281369,Oxaliplatin,DRUG
NCT03281369,Atezolizumab,DRUG
NCT03281369,Cobimetinib,DRUG
NCT03281369,Ramucirumab,BIOLOGICAL
NCT03281369,Paclitaxel,DRUG
NCT03281369,PEGylated recombinant human hyaluronidase (PEGPH20),BIOLOGICAL
NCT03281369,BL-8040,DRUG
NCT03281369,Linagliptin,DRUG
NCT03281369,Cisplatin,DRUG
NCT03281369,Tiragolumab,DRUG
NCT02048683,Short term sedation with sevoflurane in ICU,DRUG
NCT02709083,Dasatinib,DRUG
NCT02709083,Imatinib Mesylate,DRUG
NCT02709083,Nilotinib,DRUG
NCT00170183,Nesiritide,DRUG
NCT05257941,IT Injection,DRUG
NCT05257941,ESP Block,DRUG
NCT07657741,Papaverine,DRUG
NCT02326441,KX2-361,DRUG
NCT07282041,Dulaglutide,DRUG
NCT00603941,CS-7017,DRUG
NCT00603941,Paclitaxel,DRUG
NCT00605241,GSK598809,DRUG
NCT01673854,Ipilimumab,DRUG
NCT01673854,Vemurafenib,BIOLOGICAL
NCT04635605,Methylene Blue,DRUG
NCT04635605,Control Test,DRUG
NCT05355805,Izokibep,DRUG
NCT05355805,Placebo to izokibep,DRUG
NCT05549505,ARV-471,DRUG
NCT05549505,Anastrozole,DRUG
NCT05549505,Surgical resection of breast tumor,PROCEDURE
NCT05037851,Opelconazole,DRUG
NCT05037851,Standard of Care,DRUG
NCT01360866,OPC-34712,DRUG
NCT01360866,Escitalopram,DRUG
NCT01360866,Fluoxetine,DRUG
NCT01360866,Paroxetine CR,DRUG
NCT01360866,Sertraline,DRUG
NCT01360866,Duloxetine,DRUG
NCT01360866,Venlafaxine XR,DRUG
NCT04996056,TNX-1300,DRUG
NCT04996056,Usual Care,OTHER
NCT05163756,DW1903,DRUG
NCT05163756,DW1903-R1,DRUG
NCT02793856,Cyclophosphamide,DRUG
NCT02793856,PD-1 Knockout T Cells,OTHER
NCT01345851,hypofractionated radiation therapy,RADIATION
NCT01345851,laboratory biomarker analysis,OTHER
NCT01345851,image-guided radiation therapy,RADIATION
NCT01345851,carboplatin,DRUG
NCT01345851,paclitaxel,DRUG
NCT01345851,stereotactic body radiation therapy,RADIATION
NCT03599622,BMS-986165,DRUG
NCT03599622,Placebo,OTHER
NCT00081822,clofarabine,DRUG
NCT00081822,Ara-C,DRUG
NCT02958202,BMN 044 IV 6 mg/kg,DRUG
NCT02958202,BMN 044 IV 9 mg/kg,DRUG
NCT02958202,BMN 044 SC 6 mg/kg,DRUG
NCT01602302,"bDMARD withdrawal (etanercept, adalimumab, infliximab, certolizumab, golimumab, tozilizumab, abatacept)",DRUG
NCT03427502,Bupivacaine-epinephrine,DRUG
NCT03427502,normal saline,DRUG
NCT05890729,XTMAB-16 or Placebo,DRUG
NCT01638429,Neomycin,DRUG
NCT01638429,Rifaximin,DRUG
NCT02918929,EDP 305,DRUG
NCT02918929,Placebo,DRUG
NCT02537002,PF-05230907,DRUG
NCT02537002,Placebo,DRUG
NCT04973137,Birtamimab,DRUG
NCT04973137,Placebo,OTHER
NCT04973137,Standard of Care Chemotherapy,DRUG
NCT01400737,ibuprofen,DRUG
NCT01222845,Test meal,DRUG
NCT00698945,Istalol and Optive,DRUG
NCT00698945,Alphagan,DRUG
NCT07658872,fruquintinib + sintilimab + SOX,DRUG
NCT07658872,Sinitilimab+SOX,DRUG
NCT05093972,Ulonivirine,DRUG
NCT00939172,TTP607,DRUG
NCT06648772,Roflumilast Cream 0.3%,DRUG
NCT06648772,Vehicle cream,DRUG
NCT02582372,Dexmedetomidine and bupivacaine,DRUG
NCT02582372,Fentanyl and bupivacaine,DRUG
NCT05948072,mFOLFOX6 + Cetuximab,DRUG
NCT05948072,mFOLFOX 6,DRUG
NCT03440372,Ozanimod,DRUG
NCT03440372,Placebo,OTHER
NCT00785395,Oxytocin infusion,DRUG
NCT05623995,PCSK9 inhibitor,DRUG
NCT05623995,Statin,DRUG
NCT03432195,Donepezil TDS,DRUG
NCT03212495,dexamedetomidine,DRUG
NCT03212495,neostigmine,DRUG
NCT05890495,Lidocaine topical,DRUG
NCT05890495,Tampon,DEVICE
NCT00011895,"Abacavir sulfate, Lamivudine and Zidovudine",DRUG
NCT00011895,Efavirenz,DRUG
NCT00189995,clozapine,DRUG
NCT00189995,haloperidol,DRUG
NCT00080795,filgrastim,BIOLOGICAL
NCT00080795,cisplatin,DRUG
NCT00080795,doxorubicin hydrochloride,DRUG
NCT00080795,gemcitabine hydrochloride,DRUG
NCT00080795,ifosfamide,DRUG
NCT00080795,conventional surgery,PROCEDURE
NCT00080795,neoadjuvant therapy,PROCEDURE
NCT00992095,buprenorphine hydrochloride,DRUG
NCT00171795,Rivastigmine,DRUG
NCT01690195,ABT-126,DRUG
NCT07581795,"Paclitaxel polymer micelles combined with trastuzumab, pertuzumab, and adrelumab",DRUG
NCT07581795,Taxanes combined with trastuzumab and pertuzumab.,DRUG
NCT00045695,bortezomib,DRUG
NCT00526695,Sevoflurane (Preconditioning),DRUG
NCT02184195,Olaparib,DRUG
NCT02184195,Placebo,DRUG
NCT03968939,Diphenhydramine (Benadryl),DRUG
NCT03968939,Melatonin,DIETARY_SUPPLEMENT
NCT03968939,Sleep Hygiene Education,BEHAVIORAL
NCT00517439,Copegus,DRUG
NCT00517439,Pegasys,DRUG
NCT00517439,RO4588161,DRUG
NCT04570839,COM701 in combination with BMS-986207 and nivolumab.,DRUG
NCT02285439,MEK162,DRUG
NCT00406575,Placebo,DRUG
NCT00406575,Recombinant human relaxin (rhRlx),DRUG
NCT00634075,omega-3-fatty acids (Omegaven),DRUG
NCT00634075,placebo,DRUG
NCT05582577,Intravitreal bevacizumab injection with subthreshold micropulse laser,COMBINATION_PRODUCT
NCT05582577,Intravitreal bevacizumab injection alone,DRUG
NCT07288177,Rina-S,DRUG
NCT06993675,Talquetamab,DRUG
NCT06993675,Teclistamab,DRUG
NCT05091775,Asacol is used to treat and prevent mild to moderate acute fissure disease,DRUG
NCT01135862,platelets,DRUG
NCT00559962,AEGR-733,DRUG
NCT00559962,placebo,DRUG
NCT00559962,AEGR-733 and atorvastatin,DRUG
NCT00559962,AEGR-733 and fenofibrate,DRUG
NCT00559962,AEGR-733 and ezetimibe,DRUG
NCT05830162,Placebo,DRUG
NCT05830162,Bioclavid (Amoxicillin and Clavulanic acid),DRUG
NCT01154062,Pazopanib,DRUG
NCT05212246,5% Imiquimod cream,DRUG
NCT05212246,Placebo Vehicle Control Cream,DRUG
NCT00654446,Rosuvastatin,DRUG
NCT00654446,Simvastatin,DRUG
NCT00729846,Bevacizumab,DRUG
NCT00729846,verteporfin photodynamic therapy reduced fluence,DEVICE
NCT00729846,verteporfin photodynamic therapy standardfluence,DEVICE
NCT01304303,SPARC1023 I,DRUG
NCT01304303,SPARC1023 II,DRUG
NCT04703088,Ondansetron 4 MG,DRUG
NCT04703088,0.9% Saline,DRUG
NCT02721888,Liraglutide,DRUG
NCT02721888,MRI/ MRS (Magnetic Resonance Imaging /Magnetic Resonance Spectroscopy),DRUG
NCT02721888,Blood sample,BIOLOGICAL
NCT02721888,Kinetic substudy (10 patients),OTHER
NCT07214727,ALN-5288,DRUG
NCT07214727,Placebo,DRUG
NCT00665327,"Avelox (Moxifloxacin, BAY12-8039)",DRUG
NCT00665327,Levofloxacin,DRUG
NCT00725127,aspirin,DRUG
NCT00361842,CPX-1 (Irinotecan HCl:Floxuridine) Liposome Injection,DRUG
NCT05642442,Placebo,DRUG
NCT05642442,Suvecaltamide,DRUG
NCT03942042,Ixekizumab,DRUG
NCT04423861,Nitazoxanide,DRUG
NCT04423861,Placebo,DRUG
NCT02363361,Imatinib,DRUG
NCT07123870,Sevofluorane,DRUG
NCT07123870,Desflurane,DRUG
NCT07123870,Total Intravenous Anesthesia(TIVA),DRUG
NCT01968070,LY3127760,DRUG
NCT01968070,Celecoxib,DRUG
NCT01968070,Placebo,DRUG
NCT01133873,Propoxyphene napsylate (XP20C),DRUG
NCT01133873,Placebo,DRUG
NCT00877773,Temsirolimus,DRUG
NCT05223673,Futuximab/modotuximab,BIOLOGICAL
NCT05223673,Trifluridine/Tipiracil,DRUG
NCT00972673,Placebo,DRUG
NCT00972673,GW685698X,DRUG
NCT02667873,SL-801,DRUG
NCT04342169,Hydroxychloroquine,DRUG
NCT04342169,Placebo oral tablet,DRUG
NCT02706483,Plecanatide,DRUG
NCT01721941,Phase I Dose level -1,DRUG
NCT01721941,Phase I dose level 1,DRUG
NCT01721941,Phase I Dose level 2,DRUG
NCT01721941,Phase I Dose level 3,DRUG
NCT05651841,Tezepelumab,DRUG
NCT05651841,placebo,OTHER
NCT00002883,cisplatin,DRUG
NCT00002883,fluorouracil,DRUG
NCT00002883,adjuvant therapy,PROCEDURE
NCT00002883,conventional surgery,PROCEDURE
NCT00002883,neoadjuvant therapy,PROCEDURE
NCT00873041,deferasirox,DRUG
NCT00873041,placebo,DRUG
NCT02915354,Etanercept,DRUG
NCT00453154,Carboplatin,DRUG
NCT00453154,Cisplatin,DRUG
NCT00453154,Etoposide,DRUG
NCT00453154,Laboratory Biomarker Analysis,OTHER
NCT00453154,Placebo Administration,OTHER
NCT00453154,Sunitinib Malate,DRUG
NCT02559154,Bortezomib,DRUG
NCT02559154,Dexamethasone,DRUG
NCT02559154,Doxorubicin,DRUG
NCT02559154,Cyclophosphamide,DRUG
NCT02559154,Mitoxsnteone,DRUG
NCT02559154,Thalidomide,DRUG
NCT05983354,Oral metoclopramide and ibuprofen,DRUG
NCT05983354,Intravenous metoclopramide and ketorolac,DRUG
NCT00263354,Oxaliplatin,DRUG
NCT01258205,AMG 139,DRUG
NCT00427505,Deferasirox,DRUG
NCT03668405,Lu AF20513,DRUG
NCT03901105,flortaucipir F18,DRUG
NCT03901105,Brain PET Scan,PROCEDURE
NCT04326894,25 mg/week oral methotrexate tablets,DRUG
NCT04326894,25mg/week oral placebo tablets,DRUG
NCT05199194,Tenecteplase,DRUG
NCT05199194,Placebo,DRUG
NCT06644794,Progesterone-modified natural cycle preparation for frozen embryo transfer,DRUG
NCT06644794,Hormone replacement therapy cycle preparation for frozen embryo transfer,DRUG
NCT01200394,PF-00489791,DRUG
NCT01200394,Placebo,DRUG
NCT06325566,Rexlemestrocel-L + HA mixture,DRUG
NCT06325566,Saline,DRUG
NCT04983966,Desﬂurane,DRUG
NCT04983966,Remimazolam,DRUG
NCT03997266,Ampicillin,DRUG
NCT03997266,Gentamycin,DRUG
NCT03997266,Normal saline,DRUG
NCT02753166,Dexamethasone,DRUG
NCT02185066,Atorvastatin 20mg and Metformin XR 500mg (Reference),DRUG
NCT02185066,CJ-30056 20/500mg (Test),DRUG
NCT01934166,Nalmefene 18 mg,DRUG
NCT04169256,HYR-PB21,DRUG
NCT04169256,Liposomal bupivacaine,DRUG
NCT04169256,Normal Saline,OTHER
NCT02810756,New Pazopanib formulation,DRUG
NCT00947856,brentuximab vedotin,DRUG
NCT02883556,Pembrolizumab,DRUG
NCT06439056,"NEX-22A, a prolonged release formulation of liraglutide",DRUG
NCT00267956,CNTO 1275 63 mg,DRUG
NCT00267956,Placebo,DRUG
NCT02183051,Meloxicam 7.5 mg,DRUG
NCT02183051,Meloxicam 3.75 mg,DRUG
NCT02183051,Meloxicam 1.875 mg,DRUG
NCT02183051,Ibuprofen 200 mg,DRUG
NCT02183051,Placebo,DRUG
NCT02183051,Meloxicam 15 mg,DRUG
NCT02183051,Ibuprofen 400 mg,DRUG
NCT00730756,Fluticasone Furoate Nasal Spray,DRUG
NCT00730756,Placebo Nasal Spray,OTHER
NCT02576951,Galcanezumab,DRUG
NCT02576951,Placebo,DRUG
NCT00370851,Avastin (Bevacizumab),DRUG
NCT02530151,Morphine with clonidine,DRUG
NCT02530151,Normal saline,OTHER
NCT06599151,[18F]FTC-146,DRUG
NCT02973451,Laparoscopic Guided Bupivacaine,DRUG
NCT02973451,local Bupivacaine,DRUG
NCT01603251,Artemether-lumefantrine combination,DRUG
NCT01603251,Artemether-lumefantrine combination + single dose Ivermectin,DRUG
NCT01603251,Artemether-lumefantrine combination + repeated dose Ivermectin,DRUG
NCT00235651,Amphotericin B,DRUG
NCT05461131,BPZE1,BIOLOGICAL
NCT05461131,Placebo,BIOLOGICAL
NCT05461131,Azithromycin,DRUG
NCT05461131,Bordetella Pertussis Challenge Strain,OTHER
NCT06388031,Immune checkpoint inhibitor,DRUG
NCT00939731,PF-02341066,DRUG
NCT04301531,Mass testing using RDTs,OTHER
NCT04301531,Treatment for all cases confirmed positive malaria cases with ACTs,DRUG
NCT04301531,Determination of Hb,OTHER
NCT04301531,Household survey,OTHER
NCT04301531,Community-base management of malaria,OTHER
NCT01165502,CM3.1-AC100,DRUG
NCT01165502,Placebo,DRUG
NCT04990102,CPX-351,DRUG
NCT00899431,Lenalidomide,DRUG
NCT00899431,Fludarabine,DRUG
NCT00899431,Rituximab,DRUG
NCT00899431,Thymoglobulin,DRUG
NCT00899431,Stem Cell Transplantation,PROCEDURE
NCT00899431,Bendamustine,DRUG
NCT00899431,Allopurinol,DRUG
NCT04756531,PF-07321332 Dose 1,DRUG
NCT04756531,PF-07321332 Dose 2,DRUG
NCT04756531,PF-07321332 Dose 3,DRUG
NCT04756531,PF-07321332 Dose 4,DRUG
NCT04756531,PF-07321332 Dose 5,DRUG
NCT04756531,PF-07321332 Dose 4 or Placebo (Fed),DRUG
NCT02051231,Oxytocin,DRUG
NCT03530631,Adderall,DRUG
NCT03530631,Placebo,DRUG
NCT01539031,E2020,DRUG
NCT02832531,Rivaroxaban (15 mg),DRUG
NCT02832531,Aspirin,DRUG
NCT01162031,Velcade,DRUG
NCT03626831,Evolocumab Prefilled Syringe,DRUG
NCT03626831,Placebos,DRUG
NCT01088802,IMRT,RADIATION
NCT01088802,Cisplatin,DRUG
NCT01088802,Carboplatin,DRUG
NCT01915602,Refametinib (BAY86-9766),DRUG
NCT01915602,Sorafenib (BAY43-9006),DRUG
NCT02946437,Sevoflurane,DRUG
NCT02946437,Propofol,DRUG
NCT02946437,Midazolam,DRUG
NCT02946437,MIRUS™System,DEVICE
NCT00362037,Irbesartan (Aprovel),DRUG
NCT00833937,Zolpidem 10 mg tablets,DRUG
NCT00833937,AMBIEN® 10 mg tablets,DRUG
NCT04514237,BOS172767 enantiomer E1 or E2,DRUG
NCT04514237,Placebo,DRUG
NCT06244745,Administration of letrozole,DRUG
NCT07461545,Apixaban 2.5 MG,DRUG
NCT00410345,Mifepristone,DRUG
NCT00932945,LACTIC ACID(ND),DRUG
NCT05275972,Ripasudil,DRUG
NCT05275972,Placebo,DRUG
NCT04295772,DOR/ISL,DRUG
NCT05591872,LD+I+TRB,DRUG
NCT03644472,nitrate rich beetroot juice,DRUG
NCT03644472,nitrate depleted beetroot juice,DRUG
NCT04725695,Viscous Lidocaine,DRUG
NCT03359395,Alfentanil,DRUG
NCT03359395,Placebos,DRUG
NCT04212039,Saline Solution,DRUG
NCT04212039,Bupivacaine,DRUG
NCT05168839,FLUO+ : Intraoperative fluorescence angiography (IOFA) with indocyanine green (ICG).,DRUG
NCT02514577,IDP-122 Lotion,DRUG
NCT02514577,IDP-122 Vehicle Lotion,DRUG
NCT01204177,BAY86-9766 MEK Inhibitor + Sorafenib,DRUG
NCT04152577,R2-combination chemotherapy,DRUG
NCT04152577,R-combination chemotherapy,DRUG
NCT01993875,Lubiprostone,DRUG
NCT01993875,Placebo,DRUG
NCT00081757,Thalidomide,DRUG
NCT01553357,"Lenalidomide, dexamethasone",DRUG
NCT02133157,Sulfatinib,DRUG
NCT05143957,sapablursen,DRUG
NCT02634801,Fumaric Acid Esters,DRUG
NCT02634801,Methotrexate,DRUG
NCT02634801,Ixekizumab,DRUG
NCT01412073,oxytocin,DRUG
NCT01412073,Misoprostol,DRUG
NCT07002073,Intravenous Induction of Anesthesia,DRUG
NCT04918069,Capsaicin,DRUG
NCT04918069,Placebo,DRUG
NCT06062069,CT-868,DRUG
NCT06062069,CT-868 Pen Injector,DEVICE
NCT06062069,"CT-868 Pen Injector, Placebo",DRUG
NCT00124969,Amlodipine,DRUG
NCT00124969,Placebo,DRUG
NCT04452383,Ketamine + propofol,DRUG
NCT04452383,propofol,DRUG
NCT03746483,MS1819,DRUG
NCT03746483,Porcine PERT,DRUG
NCT04930783,CDX-301,DRUG
NCT04930783,NEOVAX,BIOLOGICAL
NCT04930783,Nivolumab,DRUG
NCT04930783,Pembrolizumab,DRUG
NCT06313541,SBRT or LDRT,RADIATION
NCT06313541,PD-1/PD-L1 inhibitor combined with platinum-based chemotherapy,DRUG
NCT01985841,Bevacizumb,DRUG
NCT01985841,5-Fluorouracil,DRUG
NCT01985841,Epirubicin,DRUG
NCT01985841,Cyclophosphamide,DRUG
NCT01985841,Docetaxel,DRUG
NCT06063941,1% Lugol's iodine solution,DRUG
NCT06063941,5% Lugol's iodine solution,DRUG
NCT00826241,Temozolomide,DRUG
NCT00826241,Lapatinib,DRUG
NCT01645254,Argemone mexicana,DRUG
NCT04501354,Mesenchymal Stem Cell,DRUG
NCT00003954,melphalan,DRUG
NCT00003954,autologous hematopoietic stem cell transplantation,PROCEDURE
NCT00003954,autologous bone marrow transplantation,PROCEDURE
NCT00003954,peripheral blood stem cell transplantation,PROCEDURE
NCT00003954,total-body irradiation,RADIATION
NCT00003954,cyclosporine,DRUG
NCT00003954,mycophenolate mofetil,DRUG
NCT00003954,therapeutic allogeneic lymphocytes,BIOLOGICAL
NCT06932705,PA-111,DRUG
NCT06932705,PA-111A,DRUG
NCT01074905,Artesunate,DRUG
NCT01074905,Chloroquine,DRUG
NCT01074905,Chloroquine/Primaquine,DRUG
NCT01314105,BIBF 1120 + PLD 30 mg/m2 + CBDCA AUC5 mg/mL*min,DRUG
NCT01314105,BIBF 1120+ PLD 30 mg/m2 + CBDCA AUC5 mg/mL*min,DRUG
NCT07572994,Lidocaine 2 %,DRUG
NCT07572994,Lidocaine + Sodium Bicarbonate,DRUG
NCT03739294,Fluticasone Furoate/ Vilanterol Trifenatate,DRUG
NCT05269394,E2814,DRUG
NCT05269394,Lecanemab,DRUG
NCT05269394,Matching Placebo (E2814),DRUG
NCT00661505,methoxy polyethylene glycol-epoetin beta,DRUG
NCT02089594,Hyperbaric Oxygen,DRUG
NCT02089594,No Hyperbaric Oxygen,DRUG
NCT07169994,YL202 for injection; Toripalimab injection,DRUG
NCT07169994,YL202 for injection; Furmonertinib Mesilate Tablets,DRUG
NCT07047066,Fluzoparib with Temozolomide,DRUG
NCT01440166,Drug,DRUG
NCT01440166,Placebo,OTHER
NCT04296266,Alda-341,DRUG
NCT01980056,Vosaroxin,DRUG
NCT04227756,LSD,DRUG
NCT04227756,Psilocybin,DRUG
NCT04227756,Mescaline,DRUG
NCT04227756,Placebo,OTHER
NCT04616456,[F-18]PBR06,DRUG
NCT04616456,Verdiperstat,DRUG
NCT01884922,Nilotinib,DRUG
NCT01884922,Vinblastine,DRUG
NCT01720056,Verapamil,DRUG
NCT01720056,Kenalog 10,DRUG
NCT01813422,Evolocumab,BIOLOGICAL
NCT01813422,Placebo,DRUG
NCT00486122,Atomoxetine Hydrochloride,DRUG
NCT00486122,Placebo,DRUG
NCT00976222,intravitreal injection with ranibizumab,DRUG
NCT02060656,Gemcitabine,DRUG
NCT02060656,Methylprednisolone,DRUG
NCT02060656,Rituximab,DRUG
NCT02060656,Cisplatin,DRUG
NCT02060656,Lenalidomide,DRUG
NCT06673056,N-Acetyl-L-Leucine,DRUG
NCT06673056,Placebo,OTHER
NCT02688556,cyclosporine,DRUG
NCT02688556,vehicle of OTX-101,DRUG
NCT04372602,Duvelisib,DRUG
NCT04372602,Peripheral blood draw,PROCEDURE
NCT04372602,Placebo,DRUG
NCT01461031,nefopam,DRUG
NCT01461031,normal saline (control),DRUG
NCT00445302,plerixafor,DRUG
NCT03166631,BI 891065,DRUG
NCT03166631,BI 754091,DRUG
NCT03580031,hCG,DRUG
NCT03580031,Saline Solution,DRUG
NCT03158831,Placebo-Controlled Graded Drug Challenge,DRUG
NCT07077902,Topical roflumilast 0.3% foam,DRUG
NCT05092802,HLX208,DRUG
NCT01630902,Torrent's Felodipine Extended-Release Tablets,DRUG
NCT05843253,Ribociclib,DRUG
NCT05843253,Everolimus,DRUG
NCT05843253,Temozolomide (TMZ),DRUG
NCT02580253,Individualized Chemotherapy,DRUG
NCT02580253,mFOLFOX6,DRUG
NCT04392037,Iberdomide plus low-dose cyclophosphamide and dexamethasone,DRUG
NCT06426537,Colchicine 0.5 MG Oral Tablet,DRUG
NCT05299437,Radioiodine optimized therapy,DRUG
NCT00266253,GK Activator (2),DRUG
NCT00266253,Metformin,DRUG
NCT04830137,NX-2127,DRUG
NCT00815945,PegLiposomal Doxorubicin,DRUG
NCT00815945,Carboplatin,DRUG
NCT01588145,HM61713,DRUG
NCT05841472,"Camrelizumab (SHR-1210), Pemetrexed, and Carboplatin",DRUG
NCT02320045,ITCA 650 (Exenatide in osmotic mini pump),DRUG
NCT02686645,Fecal Microbiota,BIOLOGICAL
NCT02686645,vancomycin,DRUG
NCT02686645,Loperamide,DRUG
NCT02686645,metronidazole,DRUG
NCT01572545,Denosumab,DRUG
NCT01572545,Zoledronic acid,DRUG
NCT02066545,CLS001 Topical Gel,DRUG
NCT02066545,CLS001 Topical Gel Vehicle,DRUG
NCT05987072,Sisunatovir,DRUG
NCT05144295,Lubiprostone Pill,DRUG
NCT05144295,Lactulose Oral Liquid Product,DRUG
NCT05144295,Bisacodyl 5 MG,DRUG
NCT05144295,Sodium Picosulfate,DRUG
NCT00828139,ziv-aflibercept,BIOLOGICAL
NCT00828139,topotecan hydrochloride,DRUG
NCT01093677,LIM-0705,DRUG
NCT01093677,Placebo,DRUG
NCT00000275,Flupenthixol,DRUG
NCT05665075,QN-023a,DRUG
NCT05665075,Cyclophosphamid,DRUG
NCT05665075,Fludarabine,DRUG
NCT05665075,Cytarabine,DRUG
NCT05665075,VP-16,DRUG
NCT01802775,edoxaban,DRUG
NCT01802775,Clopidogrel,DRUG
NCT01802775,Aspirin,DRUG
NCT00800475,Gemfibrozil Tablets,DRUG
NCT04224675,Atenolol,DRUG
NCT00268957,Sevelamer carbonate (Renvela®),DRUG
NCT00268957,Sevelamer hydrochloride (Renagel®),DRUG
NCT03621657,Low Dose FMT Capsule DE,DRUG
NCT03621657,Single Dose FMT Capsule DE,DRUG
NCT03621657,Placebo oral capsule,DRUG
NCT05739877,DA-1229_01 2.5/500mg (Before),DRUG
NCT05739877,DA-1229_01 2.5/500mg (After),DRUG
NCT03760575,Pembrolizumab,DRUG
NCT03760575,Indocyanine Green (ICG) Image-Guided Surgery,PROCEDURE
NCT03760575,Cisplatin,DRUG
NCT03760575,Pemetrexed,DRUG
NCT07682675,Zanzalintinib,DRUG
NCT01986075,Computer-assisted behavior therapy,BEHAVIORAL
NCT01986075,Mixed-Amphetamine Salts- Extended Release (MAS-ER),DRUG
NCT01986075,Placebo,DRUG
NCT02068157,Laboratory Biomarker Analysis,OTHER
NCT02068157,Photodynamic Therapy,DRUG
NCT02068157,Porfimer Sodium,DRUG
NCT04194957,Fluoropyrimidine (capecitabine or 5-fluorouracil),DRUG
NCT03034057,Sayana Press,DRUG
NCT03498001,GLP-1 agonists,DRUG
NCT03498001,Cardiac MRI,PROCEDURE
NCT03498001,Follow up by phone,OTHER
NCT01102101,Remifentanil,DRUG
NCT07121101,TRD205 tablets,DRUG
NCT07121101,placebo,DRUG
NCT03654612,Apatinib,DRUG
NCT05022212,LACTIN-V,DRUG
NCT05022212,Placebo,DRUG
NCT01699412,Clobetasol,DRUG
NCT01699412,Dexamethasone,DRUG
NCT06257212,BCG vaccine (Danish strain 1331),DRUG
NCT06257212,MMR Vaccine,DRUG
NCT06257212,Placebo,DRUG
NCT07254481,VB19055,DRUG
NCT07254481,VB19055 placebo,DRUG
NCT00513019,Lamictal (lamotrigine),DRUG
NCT00513019,Placebo,DRUG
NCT01142219,L-arginine,DRUG
NCT01142219,Placebo,DRUG
NCT04062019,Interleukin-2,DRUG
NCT00236119,CEP-701 20mg,DRUG
NCT00236119,CEP-701 40mg,DRUG
NCT00236119,CEP-701 60mg,DRUG
NCT00236119,CEP-701 80mg,DRUG
NCT00288730,nesiritide,DRUG
NCT00906828,levodopa/carbidopa,DRUG
NCT00906828,entacapone,DRUG
NCT00906828,tolcapone,DRUG
NCT00223730,Citrulline,DRUG
NCT00223730,Placebo,DRUG
NCT06106828,Satralizumab,DRUG
NCT06106828,Placebo,DRUG
NCT02225665,SB-728mR-T,GENETIC
NCT02225665,Cyclophosphamide,DRUG
NCT01714765,Dovitinib,DRUG
NCT01714765,Everolimus,DRUG
NCT01262365,Epratuzumab,DRUG
NCT01262365,Placebo,DRUG
NCT00496665,Vandetanib,DRUG
NCT00496665,Cyclophosphamide,DRUG
NCT00496665,Methotrexate,DRUG
NCT04198467,Platelet rich plasma,BIOLOGICAL
NCT04198467,Hyaluronic Acid,DRUG
NCT04899427,orelabrutinib,DRUG
NCT04899427,Sintilimab,DRUG
NCT04899427,Tislelizumab,DRUG
NCT05142527,ADM03820,DRUG
NCT05142527,Placebo,OTHER
NCT04167761,Ertugliflozin,DRUG
NCT02649361,Anlotinib,DRUG
NCT02649361,Placebo,DRUG
NCT04650542,HBI-3000,DRUG
NCT04650542,Paroxetine,DRUG
NCT01147042,IFN-gamma,DRUG
NCT04743986,Platelet Rich Plasma (PRP),BIOLOGICAL
NCT04743986,Corticosteroid (CS),DRUG
NCT05205486,Cefazolin 3gm for Injection USP and Dextrose Injection USP,DRUG
NCT01220570,Ridaforolimus + Dalotuzumab,DRUG
NCT01220570,Ridaforolimus,DRUG
NCT01220570,Dalotuzumab,DRUG
NCT02578186,Diphenhydramine Hydrochloride,DRUG
NCT02578186,Placebo,DRUG
NCT01126073,Niacin/laropiprant,DRUG
NCT01126073,Placebo,DRUG
NCT03163173,GC4419,DRUG
NCT00236873,topiramate,DRUG
NCT03917069,Chemotherapeutic Combinations,DRUG
NCT03917069,chemotherapy,DRUG
NCT02350569,LDV/SOF,DRUG
NCT06644183,Roginolisib,DRUG
NCT06644183,Venetoclax,DRUG
NCT06644183,Rituximab,DRUG
NCT00935883,Eculizumab,DRUG
NCT00935883,Saline,DRUG
NCT05784441,JNJ-90009530,DRUG
NCT03101241,CX-8998,DRUG
NCT03101241,Placebo,DRUG
NCT00272441,inhaled corticosteroids,DRUG
NCT05701241,Somatostatin analog,DRUG
NCT04724369,18F-MFBG,DRUG
NCT01333605,IGEV,DRUG
NCT04146805,BLD-0409,DRUG
NCT04146805,Control: Placebo,DRUG
NCT06325605,Bifidobacterium,DRUG
NCT06325605,High-frequency rTMS,DEVICE
NCT06325605,Escitalopram Oxalate,DRUG
NCT07283094,Decitabine,DRUG
NCT07283094,Venetoclax,DRUG
NCT07283094,FHD-286,DRUG
NCT00511394,20% Human Albumin,DRUG
NCT00511394,Normal Saline,DRUG
NCT06821594,Furosemide,DRUG
NCT06072794,VL-PX10,DRUG
NCT04329494,Biopsy,PROCEDURE
NCT04329494,Cisplatin,DRUG
NCT04329494,Doxorubicin,DRUG
NCT04329494,Fluorouracil,DRUG
NCT04329494,Intraperitoneal Chemotherapy,DEVICE
NCT04329494,Irinotecan,DRUG
NCT04329494,Leucovorin,DRUG
NCT04329494,Mitomycin,DRUG
NCT04329494,Oxaliplatin,DRUG
NCT04329494,Quality-of-Life Assessment,OTHER
NCT04329494,Questionnaire Administration,OTHER
NCT00005866,busulfan,DRUG
NCT00005866,cyclophosphamide,DRUG
NCT00005866,cyclosporine,DRUG
NCT00005866,methotrexate,DRUG
NCT00005866,allogeneic bone marrow transplantation,PROCEDURE
NCT00005866,radiation therapy,RADIATION
NCT07118566,Hyperthermia,PROCEDURE
NCT07118566,Immunotherapy,DRUG
NCT00573066,Dexmedetomidine,DRUG
NCT00931866,Diclofenac Sodium,DRUG
NCT00931866,Matching Placebo Patch,DRUG
NCT04190966,Integrated Behavioural therapy,BEHAVIORAL
NCT04190966,Integrated Pharmacotherapy,DRUG
NCT04190966,Integrated Web-based application,DEVICE
NCT02422056,Tranexamic Acid,DRUG
NCT02422056,Saline,DRUG
NCT00387556,Ondansetron,DRUG
NCT03295656,Sulfur hexafluoride lipid-type A microspheres,DRUG
NCT02108756,L-pantoprazole sodium,DRUG
NCT02108756,Panmeilu,DRUG
NCT06514222,Paracetamol and Ibuprofen. The combination of the Paracetamol and Ibuprofen will be given together every 8 hours,DRUG
NCT06514222,Paracetamol and Ibuprofen. The combination of the Paracetamol and Ibuprofen will be given alternatively every four hours,DRUG
NCT05751356,TR128,DRUG
NCT01744756,Bevacizumab,DRUG
NCT01777256,GSK2586184 50 mg,DRUG
NCT01777256,GSK2586184 100 mg,DRUG
NCT01777256,GSK2586184 200 mg,DRUG
NCT01777256,GSK2586184 400 mg,DRUG
NCT01777256,Placebo,DRUG
NCT05506956,Flotetuzumab,DRUG
NCT03637556,DST-0509,DRUG
NCT03637556,Jadenu,DRUG
NCT03637556,Exjade,DRUG
NCT00257556,Menotrophin,DRUG
NCT00257556,Follitropin alfa,DRUG
NCT06792422,Oral semaglutide,DRUG
NCT06792422,Placebo,DRUG
NCT03365622,acetaminophen,DRUG
NCT03365622,Acetaminophen,DRUG
NCT03365622,Placebos,DRUG
NCT03365622,Placebo Oral Tablet,DRUG
NCT02111122,Sodium Oxybate,DRUG
NCT02111122,Placebo,DRUG
NCT00877929,Telmisartan 80,DRUG
NCT00877929,Amlodipine 10,DRUG
NCT06289829,remifentanil of the assigned dose,DRUG
NCT06289829,Ambu Auragain for airway management,DEVICE
NCT04775329,Rifaximin,DRUG
NCT05427331,FMT capsule,DRUG
NCT01636531,gantenerumab,DRUG
NCT01288131,Cyclosporine combine with mycophenolate mofetil,DRUG
NCT01288131,Cyclophosphamide + pred,DRUG
NCT01957631,Corticosteroid injection (Bupivacaine and Depo Medrol),DRUG
NCT01957631,Platelet rich plasma injection,BIOLOGICAL
NCT06683131,Tafolecimab,DRUG
NCT06754631,Continuous Nebulization of Salbutamol,DRUG
NCT06754631,Intermittent Nebulization of Salbutamol,DRUG
NCT00435331,sapropterin dihydrochloride (6R-BH4),DRUG
NCT04314531,TILD,DRUG
NCT04314531,matching placebo injections,DRUG
NCT03804931,Fecal microbiota transplantation,PROCEDURE
NCT03804931,Infusion of Saline,PROCEDURE
NCT03804931,5-Aminosalicylic acid(5-ASA) and/or Prednisone,DRUG
NCT03804229,Butylphthalide soft capsule,DRUG
NCT03804229,Placebo soft capsule,DRUG
NCT00022529,BMS-214662,DRUG
NCT00022529,trastuzumab,BIOLOGICAL
NCT00022529,pharmacological study,OTHER
NCT02259829,Telmisartan/Amlodipine,DRUG
NCT02259829,Telmisartan,DRUG
NCT02259829,Amlodipine,DRUG
NCT05234853,PUR001,DRUG
NCT02931253,Metformin,DRUG
NCT05588453,Natural Killer Cell Therapy,BIOLOGICAL
NCT05588453,Temozolomide,DRUG
NCT02563353,whole-body vibration,OTHER
NCT02563353,teriparatide,DRUG
NCT01727453,warfarin,DRUG
NCT01727453,Bemiparina,DRUG
NCT05435053,Nivolumab,DRUG
NCT05435053,Irreversible electroporation (IRE),DEVICE
NCT04704453,Capsaïcin patch (Qutenza®),DRUG
NCT04704453,Amitriptyline (Laroxyl®),DRUG
NCT01187953,Prograf (tacrolimus),DRUG
NCT01187953,LCP-Tacro,DRUG
NCT01997853,Omega 3 fatty acid,DRUG
NCT01997853,Placebo,DRUG
NCT00303953,belinostat,DRUG
NCT07318337,Drospirenone Ethinyl Estradiol (20 microgram),DRUG
NCT07318337,Drospirenone Ethinyl Estradiol (30 microgram),DRUG
NCT07096037,Urtica dioica cataplasm,OTHER
NCT07096037,Placebo,OTHER
NCT07096037,Vitamin D,DRUG
NCT07096037,Resting conditions,BEHAVIORAL
NCT00299845,Lansoprazole,DRUG
NCT01010672,Ridaforolimus,DRUG
NCT04731272,Dulaglutide 0.75Mg/0.5Ml Inj Pen,DRUG
NCT00940472,DMMET-01,DRUG
NCT00940472,Metformin Hydrochloride,DRUG
NCT01095445,Peginterferon alfa-2b (Pegetron) plus ribavirin (Rebetol),DRUG
NCT00893945,DC/AAT,DRUG
NCT00893945,DC/AAT-Flu,DRUG
NCT00893945,DC/KLH,DRUG
NCT04588545,Radiation Therapy,RADIATION
NCT04588545,Pertuzumab,DRUG
NCT04588545,Trastuzumab,DRUG
NCT02443545,Deferiprone,DRUG
NCT05535972,FF/UMEC/VI,DRUG
NCT02226172,Glasdegib (PF-04449913),DRUG
NCT02226172,Placebo,DRUG
NCT00257972,aripiprazole,DRUG
NCT07168395,Non-selective beta blockers,DRUG
NCT07168395,Retrograde transvenous obliteration,PROCEDURE
NCT02726295,E. coli Nissle 1917(Mutaflor®),DRUG
NCT02726295,Placebo,DRUG
NCT05016895,Single-dose azithromycin,DRUG
NCT03484195,FOLFOXIRI,DRUG
NCT02489695,Axitinib,DRUG
NCT05565495,Hydromorphone,DRUG
NCT05431595,Haloperidol,DRUG
NCT05431595,Chlorpromazine,DRUG
NCT05431595,Valproate,DRUG
NCT05431595,Placebo,DRUG
NCT00318539,Quetiapine,DRUG
NCT07018739,Wharton's jelly-derived mesenchymal stem cells,BIOLOGICAL
NCT07018739,0.9 % Normal Saline,DRUG
NCT01293539,Melphalan hydrochloride,DRUG
NCT01210339,Clopidogrel,DRUG
NCT01210339,Esomeprazole/ASA,DRUG
NCT06250777,Trastuzumab deruxtecan,DRUG
NCT04456777,Vortioxetine,DRUG
NCT05821777,LB101,DRUG
NCT02070939,PF-06260414,DRUG
NCT02070939,Placebo,DRUG
NCT07204977,Acamprosate calcium,DRUG
NCT00164177,HalfLytely,DRUG
NCT05400577,"Sotorasib, 960 mg, oral daily dose for 4 weeks (28 days)",DRUG
NCT03460977,Mervometostat (PF-06821497),DRUG
NCT03460977,Enzalutamide,DRUG
NCT03460977,Itraconazole,DRUG
NCT03990077,HL-085,DRUG
NCT03990077,Docetaxel,DRUG
NCT02631577,Atezolizumab (MPDL3280A) [TECENTRIQ],DRUG
NCT02631577,Lenalidomide,DRUG
NCT02631577,Obinutuzumab,DRUG
NCT04062357,Lidocaine 5% spray,DRUG
NCT04062357,Placebo,OTHER
NCT00600301,Triamcinolone Acetonide and Bevacizumab,DRUG
NCT01753401,Acthar,DRUG
NCT01753401,Placebo,DRUG
NCT01753401,Steroid Drug,DRUG
NCT00002501,filgrastim,BIOLOGICAL
NCT00002501,cyclophosphamide,DRUG
NCT00016601,Indinavir sulfate,DRUG
NCT00016601,Ritonavir,DRUG
NCT00016601,Nelfinavir mesylate,DRUG
NCT00016601,Efavirenz,DRUG
NCT00016601,Nevirapine,DRUG
NCT00016601,Medroxyprogesterone acetate,DRUG
NCT01930812,NaF PET/CT Imaging,PROCEDURE
NCT01930812,99mTc-medronate whole body bone scan with SPECT,PROCEDURE
NCT01930812,18F-Sodium Fluoride (NaF),DRUG
NCT00504712,Testosterone,DRUG
NCT00504712,saline,DRUG
NCT00923481,Fostamatinib disodium,DRUG
NCT03289481,Active lozenge,DIETARY_SUPPLEMENT
NCT03289481,Placebo,DRUG
NCT06973681,BGM0504,DRUG
NCT06973681,Placebo,DRUG
NCT01291381,Dermatophagoides pteronyssinus,DRUG
NCT01291381,Pharmacotherapy,DRUG
NCT00356681,AMG 706 placebo,DRUG
NCT00356681,Bevacizumab,DRUG
NCT00356681,AMG 706,DRUG
NCT00356681,Paclitaxel,DRUG
NCT01879228,Sitagliptin,DRUG
NCT01879228,Placebo,DRUG
NCT02397928,NovoTTF-100L device,DEVICE
NCT02397928,Pemetrexed,DRUG
NCT02397928,Cisplatin or Carboplatin,DRUG
NCT04745728,Prednisone,DRUG
NCT04745728,Cyclophosphamide,DRUG
NCT04745728,Rituximab,DRUG
NCT01859728,Irinotecan,DRUG
NCT01859728,Cisplatin,DRUG
NCT01859728,Gemcitabine,DRUG
NCT06780670,Investigators choice of SoC,DRUG
NCT06780670,AAA817,DRUG
NCT00143273,lasofoxifene,DRUG
NCT00143273,Placebo,DRUG
NCT00143273,Lasofoxifene,DRUG
NCT00231673,Topiramate,DRUG
NCT06501573,SGB-9768,DRUG
NCT06501573,Placebo,OTHER
NCT00290069,Tacrolimus,DRUG
NCT00290069,Rapamycin,DRUG
NCT01456169,Azilsartan medoxomil/placebo,DRUG
NCT01456169,Azilsartan medoxomil - chlorthalidone,DRUG
NCT03842969,RO7234292 (RG6042),DRUG
NCT01296269,Oxytocin,DRUG
NCT01296269,Arginine Vasopressin,DRUG
NCT01296269,placebo,DRUG
NCT04902183,CovenD24,DRUG
NCT01338883,Cenicriviroc 100 mg,DRUG
NCT01338883,Cenicriviroc 200 mg + Truvada,DRUG
NCT01338883,Sustiva + Truvada,DRUG
NCT04936841,NKTR-214,DRUG
NCT04936841,anti-PD-1 therapy,DRUG
NCT04936841,Palliative Radiation,RADIATION
NCT02953054,DMTS,DRUG
NCT02953054,Placebo,DRUG
NCT01499654,Half-dose of the Tc99-m sestamibi (Cardiolite),DRUG
NCT00858754,methylnaltrexone,DRUG
NCT00858754,placebo,DRUG
NCT05053854,Talazoparib,DRUG
NCT00211354,Anecortave Acetate,DRUG
NCT02233205,ultrasonic microbubbles,DEVICE
NCT02233205,platinum and gemcitabine,DRUG
NCT00445705,placebo,DRUG
NCT00445705,AGN 203818,DRUG
NCT00786305,ceftazidime and amikacin,DRUG
NCT06539494,Omeprazole 40 MG,DRUG
NCT02454894,lidocaine,DRUG
NCT02454894,postoperative management,PROCEDURE
NCT03603756,SHR-1210,DRUG
NCT03603756,Apatinib,DRUG
NCT03603756,Irinotecan Injection,DRUG
NCT03603756,Paclitaxel liposome,DRUG
NCT03603756,Nedaplatin,DRUG
NCT01504256,"catumaxomab, Fluorouracil, leucovorin, oxaliplatin, docetaxel",DRUG
NCT01504256,"Fluorouracil, leucovorin, oxaliplatin, docetaxel",DRUG
NCT00006156,Control,OTHER
NCT00006156,Drug: FSH,DRUG
NCT04692766,RPH-104,BIOLOGICAL
NCT04692766,Placebo,DRUG
NCT02295566,Nitric Oxide,DRUG
NCT02295566,Control,DRUG
NCT04928066,Iguratimod,DRUG
NCT04928066,Tofacitinib,DRUG
NCT04928066,Pred,DRUG
NCT01909466,"Aripiprazole, OPC-14597",DRUG
NCT00124956,Doxorubicin,DRUG
NCT06813651,TBO-309: 60 mg,DRUG
NCT06813651,TBO-309: 120 mg,DRUG
NCT06813651,TBO-309: 30 mg,DRUG
NCT02930551,Lidocaine,DRUG
NCT02930551,Isotonic Saline,DRUG
NCT00881751,bevacizumab,BIOLOGICAL
NCT00881751,erlotinib hydrochloride,DRUG
NCT00881751,sorafenib tosylate,DRUG
NCT04146051,Descartes-08,DRUG
NCT00376051,Citalopram,DRUG
NCT00520351,ClearCare,DRUG
NCT00520351,Optifree Replenish,DRUG
NCT07435051,Bisphosphonates Combined with Vancomycin,DRUG
NCT07435051,Vancomycin,DRUG
NCT00006251,total-body irradiation,RADIATION
NCT00006251,fludarabine phosphate,DRUG
NCT00006251,cyclosporine,DRUG
NCT00006251,mycophenolate mofetil,DRUG
NCT00006251,nonmyeloablative allogeneic hematopoietic stem cell transplantation,PROCEDURE
NCT00006251,donor lymphocytes,BIOLOGICAL
NCT00006251,peripheral blood stem cell transplantation,PROCEDURE
NCT00006251,laboratory biomarker analysis,OTHER
NCT00002951,fluorouracil,DRUG
NCT00002951,hydroxyurea,DRUG
NCT00002951,surgical procedure,PROCEDURE
NCT00002951,radiation therapy,RADIATION
NCT06707051,Tranexamic Acid,DRUG
NCT06707051,Calcium dobesilate (Doxium),DRUG
NCT02677051,Sulforaphane,DRUG
NCT02677051,Placebo,DRUG
NCT02843451,Milk Thistle,DRUG
NCT02843451,Placebo,DRUG
NCT03403751,Reltecimod 0.5 mg/kg,DRUG
NCT03403751,Placebo,DRUG
NCT03502551,Ketamine,DRUG
NCT02076451,DS-8273a,DRUG
NCT02612051,GSK3008348 Nebuliser solution,DRUG
NCT02612051,Placebo Nebuliser solution,DRUG
NCT02612051,GSK26346763: ([18F]-FBA-A20FMDV2) IV infusion,RADIATION
NCT02950051,Fludarabine,DRUG
NCT02950051,Cyclophosphamide,DRUG
NCT02950051,Rituximab,BIOLOGICAL
NCT02950051,Bendamustine,DRUG
NCT02950051,Venetoclax,DRUG
NCT02950051,Obinutuzumab,BIOLOGICAL
NCT02950051,Ibrutinib,DRUG
NCT03598751,BCD-085,DRUG
NCT03598751,Placebo,DRUG
NCT06237751,Sildenafil 100 MG,DRUG
NCT03675802,misoprostol,DRUG
NCT03675802,dinoprostone,DRUG
NCT06278402,Tofacitinib,DRUG
NCT00291902,SB-681323,DRUG
NCT01986231,Glucagon,DRUG
NCT02477631,Deferiprone,DRUG
NCT03681431,Ceftriaxone 4g/ 24h,DRUG
NCT03681431,Ceftriaxone 2g/ 12h,DRUG
NCT01164956,methylphenidate,DRUG
NCT01164956,Placebo,OTHER
NCT01722422,oxygen and saline,DRUG
NCT05847322,Bordetella pertussis B1917,BIOLOGICAL
NCT05847322,Azithromycin Pill,DRUG
NCT02313922,etanercept combined with methotrexate or etanercept combined with placebo,DRUG
NCT02248753,Pharmacological cardioversion - Flecainide,DRUG
NCT02248753,Electrical cardioversion,PROCEDURE
NCT02248753,Metoprolol,DRUG
NCT02248753,Verapamil,DRUG
NCT02248753,Digoxin,DRUG
NCT02248753,Pharmacological cardioversion - Amiodarone,DRUG
NCT00531453,"bortezomib, dexamethasone, and thalidomide",DRUG
NCT00531453,"bortezomib, dexamethasone, thalidomide, and cyclophosphamide",DRUG
NCT02407353,PF-06648671,DRUG
NCT02407353,Placebo,DRUG
NCT00084253,Atazanavir/ Stavidine / Lamivudine,DRUG
NCT00084253,Atazanavir-Ritonavir/ Stavidine / Lamivudine,DRUG
NCT03296137,Autologous tumor-infiltrating lymphocytes,BIOLOGICAL
NCT03296137,Ipilimumab,DRUG
NCT03296137,Nivolumab,DRUG
NCT03296137,proleukin,DRUG
NCT03296137,Cyclophosphamide,DRUG
NCT03296137,Fludara,DRUG
NCT04049253,Phosphate Buffer Solution,DRUG
NCT01246037,Bisoprolol,DRUG
NCT04639245,Atezolizumab,DRUG
NCT04639245,Cyclophosphamide,DRUG
NCT04639245,Fludarabine,DRUG
NCT04639245,MAGE-A1-specific T Cell Receptor-transduced Autologous T-cells,BIOLOGICAL
NCT04639245,PD1 Inhibitor,BIOLOGICAL
NCT02148445,Standard Smoking Cessation,OTHER
NCT02148445,Extended Nicotine Replacement Therapy,OTHER
NCT02148445,Nicotine replacement therapy,DRUG
NCT00603772,"Atralin (tretinoin) gel, 0.05%",DRUG
NCT02205372,MT-3995,DRUG
NCT02205372,Placebo,DRUG
NCT00576472,Methylphenidate,DRUG
NCT06322095,PD-1,DRUG
NCT06322095,MET inhibitor,DRUG
NCT06322095,ALK inhibitor,DRUG
NCT06322095,BRAF Inhibito,DRUG
NCT06322095,EGFR Monoclonal antibody,DRUG
NCT06322095,GH21,DRUG
NCT06322095,MEK Inhibitor,DRUG
NCT06861439,Tirzepatide,DRUG
NCT03213639,Esomeprazole 40 mg Oral Tablet,DRUG
NCT03213639,Placebo Oral Tablet,DRUG
NCT05318339,Trastuzumab,DRUG
NCT00323557,Sargramostim (GM-CSF),DRUG
NCT00323557,Pneumococcal Vaccine,BIOLOGICAL
NCT03322657,Neostigmine,DRUG
NCT03322657,Glycopyrrolate,DRUG
NCT03322657,Sugammadex,DRUG
NCT01672775,AGS-16C3F,DRUG
NCT01941875,Progesterone Effervescent Vaginal Tablets,DRUG
NCT04874675,diclofenac / acetaminophen /codeine,DRUG
NCT04874675,ibuprofen/acetaminophen/codeine,DRUG
NCT06334575,Budesonide,DRUG
NCT00005875,rubitecan,DRUG
NCT01659775,Sancuso patch,DRUG
NCT01659775,Zofran inj.+Zofran tab.,DRUG
NCT02194257,[14C]-cyclohexane ambroxol oral solution,DRUG
NCT02194257,[14C]-benzyl ambroxol oral solution,DRUG
NCT02194257,Ambroxol lozenge,DRUG
NCT02878057,Apatinib,DRUG
NCT00463801,Daptomycin,DRUG
NCT01473901,BKM120 + temozolomide,DRUG
NCT01473901,BKM120 +temozolomide with/without radiotherapy,DRUG
NCT06037577,CM-101,DRUG
NCT06037577,Placebo,DRUG
NCT04585477,AVENIO ctDNA Surveillance Kit,DEVICE
NCT04585477,Durvalumab,DRUG
NCT04585477,Durvalumab (Imfinzi) alone or in combination with platinum-based chemotherapy,DRUG
NCT00061477,Pemetrexed,DRUG
NCT00061477,Gemcitabine,DRUG
NCT06833112,Secukinumab,DRUG
NCT06833112,Adalimumab,DRUG
NCT02000375,DHEA,DRUG
NCT02004275,pomalidomide,DRUG
NCT02004275,ixazomib,DRUG
NCT02004275,dexamethasone,DRUG
NCT03068481,KDT-3594,DRUG
NCT03068481,Placebo,DRUG
NCT03453281,Aflibercept Injection [Eylea],DRUG
NCT02497781,Ceftazidime -avibactam,DRUG
NCT02497781,Cefepime,DRUG
NCT07466628,300mg of of caffeine anhydrous in 3 capsules similar to PLACEBO in size and weight,DRUG
NCT07466628,Placebo,OTHER
NCT07466628,No Pill,DIETARY_SUPPLEMENT
NCT00758628,Bromefenac,DRUG
NCT00758628,Blink,DRUG
NCT02808728,Pain Cocktail with Exparel,DRUG
NCT02808728,Pain Cocktail with Ropivacaine,DRUG
NCT00874328,Irinotecan,DRUG
NCT00874328,Cisplatin,DRUG
NCT00874328,TS-1 (S-1),DRUG
NCT01803828,Tadalafil,DRUG
NCT01803828,Placebo,DRUG
NCT05788328,Dabigatran etexilate (DE),DRUG
NCT05788328,Rosuvastatin,DRUG
NCT05788328,PF-07081532,DRUG
NCT03860428,Ibuprofen,DRUG
NCT03860428,Paracetamol,DRUG
NCT03860428,Expectant Management,OTHER
NCT02815228,BAY987517,DRUG
NCT00004228,asparaginase,DRUG
NCT00004228,cyclophosphamide,DRUG
NCT00004228,cytarabine,DRUG
NCT00004228,daunorubicin hydrochloride,DRUG
NCT00004228,dexamethasone,DRUG
NCT00004228,doxorubicin hydrochloride,DRUG
NCT00004228,leucovorin calcium,DRUG
NCT00004228,mercaptopurine,DRUG
NCT00004228,methotrexate,DRUG
NCT00004228,prednisone,DRUG
NCT00004228,thioguanine,DRUG
NCT00004228,vincristine sulfate,DRUG
NCT00004228,radiation therapy,RADIATION
NCT03349073,T-1101 (Tosylate),DRUG
NCT03263273,1% Topical Minocycline Gel,DRUG
NCT03263273,3% Topical Minocycline Gel,DRUG
NCT03263273,Topical Vehicle Gel,OTHER
NCT01018173,placebo,DRUG
NCT01018173,taspoglutide,DRUG
NCT06327269,Lenvatinib 10 mg,DRUG
NCT03586869,Aldoxorubicin HCl,DRUG
NCT03586869,ALT-803,BIOLOGICAL
NCT03586869,ETBX-011,BIOLOGICAL
NCT03586869,ETBX-021,BIOLOGICAL
NCT03586869,ETBX-051,BIOLOGICAL
NCT03586869,ETBX-061,BIOLOGICAL
NCT03586869,GI-4000,BIOLOGICAL
NCT03586869,GI-6207,BIOLOGICAL
NCT03586869,GI-6301,BIOLOGICAL
NCT03586869,haNK for infusion,BIOLOGICAL
NCT03586869,bevacizumab,BIOLOGICAL
NCT03586869,Capecitabine,DRUG
NCT03586869,Cyclophosphamide,DRUG
NCT03586869,Fluorouracil,DRUG
NCT03586869,Leucovorin,DRUG
NCT03586869,nab-Paclitaxel,DRUG
NCT03586869,Oxaliplatin,DRUG
NCT03586869,Avelumab,BIOLOGICAL
NCT03586869,SBRT,PROCEDURE
NCT05156983,TAK-330,DRUG
NCT05156983,SOC 4F-PCC,DRUG
NCT02481141,5-ALA-SFC,DRUG
NCT02481141,Placebo,DRUG
NCT01022541,Capecitabine,DRUG
NCT01022541,Oxaliplatin,DRUG
NCT01022541,Bevacizumab,DRUG
NCT01022541,Liver metastasectomy,PROCEDURE
NCT03698383,"Trastuzumab biosimilars(Herzuma), Gedatolisib",DRUG
NCT01068054,tacrolimus,DRUG
NCT01068054,cyclosporins,DRUG
NCT02540954,"Aflibercept (Eylea, VEGF Trap-Eye, BAY86-5321)",DRUG
NCT00753454,Certolizumab pegol,DRUG
NCT02186405,LEVOTHYROXINE,DRUG
NCT00673569,erlotinib hydrochloride,DRUG
NCT00673569,gene expression analysis,GENETIC
NCT00673569,protein expression analysis,GENETIC
NCT00673569,immunoenzyme technique,OTHER
NCT00673569,immunologic technique,OTHER
NCT00673569,laboratory biomarker analysis,OTHER
NCT00673569,needle biopsy,PROCEDURE
NCT06107569,Fecal microbiota transplant (Promicrobioma),OTHER
NCT06107569,Antibiotic,DRUG
NCT07266805,Deucrictibant,DRUG
NCT07266805,Placebo,DRUG
NCT06533605,SSGJ-706,DRUG
NCT00153166,atorvastatin and pioglitazone,DRUG
NCT00153166,atorvastatin/placebo,DRUG
NCT00153166,pioglitazone/placebo,DRUG
NCT00153166,placebo/placebo,DRUG
NCT00190866,Duloxetine,DRUG
NCT00190866,placebo,DRUG
NCT02762266,Stereotactic Body Radiation Therapy,RADIATION
NCT02762266,Transarterial Chemoembolization,PROCEDURE
NCT02762266,embolic agent,DRUG
NCT02762266,lipiodol,DRUG
NCT04921566,Torasemide tablet 10 mg,DRUG
NCT04921566,Toradiur® tablet 10 mg,DRUG
NCT00262522,lopinavir/ritonavir (LPV/r) (tablet or capsule) with nucleoside reverse transcriptase inhibitors (NRTIs),DRUG
NCT02783222,Nab-paclitaxel,DRUG
NCT02137356,standard dose pelvic radiation therapy,RADIATION
NCT02137356,standard dose capecitabine,DRUG
NCT02137356,dose-escalated selinexor treatment,DRUG
NCT02194556,Sequential and maintenance icotinib,DRUG
NCT02194556,Maintenance icotinib,DRUG
NCT02072356,yttrium Y 90 glass microspheres,RADIATION
NCT02072356,laboratory biomarker analysis,OTHER
NCT02072356,TheraSphere,DRUG
NCT01473056,JTK-853,DRUG
NCT01473056,Dose 2 JTK-853,DRUG
NCT01473056,Dose 3 JTK-853,DRUG
NCT01473056,Dose 4 JTK-853,DRUG
NCT01473056,Placebo,DRUG
NCT00358722,Fermagate,DRUG
NCT05242822,KIN-3248,DRUG
NCT00120822,Folic acid,DRUG
NCT02661022,SL-401 7 µg/kg/day,DRUG
NCT02661022,SL-401 9 µg/kg/day,DRUG
NCT02131922,Intensive Treatment,PROCEDURE
NCT02131922,Dental Hygienization Treatment,PROCEDURE
NCT02131922,Chlorhexidine (Intensive Treatment),DRUG
NCT02157922,alginate oligosaccharide,DRUG
NCT00386529,Aspirin enteric coated pellests 100mg,DRUG
NCT01269229,folfox,DRUG
NCT01269229,short course Radiotherapy,RADIATION
NCT04147351,Atezolizumab Injection; bevacizumab Injection,DRUG
NCT06461429,Erythromycin,DRUG
NCT06461429,Amoxicillin and Erythromycin,DRUG
NCT06461429,Azithromycin,DRUG
NCT06461429,Caffeine citrate 20 mg/kg load and 10 mg/kg daily maintenance.,DRUG
NCT06461429,Caffeine citrate 30 mg/kg load and 15 mg/kg daily maintenance.,DRUG
NCT06461429,Caffeine citrate 40 mg/kg load and 20 mg/kg daily maintenance,DRUG
NCT03150329,Laboratory Biomarker Analysis,OTHER
NCT03150329,Pembrolizumab,BIOLOGICAL
NCT03150329,Vorinostat,DRUG
NCT00961831,F-18 (BAY85-8050),DRUG
NCT00570531,Bevacizumab,DRUG
NCT00570531,Paclitaxel,DRUG
NCT00570531,Cisplatin,DRUG
NCT00570531,5-Fluorouracil,DRUG
NCT00570531,Radiation Therapy,RADIATION
NCT00570531,Esophagectomy,PROCEDURE
NCT00031031,Kanglaite Injection (KLT),DRUG
NCT02719431,Warfarin,DRUG
NCT02719431,K-877,DRUG
NCT04365231,Hydroxychloroquine and azithromycin treatment,DRUG
NCT04365231,conventional management of patients,OTHER
NCT01281631,NP001,DRUG
NCT01281631,Placebo,DRUG
NCT05702931,Semaglutide 14 MG [Rybelsus],DRUG
NCT05702931,Placebo,DRUG
NCT06235931,Darcilide +AI (letrozole/anastrozole/Exemestane) + pyrrotinib,DRUG
NCT00003231,cisplatin,DRUG
NCT00003231,docetaxel,DRUG
NCT00003231,surgical procedure,PROCEDURE
NCT00003231,radiation therapy,RADIATION
NCT01750931,Meloxicam GSK 15mg,DRUG
NCT01750931,Mobic 15mg,DRUG
NCT05109702,0.25% Tanfanercept Ophthalmic Solution,DRUG
NCT05109702,Placebo,DRUG
NCT04814056,Afatinib Dimaleate,DRUG
NCT04985656,Pevonedistat,DRUG
NCT04985656,Decitabine,DRUG
NCT04985656,Cedazuridine,DRUG
NCT00842556,Dapagliflozin,DRUG
NCT00842556,Glimepiride,DRUG
NCT00842556,Sitagliptin,DRUG
NCT02519556,Probiatop,DRUG
NCT02519556,Placebo,DRUG
NCT02551237,50 Gy,RADIATION
NCT02551237,Capecitabine,DRUG
NCT02551237,25 Gy,RADIATION
NCT04278937,Azithromycin Tablets,DRUG
NCT06485245,CS060304,DRUG
NCT00141037,Daclizumab,DRUG
NCT00141037,Mycophenolate mofetil (MMF),DRUG
NCT00141037,Prednisone,DRUG
NCT00141037,Tacrolimus,DRUG
NCT00141037,Ganciclovir,DRUG
NCT00141037,Valganciclovir,DRUG
NCT00141037,Trimethoprim and sulfamethoxazole,DRUG
NCT01520545,Gablofen® 3 mg/mL (baclofen injection),DRUG
NCT01520545,SynchroMed® II Programmable Pump,DEVICE
NCT00735072,Placebo,DRUG
NCT00735072,Maraviroc,DRUG
NCT00326872,Cediranib Maleate,DRUG
NCT00691795,Clonidine or fentanyl,DRUG
NCT05389995,Potassium citrate,DRUG
NCT05389995,Crystal light,DRUG
NCT05389995,Potassium citrate + crystal light,DRUG
NCT00041795,leteprinim potassium (Neotrofin),DRUG
NCT02877095,Furosemide,DRUG
NCT06464939,KH001,DRUG
NCT06464939,Placebo,DRUG
NCT01063439,"Busulfan, Etoposide, Cytarabine, Melphalan",DRUG
NCT04676139,Fluoxetine,DRUG
NCT04676139,Placebo,DRUG
NCT06513039,Erythropoietin carried on chitosan carrier,DRUG
NCT06513039,chitosan carrier,OTHER
NCT05215977,MW031,DRUG
NCT05215977,Placebo,DRUG
NCT01943877,scaling root planing,PROCEDURE
NCT01943877,Propolis,DRUG
NCT02664077,Regorafenib,DRUG
NCT02664077,Placebo,DRUG
NCT07477977,Protamine sulfate,DRUG
NCT02300077,methadone,DRUG
NCT02300077,"Control (Intra-operative administration of opioids, other than methadone)",DRUG
NCT07301775,Aflibercept (Eylea),DRUG
NCT00203775,risperidone,DRUG
NCT02170857,Hyaluronic Acid,DRUG
NCT07012057,Deucravacitinb,DRUG
NCT03395977,Placebos,DRUG
NCT03395977,Febuxostat,DRUG
NCT03395977,Rasburicase,DRUG
NCT07493577,Tirofiban,DRUG
NCT07493577,Placebo,DRUG
NCT00173875,Iressa,DRUG
NCT05394857,SHR-1314,DRUG
NCT05494957,New regimen(BdqCfzLzd+XY),DRUG
NCT01120457,BMS-936564 (Anti-CXCR4),DRUG
NCT04417101,Chinese Herb,DRUG
NCT02976701,DLBS1033,DRUG
NCT02976701,Placebo,DRUG
NCT02976701,Standard therapy,DRUG
NCT01735201,AGN-199201 Dose A,DRUG
NCT01735201,AGN-199201 Dose B,DRUG
NCT01735201,AGN-199201 Dose C,DRUG
NCT01735201,AGN-199201 Vehicle,DRUG
NCT02273401,BI 11054 CL,DRUG
NCT02273401,Placebo,DRUG
NCT00313001,biphasic insulin aspart,DRUG
NCT00313001,exenatide,DRUG
NCT00366301,Insulin glargine injection,DRUG
NCT00366301,metformin,DRUG
NCT00366301,Placebo pill,DRUG
NCT03308201,Hemay022+exemestane,DRUG
NCT03308201,Hemay022+letrozole,DRUG
NCT03308201,Hemay022+ fulvestrant,DRUG
NCT01839812,Cosyntropin,DRUG
NCT05070312,MEDI3506,BIOLOGICAL
NCT05070312,Placebo,DRUG
NCT01819012,Isoflurane 1.0 MAC,DRUG
NCT01819012,Isoflurane 1.5 MAC,DRUG
NCT01819012,Isoflurane 2.0 MAC,DRUG
NCT05499312,HKIIM-KU formula,DRUG
NCT05499312,Placebo,DRUG
NCT03113812,ABvac40,DRUG
NCT03113812,Placebo,DRUG
NCT03246581,Tiotropium,DRUG
NCT01027481,Lucentis,DRUG
NCT01169519,Sildenafil by injection,DRUG
NCT03961919,Fludarabine,DRUG
NCT03961919,ARA-C,DRUG
NCT03961919,Treosulfan,DRUG
NCT03961919,Peripheral Blood Stem Cell Transplant,PROCEDURE
NCT03765619,Aspirin,DRUG
NCT02700919,BCT197,DRUG
NCT02700919,Placebo,DRUG
NCT00815919,bortezomib,DRUG
NCT00815919,Prednisone,DRUG
NCT00315328,Atropine,DRUG
NCT00315328,Patching,DEVICE
NCT00315328,Near activities,PROCEDURE
NCT01373528,Budesonide irrigation,DRUG
NCT05667428,leuprorelin,DRUG
NCT05667428,normal saline,DRUG
NCT00861328,ON 01910.Na and irinotecan,DRUG
NCT00861328,ON 01910.Na and oxaliplatin,DRUG
NCT00096967,Avastin (bevacizumab),DRUG
NCT02202200,PD- 0332991,DRUG
NCT06942000,dexmedetomidine 3mcg group,DRUG
NCT06942000,dexmedetomidine 5mcg,DRUG
NCT06942000,preservative-free 0.9% saline.,DRUG
NCT06154200,Testosterone gel 4.5%,DRUG
NCT06154200,Vehicle gel,DRUG
NCT00507000,Cholecalciferol,DRUG
NCT00507000,Lactose granules,DRUG
NCT00637000,Buprenorphine soluble film,DRUG
NCT00637000,Buprenorphine/naloxone film strip,DRUG
NCT00637000,Placebo,DRUG
NCT03413800,Lenalidomide-Dexamethasone-DLI,DRUG
NCT06647407,Pentavalent Meningococcal ABCYW vaccine,BIOLOGICAL
NCT06647407,MenACYW conjugate vaccine,BIOLOGICAL
NCT06647407,Meningococcal group B vaccine,BIOLOGICAL
NCT06647407,Paracetamol,DRUG
NCT06647407,DTap-HepB-IPV-Hib vaccine,BIOLOGICAL
NCT06647407,Rotavirus vaccine,BIOLOGICAL
NCT06647407,Pneumococcal 13-valent conjugate vaccine,BIOLOGICAL
NCT00003396,anti-thymocyte globulin,BIOLOGICAL
NCT00003396,graft-versus-tumor induction therapy,BIOLOGICAL
NCT00003396,cyclophosphamide,DRUG
NCT00003396,melphalan,DRUG
NCT00003396,peripheral blood stem cell transplantation,PROCEDURE
NCT00003396,radiation therapy,RADIATION
NCT03827096,Suspension of human autologous MSC 3P in 1.5 ml,DRUG
NCT07142980,HRS-7172 Tablets,DRUG
NCT03125980,capecitabine plus oxaliplatin before and after surgery,DRUG
NCT03125980,capecitabine plus oxaliplatin after surgery,DRUG
NCT00161980,Fibrin Sealant VH S/D,DRUG
NCT00161980,Surgical intervention alone without Fibrin Sealant VH S/D application,PROCEDURE
NCT04100096,Brexpiprazole,DRUG
NCT04100096,Placebo,OTHER
NCT06800196,KNT-0916,DRUG
NCT01914796,PF-06412562,DRUG
NCT05177796,Carboplatin,DRUG
NCT05177796,Cyclophosphamide,DRUG
NCT05177796,Doxorubicin,DRUG
NCT05177796,Paclitaxel,DRUG
NCT05177796,Panitumumab,BIOLOGICAL
NCT05177796,Pembrolizumab,BIOLOGICAL
NCT02790580,Dose-dense doxorubicin/cyclophosphamide + sunitinib,DRUG
NCT02790580,Dose-dense doxorubicin/cyclophosphamide,DRUG
NCT04149379,Hyperbaric oxygen,DRUG
NCT00454896,VESIcare®,DRUG
NCT00454896,placebo,DRUG
NCT02832362,Carbomer 980,DRUG
NCT02832362,Placebo,OTHER
NCT00853762,Atacicept 25 mg,DRUG
NCT00853762,Atacicept 75 mg,DRUG
NCT00853762,Atacicept 150 mg,DRUG
NCT00506246,Propofol,DRUG
NCT02250846,EGFR-TKI,DRUG
NCT05746546,Transdermal Nicotine patch,DRUG
NCT07428746,Semaglutide,DRUG
NCT06361446,Zonisamide 50 MG,DRUG
NCT06361446,Propranolol,DRUG
NCT05302388,SIBP-R002,DRUG
NCT05302388,Dexamethasone or Methyl prednisolone,DRUG
NCT05302388,Diphenhydramine,DRUG
NCT05302388,Placebo,DRUG
NCT06472388,Everolimus 5 MG,DRUG
NCT00981227,Eslicarbazepine acetate,DRUG
NCT00981227,Placebo,DRUG
NCT01891227,Capecitabine,DRUG
NCT01891227,Bendamustine,DRUG
NCT05501327,SLI-F06,DRUG
NCT01931527,Rasburicase,DRUG
NCT06496061,Norepinephrine,DRUG
NCT06496061,Leg wrapping,PROCEDURE
NCT03910361,Evogliptin,DRUG
NCT03910361,Pioglitazone,DRUG
NCT06168461,Aspirin,DRUG
NCT06168461,Placebo,DRUG
NCT01578161,Dexmedetomidine,DRUG
NCT01578161,0.9% Normal Saline,DRUG
NCT01101061,Romosozumab,DRUG
NCT01101061,Placebo,DRUG
NCT07509242,NB-UVB combined with microneedling and topical 10% secretome,OTHER
NCT07509242,receives NB-UVB combined with intradermal secretome injection,OTHER
NCT07509242,NB-UVB alone,DRUG
NCT03025542,Bimekizumab,DRUG
NCT03025542,Placebo,OTHER
NCT00459342,dasatinib,DRUG
NCT00082186,bosentan,DRUG
NCT04745273,Ondansetron 4 MG (Kemoset 4mg),DRUG
NCT04745273,Salin solution,OTHER
NCT05269173,Flos gossypii flavonoids tablet,DRUG
NCT05222269,68Ga-PTF,DRUG
NCT04859569,LY01011,DRUG
NCT04859569,Xgeva®,DRUG
NCT01926769,Metformin,DRUG
NCT06241469,"Sintilimab,nab-paclitaxel and tegio",DRUG
NCT04268069,PL9643 Ophthalmic Solution,DRUG
NCT04268069,Placebo Ophthalmic Solution,DRUG
NCT06173869,FE 999049,DRUG
NCT06173869,GONAL-F,DRUG
NCT06840483,Zelenectide pevedotin (BT8009),DRUG
NCT01290783,Irintoecan,DRUG
NCT01290783,HA-Irinotecan solution for Infusion,DRUG
NCT00002583,cisplatin,DRUG
NCT00002583,vinorelbine ditartrate,DRUG
NCT03731741,Pentoxifylline,DRUG
NCT00000941,Pravastatin sodium,DRUG
NCT00000941,Simvastatin,DRUG
NCT00000941,Atorvastatin calcium,DRUG
NCT00000941,Ritonavir,DRUG
NCT00000941,Nelfinavir mesylate,DRUG
NCT00000941,Saquinavir,DRUG
NCT00343941,Tucaresol tablets 25 mg,DRUG
NCT00288041,carboplatin,DRUG
NCT00288041,paclitaxel,DRUG
NCT00288041,bortezomib,DRUG
NCT02721641,Herceptin,DRUG
NCT07323641,Biopsy Procedure,PROCEDURE
NCT07323641,Biospecimen Collection,PROCEDURE
NCT07323641,Computed Tomography,PROCEDURE
NCT07323641,Magnetic Resonance Imaging,PROCEDURE
NCT07323641,Osimertinib,DRUG
NCT07323641,Survey Administration,OTHER
NCT07323641,Telisotuzumab Vedotin,BIOLOGICAL
NCT02021669,Omega-3 supplement,DRUG
NCT02021669,Placebo,DRUG
NCT00093405,tanespimycin,DRUG
NCT00443105,Tacrolimus 0.03% ointment (Protopic),DRUG
NCT00924105,CYT013-IL1bQb,DRUG
NCT00924105,Placebo,DRUG
NCT06720805,Pentabiocel,DRUG
NCT06720805,Placebo,DRUG
NCT01507766,early enteral nutrition,DRUG
NCT01507766,Delayed enteral nutrition,DRUG
NCT00394966,SCH 619734 Dose 1,DRUG
NCT00394966,SCH 619734 Dose 2,DRUG
NCT00394966,SCH 619734 Dose 3,DRUG
NCT00394966,SCH 619734 Dose 4,DRUG
NCT00394966,Placebo,DRUG
NCT00886366,AZD6714,DRUG
NCT00886366,Placebo,DRUG
NCT06696794,Mitomycin C (MMC),DRUG
NCT06696794,Normal Saline (Placebo),DRUG
NCT03067194,Celecoxib 100 MG,DRUG
NCT03067194,Celecoxib 200mg,DRUG
NCT01263366,Norepinephrine,DRUG
NCT04041856,Povidone Ophthalmic,DRUG
NCT06091956,Deucravacitinib,DRUG
NCT01661556,Miconazole,DRUG
NCT01661556,Hydroquinone,DRUG
NCT01296256,Bendamustine-EAM,DRUG
NCT05686356,Sutezolid,DRUG
NCT05686356,N-acetyl cysteine,DRUG
NCT05686356,Pretomanid,DRUG
NCT05686356,Bedaquiline,DRUG
NCT05686356,Rifafour,COMBINATION_PRODUCT
NCT05849922,SAR442970,DRUG
NCT05849922,Placebo,DRUG
NCT03675022,Dupilumab,DRUG
NCT01746602,Timoptic® 0.5%,DRUG
NCT01746602,Timophtal sine® 0.5%,DRUG
NCT01746602,Genteal HA®,DEVICE
NCT01746602,Hylo-Comod®,DEVICE
NCT01746602,Thealoz®,DEVICE
NCT03842202,Semaglutide,DRUG
NCT03842202,Placebo,DRUG
NCT02864602,IV dexamethasone,DRUG
NCT03523702,PembroRT,DRUG
NCT05345002,Retifanlimab,DRUG
NCT05345002,All-trans retinoic acid,DRUG
NCT06778902,azacytidine,DRUG
NCT06778902,R-GemOx,DRUG
NCT01573702,Stereotactic Radiosurgery,PROCEDURE
NCT01573702,Erlotinib,DRUG
NCT04657302,Obinutuzumab,DRUG
NCT04657302,Glofitamab,DRUG
NCT04657302,Tocilizumab,DRUG
NCT07275853,KXV01 TCR Lentinvivo Injection,DRUG
NCT00979953,ADL5859,DRUG
NCT00979953,ADL5747,DRUG
NCT00979953,Oxycodone CR,DRUG
NCT00979953,Placebo,DRUG
NCT00969553,BI 6727,DRUG
NCT01313637,GSK573719/GW642444 125/25mcg,DRUG
NCT01313637,GSK573719 125mcg,DRUG
NCT01313637,GW642444 25mcg,DRUG
NCT01313637,Placebo only,DRUG
NCT06274853,GS-441524,DRUG
NCT06274853,Placebo,DRUG
NCT03613753,irinotecan plus lobaplatin,DRUG
NCT03613753,irinotecan,DRUG
NCT06602453,GDC-8264,DRUG
NCT06602453,Placebo,DRUG
NCT02131753,"Cladribine s.c. injection, HCL treatment",DRUG
NCT03143153,Nivolumab,BIOLOGICAL
NCT03143153,Ipilimumab,BIOLOGICAL
NCT03143153,Cisplatin,DRUG
NCT03143153,Fluorouracil,DRUG
NCT05337137,Relatlimab,DRUG
NCT05337137,Nivolumab,DRUG
NCT05337137,Bevacizumab,DRUG
NCT05337137,Placebo,OTHER
NCT04466137,YPEG-rhG-CSF,DRUG
NCT04466137,rhG-CSF/PEG-rhG-CSF,DRUG
NCT00715637,Daunorubicin and Cytarabine,DRUG
NCT00715637,Amonafide and Cytarabine,DRUG
NCT06865339,Cemiplimab,DRUG
NCT06865339,Fianlimab,DRUG
NCT06865339,Radiotherapy,RADIATION
NCT06865339,Platinum Doublet Chemotherapy (PDC),DRUG
NCT02074839,AG-120,DRUG
NCT00868439,patiromer,DRUG
NCT00868439,placebo,DRUG
NCT06527677,ANT3310,DRUG
NCT06527677,Meropenem,DRUG
NCT02196077,BFF MDI 320/9.6 μg,DRUG
NCT02196077,BFF MDI 160/9.6 μg,DRUG
NCT02196077,BFF MDI 80/9.6 μg,DRUG
NCT02196077,BD MDI 320 μg,DRUG
NCT02196077,FF MDI 9.6 μg,DRUG
NCT06903273,Tislelizumab,DRUG
NCT02039869,Confocal endomicroscopy,DEVICE
NCT02039869,Proton pump inhibitor,DRUG
NCT02039869,Sucralfate,DRUG
NCT02033369,Pramipexole,DRUG
NCT03065569,Bupivacaine,DRUG
NCT00363883,vorinostat,DRUG
NCT00363883,laboratory biomarker analysis,OTHER
NCT02689869,Ibrutinib,DRUG
NCT02689869,GA 101,DRUG
NCT05771883,IMM0306,DRUG
NCT05771883,Lenalidomide capsule,DRUG
NCT02972983,Daptomycin,DRUG
NCT02972983,Placebo,OTHER
NCT07011654,Sacituzumab govitecan,DRUG
NCT07011654,Naxitamab,DRUG
NCT05270954,Betuvax-CoV-2,BIOLOGICAL
NCT05270954,Placebo,DRUG
NCT03141554,"1% Betadine® PVP-I based mouth wash and gargle,",DRUG
NCT03141554,0.2% Chlor-Rinse™ Chlorhexidine based mouth wash,DRUG
NCT03141554,Normal saline gargle,DRUG
NCT02435654,olanzapine,DRUG
NCT05748054,Silver Diamine Fluoride,DRUG
NCT00388505,Tobramycin Inhalation Powder,DRUG
NCT00388505,Tobramycin Solution for Inhalation,DRUG
NCT04201405,Autologous CD34+ cells transduced with a lentiviral vector containing the human SGSH gene,DRUG
NCT01047605,Neurapas balance,DRUG
NCT01047605,Pascoflair 425 mg,DRUG
NCT01047605,P-Tabletten weiß,DRUG
NCT04019041,bermekimab,DRUG
NCT04019041,placebo,DRUG
NCT06660394,LP352,DRUG
NCT06660394,Placebo,DRUG
NCT04372394,surufatinib,DRUG
NCT04052594,LY3475766 - IV,DRUG
NCT04052594,LY3475766 - SC,DRUG
NCT04052594,Placebo - IV,DRUG
NCT04052594,Placebo - SC,DRUG
NCT00269594,Lamictal (lamotrigine),DRUG
NCT05643066,0.1 mg/kg esketamine,DRUG
NCT05643066,0.2 mg/kg esketamine,DRUG
NCT05643066,0.9% saline,DRUG
NCT05643066,Propofol,DRUG
NCT01974622,Visudyne,DRUG
NCT03383822,Intranasal insulin,DRUG
NCT03383822,Intranasal placebo,DRUG
NCT06593756,Transthoracic Echocardiography,DEVICE
NCT06593756,Uncalibrated Pulse Contour Analysis,DEVICE
NCT06593756,Transpulmonary Thermodilution/Calibrated Pulse Contour Analysis,DEVICE
NCT06593756,Esophageal Doppler,DEVICE
NCT06593756,Bioreactance,DEVICE
NCT06593756,Passive Leg Raising,DIAGNOSTIC_TEST
NCT06593756,Vena Cava Ultrasound,DIAGNOSTIC_TEST
NCT06593756,End-expiratory /-inspiratory occlusion test,DIAGNOSTIC_TEST
NCT06593756,Fluid bolus,DRUG
NCT06679556,Strength A Sublingual Minoxidil,DRUG
NCT06679556,Strength B Sublingual Minoxidil,DRUG
NCT07668856,Cannabidiol (CBD) oral solution,DRUG
NCT07668856,Placebo,OTHER
NCT03142256,Incentivised - Conditional Cash Transfer,BEHAVIORAL
NCT03142256,Truvada 200Mg-300Mg Tablet,DRUG
NCT04442022,Selinexor (combination therapy),DRUG
NCT04442022,Placebo matching for Selinexor (combination therapy),DRUG
NCT04442022,Rituximab (combination therapy),DRUG
NCT04442022,Gemcitabine (combination therapy),DRUG
NCT04442022,Dexamethasone (combination therapy),DRUG
NCT04442022,Cisplatin (combination therapy),DRUG
NCT04442022,Selinexor (continuous therapy),DRUG
NCT04442022,Placebo matching for Selinexor (continuous therapy),DRUG
NCT01260922,Donepezil Hydrochloride,DRUG
NCT01260922,Aricept®,DRUG
NCT05918822,Maribavir Commercial Tablet Formulation,DRUG
NCT05918822,Maribavir Pediatric Powder-for-oral Suspension Formulation,DRUG
NCT05918822,Rabeprazole,DRUG
NCT03058822,BMS-931699,DRUG
NCT04522622,Teriparatide,DRUG
NCT04522622,"DXA,VFA, X-ray, HR-pQCT, 18-F NAF PET/CT",DIAGNOSTIC_TEST
NCT04522622,Bone biopsy,PROCEDURE
NCT04522622,Cardiac tests,DIAGNOSTIC_TEST
NCT04522622,Blood and urine samples and physical examination,OTHER
NCT04343222,Bromfenac,DRUG
NCT04343222,Artificial tears,DRUG
NCT00110929,AMG 073,DRUG
NCT02675829,ado-trastuzumab emtansine,DRUG
NCT03243331,Gedatolisib,DRUG
NCT03243331,PTK7-ADC,DRUG
NCT04485702,Midazolam injection,DRUG
NCT04485702,Ketamine Injectable Product,DRUG
NCT04485702,MELT-100,DRUG
NCT00559702,natalizumab,DRUG
NCT00559702,standard of care,OTHER
NCT01126502,alvespimycin hydrochloride,DRUG
NCT01126502,diagnostic laboratory biomarker analysis,OTHER
NCT01126502,pharmacogenomic studies,OTHER
NCT01126502,pharmacological study,OTHER
NCT00698802,EX1000,DRUG
NCT00698802,biphasic human insulin,DRUG
NCT07670702,TSND-201,DRUG
NCT05884502,combination of high-dose rosuvastatin and ezetimibe,DRUG
NCT05884502,high-dose rosuvastatin single administration,DRUG
NCT02053766,Sevoflurane,DRUG
NCT02053766,Dexmedetomidine,DRUG
NCT02053766,Propofol,DRUG
NCT07698756,HRS-8797,DRUG
NCT07698756,Placebo,DRUG
NCT03284931,SAGE-217 high dose,DRUG
NCT03284931,Placebo,DRUG
NCT03284931,SAGE-217 low dose,DRUG
NCT02029456,"25 mg Actilyse ( Boehringer Ingelheim, Germany) infusion in 6 hours",DRUG
NCT03374956,Phentermine-Topiramate,DRUG
NCT03374956,Liraglutide,DRUG
NCT03374956,Naltrexone/bupropion,DRUG
NCT03374956,Phentermine,DRUG
NCT03951753,Tirzepatide,DRUG
NCT03951753,Semaglutide,DRUG
NCT03951753,Placebo,DRUG
NCT01962753,18FAV45,DRUG
NCT02169453,BIA 9-1067,DRUG
NCT02169453,Placebo,DRUG
NCT02169453,Sinemet® CR 100/25,DRUG
NCT01394653,YM060,DRUG
NCT01420653,Maxigesic 325,DRUG
NCT01420653,Acetaminophen,DRUG
NCT01420653,Ibuprofen,DRUG
NCT01420653,Placebo,DRUG
NCT00935753,sapropterin,DRUG
NCT03557437,Esomeprazole,DRUG
NCT03557437,"Amoxicillin, Metronidazole",DRUG
NCT03557437,Bismuth Potassium Citrate,DRUG
NCT00219037,aliskiren,DRUG
NCT02973737,pyrotinib,DRUG
NCT02973737,placebo,DRUG
NCT02973737,Capecitabine,DRUG
NCT01077245,MIYA-BM Fine Granules (CBM588),DRUG
NCT01077245,Placebo Fine Granules (without CBM588),DRUG
NCT05364645,Carboplatin,DRUG
NCT05364645,Pemetrexed,DRUG
NCT05364645,Selpercatinib,DRUG
NCT03951337,64Cu-ATSM,DRUG
NCT06538272,ONO-2910,DRUG
NCT06538272,Placebo,DRUG
NCT01559272,Paliperidone IR (Period 1),DRUG
NCT01559272,Paliperidone palmitate F015 (Panel A: treatment group 1),DRUG
NCT01559272,Paliperidone palmitate F015 (Panel A: treatment group 2),DRUG
NCT01559272,Paliperidone palmitate F015 (Panel B: treatment group 1),DRUG
NCT01559272,Paliperidone palmitate F015 (Panel B: treatment group 2),DRUG
NCT01559272,Paliperidone palmitate F015 (Panel B: treatment group 3),DRUG
NCT01559272,Paliperidone palmitate F015 (Panel B: treatment group 4),DRUG
NCT01559272,Paliperidone palmitate F015 (Panel B: treatment group 5),DRUG
NCT01559272,Paliperidone palmitate F016,DRUG
NCT01559272,Paliperidone palmitate F015 (Panel D: treatment group 1),DRUG
NCT01559272,Paliperidone palmitate F015 (Panel D: treatment group 2),DRUG
NCT01559272,Paliperidone palmitate F015 (Panel D: treatment group 3),DRUG
NCT01559272,Paliperidone palmitate F015 (Panel D: treatment group 4),DRUG
NCT04029272,Metformin,DRUG
NCT04029272,Exenatide 2 MG,DRUG
NCT03587272,"Alemtuzumab, low dose total body irradiation, Sirolimus",DRUG
NCT00408772,bevacizumab,BIOLOGICAL
NCT00408772,capecitabine,DRUG
NCT00408772,oxaliplatin,DRUG
NCT00408772,conventional surgery,PROCEDURE
NCT00408772,neoadjuvant therapy,PROCEDURE
NCT00408772,radiofrequency ablation,PROCEDURE
NCT00420472,mycophenolate mofetil [CellCept],DRUG
NCT06119672,Probiotic Blend Oral capsules,DRUG
NCT06119672,Corticosteroids for Local Oral Treatment,DRUG
NCT07222072,Methadone,DRUG
NCT07222072,Placebo,DRUG
NCT02396537,Lidocaine,DRUG
NCT02396537,Midazolam,DRUG
NCT02396537,0.9% Saline,DRUG
NCT03536637,DMT310,DRUG
NCT03536637,Hydrogen Peroxide,DRUG
NCT03536637,Placebo,DRUG
NCT07269145,TQB3122 Capsules,DRUG
NCT03928145,Chlorthalidone 25 mg,DRUG
NCT03928145,Hydrochlorothiazide 50 mg,DRUG
NCT03928145,Amiloride 20 mg,DRUG
NCT03928145,Amiloride 10 mg,DRUG
NCT00906945,G-CSF,DRUG
NCT00906945,Plerixafor,DRUG
NCT00906945,Mitoxantrone,DRUG
NCT00906945,Etoposide,DRUG
NCT00906945,Cytarabine,DRUG
NCT00240045,"Midodrine, albumin, octreotide LAR",DRUG
NCT00240045,"midodrine, octreotide, albumin",DRUG
NCT06873945,Ritlecitinib 100 mg,DRUG
NCT06873945,Ritlecitinib 50 mg,DRUG
NCT06873945,Placebo - 100 mg,DRUG
NCT06873945,Placebo - 50 mg,DRUG
NCT04504045,Metformin,DRUG
NCT04504045,Caffeine,DRUG
NCT04504045,Efavirenz,DRUG
NCT04504045,Losartan,DRUG
NCT04504045,Omeprazol,DRUG
NCT04504045,Metoprolol,DRUG
NCT04504045,Midazolam,DRUG
NCT04046445,ATP128,DRUG
NCT04046445,BI 754091,DRUG
NCT04046445,VSV-GP128,DRUG
NCT00969072,GI198745 0.05mg,DRUG
NCT00969072,GI198745 0.5mg,DRUG
NCT00969072,GI198745 2.5mg,DRUG
NCT01548872,HTK solution,DRUG
NCT01548872,crystalloid cardioplegia solution,DRUG
NCT07604272,Fulvestrant,DRUG
NCT07604272,Anastrazole,DRUG
NCT00087672,CC-5013,DRUG
NCT00004795,dehydroepiandrosterone,DRUG
NCT02610595,Jianpixiaozhong particles and Wuse Dietotherapy,DRUG
NCT06558695,Sevoflurane,DRUG
NCT06558695,TIVA,DRUG
NCT02905539,Iron Isomaltoside 1000,DRUG
NCT02905539,Ferric Carboxymaltose,DRUG
NCT01089439,Nitric oxide by inhalation INOMAX,DRUG
NCT01089439,Placebo,DRUG
NCT00326339,R788,DRUG
NCT00326339,Placebo,DRUG
NCT00497939,Saw palmetto and sanmiaoshan capsule,DRUG
NCT04633239,Abemaciclib,DRUG
NCT04633239,Biopsy Procedure,PROCEDURE
NCT04633239,Biospecimen Collection,PROCEDURE
NCT04633239,Olaparib,DRUG
NCT01794039,Dexamethasone,DRUG
NCT01794039,Lenalidomide,DRUG
NCT01794039,Pomalidomide,DRUG
NCT06419439,Ketamine hydrochloride,DRUG
NCT06419439,Minimally Enhanced Usual Care,BEHAVIORAL
NCT06419439,Brief narrative intervention,BEHAVIORAL
NCT01991977,Diffusion Weighted Imaging,PROCEDURE
NCT01991977,Fluorine F 18 Fluorodopa,DRUG
NCT01991977,Intensity-Modulated Radiation Therapy,RADIATION
NCT01991977,Perfusion Magnetic Resonance Imaging,PROCEDURE
NCT01991977,Positron Emission Tomography,PROCEDURE
NCT01991977,Quality-of-Life Assessment,OTHER
NCT01991977,Temozolomide,DRUG
NCT03356977,Crisaborole ointment 2%,DRUG
NCT06629077,MRI,DEVICE
NCT06629077,Prazosin,DRUG
NCT06629077,Placebo,DRUG
NCT00413075,oral belinostat,DRUG
NCT00459875,sunitinib malate,DRUG
NCT02029157,ARQ197,DRUG
NCT02029157,Placebo,DRUG
NCT07703657,Rituximab (Arm A),DRUG
NCT07703657,Standard Post-Transplant Supportive Care,OTHER
NCT01341457,LY2603618,DRUG
NCT01341457,Gemcitabine,DRUG
NCT04339101,Fludarabine,DRUG
NCT04339101,Itacitinib Adipate,DRUG
NCT04339101,Melphalan,DRUG
NCT04339101,Quality-of-Life Assessment,OTHER
NCT04339101,Questionnaire Administration,OTHER
NCT04339101,Sirolimus,DRUG
NCT04339101,Tacrolimus,DRUG
NCT04545801,0.25 mg/kg of Ketamine,DRUG
NCT04545801,20ml of normal saline solution,DRUG
NCT05623501,Dihydromyricetin,DRUG
NCT07245901,circFAM53B mRNA vaccine,DRUG
NCT07245901,toripalimab,DRUG
NCT04947501,Cyclophosphamide,DRUG
NCT04947501,Topotecan,DRUG
NCT04947501,Vincristine,DRUG
NCT04947501,Doxorubicin,DRUG
NCT04947501,Ifosfamide,DRUG
NCT04947501,Etoposide,DRUG
NCT04947501,Carboplatin,DRUG
NCT04947501,Mesna,DRUG
NCT00788801,ABT-614,DRUG
NCT00791401,ER OROS Paliperidone,DRUG
NCT00119301,leucovorin calcium,DRUG
NCT00119301,methotrexate,DRUG
NCT00119301,trimetrexate glucuronate,DRUG
NCT02745912,Naltrexone/Bupropion,DRUG
NCT02745912,Metformin,DRUG
NCT01431573,Wake Therapy,BEHAVIORAL
NCT01431573,light box,DEVICE
NCT01431573,Lithium,DRUG
NCT00759473,D-Cycloserine (DCS),DRUG
NCT00759473,Placebo,DRUG
NCT03943173,Chemotherapy,DRUG
NCT03943173,Olaparib,DRUG
NCT03943173,Therapeutic Conventional Surgery,PROCEDURE
NCT05206773,Venglustat (GZ402671),DRUG
NCT05206773,Placebo,DRUG
NCT04360473,General anesthesia,OTHER
NCT04360473,Ketamine plus general anesthesia,DRUG
NCT04360473,Magnesium sulfate plus general anesthesia,DRUG
NCT04360473,ketamine plus magnesium sulfate plus general anesthesia,DRUG
NCT05984173,Vitamin E application,DRUG
NCT00565773,Belatacept,DRUG
NCT00565773,Sirolimus,DRUG
NCT00565773,Alemtuzumab,DRUG
NCT02791269,Peginterferon alfa-2a,DRUG
NCT02331069,Dextrose 5% (D5W),DRUG
NCT02331069,Physical therapy,OTHER
NCT04560569,Albuvirtide,DRUG
NCT04560569,3BNC117 Antibody,DRUG
NCT02038569,LEO 80185 gel,DRUG
NCT02514954,Biochaperone® Combo,DRUG
NCT02514954,Humalog® Mix25,DRUG
NCT00470054,dasatinib,DRUG
NCT04432454,Lasofoxifene and abemaciclib (VERZENIO (R)).,DRUG
NCT01962454,Deuterated Water,DRUG
NCT01962454,Testosterone enanthate,DRUG
NCT01962454,Placebo to match testosterone enanthate,DRUG
NCT04085354,Multi-Vitamin Tablets,DRUG
NCT04085354,Dapoxetine,DRUG
NCT04085354,Dapoxetine and folic acid.,DRUG
NCT04085354,Dapoxetine and vitamin B12,DRUG
NCT07570654,COMP360 psilocybin,DRUG
NCT04124705,Armour® Thyroid,DRUG
NCT04124705,Levothyroxine,DRUG
NCT04287205,Dydrogesterone,DRUG
NCT02060305,Bevacizumab intra-articular injection,DRUG
NCT05104905,bexmarilimab,DRUG
NCT02432105,"EXE844 Sterile Otic Suspension, 0.3%",DRUG
NCT02432105,Tympanostomy Tube Insertion,PROCEDURE
NCT06852105,3% Diquafosol Sodium Eye Drops,DRUG
NCT06852105,0.1% hyaluronic acid,DRUG
NCT03553394,Ringer's Acetate,DRUG
NCT03080805,Pyrotinib Plus Capecitabine,DRUG
NCT03080805,Lapatinib Plus Capecitabine,DRUG
NCT01297894,colistin,DRUG
NCT01297894,colistin plus fosfomycin,DRUG
NCT03174366,Denosumab,DRUG
NCT02331251,Pembrolizumab,DRUG
NCT02331251,Gemcitabine,DRUG
NCT02331251,Docetaxel,DRUG
NCT02331251,Nab-paclitaxel,DRUG
NCT02331251,Vinorelbine,DRUG
NCT02331251,Irinotecan,DRUG
NCT02331251,Liposomal Doxorubicin,DRUG
NCT04705051,Venglustat GZ402671,DRUG
NCT01045551,Apremilast,DRUG
NCT02251951,nab-Paclitaxel,DRUG
NCT05897151,Continuous spinal anesthesia,DRUG
NCT05897151,General anesthesia,DRUG
NCT07121751,use of combination of recombinant FSH and recombinant LH,DRUG
NCT07121751,higher dose recFSH,DRUG
NCT07121751,unchanged dose,DRUG
NCT04154722,Meropenem Injection,DRUG
NCT04154722,Azithromycin Powder,DRUG
NCT01086722,"""karolinska cocktail""",DRUG
NCT05511922,KVD900 600 mg,DRUG
NCT05511922,Drug: KVD900 300 mg,DRUG
NCT01418729,Pravastatin,DRUG
NCT06037031,Drug: PF-07923568,DRUG
NCT03964337,Cabozantinib,DRUG
NCT03964337,Radical Prostatectomy,PROCEDURE
NCT03235037,Levodopa,DRUG
NCT06762145,Methylprednisolone (Corticosteroid),DRUG
NCT06762145,Placebo,DRUG
NCT01386645,low glycemic index (LGI) diet,OTHER
NCT01386645,high glycemic index (HGI) diet plus placebo (PLAC),OTHER
NCT01386645,high glycemic index diet plus N-acetylcysteine,DRUG
NCT02616445,UE2343,DRUG
NCT02616445,Placebo,DRUG
NCT04377945,"Part 1, JM-010 component Group A",DRUG
NCT04377945,"Part 1, JM-010 component Group B",DRUG
NCT04377945,"Part 1, JM-010 component Group C",DRUG
NCT04377945,"Part 1, Placebo Group",DRUG
NCT04377945,"Part 2, JM-010 combination Group A",DRUG
NCT04377945,"Part 2, JM-010 combination Group B",DRUG
NCT04377945,"Part 2, JM-010 component Group C",DRUG
NCT04377945,"Part 2, Placebo Group",DRUG
NCT06249945,Empagliflozin 25 MG,DRUG
NCT06249945,Placebo,DRUG
NCT07673445,Intensive BP control,DRUG
NCT07673445,Standard BP control,DRUG
NCT05970172,Roxadustat,DRUG
NCT02032095,GB-0998,DRUG
NCT01108939,Antimalarial treatment,DRUG
NCT01108939,Observation,OTHER
NCT02232139,Midazolam,DRUG
NCT05185739,Pembrolizumab,DRUG
NCT05185739,Lenvatinib,DRUG
NCT05185739,Pembrolizumab and Lenvatinib,DRUG
NCT02605239,Bleaching teeth,DRUG
NCT06548139,Natural full human monoclonal antibody CBB 1 injection 50.0µg/kg,DRUG
NCT06548139,Natural full human monoclonal antibody CBB 1 injection 100.0µg/kg,DRUG
NCT06548139,Rabies Human Immunoglobulin (HRIG),DRUG
NCT06548139,Lyophilized rabies vaccine for human use (Vero cells),BIOLOGICAL
NCT00623077,filgrastim,BIOLOGICAL
NCT00623077,busulfan,DRUG
NCT00623077,etoposide,DRUG
NCT00623077,ifosfamide,DRUG
NCT00623077,melphalan,DRUG
NCT00623077,thiotepa,DRUG
NCT00623077,stem cell transplantation,PROCEDURE
NCT00623077,tomotherapy,RADIATION
NCT00623077,total marrow irradiation,RADIATION
NCT00623077,Mesna,DRUG
NCT00623077,Whole lung radiation,RADIATION
NCT00168077,Prothrombin Complex Concentrate,DRUG
NCT03991377,Eye movement desensitization and reprocessing therapy,BEHAVIORAL
NCT03991377,Treatment as usual,DRUG
NCT00249977,Capecitabine in Combination with Cisplatin and Irinotecan,DRUG
NCT05685277,Ramipril/Hydrochlorothiazide tablet 10 mg/25 mg,DRUG
NCT05685277,Tritace® Plus tablet 10 mg/25 mg,DRUG
NCT00223275,Naltrexone,DRUG
NCT00335075,Temozolomide,DRUG
NCT00335075,Semustine,DRUG
NCT04892875,Zimberelimab,DRUG
NCT04892875,Etrumadenant,DRUG
NCT04892875,Cisplatin,DRUG
NCT04892875,Radiation,RADIATION
NCT02112175,Lenalidomide,DRUG
NCT00508157,Aripiprazole,DRUG
NCT00508157,Continued Antipsychotic (Risperidone or Quetiapine or Olanzapine),DRUG
NCT04423601,SHR6390 tablet,DRUG
NCT04423601,Itraconazole capsule,DRUG
NCT06797401,RBD5044,DRUG
NCT06797401,Placebo,DRUG
NCT04762901,Niraparib,DRUG
NCT04762901,Doxorubicin,DRUG
NCT04762901,Cyclophosphamide,DRUG
NCT04762901,Paclitaxel,DRUG
NCT04762901,Pegfilgrastim,DRUG
NCT04762901,Carboplatin,DRUG
NCT01792401,Probiotics,DRUG
NCT01792401,Placebo,DRUG
NCT00761501,PN400,DRUG
NCT00761501,Naproxen (Proxen S),DRUG
NCT00761501,Naproxen (Naprosyn E),DRUG
NCT01110512,Flavonid,DRUG
NCT01110512,Daflon,DRUG
NCT03285412,Ribociclib,DRUG
NCT03285412,Endocrine therapy,OTHER
NCT01236612,Chloroquine prophylaxis,DRUG
NCT01236612,Immunization,BIOLOGICAL
NCT01236612,Plasmodium falciparum Bloodstage challenge,BIOLOGICAL
NCT01236612,Plasmodium falciparum mosquito challenge,BIOLOGICAL
NCT01236612,Malarone treatment,DRUG
NCT06308419,Gemcitabine,DRUG
NCT06308419,Nab-Sirolimus,DRUG
NCT03406819,Nitroprusside Sodium,DRUG
NCT03406819,Tirofiban Hydrochloride,DRUG
NCT03406819,Heparinized saline,DRUG
NCT05146219,TY-9591 Tablets,DRUG
NCT01764828,Refametinib (BAY86-9766),DRUG
NCT01764828,Gemcitabine,DRUG
NCT02369965,albuvirtide,DRUG
NCT02369965,lopinavir-ritonavir,DRUG
NCT02369965,tenofovir,DRUG
NCT02369965,lamivudine,DRUG
NCT02218619,Tauroursodeoxycholic Acid (TUDCA),DRUG
NCT02218619,Sugar Pill (placebo),DRUG
NCT07107230,JNJ-95437446,DRUG
NCT00280930,Letrozole,DRUG
NCT02831530,Abemaciclib,DRUG
NCT02667730,Acetaminophen,DRUG
NCT02667730,Naproxen,DRUG
NCT02667730,Celecoxib,DRUG
NCT02667730,physiotherapy only,OTHER
NCT01030328,Placebo,DRUG
NCT01030328,TriLipix,DRUG
NCT01235728,MK-0873 2% Cream,DRUG
NCT01235728,MK-0873 vehicle (placebo) Cream,DRUG
NCT01235728,Calcitriol Cream,DRUG
NCT00356928,Cyclophosphamide,DRUG
NCT00356928,Donor T cells,BIOLOGICAL
NCT04351867,docetaxel plus oxaliplatin and capecitabine,DRUG
NCT04351867,oxaliplatin plus capecitabine,DRUG
NCT01231165,Amiloride,DRUG
NCT01231165,"Nitrates, clopidogrel, aspirin, statins",DRUG
NCT00299000,Naglazyme,DRUG
NCT07140900,Xaluritamig,DRUG
NCT07140900,Darolutamide,DRUG
NCT07140900,Abiraterone,DRUG
NCT06307600,RD06-03 cell injection,DRUG
NCT04693000,Arsenic Keratosis lesion or nodular size observation after 12 weeks of therapy with solasodine ointment,DRUG
NCT03420300,EBR/GZR,DRUG
NCT01630200,Roflumilast,DRUG
NCT01630200,Placebo,DRUG
NCT04837807,Systane Hydration PF,DRUG
NCT00189007,Allopurinol sodium,DRUG
NCT00189007,Mannitol,DRUG
NCT07513207,Vicadrostat,DRUG
NCT07513207,Placebo matching Vicadrostat,DRUG
NCT07513207,Moxifloxacin,DRUG
NCT06270407,Tranexamic Acid 100 MG/ML,DRUG
NCT06270407,0.9%sodium chloride,DRUG
NCT00871507,JNJ-38431055 Dose 1,DRUG
NCT00871507,Sitagliptin 100 mg,DRUG
NCT00871507,Placebo,DRUG
NCT00871507,JNJ-38431055 Dose 2,DRUG
NCT07127107,Non-steroidal anti-inflammatory drugs (NSAIDs),DRUG
NCT07127107,Manual therapy techniques,OTHER
NCT06709092,"lupatadine fumarate (Luso®, Yangzijiang Pharmaceuticals)",DRUG
NCT01709292,Vemurafenib (All Groups),DRUG
NCT01709292,Vemurafenib (Post Surgery) - Group A + C,DRUG
NCT01709292,Post Surgery - Group B,OTHER
NCT04811092,Sotatercept,DRUG
NCT04811092,Placebo,OTHER
NCT07483736,amoxicillin-clavulanate,DRUG
NCT07483736,Amoxicillin-clavulanate ciprofloxacin,DRUG
NCT03365336,polyherbal formulation,DRUG
NCT03365336,Oseltamivir 75mg,DRUG
NCT01037036,Latanoprost Punctal Plug Delivery System,DRUG
NCT01037036,Xalatan,DRUG
NCT00371254,Dasatinib,DRUG
NCT01351766,Transdermal Nicotine Patch,DRUG
NCT02684266,SHR6390,DRUG
NCT03563066,Benralizumab,DRUG
NCT03563066,Placebo Control,DRUG
NCT03287466,Oxygen,DRUG
NCT03381066,"gefitinib, pemetrexed,cisplatin",DRUG
NCT03381066,"Vinorelbine, cisplatin",DRUG
NCT06278766,ABBV-552,DRUG
NCT06039566,IV N-acetylcysteine,DRUG
NCT06039566,IV Placebo,DRUG
NCT06431256,HLD200 methylphenidate hydrochloride capsules,DRUG
NCT06431256,Placebo HLD200 capsules,DRUG
NCT02688322,Sulbactam,DRUG
NCT00148122,Docetaxel,DRUG
NCT00148122,Capecitabine,DRUG
NCT03676322,M5049,DRUG
NCT03676322,Placebo,DRUG
NCT00859222,LBH589,DRUG
NCT00859222,bevacizumab,DRUG
NCT02245022,Dolutegravir 50mg od,DRUG
NCT02245022,Standard of Care,DRUG
NCT06034002,INCA033989,DRUG
NCT06034002,Ruxolitinib,DRUG
NCT01254331,tocilizumab [RoActemra],DRUG
NCT00590031,Cisplatin,DRUG
NCT00590031,Irinotecan,DRUG
NCT00590031,External Beam Radiation Therapy,RADIATION
NCT00668031,"Trasylol (Aprotinin, BAYA0128)",DRUG
NCT00668031,Placebo,DRUG
NCT00129831,QAB149,DRUG
NCT00141531,Apaziquone,DRUG
NCT05803031,Melaleuca Alternifolia Oil,DRUG
NCT05803031,Non-surgical periodontal debridement,PROCEDURE
NCT01702831,Busulfan,DRUG
NCT01702831,Melphalan,DRUG
NCT01702831,Lenalidomide,DRUG
NCT04713631,Artesunate,DRUG
NCT04713631,Curcumin,DRUG
NCT04713631,Placebo A,DRUG
NCT04713631,Placebo C,DRUG
NCT07221253,Rilvegostomig,DRUG
NCT07221253,Durvalumab,DRUG
NCT07221253,Gemcitabine/Cisplatin,DRUG
NCT00293631,Lornoxicam 8 mg,DRUG
NCT00293631,Lornoxicam 16 mg,DRUG
NCT00293631,Ketorolac 30 mg,DRUG
NCT00293631,Placebo,DRUG
NCT06413537,SPG601,DRUG
NCT06413537,Placebo,DRUG
NCT01134237,urokinase,DRUG
NCT01134237,placebo,DRUG
NCT02270437,"ropivacaine, fentanyl, adrenaline",DRUG
NCT07610837,AZD2389,DRUG
NCT07610837,Placebo,OTHER
NCT01888237,Double dose of PPI,DRUG
NCT01888237,sequence of drug use,DRUG
NCT01100437,EMBEDA™ (morphine sulfate/naltrexone hydrochloride) crush,DRUG
NCT01100437,EMBEDA™ (morphine sulfate/naltrexone hydrochloride) whole,DRUG
NCT06531837,Esketamine(Continuous infusion),DRUG
NCT06531837,Remifentanil (Target-Controlled Infusion),DRUG
NCT06531837,Flurbiprofen (Single intravenous injection),DRUG
NCT06531837,Spinal Cord Stimulation,DEVICE
NCT06531837,No intervention,OTHER
NCT06165237,BR6001-1,DRUG
NCT06165237,BR6001-2,DRUG
NCT05871437,Huaier granule,DRUG
NCT03740737,Follitropin delta,DRUG
NCT03740737,Placebo,OTHER
NCT03836937,Obeticholic acid,DRUG
NCT03126695,Ticagrelor granule,DRUG
NCT03126695,Ticagrelor pediatric tablets,DRUG
NCT03126695,Ticagrelor pediatric tablets suspended in water,DRUG
NCT03126695,Ticagrelor immediate release (IR) tablets (Commercial tablet),DRUG
NCT00456495,ranibizumab,DRUG
NCT06790095,Cyclosporine (CsA),DRUG
NCT06790095,Placebo,DRUG
NCT00183339,Fluoxetine,DRUG
NCT00183339,Placebo,DRUG
NCT06640439,photobiomodulation,DEVICE
NCT06640439,Antibiotic,DRUG
NCT07067177,Paracetamol (drug),DRUG
NCT00780377,Bradykinin,DRUG
NCT00528177,Morphine and oxycodone,DRUG
NCT06227377,QTX3034,DRUG
NCT06227377,Cetuximab,COMBINATION_PRODUCT
NCT04868175,Timolol,DRUG
NCT04868175,Travatan,DRUG
NCT04868175,Hypromellose,DRUG
NCT05688475,CC-122,DRUG
NCT05688475,Dexamethasone,DRUG
NCT02732275,DS-3201b,DRUG
NCT01124175,Losartan,DRUG
NCT01124175,Cozaar®,DRUG
NCT01513057,Mycophenolate Mofetil,DRUG
NCT00000857,Interleukin-12,DRUG
NCT00593957,Dextromethorphan,DRUG
NCT07481357,DA-3501,DRUG
NCT01578057,tasimelteon,DRUG
NCT01578057,Ethanol,DRUG
NCT01578057,Placebo tasimelteon,OTHER
NCT01578057,Placebo ethanol,DRUG
NCT05524857,Fedratinib Oral Capsule 300 mg,DRUG
NCT05524857,Decitabine 20 mg/m2,DRUG
NCT05524857,Fedratinib Oral Capsule 400 mg,DRUG
NCT01915901,bismuth subsalicylate (Pepto-Bismol®),DRUG
NCT01915901,matching placebo (bismuth subsalicylate),DRUG
NCT01915901,dimethyl fumarate (DMF),DRUG
NCT02398201,Bezafibrate,DRUG
NCT05932212,AK104,DRUG
NCT05932212,AK104+ Paclitaxel+Cisplatin or Carboplatin,DRUG
NCT01283412,Placebo,DRUG
NCT01283412,Dexmedetomidine,DRUG
NCT00002012,Interferon alfa-n3,DRUG
NCT02493712,High dose,DRUG
NCT02493712,Low dose,DRUG
NCT02493712,Placebo,DRUG
NCT00888719,CWP-0403 100mg,DRUG
NCT00888719,placebo,DRUG
NCT00888719,CWP-0403 50mg,DRUG
NCT02308319,Tenofovir disoproxil fumarate,DRUG
NCT01044719,Ceftazidime,DRUG
NCT01044719,Tobramycin,DRUG
NCT01044719,Meropenem,DRUG
NCT02781519,THC,DRUG
NCT02781519,Placebo,DRUG
NCT01866930,Pegylated Interferon Lambda-1a,BIOLOGICAL
NCT01866930,Daclatasvir (DCV),DRUG
NCT01866930,Ribasphere (RBV),DRUG
NCT00826930,Trans Sodium Crocetinate (TSC),DRUG
NCT03233230,M2591 25 mg QD,DRUG
NCT03233230,M2951 75 mg QD,DRUG
NCT03233230,M2951 50 mg BID,DRUG
NCT03233230,Placebo,DRUG
NCT05384665,Remifentanil,DRUG
NCT05384665,Sufentanil,DRUG
NCT05384665,Placebo,DRUG
NCT01027065,CYT107+GenHevac+entecavir or tenofovir,DRUG
NCT01027065,CYT107+ entecavir or tenofovir,DRUG
NCT05258565,IV tPA (Activase),DRUG
NCT00683865,Ofloxacin,DRUG
NCT00683865,"Avelox (Moxifloxacin, BAY12-8039)",DRUG
NCT02255565,Very Low Dose Quillivant XR,DRUG
NCT02255565,Low Dose Quillivant XR,DRUG
NCT02255565,Moderate Dose Quillivant XR,DRUG
NCT04933565,ORG-129,DRUG
NCT04933565,Placebo,DRUG
NCT00002265,Zalcitabine,DRUG
NCT01398267,aleglitazar,DRUG
NCT01398267,lisinopril,DRUG
NCT01398267,placebo,DRUG
NCT02945267,Nimotuzumab plus S1,DRUG
NCT02945267,Placebo plus S1,DRUG
NCT03592667,Dapagliflozin,DRUG
NCT03592667,Placebo - Cap,DRUG
NCT04536467,Goserelin,DRUG
NCT04536467,Chemotherapy,DRUG
NCT01820767,Paricalcitol,DRUG
NCT01820767,"Paricalcitol, atorvastatin",DRUG
NCT01820767,Atorvastatin,DRUG
NCT07078500,orelabrutinib combined with the Pola-R-CHP regimen,DRUG
NCT02763800,BIA 3-202,DRUG
NCT02763800,Placebo,DRUG
NCT06607900,hUC-MSC-sEV-001 nasal drops,DRUG
NCT02837900,TPX-100 200 mg 4 times weekly for 4 weeks,DRUG
NCT03619707,Progesterone,DRUG
NCT00767507,cangrelor,DRUG
NCT00767507,Placebo,OTHER
NCT07303907,"DT402 (R-enantiomer of 3,4-methylenedioxymethamphetamine (MDMA))",DRUG
NCT01569828,LCZ696A,DRUG
NCT03128528,Empagliflozin 10mg,DRUG
NCT03128528,Placebo Oral Tablet,DRUG
NCT06139328,BI 765845,DRUG
NCT06139328,Placebo matching BI 765845,DRUG
NCT04961528,Tranexamic Acid 500 MG,DRUG
NCT04961528,Terlipressin,DRUG
NCT04961528,Placebo,DRUG
NCT07124728,Technology-enabled Telehealth Care Plan,BEHAVIORAL
NCT07124728,Blood Pressure Monitoring Device,DEVICE
NCT07124728,Tenovi Smart Pillbox,DEVICE
NCT07124728,Wearable Activity Trackers (Fitbit or Apple Watch),DEVICE
NCT07124728,Healthie EHR,OTHER
NCT07124728,"Secure Messaging Platforms (TigerConnect, Weave, AirCall)",OTHER
NCT07124728,Antihypertensive Medication Management,DRUG
NCT07124728,Statin Medication Management,DRUG
NCT07124728,Antiplatelet or Anticoagulant Therapy,DRUG
NCT07124728,Laboratory Blood Test Collection,PROCEDURE
NCT01829867,sNN0031,DRUG
NCT02351700,IV Caldolor,DRUG
NCT02351700,IV Placebo,DRUG
NCT01125800,LDE225,DRUG
NCT02302092,Flomoxef,DRUG
NCT02302092,Cefepime,DRUG
NCT00611936,Placebo,DRUG
NCT00611936,Atomoxetine,DRUG
NCT00869336,Luliconazole Cream 1% - 2 wks,DRUG
NCT00869336,Placebo Comparator -2 wks,DRUG
NCT00869336,Luliconazole Cream 1% - 4 wks,DRUG
NCT00869336,Placebo Comparator - 4 wks,DRUG
NCT00753636,Dynacirc CR (Isradipine),DRUG
NCT04449536,Mesna,DRUG
NCT06019936,MT2004 Capsule,DRUG
NCT06019936,MT2004 Capsule Placebo,DRUG
NCT05515536,Vatiquinone,DRUG
NCT05764811,Canagliflozin 100mg,DRUG
NCT05539911,Fentanyl,DRUG
NCT00321854,pramipexole,DRUG
NCT00364741,Oxygen,DRUG
NCT01131741,Epinephrine,DRUG
NCT01131741,Control,DRUG
NCT00553605,Ketoprofen 100mg,DRUG
NCT00553605,Parecoxib 40mg,DRUG
NCT00025051,celecoxib,DRUG
NCT00025051,anti-cytokine therapy,PROCEDURE
NCT00025051,antiangiogenesis therapy,PROCEDURE
NCT00025051,biological therapy,PROCEDURE
NCT00025051,cancer prevention intervention,PROCEDURE
NCT00025051,chemoprevention of cancer,PROCEDURE
NCT00025051,growth factor antagonist therapy,PROCEDURE
NCT02020551,Lidocaine Spray,DRUG
NCT02020551,Placebo,DRUG
NCT06926751,Telpegfilgrastim Injection,DRUG
NCT06926751,filgrastim,DRUG
NCT04097756,LX-039 tablets,DRUG
NCT03924856,Pembrolizumab,DRUG
NCT03924856,Gemcitabine,DRUG
NCT03924856,Cisplatin,DRUG
NCT03924856,Surgery (radical cystectomy (RC) plus Pelvic Lymph Node Dissection [PLND]),PROCEDURE
NCT03924856,Placebo,DRUG
NCT05947851,Nemtabrutinib,DRUG
NCT05947851,Venetoclax,DRUG
NCT05947851,Rituximab,BIOLOGICAL
NCT00110851,rosiglitazone,DRUG
NCT00110851,metformin,DRUG
NCT00110851,PN2034,DRUG
NCT02643251,"Clonidine Hydrochloride Topical Gel, 0.1%",DRUG
NCT02643251,Clonidine Hydrochloride Gel Comparator,DRUG
NCT05375851,Digital Interventions,OTHER
NCT05375851,Treatment as Usual,DRUG
NCT00324051,olanzapine therapy,DRUG
NCT02712151,Abdominal Wall Block,PROCEDURE
NCT02712151,Surgical infiltration,PROCEDURE
NCT02712151,Sterile saline,DRUG
NCT02712151,Ropivacaine 0.2%,DRUG
NCT02712151,Ultrasound,DEVICE
NCT02712151,Ropivacaine 0.5%,DRUG
NCT02084251,PB-119,DRUG
NCT00335829,bevacizumab,BIOLOGICAL
NCT00335829,chemotherapy,DRUG
NCT00335829,embolization therapy,DRUG
NCT00335829,hepatic artery infusion,PROCEDURE
NCT00006929,suramin,DRUG
NCT00006929,carboplatin,DRUG
NCT00006929,paclitaxel,DRUG
NCT00006929,pharmacological study,OTHER
NCT00006929,laboratory biomarker analysis,OTHER
NCT01782729,Tacrolimus,DRUG
NCT00101829,Rituximab,DRUG
NCT01466231,Everolimus,DRUG
NCT04302402,Rifaximin,DRUG
NCT04302402,Placebo,DRUG
NCT06062602,TAK-676,DRUG
NCT06062602,Carboplatin,DRUG
NCT06062602,5-FU,DRUG
NCT06062602,Paclitaxel,DRUG
NCT06062602,TAK-676 + Carboplatin,COMBINATION_PRODUCT
NCT06062602,Carboplatin + Paclitaxel,COMBINATION_PRODUCT
NCT06062602,Carboplatin + 5-FU,COMBINATION_PRODUCT
NCT06062602,TAK-676 + Carboplatin + 5-FU,COMBINATION_PRODUCT
NCT06062602,TAK-676 + Carboplatin + Paclitaxel,COMBINATION_PRODUCT
NCT00700102,Chemotherapy,DRUG
NCT00700102,Bevacizumab,DRUG
NCT00564902,3R 3'R Zeaxanthin,DRUG
NCT00564902,Lutein,DIETARY_SUPPLEMENT
NCT00564902,Lutein and Zeaxanthin,DIETARY_SUPPLEMENT
NCT00151502,Atorvastatin,DRUG
NCT00299702,Abilify,DRUG
NCT00299702,Risperidal Consta,DRUG
NCT02591953,Ultrasound-guidance,PROCEDURE
NCT02591953,Landmark-guidance,PROCEDURE
NCT02591953,Methylprednisolone,DRUG
NCT02591953,Lidocaine 1%,DRUG
NCT02323737,Irinotecan and cisplatin,DRUG
NCT02323737,Etoposide and cisplatin,DRUG
NCT00103272,tanespimycin,DRUG
NCT00103272,bortezomib,DRUG
NCT07187895,XTR004,DRUG
NCT04286295,Cytisine,DRUG
NCT04286295,Nicoderm C-Q Transdermal Product,DRUG
NCT04286295,Nicorette Lozenge Product,DRUG
NCT06279039,Exosome liquid dressing,DRUG
NCT01951677,HBsAg,DRUG
NCT01951677,PreS HBsAg,BIOLOGICAL
NCT01951677,Advax-1(TM),BIOLOGICAL
NCT01951677,Advax-2(TM),BIOLOGICAL
NCT01951677,Advax-3(TM),BIOLOGICAL
NCT01951677,Alum,BIOLOGICAL
NCT00004939,",4-diaminopyridine",DRUG
NCT01781377,PROPOFOL,DRUG
NCT01781377,METOCLOPRAMIDE,DRUG
NCT01781377,PLACEBO,DRUG
NCT03609775,ACT-541468,DRUG
NCT03609775,ACT-541468 placebo,OTHER
NCT03609775,Ethanol 10%,OTHER
NCT03609775,Ethanol placebo,OTHER
NCT02712775,Minocycline (yes/no),DRUG
NCT02712775,Placebo,DRUG
NCT03744975,LCZ 696,DRUG
NCT03744975,Placebos,DRUG
NCT00509275,W0027,DRUG
NCT00509275,Placebo,DRUG
NCT00363857,Ropinirole,DRUG
NCT01385657,Placebo,DRUG
NCT01385657,Dupilumab,DRUG
NCT01385657,Background treatment,OTHER
NCT07654257,Partial Breast Irradiation,DRUG
NCT01064557,all-trans retinoic acid (ATRA),DRUG
NCT06237257,SHR-1316,BIOLOGICAL
NCT06237257,Cisplatin Injection/Carboplatin Injection,DRUG
NCT06237257,External Beam Radiotherapy (EBRT)/Brachytherapy,RADIATION
NCT06237257,Paclitaxel Injection,DRUG
NCT00911157,Fondaparinux sodium,DRUG
NCT00911157,unfractionated heparin (UFH),DRUG
NCT06082557,T60c injection,DRUG
NCT04898101,Acalabrutinib,DRUG
NCT04898101,Microtracer [14C]ACP-196,DRUG
NCT00186901,"Calcium carbonate (Tums), vitamin D",DRUG
NCT00186901,Placebo,OTHER
NCT00397501,trastuzumab,BIOLOGICAL
NCT00397501,carboplatin,DRUG
NCT00397501,methotrexate,DRUG
NCT00397501,sodium thiosulfate,DRUG
NCT00766012,AZD2066,DRUG
NCT00766012,Placebo,DRUG
NCT04079712,Cabozantinib S-malate,DRUG
NCT04079712,Ipilimumab,BIOLOGICAL
NCT04079712,Nivolumab,BIOLOGICAL
NCT01037881,LEO 29102,DRUG
NCT01037881,Elidel®,DRUG
NCT05062681,Dexamethasone,DRUG
NCT05062681,Methylprednisolone,DRUG
NCT03232281,Triptorelin Pamoate PR 3-month,DRUG
NCT03232281,Triptorelin Acetate PR 1-month,DRUG
NCT07653581,rhTPO,DRUG
NCT07653581,Cyclosporine (CsA),DRUG
NCT00783081,K-134,DRUG
NCT00783081,Cilostazol 100 mg BID,DRUG
NCT00783081,Placebo,DRUG
NCT06993181,DA-5222,DRUG
NCT06993181,DA-5222-R1,DRUG
NCT06993181,DA-5222-R2,DRUG
NCT06993181,DA-5222-R3,DRUG
NCT01122381,ethosuximide,DRUG
NCT01122381,placebo comparator,OTHER
NCT04532281,Murine CD19 CAR-T cells,DRUG
NCT07596381,IN10028,DRUG
NCT04129619,ORP-101,DRUG
NCT04129619,Placebo,DRUG
NCT01428219,Cabozantinib,DRUG
NCT00510419,"""Investigational""Auto-injector (sumatriptan succinate)",DRUG
NCT00249119,risperidone,DRUG
NCT00030719,filgrastim,BIOLOGICAL
NCT00030719,monoclonal antibody Ch14.18,BIOLOGICAL
NCT00030719,busulfan,DRUG
NCT00030719,carboplatin,DRUG
NCT00030719,cyclophosphamide,DRUG
NCT00030719,etoposide,DRUG
NCT00030719,isotretinoin,DRUG
NCT00030719,melphalan,DRUG
NCT00030719,vincristine sulfate,DRUG
NCT00030719,bone marrow ablation with stem cell support,PROCEDURE
NCT00030719,conventional surgery,PROCEDURE
NCT00030719,peripheral blood stem cell transplantation,PROCEDURE
NCT00030719,radiation therapy,RADIATION
NCT01722630,Dopamine,DRUG
NCT01965730,epsilon-aminocaproic acid (EACA),DRUG
NCT06754501,Atezolizumab,DRUG
NCT06754501,Tiragolumab,DRUG
NCT06514430,Phenazopyridine,DRUG
NCT06514430,1% lidocaine with sodium bicarbonate,DRUG
NCT06583330,Low Molecular Weight Heparin (dalteparin),DRUG
NCT01753128,imipramine,DRUG
NCT07222228,Levonorgestrel butanoate,DRUG
NCT01401465,ciclesonide,DRUG
NCT01401465,mometasone,DRUG
NCT06175065,RLS-0071,DRUG
NCT06175065,Placebo,DRUG
NCT00375765,Dutasteride,DRUG
NCT02607865,semaglutide,DRUG
NCT02607865,sitagliptin,DRUG
NCT02607865,placebo,DRUG
NCT02085265,Perindopril,DRUG
NCT02085265,Telmisartan,DRUG
NCT05523765,Brepocitinib,DRUG
NCT02368665,Amlodipine 5mg,DRUG
NCT02368665,"Amlodipine 5mg, Candesartan cilexetil 16mg",DRUG
NCT02368665,"Amlodipine 10mg, Candesartan cilexetil 16mg",DRUG
NCT05519865,Tucidinostat,DRUG
NCT05519865,Tislelizumab,DRUG
NCT05434065,Celecoxib 200mg,DRUG
NCT00637065,Bosentan,DRUG
NCT00637065,Placebo,DRUG
NCT02506192,Modified-Release Prednisone,DRUG
NCT02506192,Placebo,DRUG
NCT00638092,sodium iodide,DRUG
NCT00638092,Sodium Chloride,DRUG
NCT00311402,Aggrenox capsule,DRUG
NCT00311402,Acetylsalicylic Acid (ASA),OTHER
NCT01887002,ONO-2952,DRUG
NCT01887002,Placebo comparator,DRUG
NCT00896402,Skin antisepsis with chlorhexidine,DRUG
NCT00896402,povidone-iodine,DRUG
NCT04297202,Apatinib Combined With SHR-1210 Injection,DRUG
NCT00429702,Decadron®,DRUG
NCT00429702,Benadryl®,DRUG
NCT00429702,Ativan®,DRUG
NCT00429702,ondansetron hydrochloride,DRUG
NCT06218602,Fecal Microbiota Transplantation,DRUG
NCT06218602,Chemotherapy,PROCEDURE
NCT06218602,CAR-T Therapy,PROCEDURE
NCT01344902,hexaminolevulinate HCl,DRUG
NCT06462053,Short-course radiotherapy,RADIATION
NCT06462053,PD-1 antibody (Toripalimab),DRUG
NCT06462053,Long-course radiotherapy,RADIATION
NCT06462053,Oxaliplatin,DRUG
NCT06462053,Capecitabine,DRUG
NCT05879653,MK-3475,DRUG
NCT05879653,ASG-22CE,DRUG
NCT05879653,maximal TURBT,PROCEDURE
NCT05879653,Radiation therapy,RADIATION
NCT01141153,Acetylsalicylic Acid + clopidogrel + acenocoumarol,DRUG
NCT01141153,Acetylsalicylic Acid + clopidogrel,DRUG
NCT03416153,Carboplatin,DRUG
NCT03416153,Radiation Therapy,RADIATION
NCT03416153,Paclitaxel,DRUG
NCT07711522,Fentanyl (IV),DRUG
NCT07711522,Meperidine,DRUG
NCT07711522,Paracetamol (acetaminophen),DRUG
NCT00324922,trimethoprim-sulfamethoxazole,DRUG
NCT00324922,vancomycin,DRUG
NCT02455622,Elaprase for intravenous (IV) infusion,DRUG
NCT05635851,Glyceryl Trinitrate Only Product in Oromucosal Dose Form,DRUG
NCT05635851,Placebo sublingual spray,OTHER
NCT03589651,Retifanlimab,DRUG
NCT03589651,Epacadostat,DRUG
NCT03589651,INCB050465,DRUG
NCT02755753,Lansoprazole,DRUG
NCT02755753,Rebamipide,DRUG
NCT02755753,Rebamipide-placebo,DRUG
NCT06937853,Ibuprofen 600 mg,DRUG
NCT06937853,diclofenac sodium,DRUG
NCT06937853,Placebo,DRUG
NCT01813253,Irinotecan,DRUG
NCT01813253,Nimotuzumab,DRUG
NCT06815653,Psilocybin 25mg,DRUG
NCT00380653,sapacitabine,DRUG
NCT03224637,radiofrequency,PROCEDURE
NCT03224637,Paracetamol (conventional),DRUG
NCT03224637,Ketorolac Tromethamine (conventional),DRUG
NCT04857645,ASTX727,DRUG
NCT04857645,Donor Lymphocyte Infusions,OTHER
NCT01534637,aprepitant,DRUG
NCT01534637,gemcitabine hydrochloride,DRUG
NCT01534637,capecitabine,DRUG
NCT01534637,fluorouracil,DRUG
NCT01534637,radiation therapy,PROCEDURE
NCT01534637,questionnaire administration,OTHER
NCT01534637,quality-of-life assessment,PROCEDURE
NCT01534637,nausea and vomiting therapy,PROCEDURE
NCT01534637,management of therapy complications,PROCEDURE
NCT02919072,Chloroprocaine,DRUG
NCT02919072,Ropivacaine,DRUG
NCT01412372,Mesalamine,DRUG
NCT01412372,Placebo,DRUG
NCT02107872,REGN1500,DRUG
NCT02107872,placebo,DRUG
NCT05965895,Ultrasound-guided continuous serratus anterior plane block,PROCEDURE
NCT05965895,intravenous dexmedetomidine infusion,DRUG
NCT00830895,RAD001,DRUG
NCT00005595,arsenic trioxide,DRUG
NCT02672995,Fractionated stereotactic radiosurgery,RADIATION
NCT02672995,bevacizumab,DRUG
NCT01812239,Vaginal Progesterone gel.,DRUG
NCT01812239,fetal fibronectin swab.,PROCEDURE
NCT01812239,Placebo gel,DRUG
NCT02606539,Total abdominal hysterectomy and methotrexate,PROCEDURE
NCT02606539,Methotrexate plus folinic acid alone,DRUG
NCT07340177,Xiaojin Pill,DRUG
NCT07340177,Neixiao Luoli Pill,DRUG
NCT07340177,Lifestyle Intervention,BEHAVIORAL
NCT07360977,bioactivated GRA for adult patients,DRUG
NCT07360977,bioactivated GRA for pediatric patients,DRUG
NCT06181175,PEAPROSTIL 600 + Tamsulosin 0.4 mg,DRUG
NCT06181175,Tamsulosin 0.4 mg,DRUG
NCT06181175,PEAPROSTIL 600 mg,DRUG
NCT00206375,Growth hormone,DRUG
NCT00206375,Growth hormone treatment and puberty,DRUG
NCT01845675,"temozolomide or dacarbazine-based chemotherapy, endostatin",DRUG
NCT02412657,Dexamethasone,DRUG
NCT02412657,Normal Saline,DRUG
NCT03860857,Amyloid PET scan,RADIATION
NCT03860857,Tau PET scan using MK-6240,DRUG
NCT03860857,Neurocognitive testing,BEHAVIORAL
NCT03860857,MRI,OTHER
NCT02816957,nigella sativ,DRUG
NCT00920257,GSK2141795,DRUG
NCT00528957,Tenofovir DF,DRUG
NCT00528957,Zidovudine,DRUG
NCT00528957,Stavudine,DRUG
NCT01293201,STAHIST,DRUG
NCT01293201,Placebo,DRUG
NCT04989101,Nigella,DRUG
NCT01189201,BI 10773/linagliptin,DRUG
NCT01189201,BI 10773/linagliptin SID,DRUG
NCT01189201,BI 10773/linagliptin FDC,DRUG
NCT06081101,Methylprednisolone Injection,DRUG
NCT06081101,Ketorolac Injection,DRUG
NCT07051512,dexmedetomidine 4μg,DRUG
NCT07051512,dexmedetomidine 8 μg,DRUG
NCT07051512,dexmedetomidine 10 μg,DRUG
NCT07198412,Ultrasound-guided spinal anesthesia,PROCEDURE
NCT07198412,Midazolam plus ultrasound-guided spinal anesthesia,DRUG
NCT07198412,Landmark-guided spinal anesthesia,PROCEDURE
NCT03338881,[14C]-TAK-659,DRUG
NCT03338881,TAK-659,DRUG
NCT00996281,Azilsartan medoxomil and chlorthalidone,DRUG
NCT00996281,Olmesartan medoxomil and hydrochlorothiazide,DRUG
NCT00357981,"ORTHO EVRA, the contraceptive patch",DRUG
NCT05125081,Liuwei Dihuang Pill (marketed product in China),DRUG
NCT05125081,Liuwei Dihuang Pill（placebo ）,DRUG
NCT06788912,Pembrolizumab (neoadjuvant),BIOLOGICAL
NCT06788912,Cisplatin,DRUG
NCT06788912,Gemcitabine,DRUG
NCT06788912,Pemetrexed,DRUG
NCT06788912,Sacituzumab tirumotecan,DRUG
NCT06788912,H1 receptor antagonist,DRUG
NCT06788912,H2 receptor antagonist,DRUG
NCT06788912,Acetaminophen (or equivalent),DRUG
NCT06788912,Dexamethasone (or equivalent),DRUG
NCT06788912,Carboplatin,DRUG
NCT06788912,Pembrolizumab (adjuvant),BIOLOGICAL
NCT06788912,Paclitaxel,DRUG
NCT06788912,Steroid mouthwash (dexamethasone or equivalent),DRUG
NCT00471419,Rimexolone,DRUG
NCT01394419,N-acetylcysteine,DRUG
NCT01394419,Saline,DRUG
NCT06530719,Osimertinib mesylate,DRUG
NCT05726019,Colchicine,DRUG
NCT06699030,Functional fatty acids,DRUG
NCT06699030,Placebo,OTHER
NCT00729365,Ramipril,DRUG
NCT00729365,Placebo,DRUG
NCT01485328,AMARGOL®,DRUG
NCT03302728,Lenalidomide 15mg,DRUG
NCT03302728,Brentuximab Vedotin 1.8 mg/Kg,DRUG
NCT06727630,PRJ1-3024,DRUG
NCT06302465,narlumosbartmab plus doxorubicin、cisplatin、methotrexate、ifosfamide,DRUG
NCT06302465,doxorubicin、cisplatin、methotrexate、ifosfamide,DRUG
NCT03003065,Temoporfin,DRUG
NCT05775965,Rivaroxaban 10mg,DRUG
NCT05775965,acetylsalicylic acid (ASA) 81mg Oral Tablet,DRUG
NCT02358265,10 mg Rupatadine on demand,DRUG
NCT02358265,10 mg Rupatadine,DRUG
NCT02358265,20 mg Rupatadine,DRUG
NCT02358265,10 mg Rupatadine on demand (sham updosing to 20 mg),DRUG
NCT00839865,herb ointment,DRUG
NCT02018965,Niacin,DRUG
NCT00572065,arsenic trioxide,DRUG
NCT00572065,cytarabine,DRUG
NCT00514865,ONO-2333Ms Experimental 2,DRUG
NCT00514865,Placebo,DRUG
NCT00514865,ONO-2333Ms Experimental 1,DRUG
NCT00004465,SYNSORB Pk,DRUG
NCT00004465,Placebo,DRUG
NCT04045665,Antiplatelet-only strategy,DRUG
NCT04045665,Oral Anticoagulant plus background antiplatelet therapy,DRUG
NCT00280865,Tesaglitazar,DRUG
NCT00280865,Pioglitazone,DRUG
NCT00280865,Dietary and Lifestyle Modification Counseling,BEHAVIORAL
NCT06237465,Normal saline,DRUG
NCT06237465,Botulinum toxin type A,DRUG
NCT00094965,Oxaliplatin (SR96669),DRUG
NCT00855465,"Riociguat (Adempas, BAY63-2521)",DRUG
NCT00855465,Placebo,DRUG
NCT01332292,Fluticasone furoate,DRUG
NCT01332292,Matching placebo,DRUG
NCT03617536,CR845 0.25 mg Oral Tablet,DRUG
NCT03617536,CR845 0.5 mg Oral Tablet,DRUG
NCT03617536,CR845 1 mg Oral Tablet,DRUG
NCT03617536,Placebo Oral Tablet,DRUG
NCT00002336,Clarithromycin,DRUG
NCT00133536,Influenza A/H5N1 Vaccine,BIOLOGICAL
NCT00133536,Placebo,DRUG
NCT01976936,Low Dose Lovastatin,DRUG
NCT01976936,Placebo,OTHER
NCT01976936,High Dose Lovastatin,DRUG
NCT05707936,Normal Saline Flush 20 ml,DRUG
NCT05707936,Normal Saline Flush 10 ml,DRUG
NCT05707936,"Heparin Flush (1000 USP, 10ml)",DRUG
NCT01610336,INC280,DRUG
NCT01610336,Gefitinib,DRUG
NCT04804111,arm 0,DRUG
NCT04804111,arm 1,DRUG
NCT04804111,arm 2,DRUG
NCT04804111,arm 3,DRUG
NCT04804111,arm 4,DRUG
NCT00744211,1mg/kg sitaxsentan sodium,DRUG
NCT00744211,2mg/kg sitaxsentan sodium,DRUG
NCT00744211,Vehicle,OTHER
NCT03415711,VSL#3®,DIETARY_SUPPLEMENT
NCT03415711,Mesalamine,DRUG
NCT03415711,Placebo,DRUG
NCT03289871,Excilor,DEVICE
NCT03289871,Loceryl 5%,DRUG
NCT00494871,"Rivaroxaban (Xarelto, BAY59-7939)",DRUG
NCT00494871,Warfarin,DRUG
NCT00494871,Rivaroxaban placebo,DRUG
NCT00494871,Warfarin placebo,DRUG
NCT05930171,Ultrasound guided L-ESPB and PENG block using Bupivacaine,PROCEDURE
NCT05930171,Postoperative conventional analgesia in form of Acetaminophen,DRUG
NCT04093271,Rest-ZZZ,DIETARY_SUPPLEMENT
NCT04093271,Active Comparator - Diphenhydramine HCl,DRUG
NCT04093271,Placebo,OTHER
NCT06756971,Propofol,DRUG
NCT06756971,Dexmedetomidine,DRUG
NCT04639271,Pyrotinib Plus And,DRUG
NCT04639271,Trastuzumab,DRUG
NCT04639271,Abraxane,DRUG
NCT06642571,NNC0519-0130 B,DRUG
NCT06642571,NNC0519-0130 C,DRUG
NCT00412971,Hexvix,DRUG
NCT00412971,Standard white light cystoscopy,OTHER
NCT01061671,simvastatin,DRUG
NCT01061671,Placebo,DRUG
NCT00209144,Intensive insulin therapy,DRUG
NCT07515209,HH-006,BIOLOGICAL
NCT07515209,0.9% normal saline,DRUG
NCT02244944,EZ-Urso combination therapy,DRUG
NCT01627834,Ropinirole,DRUG
NCT00045734,imatinib mesylate,DRUG
NCT00045734,laboratory biomarker analysis,OTHER
NCT00045734,pharmacological study,OTHER
NCT01158534,celecoxib,DRUG
NCT01158534,recombinant interferon alfa-2b,BIOLOGICAL
NCT01158534,polymerase chain reaction,OTHER
NCT01158534,laboratory biomarker analysis,OTHER
NCT01158534,reverse transcriptase-polymerase chain reaction,OTHER
NCT01158534,immunologic technique,OTHER
NCT01158534,immunohistochemistry staining method,OTHER
NCT01158534,flow cytometry,OTHER
NCT01614964,AQ-13 Treatment,DRUG
NCT01614964,Coartem Treatment,DRUG
NCT06236009,TAK-004,DRUG
NCT06236009,Placebo,DRUG
NCT03116009,Screening for diabetes with 1-hour GCT and HbA1,DRUG
NCT02781909,Ibuprofen,DRUG
NCT02781909,Standard of Care TB treatment,DRUG
NCT05839899,Mifepristone plus one dose Misoprostol,DRUG
NCT05839899,Mifepristone plus two doses Misoprostol,DRUG
NCT01938599,"AM001 Cream, 7.5%",DRUG
NCT01938599,Placebo of AM001 Cream,DRUG
NCT01220999,CS-1008,DRUG
NCT00236899,Gemcitabine,DRUG
NCT00236899,Docetaxel,DRUG
NCT00236899,Paclitaxel,DRUG
NCT00000699,Inosine pranobex,DRUG
NCT00000699,Ribavirin,DRUG
NCT04152499,SKB264,DRUG
NCT06305832,Rezvilutamide,DRUG
NCT06305832,Androgen deprivation therapy (ADT),DRUG
NCT06305832,SRT,RADIATION
NCT02062099,[18F]DPA-714 PET/ [18F]AV-45 PET/neuropsychological assessment,DRUG
NCT02951299,Pentoxifylline 400Mg Tablet,DRUG
NCT04091399,Stamatological tamponade Contipro,DRUG
NCT06844799,HS-20137,DRUG
NCT06844799,Placebo&HS-20137,DRUG
NCT04536532,HEC121120 tablets,DRUG
NCT04536532,HEC121120 placebo tablets,DRUG
NCT04536532,entecavir tablets,DRUG
NCT04536532,entecavir placebo tablets,DRUG
NCT02452463,Durvalumab,BIOLOGICAL
NCT02452463,Nintedanib,DRUG
NCT02452463,Placebo,OTHER
NCT02452463,Quality-of-Life Assessment,PROCEDURE
NCT05249387,A-967079 and BAM8-22 application,DRUG
NCT05249387,A-967079 and BAM8-22 application after 5 minutes.,DRUG
NCT05249387,A-967079 application.,DRUG
NCT05249387,Vehicle and BAM8-22 application.,DRUG
NCT00483587,Heme arginate,DRUG
NCT01046487,"Imatinib mesylate, Cyclophosphamide (Dosing level 1 )",DRUG
NCT01046487,"Imatinib mesylate, Cyclophosphamide (Dosing level 2)",DRUG
NCT01046487,"Imatinib mesylate, Cyclophosphamide (Dosing level 3)",DRUG
NCT01046487,Blood sampling,PROCEDURE
NCT01593787,LCZ696,DRUG
NCT05388487,HF1K16 /Arm 45 mg/m²,DRUG
NCT05388487,HF1K16 /Arm 90 mg/m²,DRUG
NCT05388487,HF1K16 /Arm 120 mg/m²,DRUG
NCT05388487,HF1K16 /Arm 160 mg/m²,DRUG
NCT05388487,HF1K16 /Arm 120 mg or 180 mg,DRUG
NCT07367087,Silver Sulfadiazine With Hyaluronic Acid,DRUG
NCT07367087,Silver Sulfadiazine,DRUG
NCT01599793,cabozantinib,DRUG
NCT01599793,laboratory biomarker analysis,OTHER
NCT01599793,magnetic resonance imaging,PROCEDURE
NCT07341893,Sacubitril-valsartan,DRUG
NCT07341893,standard treatment of heart failure,DRUG
NCT06149793,Empagliflozin,DRUG
NCT06149793,Placebo Control,OTHER
NCT00453193,Pentostatin,DRUG
NCT00453193,Alemtuzumab,DRUG
NCT05722093,Manzi Guben granules,DRUG
NCT06926621,VX-670,DRUG
NCT07626021,Selinexor,DRUG
NCT07074821,Taurolidine citrate 4% and heparin 500,DRUG
NCT00022321,gemtuzumab ozogamicin,DRUG
NCT03193814,Chemotherapy + Apatinib,DRUG
NCT05874414,GNS561 + Trametinib,DRUG
NCT00567814,Metyrapone,DRUG
NCT00567814,Oxazepam,DRUG
NCT00567814,Placebo,DRUG
NCT03140514,Rejection treatment according to clinical standard-of-care,DRUG
NCT02549014,MK-1064,DRUG
NCT02549014,Placebo,DRUG
NCT04414514,Ruxolitinib 1.5% Cream,DRUG
NCT07116616,mRNA-2808,DRUG
NCT02228616,Prucalopride,DRUG
NCT02228616,Polyethylene glycol (PEG),DRUG
NCT02228616,Lactulose,DRUG
NCT03752216,Niraparib,DRUG
NCT04984616,40 mg Atorvastatin/day for 120 days P.O.,DRUG
NCT04984616,Atorvastatin 80,DRUG
NCT04984616,Placebo,DRUG
NCT03563716,Atezolizumab,DRUG
NCT03563716,Tiragolumab,DRUG
NCT03563716,Placebo,DRUG
NCT01239706,NTx 265,DRUG
NCT07006506,Belumosudil,DRUG
NCT05004506,Adductor Canal Block,DRUG
NCT05004506,Intra-articular Injection,DRUG
NCT03018106,Ospemifene,DRUG
NCT03018106,Vaginal conjugated estrogens,DRUG
NCT02542306,fibrinogen concentrate,DRUG
NCT02060006,Meloxicam 7.5mg daily for 8 weeks,DRUG
NCT00346606,Denosin® and Xyzal®,DRUG
NCT02164006,TGR-1202 + brentuximab vedotin,DRUG
NCT01155206,glucagon,DRUG
NCT00391404,Alendronate,DRUG
NCT00391404,Placebo,DRUG
NCT03824704,Rucaparib,DRUG
NCT03824704,Nivolumab,DRUG
NCT01380184,ridaforolimus,DRUG
NCT03323684,Quadratus lumborum block Group (QL),OTHER
NCT03323684,Transversus abdominis plane Group (TAP),OTHER
NCT03323684,Control group (C),OTHER
NCT03323684,Paracetamol infusion,DRUG
NCT03323684,Ketorolac analgesia,DRUG
NCT03323684,fentanyl,DRUG
NCT05991284,Sacubitril-valsartan,DRUG
NCT05991284,Standard of care,DRUG
NCT00183404,Olanzapine,DRUG
NCT07369284,Melatonin,DRUG
NCT07369284,Placebo,OTHER
NCT02680184,CMP-001,DRUG
NCT02680184,Pembrolizumab,DRUG
NCT03591133,TS-143,DRUG
NCT03591133,Placebo,DRUG
NCT00222833,Aripiprazole,DRUG
NCT06208033,SMET12,DRUG
NCT00914433,TPI 1100,DRUG
NCT02697552,HBI-8000,DRUG
NCT01111552,Escitalopram,DRUG
NCT01111552,Aripiprazole,DRUG
NCT01111552,Placebo,DRUG
NCT01808547,ISV-303,DRUG
NCT01808547,DuraSite Vehicle,OTHER
NCT01293747,Estradiol + Progesterone,DRUG
NCT00301847,sorafenib tosylate,DRUG
NCT02657447,Betalutin with lilotomab dose 1,DRUG
NCT02657447,Betalutin with lilotomab dose 2,DRUG
NCT02587247,TF2 antibody/68Ga-IMP-288,DRUG
NCT04992949,CPX-351,DRUG
NCT05384249,Izokibep,DRUG
NCT05384249,Placebo,DRUG
NCT05462938,Continuous infusion of propofol,DRUG
NCT05462938,Continuous infusion of dexmedetomidine,DRUG
NCT06561438,Vortioxetine 20Mg Tab,DRUG
NCT01820858,Paclitaxel,DRUG
NCT01820858,Paraplatin (Carboplatin Injection),DRUG
NCT01820858,Pelvic Radiation,RADIATION
NCT01820858,Vaginal Brachytherapy 1,RADIATION
NCT01820858,Vaginal brachytherapy 2,RADIATION
NCT00623558,Cetuximab,DRUG
NCT00623558,Docetaxel,DRUG
NCT00623558,Cisplatin,DRUG
NCT00198848,Iron-folic acid supplement,DRUG
NCT07512648,Sanyong Jiedu Granules,DRUG
NCT07512648,Standard Medication,DRUG
NCT02277548,Lyrica 300 mg,DRUG
NCT02277548,Placebo,DRUG
NCT04042948,Tylenol,DRUG
NCT04608448,Rapamycin Topical Ointment,DRUG
NCT04608448,Placebo,OTHER
NCT00162955,Valsartan,DRUG
NCT00823355,forodesine hydrochloride,DRUG
NCT02626455,Copanlisib (BAY80-6946),DRUG
NCT02626455,Placebo,DRUG
NCT02626455,Rituximab,DRUG
NCT02626455,Cyclophosphamide,DRUG
NCT02626455,Doxorubicin,DRUG
NCT02626455,Vincristine,DRUG
NCT02626455,Bendamustine,DRUG
NCT02626455,Prednisone,DRUG
NCT01568034,BIA 9-1067,DRUG
NCT01568034,Placebo,DRUG
NCT01568034,Levodopa/Carbidopa,DRUG
NCT01568034,Levodopa/Benzerazide,DRUG
NCT02433834,Glycopyrronium MDI,DRUG
NCT02433834,Serevent Diskus 50 μg,DRUG
NCT02433834,Placebo,DRUG
NCT02361034,GRC 27864,DRUG
NCT02361034,Placebo,DRUG
NCT00360464,Azithromycin SR,DRUG
NCT02961634,Nailner 2 in 1,DEVICE
NCT02961634,Ciclopirox 8%,DRUG
NCT00884234,Vehicle Control,OTHER
NCT00884234,RT001 (Botulinum Toxin Type A Topical Gel),DRUG
NCT05614934,standard Clarithromycin triple therapy,DRUG
NCT05614934,Vonoprazan triple therapy,DRUG
NCT05614934,Vonoprazan dual therapy,DRUG
NCT00407264,Fluticasone propionate,DRUG
NCT03785964,Nirogacestat oral tablet,DRUG
NCT03785964,Placebo Oral Tablet,DRUG
NCT02168309,Labetalol,DRUG
NCT02168309,Nifedipine,DRUG
NCT02372409,MRI-guided laser ablation,DEVICE
NCT02372409,Doxorubicin,DRUG
NCT02372409,Etoposide,DRUG
NCT02372409,Dynamic contrast-enhanced (DCE) MRI,DEVICE
NCT02372409,Dynamic susceptibility contrast (DSC) MRI,DEVICE
NCT01656109,boosted atazanavir (ATV/r),DRUG
NCT02527564,Suvorexant,DRUG
NCT02527564,Placebo,DRUG
NCT05131464,CM310,DRUG
NCT02872064,Verteporfin,DRUG
NCT04831099,Testosterone gel,DRUG
NCT04831099,Placebo,DRUG
NCT01105299,CJ anastrozole 1 mg tablet,DRUG
NCT01066299,Syntocinon®,DRUG
NCT01066299,inactive nasal spray,DRUG
NCT01705899,Human Pancreatic Islets,DRUG
NCT05859334,Biospecimen Collection,PROCEDURE
NCT05859334,Erdafitinib,DRUG
NCT05859334,Magnetic Resonance Imaging,PROCEDURE
NCT05859334,Optical Coherence Tomography,PROCEDURE
NCT00167934,Valproate,DRUG
NCT00167934,Placebo,DRUG
NCT00281632,GW786034,DRUG
NCT01033032,Amrubicin,DRUG
NCT03544632,Acellular Adipose Tissue (AAT),DRUG
NCT02574832,Lidocaine Administration,DRUG
NCT03473132,four factor prothrombin complex concentrate,DRUG
NCT03035032,Leuprolide,DRUG
NCT02334163,Nitazoxanide,DRUG
NCT02334163,Oral lactulose,DRUG
NCT02334163,Metronidazole,DRUG
NCT02334163,Rifaximine,DRUG
NCT00852163,Clofarabine with Busulfan,DRUG
NCT01559363,Tesevatinib,DRUG
NCT07703163,Canagliflozin,DRUG
NCT01424163,Single dose reduced,DRUG
NCT01424163,Single dose standard,DRUG
NCT01424163,Multiple Dose,DRUG
NCT01078363,ramipril,DRUG
NCT01078363,Placebo,DRUG
NCT01846663,Placebo,DRUG
NCT01846663,Rifaximin,DRUG
NCT02001363,"liraglutide (Novo Nordisk, Bagsværd, Denmark)",DRUG
NCT02001363,liraglutide placebo (Novo Nordisk),DRUG
NCT02620163,telmisartan/amlodipine 40/5mg,DRUG
NCT02620163,YH22162 40/5/12.5 mg,DRUG
NCT02620163,telmisartan/amlodipine 80/5mg,DRUG
NCT02620163,YH22162 80/5/25 mg,DRUG
NCT02620163,telmisartan/amlodipine 40/5mg placebo,DRUG
NCT02620163,YH22162 40/5/12.5 mg placebo,DRUG
NCT02620163,telmisartan/amlodipine 80/5mg placebo,DRUG
NCT02620163,YH22162 80/5/25 mg placebo,DRUG
NCT00940563,Imatinib,DRUG
NCT05384587,asciminib,DRUG
NCT07437287,mFOLFOX regimen,DRUG
NCT07437287,Mitazalimab,DRUG
NCT00882687,Lifitegrast,DRUG
NCT00882687,Placebo,OTHER
NCT07181187,MH004 Ointment,DRUG
NCT07181187,Vehicle Ointment,DRUG
NCT03988387,Peer Support (PS),BEHAVIORAL
NCT03988387,Reminder and Resource Transfer (RRT),BEHAVIORAL
NCT03988387,daily oral PrEP (emtricitabine 200 mg/tenofovir 300 mg) [FTC/TDF],DRUG
NCT01742793,lenalidomide (Revlimid) and romidepsin (Istodax),DRUG
NCT06161493,ZEN003694,DRUG
NCT06161493,Niraparib,DRUG
NCT02771093,Trelagliptin,DRUG
NCT02771093,Alogliptin,DRUG
NCT00237393,Quetiapine,DRUG
NCT00237393,Placebo,DRUG
NCT06742593,MT027 cells suspension,DRUG
NCT03994393,Tremelimumab,DRUG
NCT03994393,Durvalumab,DRUG
NCT07223021,Fludarabine,DRUG
NCT07223021,Cyclophosphamide,DRUG
NCT07223021,CAR-T,BIOLOGICAL
NCT06225921,Adebrelimab,DRUG
NCT06225921,Dalpiciclib 100mg,DRUG
NCT06225921,Dalpiciclib 150mg,DRUG
NCT01280214,Triamcinolone,DRUG
NCT03530514,REGN4461,DRUG
NCT03530514,Placebo,DRUG
NCT06036914,Bumetanide,DRUG
NCT06036914,Furosemide,DRUG
NCT06025916,Tranexamic acid,DRUG
NCT04176016,OTSA101-DTPA-111In,DRUG
NCT04176016,OTSA101-DTPA-90Y,DRUG
NCT00543816,MK0767,DRUG
NCT00101816,Dasatinib,DRUG
NCT05386706,Digital Intervention,BEHAVIORAL
NCT05386706,Metformin,DRUG
NCT06329206,GH2616 Tablets,DRUG
NCT04181606,Esmolol infusion,DRUG
NCT04181606,Saline infusion,DRUG
NCT04181606,Pre exercise baseline,OTHER
NCT04181606,Isometric handgrip exercise,OTHER
NCT04181606,Semi-recumbent cycling,OTHER
NCT06873906,Deep Parasternal intercostal plane block,PROCEDURE
NCT06873906,Erector Spinae Plane Block,PROCEDURE
NCT06873906,conventional analgesic regimen,DRUG
NCT06548906,GZR4 Injection,DRUG
NCT01853306,Veliparib,DRUG
NCT03298906,Esketamine,DRUG
NCT03298906,Ticlopidine,DRUG
NCT03774706,Misoprostol,DRUG
NCT03774706,Tranexamic Acid,DRUG
NCT03774706,placebo to tranexamic acid,DRUG
NCT04940104,Botox Injectable Product,DRUG
NCT03841604,Safinamide Methanesulfonate,DRUG
NCT03841604,Safinamide methanesulfonate matching placebo,OTHER
NCT07581704,Sirolimus,DRUG
NCT07581704,Teclistamab,BIOLOGICAL
NCT07581704,Talquetamb,BIOLOGICAL
NCT03577704,HLX07+Gemcitabine+Cisplatin,DRUG
NCT03577704,HLX07+Paclitaxel+Carboplatin,DRUG
NCT03577704,HLX07+mFOLFOX6,DRUG
NCT02035904,Levobupivacaine PCIA (Patient Controlled Intrawound Analgesia),DRUG
NCT02035904,saline,DRUG
NCT02035904,Levobupivacaine continuous infusion,DRUG
NCT02035904,intrawound infusion catheter,DEVICE
NCT02035904,morphine,DRUG
NCT02035904,Patrol,DRUG
NCT05971004,Arthrys (Collagen Peptide solution),DEVICE
NCT05971004,Depo medrol,DRUG
NCT00091104,MART-1:27-35 peptide vaccine,BIOLOGICAL
NCT00091104,aldesleukin,BIOLOGICAL
NCT00091104,filgrastim,BIOLOGICAL
NCT00091104,incomplete Freund's adjuvant,BIOLOGICAL
NCT00091104,therapeutic autologous lymphocytes,BIOLOGICAL
NCT00091104,therapeutic tumor infiltrating lymphocytes,BIOLOGICAL
NCT00091104,cyclophosphamide,DRUG
NCT00091104,fludarabine phosphate,DRUG
NCT00091104,autologous hematopoietic stem cell transplantation,PROCEDURE
NCT00091104,in vitro-treated peripheral blood stem cell transplantation,PROCEDURE
NCT00091104,total-body irradiation,RADIATION
NCT04485104,GWP42003-P,DRUG
NCT00083304,Efaproxiral,DRUG
NCT00083304,Whole Brain Radiation Therapy (WBRT),RADIATION
NCT00083304,Supplemental Oxygen,OTHER
NCT05576584,GST-HG121 tablets,DRUG
NCT05576584,Placebo,DRUG
NCT00152984,Tiotropium inhalation capsules,DRUG
NCT00152984,Placebo inhalation capsules,DRUG
NCT01674933,Duraphat® Fluoride Varnish,DRUG
NCT01674933,treatment as usual,BEHAVIORAL
NCT02865733,Remodulin,DRUG
NCT02865733,distilled water,DRUG
NCT06383533,Disitamab Vedotin Plus Cadonilimab,DRUG
NCT01626833,SOMATROPINE* : Norditropine® simplexx®,DRUG
NCT01626833,Placebo,BIOLOGICAL
NCT00881452,CM-AT,DRUG
NCT00881452,Placebo,DRUG
NCT01590433,Exenatide,DRUG
NCT01590433,Placebo,DRUG
NCT01590433,Dietary counseling,BEHAVIORAL
NCT03310749,Gemigliptin,DRUG
NCT03310749,Gemigliptin 50 mg q.d. + metformin 1000 mg twice a day,DRUG
NCT03310749,Metformin,DRUG
NCT00208949,G-CSF,DRUG
NCT00208949,GM-CSF,DRUG
NCT05060549,Cariprazine,DRUG
NCT06542549,AK104,DRUG
NCT06906549,Rituximab 200mg/6months,DRUG
NCT06906549,Rituximab 1g/6months,DRUG
NCT02062749,Oxaliplatin,DRUG
NCT02376049,Pimecrolimus cream,DRUG
NCT02376049,Betamethasone dipropionate cream,DRUG
NCT02376049,Clobetasol propionate cream,DRUG
NCT02376049,Glaxal Base cream vehicle,DRUG
NCT07647133,SAL0140 Tablets,DRUG
NCT07647133,SAL0140 placebo,DRUG
NCT00405652,Enteric-coated Mycophenolate sodium (EC-MPS),DRUG
NCT01387464,ISV-303,DRUG
NCT01387464,Bromday™,DRUG
NCT06385964,SHR-4597,DRUG
NCT06385964,Placebo,DRUG
NCT06138964,siSPARC + siLR4A microneedle patches,DRUG
NCT06138964,siSPARC microneedle patch,DRUG
NCT06713564,LS301-IT,DRUG
NCT05157464,Losartan,DRUG
NCT01937364,Baclofen,DRUG
NCT01937364,Placebo,DRUG
NCT00092209,"MK0954A, hydrochlorothiazide (+) losartan potassium",DRUG
NCT00092209,"Comparator: placebo, losartan, hydrochlorothiazide",DRUG
NCT04458909,Carboplatin,DRUG
NCT04458909,Cisplatin,DRUG
NCT04458909,Gemcitabine,DRUG
NCT04458909,Nivolumab,BIOLOGICAL
NCT04458909,Questionnaire Administration,OTHER
NCT01485809,Gefitinib,DRUG
NCT02387099,3 weeks Dose Induction of Everolimus,DRUG
NCT02387099,3 weeks Conventional Everolimus Dosing,DRUG
NCT02387099,Open Label Phase with conventional 10mg Everolimus Dosing week 4-24,DRUG
NCT02387099,Standard Care after 24 weeks,DRUG
NCT02817464,TV-46046 - 400 mg/mL,DRUG
NCT02817464,TV-46046 - 200 mg/mL,DRUG
NCT00895609,"Sugammadex, Neostigmine, Saline",DRUG
NCT02902432,Endostar,DRUG
NCT05284032,isatuximab 10 mg/kg,DRUG
NCT00964132,NRX194204,DRUG
NCT03311932,Infacort®,DRUG
NCT03311932,Cortef®,DRUG
NCT03091699,Nicotine,DRUG
NCT03091699,Moderate Intensity Exercise,BEHAVIORAL
NCT01128699,Subconjunctival Avastin,DRUG
NCT01128699,Ahmed Valve implant,DEVICE
NCT05078944,Active acupuncture,DEVICE
NCT05078944,Sham acupuncture,DEVICE
NCT05078944,Donepezil Hydrochloride,DRUG
NCT06830109,Oxymetazoline Nasal Spray,DRUG
NCT06830109,Budesonide nasal spray,DRUG
NCT04641299,AZD8233,DRUG
NCT04641299,Placebo,DRUG
NCT00147563,Eplerenone,DRUG
NCT06442709,Tocilizumab Asprin,DRUG
NCT06442709,Placebo,OTHER
NCT03309163,Tramadol,DRUG
NCT03309163,Hydromorphone,DRUG
NCT03309163,Ropivacaine (Epidural analgesia),DRUG
NCT02631863,Aminolaevulinic acid,DRUG
NCT02631863,Placebo,DRUG
NCT03189563,DA-9805 45mg,DRUG
NCT03189563,DA-9805 90mg,DRUG
NCT03189563,Placebo,OTHER
NCT03193463,Topotecan (<=8cc),DRUG
NCT03193463,Topotecan (>8cc),DRUG
NCT03193463,Cleveland Multiport Catheter,DEVICE
NCT03193463,Magnetic Resonance Imaging (MRI),DIAGNOSTIC_TEST
NCT03193463,Lower Does Topotecan,DRUG
NCT00446563,Valsartan,DRUG
NCT00446563,Amlodipine,DRUG
NCT00446563,Hydrochlorothiazide,DRUG
NCT00446563,Losartan,DRUG
NCT03041363,Triheptanoin,DRUG
NCT02825563,Anlotinib,DRUG
NCT02328963,Everolimus,DRUG
NCT02328963,mycophenolic acid,DRUG
NCT06313463,Carrellizumab + Capecitabine,DRUG
NCT06313463,Placebo + Capecitabine,DRUG
NCT04288687,Niraparib Pill,DRUG
NCT02089087,CFZ533,BIOLOGICAL
NCT02089087,Placebo,DRUG
NCT02618187,SER-287,DRUG
NCT02618187,Placebo,DRUG
NCT02618187,Placebo Pre-Treat,DRUG
NCT02618187,Vancomycin Pre-Treat,DRUG
NCT06482593,Zinc-Oxide Eugenol Sealer,DRUG
NCT06482593,AH-Plus Epoxy Resin Sealer,DRUG
NCT06482593,Bio-C Sealer,DRUG
NCT04193293,Duvelisib,DRUG
NCT04193293,Pembrolizumab,BIOLOGICAL
NCT00797693,Misoprostol ( Cytotec) 200 microgram a tablet,DRUG
NCT03473093,Pregabalin 150mg,DRUG
NCT03473093,Morphine,DRUG
NCT00835393,Pantoprazole Sodium 40 mg delayed-release tablets,DRUG
NCT00835393,PROTONIX® 40 mg delayed-release tablets.,DRUG
NCT01898221,Ethanol,DRUG
NCT01898221,Ablation,PROCEDURE
NCT04478721,Temocillin,DRUG
NCT04478721,Meropenem,DRUG
NCT07570121,Caffeine citrate,DRUG
NCT02669914,MEDI4736,DRUG
NCT00280514,cefpirome and moxifloxacin administration,DRUG
NCT01362114,SIHOGAYONGGOLMORYU TANG EXTRACT GRAN,DRUG
NCT01362114,Placebo,OTHER
NCT04271514,RPT193,DRUG
NCT04271514,Placebo,DRUG
NCT01485614,Sitagliptin,DRUG
NCT01485614,Metformin,DRUG
NCT01485614,Placebo to sitagliptin,DRUG
NCT01485614,Placebo to metformin,DRUG
NCT01485614,Glycemic Rescue 1,DRUG
NCT01485614,Glycemic Rescue 2,BIOLOGICAL
NCT03312114,Avelumab,DRUG
NCT04320316,Crysvita (burosumab-twza) Treatment,DRUG
NCT02664116,Diclofenac postassium powder for oral solution and placebo injection,DRUG
NCT02664116,Ketorolac intramuscular injection and placebo oral solution,DRUG
NCT06712316,Pumitamig,DRUG
NCT06712316,Pembrolizumab,DRUG
NCT06712316,Carboplatin,DRUG
NCT06712316,Pemetrexed,DRUG
NCT06712316,Paclitaxel,DRUG
NCT04503616,"Cyclophosphamide, Abatacept, and Tacrolimus for GvHD Prevention",DRUG
NCT02280616,low dose budesonide tablet,DRUG
NCT02280616,high dose budesonide tablet,DRUG
NCT02280616,high dose budesonide suspension,DRUG
NCT02280616,Placebo,DRUG
NCT06873516,EVO756,DRUG
NCT06873516,Placebo control,DRUG
NCT06544616,JNJ-64042056,DRUG
NCT06544616,Placebo,DRUG
NCT04009616,Aloe Vera mouthwash,DRUG
NCT04009616,Chlorhexidine mouthwash,DRUG
NCT04009616,Placebo mouthwash,DRUG
NCT01290406,BEZ235,DRUG
NCT01516606,"clarithromycin, oral, high dose",DRUG
NCT03225716,Ulocuplumab,DRUG
NCT03225716,Ibrutinib,DRUG
NCT04904406,Dolutegravir / Lamivudine Oral Tablet,DRUG
NCT01503606,Cefazolin,DRUG
NCT01503606,Clarithromycin,DRUG
NCT05978206,Nandrolone Decanoate,DRUG
NCT05978206,Physiotherapy Intervention,BEHAVIORAL
NCT05978206,Nutritional Intervention,BEHAVIORAL
NCT05978206,Placebo,DRUG
NCT00650806,Canagliflozin (JNJ-28431754),DRUG
NCT00650806,Placebo,DRUG
NCT00550004,RP101,DRUG
NCT00550004,Gemcitabine (1000 mg/m2),DRUG
NCT02851004,Napabucasin,DRUG
NCT02851004,Pembrolizumab,DRUG
NCT06301204,Tranexamic acid injection,DRUG
NCT06301204,Saline,DRUG
NCT02678104,Tooth extraction,PROCEDURE
NCT02678104,Chlorhexidine mouth wash,DRUG
NCT02678104,Intra-alveolar application of Manuka Honey,DRUG
NCT05657704,The patients in experimental group will be genotyped before surgery and treatment will be prescribed according to the CYP2D6 phenotype,DRUG
NCT06748404,TriCalm Hydrogel®,DRUG
NCT06748404,Triamcinolone acetonide 0.1% cream,DRUG
NCT01278004,Ethosuximide,DRUG
NCT01278004,Placebo,DRUG
NCT01671904,Bendamustine,DRUG
NCT01671904,Obinutuzumab,DRUG
NCT01671904,Rituximab,DRUG
NCT01671904,Venetoclax,DRUG
NCT02500784,Formoterol A,DRUG
NCT02500784,Formoterol B (placebo),OTHER
NCT01436084,SB1518,DRUG
NCT05226533,DWRX2003,DRUG
NCT05226533,Placebo,DRUG
NCT03600233,CVM-1118,DRUG
NCT02418533,menotropin,DRUG
NCT02418533,Recominant Follicle Stimulating Hormone (rFSH),DRUG
NCT04297033,Lovastatin,DRUG
NCT04297033,Placebo,DRUG
NCT04546633,KAF156,DRUG
NCT04546633,LUM-SDF,DRUG
NCT04546633,Coartem,DRUG
NCT07692152,Intensity-Modulated Radiotherapy (IMRT),RADIATION
NCT07692152,Capecitabine,DRUG
NCT07692152,Sintilimab,BIOLOGICAL
NCT07692152,Mitomycin (MMC),DRUG
NCT00938652,gemcitabine/carboplatin,DRUG
NCT00938652,Iniparib,DRUG
NCT01263652,Diclofenac hydroxyethylpyrrolidine,DRUG
NCT01263652,orphenadrine,DRUG
NCT01263652,Tramadol,DRUG
NCT01263652,Dipyrone,DRUG
NCT02720952,Infacort®,DRUG
NCT01295047,Atenolol,DRUG
NCT01295047,VERAPAMIL,DRUG
NCT01295047,Perindopril,DRUG
NCT02500147,Metformin,DRUG
NCT02500147,Placebo,DRUG
NCT06721247,Magnesium,DRUG
NCT06721247,ICS+LABA,DRUG
NCT02584647,PLX3397,DRUG
NCT02584647,sirolimus,DRUG
NCT02097238,Eribulin Mesylate,DRUG
NCT02097238,Pharmacological Study,OTHER
NCT02514538,Non- effervescent Paracetamol kern,DRUG
NCT02514538,Effervescent paracetamol termalgin,DRUG
NCT01516138,GIK,DRUG
NCT01516138,Control,DRUG
NCT01361958,NOMAC,DRUG
NCT00769158,Topiramate and Naltrexone,DRUG
NCT00769158,Placebo,OTHER
NCT07706348,ondansteron,DRUG
NCT00483158,Finafloxacin hydrochloride,DRUG
NCT05063058,Molecular guided therapy,DRUG
NCT02622958,PH94B,DRUG
NCT02622958,Placebo,OTHER
NCT00646958,Radezolid,DRUG
NCT00646958,Linezolid,DRUG
NCT01755234,Sevoflurane,DRUG
NCT01755234,Propofol,DRUG
NCT03714334,DNX-2440 injection,DRUG
NCT00703534,AZD3355,DRUG
NCT00703534,Placebo,DRUG
NCT00703534,Gelusil®,DRUG
NCT02508064,BMS-663068,DRUG
NCT07362264,SH006,DRUG
NCT06257264,BG-68501,DRUG
NCT06257264,Fulvestrant,DRUG
NCT06257264,BGB-43395,DRUG
NCT02892409,Clarithromycin,DRUG
NCT02892409,Amoxicillin,DRUG
NCT02892409,Tripotassium bismuth dicitrate,DRUG
NCT02892409,Lansoprazole,DRUG
NCT02892409,TAK-438,DRUG
NCT01038609,Hydrocodone/Acetaminophen Extended Release,DRUG
NCT01038609,Acetaminophen,DRUG
NCT01038609,Morphine Extended Release,DRUG
NCT01038609,Placebo,DRUG
NCT02205099,SKL15508,DRUG
NCT02205099,Placebo,DRUG
NCT04195399,Biospecimen Collection,PROCEDURE
NCT04195399,Computed Tomography,PROCEDURE
NCT04195399,Echocardiography Test,PROCEDURE
NCT04195399,Magnetic Resonance Imaging,PROCEDURE
NCT04195399,Nirogacestat,DRUG
NCT04195399,Quality-of-Life Assessment,OTHER
NCT04195399,Questionnaire Administration,OTHER
NCT04195399,X-Ray Imaging,PROCEDURE
NCT00383799,iv Amiodarone,DRUG
NCT00383799,iv Procainamide,DRUG
NCT05654064,Remifentanil-dexmedetomidine,DRUG
NCT05654064,Dexmedetomidine-fentanyl,DRUG
NCT00039364,imatinib mesylate,DRUG
NCT05934409,Bariatric surgery,PROCEDURE
NCT05934409,Nicotinic Acid,DRUG
NCT00821964,imiquimod,DRUG
NCT00821964,Abraxane,DRUG
NCT00821964,laboratory biomarker analysis,OTHER
NCT00821964,RNA analysis,GENETIC
NCT00821964,immunoenzyme technique,OTHER
NCT02316964,decitabine,DRUG
NCT02316964,natural killer cell therapy,BIOLOGICAL
NCT02316964,aldesleukin,BIOLOGICAL
NCT02316964,laboratory biomarker analysis,OTHER
NCT00037609,Capecitabine,DRUG
NCT00037609,Exisulind,DRUG
NCT01686009,Intra-nasal ketamine,DRUG
NCT06620809,Extracellular vesicles derived from human-induced neural stem cells for intrathecal injection,DRUG
NCT06620809,A placebo of extracellular vesicles derived from human-induced neural stem cells for intrathecal injection,DRUG
NCT06936709,Colchicine 1.8 mg (loading dose) + Dextrose Oral Placebo,DRUG
NCT06936709,Colchicine 1.8 mg + 0.6 mg,DRUG
NCT06936709,Dextrose Oral Placebo,DRUG
NCT07391709,Ischemic priapism + reperfusion,PROCEDURE
NCT07391709,Ischemic priapism + reperfusion + ALA,PROCEDURE
NCT07391709,Ischemic priapism + reperfusion + ALA,DRUG
NCT05490134,Naloxone,DRUG
NCT05490134,Saline,DRUG
NCT01923064,Lipiodol,DRUG
NCT01923064,Lauromacrogol,DRUG
NCT00216164,Rituximab,DRUG
NCT00216164,Gemcitabine,DRUG
NCT00002764,filgrastim,BIOLOGICAL
NCT00002764,doxorubicin hydrochloride,DRUG
NCT00002764,ifosfamide,DRUG
NCT00002764,conventional surgery,PROCEDURE
NCT05503264,Satralizumab,DRUG
NCT05503264,Placebo,OTHER
NCT06773364,Levetiracetam,DRUG
NCT06773364,Guide-recommended management,OTHER
NCT06773364,The lying flat (0°) head position,OTHER
NCT06773364,The sitting-up (≥30°) head position,OTHER
NCT05646264,Agomelatine,DRUG
NCT00358163,PTK787/ZK 222584,DRUG
NCT00358163,paclitaxel,DRUG
NCT00369863,Triamcinolone acetonide,DRUG
NCT03649763,Lidocaine,DRUG
NCT03649763,Bupivacaine,DRUG
NCT03001609,AC0010,DRUG
NCT04620109,KDR2-2,DRUG
NCT04620109,Placebo,DRUG
NCT01038063,Artemether-lumefantrine combination,DRUG
NCT04020263,Levosimendan 2.5 MG/ML Injectable Solution,DRUG
NCT04020263,Placebo,DRUG
NCT06434363,Tafasitamab,DRUG
NCT06434363,Fludarabine phosphate,DRUG
NCT06434363,Cyclophosphamide,DRUG
NCT06434363,Tafasitamab and NK cells,DRUG
NCT07287163,vormatrogine,DRUG
NCT04749563,IGC AD1,DRUG
NCT04749563,Placebo,DRUG
NCT02342314,LY3143753 (Part A),DRUG
NCT02342314,LY3185643 (Part B),DRUG
NCT02342314,Placebo (Part A and Part B),DRUG
NCT02342314,rGlucagon (Part B),DRUG
NCT03690414,Experimental BHVI2,DRUG
NCT03690414,Atropine sulfate 0.02% eye drops,DRUG
NCT03690414,Combination eye drops,COMBINATION_PRODUCT
NCT06510114,methylprednisolone(daily scheme),DRUG
NCT06510114,methylprednisolone(weekly scheme),DRUG
NCT02891616,fludeoxyglucose F 18,DRUG
NCT02891616,Positron emission tomography-computed tomography,DEVICE
NCT02891616,18F-fluorothymidine,DRUG
NCT02891616,Positron emission tomography-magnetic resonance imaging,DEVICE
NCT01070316,Everolimus,DRUG
NCT03770416,Ibrutinib,DRUG
NCT03770416,Nivolumab,BIOLOGICAL
NCT01867216,Placebo,DRUG
NCT01867216,LY2922470,DRUG
NCT02937116,IBI308,DRUG
NCT02937116,IBI308\Cisplatinum\Pemetrexed,DRUG
NCT02937116,IBI308\cisplatin\gemcitabine,DRUG
NCT02937116,IBI308\oxaliplatin\capecitabine,DRUG
NCT02937116,IBI308\etoposide\cisplatin,DRUG
NCT02937116,IBI308\irinotecan\5-FU,DRUG
NCT05980806,Selinexor 60 mg,DRUG
NCT05980806,Selinexor 40 mg,DRUG
NCT05980806,Ruxolitinib,DRUG
NCT05980806,Pacritinib,DRUG
NCT05980806,Momelotinib,DRUG
NCT03556384,Temozolomide,DRUG
NCT05901584,Cadonilimab,DRUG
NCT01050933,250 ppm carbon monoxide,DRUG
NCT00142233,ANTOX (vers.)1.2,DIETARY_SUPPLEMENT
NCT00142233,Magnesium,DRUG
NCT00142233,Placebo ANTOX (vers)1.2,OTHER
NCT00142233,Placebo Magnesiocard (2.5 mmol),OTHER
NCT01703533,NNZ-2566,DRUG
NCT01703533,Placebo,DRUG
NCT02054052,Bevacizumab,DRUG
NCT00964249,GW642444,DRUG
NCT00964249,Placebo,DRUG
NCT06699849,CSL889,BIOLOGICAL
NCT06699849,Placebo,DRUG
NCT05369949,DEX group,DRUG
NCT05369949,Control group,OTHER
NCT05358249,JDQ443,DRUG
NCT05358249,trametinib,DRUG
NCT05358249,Ribociclib,DRUG
NCT05358249,cetuximab,BIOLOGICAL
NCT00327249,imexon,DRUG
NCT07213349,Daridorexant 50 mg,DRUG
NCT07213349,Placebo,DRUG
NCT00981149,duloxetine,DRUG
NCT00981149,Placebo,DRUG
NCT01061749,Cixutumumab,BIOLOGICAL
NCT01061749,Laboratory Biomarker Analysis,OTHER
NCT01061749,Pharmacological Study,OTHER
NCT01061749,Selumetinib,DRUG
NCT01434849,topical 0.5% Timolol maleate,DRUG
NCT01434849,Control (placebo) group,DRUG
NCT02572349,IW-1701,DRUG
NCT02572349,Matching Placebo,DRUG
NCT01681849,Placebo,DRUG
NCT01681849,Paroxetine,DRUG
NCT01681849,Positron Emission Tomography (PET) Imaging,OTHER
NCT06874049,Vaginal misoprostol,DRUG
NCT06874049,Oral misoprostol solution (OMS),DRUG
NCT01514149,CJC-1134-PC Injection,DRUG
NCT01514149,Weekly placebo for CJC-1134-PC Injection,DRUG
NCT00563849,Leflunomide,DRUG
NCT00548249,Standard Bicarbonate Solution,DEVICE
NCT00548249,Soluble Ferric Pyrophosphate,DRUG
NCT01320449,recombinant human erythropoietin,DRUG
NCT01320449,Training,BEHAVIORAL
NCT01320449,Placebo,OTHER
NCT01367249,Bromfenac Ophthalmic Solution,DRUG
NCT01367249,Placebo,DRUG
NCT00507949,Megestrol acetate,DRUG
NCT00507949,placebo,DRUG
NCT04444349,Coenzyme Q10,DRUG
NCT04444349,Standard Medical Therapy,DIETARY_SUPPLEMENT
NCT01521949,Acai Juice Product,DRUG
NCT00485849,Atomoxetine Hydrochloride,DRUG
NCT07436949,BBT002,DRUG
NCT07436949,Placebo,DRUG
NCT01739049,Liraglutide,DRUG
NCT01739049,Diet and Exercise,BEHAVIORAL
NCT03852849,Personal involved intervention strategies,BEHAVIORAL
NCT03852849,The dosage of 400mg EFV,DRUG
NCT01988649,Intranasal Oxytocin,DRUG
NCT01988649,Placebo (saline),DRUG
NCT01304849,Escalated BEACOPP,DRUG
NCT00745849,esomeprazole,DRUG
NCT00745849,placebo,DRUG
NCT05403749,dose 1 IBI302,BIOLOGICAL
NCT05403749,Aflibercept,DRUG
NCT05403749,dose 2 IBI302,BIOLOGICAL
NCT01206049,Gemcitabine,DRUG
NCT01206049,Oxaliplatin,DRUG
NCT01206049,Capecitabine,DRUG
NCT01206049,Panitumumab,DRUG
NCT01206049,Bevacizumab,DRUG
NCT01333449,Decitabine,DRUG
NCT05380349,combinations of up to 3 FDA approved drugs from a panel of compounds,DRUG
NCT04671849,SIM1803-1A,DRUG
NCT05347849,BPL-003,DRUG
NCT05347849,Placebo,OTHER
NCT03699449,olaparib+cediranib combination therapy,DRUG
NCT03699449,durvalumab + olaparib combination therapy,DRUG
NCT03699449,durvalumab + chemotherapy treatment,DRUG
NCT03699449,durvalumab + tremelimumab + chemotherapy treatment,DRUG
NCT03699449,durvalumab + tremelimumab + paclitaxel treatment,DRUG
NCT03699449,durvalumab +chemotherapy treatment,DRUG
NCT01420549,"Rosuvastatin 10 mg + Ezetimibe 10 mg and Rosuvastatin 20 mg + Ezetimibe 10 mg, according to clinical evaluation.",DRUG
NCT01420549,"Simvastatin 20 mg + Ezetimibe 10 mg and Simvastatin 40 mg + Ezetimibe 10 mg, according to clinical evaluation.",DRUG
NCT00923949,Pioglitazone,DRUG
NCT00712049,simvastatin,DRUG
NCT00712049,Nicotinic Acid,DRUG
NCT05644249,Combined Doxorubicin and Cisplatin Pressurized IntraPeritoneal Aerosol Chemotherapy With Systemic FOLFOX chemotherapy,DRUG
NCT02851849,LGD-6972-5 mg,DRUG
NCT02851849,LGD-6972-10 mg,DRUG
NCT02851849,LGD-6972-15 mg,DRUG
NCT02851849,Placebo,OTHER
NCT00511849,carboplatin + SU011248 (sunitinib) + paclitaxel,DRUG
NCT07462949,Cipofol combined with remifentanil administered via target-controlled infusion,DRUG
NCT01356849,Atrasentan,DRUG
NCT01356849,Placebo,DRUG
NCT04164238,Toripalimab,DRUG
NCT04164238,Paclitaxel,DRUG
NCT04164238,Carboplatin,DRUG
NCT04164238,Cisplatin,DRUG
NCT04164238,5-fu,DRUG
NCT01423838,Solifenacin,DRUG
NCT01423838,Oxybutynin,DRUG
NCT00544258,PEP005,DRUG
NCT00437658,Elagolix,DRUG
NCT00437658,Subcutaneous depot medroxyprogesterone acetate (DMPA-SC),DRUG
NCT00437658,Placebo to Elagolix,DRUG
NCT00437658,Placebo to DMPA-SC,DRUG
NCT00616655,eszopiclone,DRUG
NCT00616655,Placebo,DRUG
NCT01790555,Namisol,DRUG
NCT01790555,Diazepam/placebo,DRUG
NCT00976755,everolimus,DRUG
NCT01789255,vorinostat,DRUG
NCT01789255,tacrolimus,DRUG
NCT01789255,cyclosporine,DRUG
NCT01789255,methotrexate,DRUG
NCT01789255,laboratory biomarker analysis,OTHER
NCT01789255,pharmacological study,OTHER
NCT02857244,Duloxetine,DRUG
NCT02857244,Donepezil,DRUG
NCT02857244,Modafinil,DRUG
NCT03507244,Pemetrexed,DRUG
NCT03507244,Dexamethasone,DRUG
NCT03507244,Radiotherapy,RADIATION
NCT01805934,RBLF,DRUG
NCT01805934,RA,DRUG
NCT02604134,Prophylaxis,PROCEDURE
NCT02604134,Fluoride varnish,DRUG
NCT02604134,Silver Nitrate,DRUG
NCT05492734,EDG-5506,DRUG
NCT00711464,"modafinil (M1, M2, M4)",DRUG
NCT03165864,IONIS TMPRSS6-Lrx,DRUG
NCT03165864,Placebo,OTHER
NCT04895709,BMS-986340,DRUG
NCT04895709,BMS-936558-01,DRUG
NCT04895709,Docetaxel,DRUG
NCT04895709,Pumitamig,DRUG
NCT01973309,Vantictumab combined with paclitaxel,DRUG
NCT04002934,Bazedoxifene Acetate,DRUG
NCT02912364,Eslicarbazepine,DRUG
NCT02912364,Carbamazepine,DRUG
NCT03646864,ACT-541468,DRUG
NCT03646864,Placebo,OTHER
NCT07444164,A1: Ticagrelor / Acetylsalicylic acid in fixed dose combination capsule. (Laboratorios Silanes S.A. de C.V.),DRUG
NCT07444164,"A2: Ticagrelor (BRILINTA®, AstraZeneca S.A. de C.V.) A3: Acetylsalicylic Acid (ASPIRINA JUNIOR®, Bayer de México S.A. de C.V.)",DRUG
NCT01322464,Sativex,DRUG
NCT01674309,FOLFORINOX,DRUG
NCT02441244,Visbiome,DRUG
NCT02441244,Placebo,OTHER
NCT00773344,Tanespimycin,DRUG
NCT00296634,Aluminum hydroxide,DRUG
NCT00296634,Inactivated Influenza A/H5N1 Vaccine (sanofi pasteur pre-adsorbed),BIOLOGICAL
NCT00429234,Dasatinib,DRUG
NCT00429234,Gemcitabine,DRUG
NCT00746434,Roflumilast cream,DRUG
NCT00746434,Placebo cream,DRUG
NCT05726734,Vonoprazan,DRUG
NCT05726734,"Amoxicillin, Metronidazole",DRUG
NCT05726734,Bismuth Potassium Citrate,DRUG
NCT05726734,Esomeprazole,DRUG
NCT00594464,Rotigotine,DRUG
NCT01296464,Carbidopa,DRUG
NCT01555632,atorvastatin calcium,DRUG
NCT01555632,placebo,DRUG
NCT04251832,Sodium Thiosulfate,DRUG
NCT02385032,Ursodiol,DRUG
NCT02385032,URSO Forte,DRUG
NCT05216432,RLY-2608,DRUG
NCT05216432,Fulvestrant,DRUG
NCT05216432,Palbociclib 125mg,DRUG
NCT05216432,Ribociclib 400mg,DRUG
NCT05216432,Ribociclib 600mg,DRUG
NCT05216432,PF-07220060 100mg,DRUG
NCT05216432,PF-07220060 300 mg,DRUG
NCT02620332,MultiPepT1De injection,DRUG
NCT02620332,Placebo,OTHER
NCT01896232,Etelcalcetide,DRUG
NCT01896232,Cinacalcet,DRUG
NCT01896232,Oral Placebo,DRUG
NCT01896232,Intravenous Placebo,DRUG
NCT05385432,Rabbit Anti thymocyte globulin (rATG),DRUG
NCT05385432,Basiliximab,DRUG
NCT00059332,Magnesium Sulfate,DRUG
NCT00059332,Normal Saline,DRUG
NCT03578432,Everolimus,DRUG
NCT03578432,Laboratory Biomarker Analysis,OTHER
NCT03578432,Survey Administration,OTHER
NCT03560232,Ceftriaxone,DRUG
NCT03560232,Ampicillin/sulbactam,DRUG
NCT03560232,Piperacillin/tazobactam,DRUG
NCT03560232,Cefazolin + Gentamicin,DRUG
NCT03560232,Clindamycin + Gentamicin,DRUG
NCT03194932,Venetoclax,DRUG
NCT03194932,Cytarabine,DRUG
NCT03194932,Idarubicin,DRUG
NCT03194932,Intrathecal Triple Therapy,DRUG
NCT03194932,Azacitidine,DRUG
NCT06837532,Ultrasound-guided rectus sheath block,DRUG
NCT06837532,Surgical rectus sheath block,DRUG
NCT06837532,Local anesthesia infiltration,DRUG
NCT01505998,Amlodipine Besylate/Benazepril HCl,DRUG
NCT03050164,Gefitinib Tablet 250mg of Hunan Kelun,DRUG
NCT03050164,Iressa® Tablet 250mg of AZN,DRUG
NCT01029509,OPB 31121,DRUG
NCT02841098,Carotid endarterectomy (CEA) combined with optimal medical therapy (OMT),OTHER
NCT02841098,Optimal medical therapy alone,DRUG
NCT04030598,Donidalorsen,DRUG
NCT04030598,Placebo,DRUG
NCT03801798,GC1102,DRUG
NCT03801798,GC1102 Placebo,OTHER
NCT01130298,Testosterone Gel 1.62%,DRUG
NCT07686198,Right Arm treated with Active Re-Q Pro-Longevity Serum and Intense Pulsed Light Therapy,DRUG
NCT07686198,Left Arm treated with vehicle serum and Intense Pulsed Light Therapy,DRUG
NCT06583863,Echinacea Extract,DRUG
NCT06583863,MetroNIDAZOLE 500 MG Oral Tablet [Flagyl],DRUG
NCT07535463,Ivonescimab,DRUG
NCT07535463,Stereotactic Radiosurgery,RADIATION
NCT04873063,Beclomethasone dipropionate,DRUG
NCT05239663,Ganglioside-Monosialic Acid,DRUG
NCT05239663,250ml normal saline (NS),DRUG
NCT06647563,Toripalimab,BIOLOGICAL
NCT06647563,Cetuximab,BIOLOGICAL
NCT06647563,Albumin-Bound Paclitaxel,DRUG
NCT06647563,Carboplatin,DRUG
NCT06647563,Cisplatin,DRUG
NCT06647563,Radiotherapy 60 Gray/day,RADIATION
NCT06647563,Radiotherapy 66 Gray/day,RADIATION
NCT06647563,Radiotherapy 70 Gray/day,RADIATION
NCT01929863,GSK2330672,DRUG
NCT01929863,Placebo,DRUG
NCT01929863,Metformin,DRUG
NCT06687993,Donepezil 2.5 mg,DRUG
NCT06687993,Donepezil 5 mg,DRUG
NCT06687993,Placebo Comparator,DRUG
NCT00896493,anti-thymocyte globulin,DRUG
NCT00896493,cyclosporine,DRUG
NCT00896493,Lymphoid radiation,RADIATION
NCT07064993,Saline,DRUG
NCT07064993,Tramadol,DRUG
NCT07064993,Tramadol + Dexamethasone,DRUG
NCT02100293,magnesium sulfate 30 mg/kg,DRUG
NCT02100293,saline,DRUG
NCT06528093,BI 765883,DRUG
NCT06528093,Gemcitabine,DRUG
NCT06528093,Nab-paclitaxel,DRUG
NCT02232893,Daikenchuto (TU-100),DRUG
NCT02232893,Placebo,DRUG
NCT00589693,Doripenem,DRUG
NCT00589693,Imipenem-Cilastatin,DRUG
NCT00589693,Placebo,DRUG
NCT02450214,Saline,DRUG
NCT02450214,Ketamine,DRUG
NCT02450214,Ketamine + magnesium,DRUG
NCT01971814,Infliximab,DRUG
NCT07635914,Aprocitentan tablets(SYH9108),DRUG
NCT07635914,Placebo,DRUG
NCT02134314,C1 Esterase Inhibitor,DRUG
NCT02134314,Placebo,DRUG
NCT05970016,TCC1727 tablet（1）,DRUG
NCT05970016,TCC1727 tablet（2）,DRUG
NCT01314716,AZLI,DRUG
NCT01314716,Placebo,DRUG
NCT02150616,Moderate altitude sojourn,BEHAVIORAL
NCT02150616,Low altitude sojourn,BEHAVIORAL
NCT02150616,Oxygen,DRUG
NCT02150616,Sham oxygen (room air),DRUG
NCT01988116,Oral Calcitriol 0.5 mcg once daily for 6 weeks,DRUG
NCT01988116,Placebo,DRUG
NCT00287716,Pirfenidone,DRUG
NCT00287716,Placebo,DRUG
NCT02019706,DOTATATE PET-CT,RADIATION
NCT02019706,F-DOPA PET CT,RADIATION
NCT02019706,CT scan,RADIATION
NCT02019706,Routine MRI scan,DIAGNOSTIC_TEST
NCT02019706,Gated MRI scan,DIAGNOSTIC_TEST
NCT02019706,68Ga-DOTATATE,DRUG
NCT02019706,18F-DOPA,DRUG
NCT00005906,Octreotide,DRUG
NCT04410406,Ivermectin,DRUG
NCT04410406,Diethylcarbamazine,DRUG
NCT04410406,Albendazole,DRUG
NCT04410406,Moxidectin,DRUG
NCT02128906,Cisplatin,DRUG
NCT02128906,IMRT,RADIATION
NCT02128906,Docetaxel,DRUG
NCT02128906,Cetuximab,DRUG
NCT01660906,Dasatinib,DRUG
NCT05658484,Dimethyl fumarate,DRUG
NCT02345733,Ulcerative Colitis Diet,OTHER
NCT02345733,Antibiotic cocktail,DRUG
NCT02493933,"Phytoestrogens, Isosorbid mononitrate, N-acetyl cysteine",DRUG
NCT02279433,DS6051b,DRUG
NCT05190133,UIC201602 and co-administration of UIC201601 and UIC201602,DRUG
NCT05190133,UIC201601 and co-administration of UIC201601 and UIC201602,DRUG
NCT04245033,Dihydroartemisinin-Piperaquine (DP),DRUG
NCT02811133,Inositol,DRUG
NCT00615433,Lurasidone,DRUG
NCT00615433,Olanzapine,DRUG
NCT00615433,Placebo comparator,DRUG
NCT00615433,Lurasidone 40 mg tablets,DRUG
NCT01141049,Gabapentin,DRUG
NCT01141049,Placebo,OTHER
NCT03163849,"Sofosbuvir , daclatasvir",DRUG
NCT03163849,Placebos,DRUG
NCT06716749,Morphine,DRUG
NCT06716749,Vancomycin,DRUG
NCT06834347,Itepekimab (SAR440340),DRUG
NCT06834347,Placebo,DRUG
NCT06834347,Mometasone furoate nasal spray (MFNS),DRUG
NCT05939947,ALE.F02,DRUG
NCT05939947,Placebo,DRUG
NCT02316249,Estradiol,DRUG
NCT02316249,placebo,OTHER
NCT04333147,Otilimab (GSK3196165),BIOLOGICAL
NCT04333147,csDMARD(s),DRUG
NCT05206149,Intranasal glugagon,DRUG
NCT05206149,Intranasal placebo,DRUG
NCT06070649,0.3mg/kg/min Dimethyltryptamine + Normal Saline infusion,DRUG
NCT06070649,0.2 mg/kg/min + Dimethyltryptamine 0.01mg/kg/min infusion,DRUG
NCT06070649,25 mg Diphenhydramine (5 min) + Normal Saline,DRUG
NCT05134649,OnabotulinumtoxinA,DRUG
NCT07048249,Romiplostim (AMG-531),DRUG
NCT00465452,Continuous Release Dopamine Agonists,DRUG
NCT02564952,GWP42003-P,DRUG
NCT02564952,Clobazam,DRUG
NCT03866252,LSD,DRUG
NCT04156347,Episcleral Topotecan,DRUG
NCT01972347,Dabrafenib,DRUG
NCT01972347,Trametinib,DRUG
NCT00674947,BIIB015,DRUG
NCT02386449,"sodium picosulfate, magnesium oxide and citric acid (Picoprep®)",DRUG
NCT02386449,mannitol,DRUG
NCT02386449,Bisacodyl,DRUG
NCT04601038,CORT108297,DRUG
NCT04601038,Placebo,DRUG
NCT06513338,Eculizumab,DRUG
NCT06768138,Intra-arterial infusion of Alteplase,DRUG
NCT03909334,Osimertinib,DRUG
NCT03909334,Ramucirumab,DRUG
NCT00950534,INSULIN GLARGINE (HOE901),DRUG
NCT00950534,Oral Anti Diabetics (OAD),DRUG
NCT07689344,Poly-L-Lactic Acid (Sculptra) injection,DRUG
NCT02865434,Tc99m-tilmanocept,DRUG
NCT02865434,SPECT Imaging (60 Minutes post-injection),PROCEDURE
NCT02865434,SPECT Imaging (180 Minutes post-injection),PROCEDURE
NCT02865434,Whole body planar SPECT imaging (15 Minutes post-injection),PROCEDURE
NCT02865434,Whole body planar SPECT imaging (60 Minutes post-injection),PROCEDURE
NCT02865434,Whole body planar SPECT imaging (180 Minutes post-injection),PROCEDURE
NCT02865434,Whole body planar SPECT imaging (18-20 Hours post-injection),PROCEDURE
NCT02865434,Blood Collection for PK Testing (15 Mins Before Injection),PROCEDURE
NCT02865434,Blood Collection for PK Testing (after injection),PROCEDURE
NCT02865434,Blood Collection for PK Testing (15 minutes post injection),PROCEDURE
NCT02865434,Blood Collection for PK Testing (60 minutes post injection),PROCEDURE
NCT02865434,Blood Collection for PK Testing (180 minutes post injection),PROCEDURE
NCT02865434,Blood Collection for PK Testing (18-20 hours post injection),PROCEDURE
NCT02865434,Planar Image with both Hands in Field of View,PROCEDURE
NCT07631364,Temocillin (NEGABAN®) 2 g intravenous with lidocaine (3ml),DRUG
NCT07631364,Rectal swab for ESBL-E and microbiota (Eswab),OTHER
NCT07631364,Temocillin (NEGABAN®) 2 g intramuscular single dose with lidocaine (3ml),DRUG
NCT07631364,"Ceftriaxone 1 g intramuscular single dose with lidocaine (3,5ml)",DRUG
NCT07631364,"Rectal, throat, urine/vagina swab (Cobas/Panther and eswab)",OTHER
NCT07631364,Blood samples: 1 EDTA (Ethylenediaminetetraacetic acid) (7 ml) and 1dry tube (7 ml),OTHER
NCT05753644,stellate ganglion blocks,PROCEDURE
NCT05753644,Ropivacaine,DRUG
NCT05753644,Sham treatment,DRUG
NCT06398444,Lutetium[177Lu] Oxodotreotide Injection,DRUG
NCT02694809,Conjugated Estrogens/Bazedoxifene,DRUG
NCT02694809,Laboratory Biomarker Analysis,OTHER
NCT02694809,Pharmacological Study,OTHER
NCT02694809,Placebo,OTHER
NCT02694809,Quality-of-Life Assessment,PROCEDURE
NCT02694809,Questionnaire Administration,OTHER
NCT03815344,Standard,DRUG
NCT03815344,Standard-vaginal misoprostol,DRUG
NCT04044534,Intranasal insulin,DRUG
NCT04044534,Placebo,DRUG
NCT06177964,Lerapolturev,DRUG
NCT06177964,Lomustine Pill,DRUG
NCT04035564,Sodium < 1mEq/kg/day,DRUG
NCT04035564,Sodium 5mEq/kg/day,DRUG
NCT02583009,PAC-14028 cream 0.1%,DRUG
NCT02583009,PAC-14028 cream 0.3%,DRUG
NCT02583009,PAC-14028 cream 1.0%,DRUG
NCT02583009,PAC-14028 cream vehicle,DRUG
NCT04315909,PRP-Fibrin Glue,DRUG
NCT04315909,Vitamin E and C,DIETARY_SUPPLEMENT
NCT04315909,Placebo,OTHER
NCT01181609,bevacizumab [Avastin],DRUG
NCT03980509,Curcumin,DRUG
NCT04040309,PRGF injection,BIOLOGICAL
NCT04040309,Lidocaine injection,DRUG
NCT04481009,YH003,DRUG
NCT04481009,Toripalimab,DRUG
NCT04481009,Nab-paclitaxel,DRUG
NCT04481009,Gemcitabine,DRUG
NCT01403064,ALD518,BIOLOGICAL
NCT01403064,0.9% saline,DRUG
NCT01154764,CG100649,DRUG
NCT01154764,Ketoconazole,DRUG
NCT05188664,LM-302,DRUG
NCT05188664,Toripalimab,DRUG
NCT05527899,Zinc gluconate,DRUG
NCT02626299,Docosahexaenoic acid - 800mg/day,DRUG
NCT02626299,Docosahexaenoic acid - 200mg/day,DRUG
NCT02626299,Placebo,OTHER
NCT01982799,Oral placebo,DRUG
NCT01982799,Oral ibuprofen,DRUG
NCT01982799,oral naproxen,DRUG
NCT01982799,oral acetaminophen/hydrocodone + ibuprofen,DRUG
NCT03056599,Multiple drug microinjection,DRUG
NCT03056599,CIVO device,DEVICE
NCT01620099,Extrafine treatment (Clenilexx(R) or Foster(R)),DRUG
NCT02247232,Z-100,DRUG
NCT02247232,Placebo,DRUG
NCT00050232,AVP-923,DRUG
NCT02091999,enfortumab vedotin,DRUG
NCT02517099,Beclometasone,DRUG
NCT02517099,Co-amoxiclav,DRUG
NCT02517099,Azithromycin,DRUG
NCT00010699,Vitamin E,DRUG
NCT06904599,Human chorionic gonadotropin (hCG),DRUG
NCT06904599,Prednisone,DRUG
NCT06904599,Dexamethasone,DRUG
NCT07208799,Dexamethasone,DRUG
NCT07208799,Methylprednisolone (Corticosteroid),DRUG
NCT00124332,Rimonabant (SR141716),DRUG
NCT00124332,Placebo,DRUG
NCT07323732,BIO 300,DRUG
NCT01403363,use of fentanyl patch that was halved,DRUG
NCT02683863,BG00012 (DMF) (Tecfidera®.),DRUG
NCT02915263,IGIV-C,DRUG
NCT02915263,0.9% Sodium Chloride,DRUG
NCT02352987,Neem plus propylene glycol plus salicylic acid,DRUG
NCT02352987,Salicylic acid,DRUG
NCT07183787,Letrozole,DRUG
NCT07183787,danazol,DRUG
NCT01233687,AMG 102 and erlotinib,DRUG
NCT02267187,Fat Grafting,PROCEDURE
NCT02267187,General Anesthesia,DRUG
NCT02267187,Coleman Cannulas,DEVICE
NCT02267187,Tefla non-adherent gauze pad,OTHER
NCT01071187,Varenicline,DRUG
NCT01071187,Placebo,DRUG
NCT02713893,Econazole nitrate 1% plus Benzydamine HCl 0.12% intravaginal cream,DRUG
NCT02713893,Placebo plus Econazole nitrate 1% intravaginal cream,DRUG
NCT02713893,Placebo plus Benzydamine HCl 0.12% intravaginal cream,DRUG
NCT02713893,Placebo intravaginal cream,DRUG
NCT06431893,Pegtibatinase,DRUG
NCT00901693,AL-46383A Ophthalmic Solution,DRUG
NCT00901693,AL-46383A Ophthalmic Solution Vehicle,DRUG
NCT03211793,Mesenchymal stromal cells,DRUG
NCT03211793,Placebo,OTHER
NCT02211521,PRP,BIOLOGICAL
NCT02211521,Hyaluronic acid,DRUG
NCT07089121,Descartes-08,DRUG
NCT02578121,Ixazomib,DRUG
NCT02578121,Pomalidomide,DRUG
NCT02578121,Dexamethasone,DRUG
NCT04251221,Oral Alcohol Challenge,DRUG
NCT01811121,5-aminolévulinique acid (5-ALA),DRUG
NCT01811121,Placebo,DRUG
NCT02151721,"Vorinostat, gefitinib",DRUG
NCT03735121,Atezolizumab,DRUG
NCT03735121,rHuPH20,DRUG
NCT00775814,Candesartan and Hydrochlorothiazide,DRUG
NCT00775814,Hydrochlorothiazide (HCT),DRUG
NCT05540184,Trimetazidine 35 mg,DRUG
NCT05540184,Allopurinol 300 MG,DRUG
NCT05540184,Normal saline,DRUG
NCT02023684,control saline,DRUG
NCT02023684,Lidocaine,DRUG
NCT02023684,Ropivacaine,DRUG
NCT01494233,250 mg LX1033 tablets,DRUG
NCT01494233,Placebo tablet,DRUG
NCT00000333,Benztropine,DRUG
NCT01061333,Nedocromil,DRUG
NCT01061333,Comparator: Montelukast,DRUG
NCT01061333,Comparator: Mometasone,DRUG
NCT01061333,Placebo,DRUG
NCT01965652,Naldemedine,DRUG
NCT01965652,Placebo,DRUG
NCT01557452,Givinostat,DRUG
NCT05024552,Gilteritinib,DRUG
NCT05024552,Vyxeos,DRUG
NCT00308347,"MK0954, losartan / Duration of Treatment: mean 3.4 years",DRUG
NCT00308347,Placebo / Duration of Treatment: mean 3.4 years,DRUG
NCT02923947,Osimertinib; AZD9291,DRUG
NCT00446147,Pyridoxine,DRUG
NCT00446147,Placebo,DRUG
NCT05326347,OPC-34712FUM/ Brexpiprazole fumarate,DRUG
NCT02327247,Felodipine,DRUG
NCT02327247,PLENDIL®,DRUG
NCT05621447,"TAS-303, [14C]TAS-303",DRUG
NCT06453447,Prednisone,DRUG
NCT06453447,Placebo,DRUG
NCT04600947,LP002,DRUG
NCT06371638,Dexmedetomidine,DRUG
NCT06371638,Sevoflurane,DRUG
NCT00002038,Fluconazole,DRUG
NCT01917058,Abatacept,DRUG
NCT01917058,placebo,DRUG
NCT04182958,(14C)-OPC-61815,DRUG
NCT00429858,S-1,DRUG
NCT00429858,gemcitabine hydrochloride,DRUG
NCT07610148,HRS-6209 Capsule (old formulation),DRUG
NCT07610148,HRS-6209 Capsule (new formulation),DRUG
NCT04200248,RBM-007 Injectable Solution,DRUG
NCT04200248,Aflibercept,DRUG
NCT04200248,Sham,DRUG
NCT06055348,SC0191,DRUG
NCT06055348,Gemcitabine,DRUG
NCT06055348,Paclitaxel,DRUG
NCT02083055,Dexmedetomidine,DRUG
NCT02083055,Nitroglycerin,DRUG
NCT03338855,Dapagliflozin,DRUG
NCT02980926,Mepivacaine,DRUG
NCT02980926,Bupivacaine,DRUG
NCT04091126,Belantamab mafodotin,DRUG
NCT04091126,Bortezomib,DRUG
NCT04091126,Lenalidomide,DRUG
NCT04091126,Dexamethasone,DRUG
NCT01309126,Imprime PGG + cetuximab,BIOLOGICAL
NCT01309126,Cetuximab,DRUG
NCT06756126,AK120,DRUG
NCT03642626,KYMRIAH,DRUG
NCT03642626,YESCARTA,DRUG
NCT03642626,Fludarabine 30mg/m2 4 doses,DRUG
NCT03642626,Cyclophosphamide 500 mg/m2; 2 doses,DRUG
NCT03642626,Fludarabine 30mg/m2 3 doses,DRUG
NCT03642626,Cyclophosphamide 500 mg/m2; 3 doses,DRUG
NCT03642626,Fludarabine 25mg/m2 3 days,DRUG
NCT03642626,Cyclophosphamide 250 mg/m2; 3 days,DRUG
NCT03642626,Tecartus,DRUG
NCT03642626,"Abecma, Intravenous Suspension",DRUG
NCT03642626,Cyclophosphamide 900 mg/m2; 1 day,DRUG
NCT03642626,Breyanzi Injectable Product,DRUG
NCT00444626,Dermal Gel Extra (DGE),DEVICE
NCT00444626,Restylane,DEVICE
NCT00444626,EMLA Cream,DRUG
NCT05968326,Autogene cevumeran,DRUG
NCT05968326,Atezolizumab,DRUG
NCT05968326,mFOLFIRINOX,DRUG
NCT02724878,Bevacizumab,DRUG
NCT02724878,Atezolizumab,DRUG
NCT05816785,Cetuximab,DRUG
NCT05816785,Imatinib,DRUG
NCT04086485,Lu-177-DOTATATE,DRUG
NCT04086485,Olaparib,DRUG
NCT04086485,Ga dotatate scanning,DIAGNOSTIC_TEST
NCT04086485,FDG-PET scanning,DIAGNOSTIC_TEST
NCT04086485,Amino Acid infusion,DRUG
NCT00110344,"Nexavar (Sorafenib, BAY43-9006)",DRUG
NCT00110344,Placebo,DRUG
NCT04942834,"Antiarrhythmic drug including Propafenone, Sotalol, Dronedarone and Amiodarone",DRUG
NCT04942834,cryoballoon ablation,DEVICE
NCT05266534,Terlipressin,DRUG
NCT05266534,Carbetocin,DRUG
NCT05266534,Saline,DRUG
NCT01278134,Copegus placebo,DRUG
NCT01278134,RO5024048,DRUG
NCT01278134,danoprevir,DRUG
NCT01278134,peginterferon alfa-2a [Pegasys],DRUG
NCT01278134,ribavirin [Copegus],DRUG
NCT01278134,ritonavir,DRUG
NCT01267734,"Everolimus-eluting coronary stenting system (EECSS, Promus Element)",DEVICE
NCT01267734,"Zotarolimus-eluting coronary stenting system (ZECSS, Endeavor Resolute)",DEVICE
NCT01267734,Triple anti-platelet therapy (TAT),DRUG
NCT01267734,Double-dose clopidogrel anti-platelet therapy (DDAT),DRUG
NCT00603434,OROS-MPH,DRUG
NCT00292734,Zolpidem,DRUG
NCT06556134,Intravenous Iron Sucrose,DRUG
NCT06556134,Oral Iron,DRUG
NCT03320434,PRT-2761 0.5%,DRUG
NCT03320434,PRT-2761 1%,DRUG
NCT03320434,Patanol,DRUG
NCT03320434,Pred-forte,DRUG
NCT03320434,PRT-2761 0%,DRUG
NCT02756364,Fulvestrant,DRUG
NCT02756364,Sapanisertib,DRUG
NCT04856644,4-month rifapentine-based regimen,DRUG
NCT05222334,Intrafascial interscalene brachial plexus block,PROCEDURE
NCT05222334,Extrafascial interscalene brachial plexus block group,PROCEDURE
NCT05222334,Bupivacaine,DRUG
NCT00287664,terlipressin,DRUG
NCT05314764,Cefiderocol,DRUG
NCT01309009,Nepadutant oral solution,DRUG
NCT01309009,Placebo matching Nepadutant oral solution,DRUG
NCT05488509,Cannabis,DRUG
NCT05488509,Placebo,DRUG
NCT06437899,intravesical botulinum toxin A injection unter local anaesthesia,DRUG
NCT06597799,MRT-6160,DRUG
NCT06597799,Placebo,DRUG
NCT01375699,Doxorubicin,DRUG
NCT01375699,Sildenafil,DRUG
NCT06990399,KSI-101,DRUG
NCT06990399,Sham Comparator,OTHER
NCT07108699,HSK39004 Dry Powder Inhaler-0.75mg,DRUG
NCT07108699,HSK39004 Dry Powder Inhaler-1.5mg,DRUG
NCT07108699,HSK39004 Dry Powder Inhaler Simulant,DRUG
NCT05009199,[18F]MNI-444,DRUG
NCT02410499,MLN1202 Placebo,DRUG
NCT02410499,MLN1202,DRUG
NCT02500199,Pyrotinib,DRUG
NCT07676799,occlusal splint,DEVICE
NCT07676799,Lidocaine Hydrochloride 2% Injection Solution,DRUG
NCT06575699,Rectus sheath block,PROCEDURE
NCT06575699,Thoracic Epidural Analgesia,PROCEDURE
NCT06575699,Liposomal bupivacaine,DRUG
NCT06575699,Bupivacaine Hydrochloride,DRUG
NCT06575699,Bupivacaine-Hydromorphone Cassette,DRUG
NCT00091299,warfarin,DRUG
NCT00303199,ZIO-101 (Darinaparsin),DRUG
NCT03796598,Fecal Microbial transplant Capsules,DRUG
NCT03796598,Fecal Microbial Transplant Enema,DRUG
NCT03796598,Placebo,OTHER
NCT06490198,OBI-833/OBI-821,DRUG
NCT00480298,Administration of oral methylprednisolone,DRUG
NCT00057798,gemcitabine hydrochloride,DRUG
NCT00057798,vinorelbine ditartrate,DRUG
NCT00057798,cytogenetic analysis,GENETIC
NCT00057798,loss of heterozygosity analysis,GENETIC
NCT00057798,microarray analysis,GENETIC
NCT00057798,conventional surgery,PROCEDURE
NCT00057798,neoadjuvant therapy,PROCEDURE
NCT00453063,mometasone furoate,DRUG
NCT00453063,Placebo,DRUG
NCT01706263,MAXCLARITY II (2.5% BPO) Foam Cleanser,DRUG
NCT01706263,MAXCLARITY II (2.5% BPO) Foam Treatment,DRUG
NCT01706263,MAXCLARITY II (0.5% Salicylic Acid) Toner Foam,DRUG
NCT07189793,Toripalimab,DRUG
NCT07189793,Gemcitabine (GEM),DRUG
NCT07189793,Mitomycin C (MMC),DRUG
NCT06920693,GB-7624,DRUG
NCT06920693,Placebo,DRUG
NCT02054793,Itraconazole,DRUG
NCT02054793,Orteronel,DRUG
NCT01919593,2% chlorhexidine gluconate in 70% alcohol,DRUG
NCT01919593,10%povidone iodine,DRUG
NCT06794593,Camostat Mesylate,DRUG
NCT04353193,Terlipressin,DRUG
NCT04353193,Octreotide,DRUG
NCT07235293,DSP107 + Atezolizumab,DRUG
NCT07235293,Fruquintinib,DRUG
NCT03594487,FMP30 Donor Stool,DRUG
NCT03594487,Fecal Microbiota Transplantation (FMT) of FMP30 Donor Stool,PROCEDURE
NCT03594487,Observational Control,OTHER
NCT05436093,18F-FDG,DRUG
NCT03037593,4000 IU vitamin D3,DRUG
NCT06477406,Cannabidiol,DRUG
NCT06477406,Placebo,DRUG
NCT02474706,Cefoxitin,DRUG
NCT02474706,imipenem,DRUG
NCT06235606,Bupivacaine Liposome 13.3 Milligrams/Milliliter [Exparel],DRUG
NCT06235606,Dexmedetomidine 0.5milligram (50micrograms),DRUG
NCT04371406,Hydroxychloroquine and Azithromycin,DRUG
NCT04371406,Azinc,DIETARY_SUPPLEMENT
NCT04327206,BCG Vaccine,DRUG
NCT04327206,0.9%NaCl,DRUG
NCT05741606,Sodium pentaborate pentahydrate,DRUG
NCT05741606,Placebo,DRUG
NCT06541704,Pozelimab,DRUG
NCT06541704,Cemdisiran,DRUG
NCT06541704,Placebo,DRUG
NCT00436904,Alemtuzumab,DRUG
NCT00436904,Rituximab,DRUG
NCT07542704,KQB368,DRUG
NCT02120404,Esmolol administration,DRUG
NCT05462704,Ferric derisomaltose,DRUG
NCT05462704,Ferrous sulfate,DRUG
NCT04398004,Clarithromycin,DRUG
NCT00884104,Solifenacin,DRUG
NCT05872204,Abemaciclib,DRUG
NCT05872204,Letrozole,DRUG
NCT07241104,AZD4063,DRUG
NCT01497704,YN968D1,DRUG
NCT02409004,Ataluren,DRUG
NCT02409004,Rifampin,DRUG
NCT00035984,AC2993,DRUG
NCT00035984,Placebo,DRUG
NCT03977233,Oxaliplatin,DRUG
NCT03977233,Leucovorin,DRUG
NCT03977233,Irinotecan Hydrochloride,DRUG
NCT03977233,5-FU,DRUG
NCT00211133,epoetin alfa,DRUG
NCT00103233,trastuzumab,BIOLOGICAL
NCT00103233,vinorelbine tartrate,DRUG
NCT01769833,PEG-interferon-Alfa-2A,DRUG
NCT01769833,Nucleosides,DRUG
NCT01249833,Oseltamivir,DRUG
NCT06895733,Pazopanib Oral Tablet,DRUG
NCT06895733,Palbociclib,DRUG
NCT01244633,Ecopipam,DRUG
NCT00295633,Saxagliptin,DRUG
NCT00295633,Placebo,DRUG
NCT00295633,pioglitazone,DRUG
NCT00295633,rosiglitazone,DRUG
NCT00295633,metformin,DRUG
NCT00362752,Norfloxacin,DRUG
NCT00362752,Placebo,DRUG
NCT01354652,"entecavir, lamivudine",DRUG
NCT06504147,Radspherin,DRUG
NCT00761449,lenalidomide,DRUG
NCT06042049,Nirsevimab,DRUG
NCT02466347,Fluticasone propionate,DRUG
NCT02466347,Salmeterol (as xinafoate),DRUG
NCT03693547,utidelone injection,DRUG
NCT06823349,Dexmedetomidine,DRUG
NCT06823349,fentanyl,DRUG
NCT06823349,Saline 0.9%,DRUG
NCT03023449,Nitric Oxide,DRUG
NCT00593138,dex-methylphenidate,DRUG
NCT01286038,Eltrombopag,DRUG
NCT02285738,Aspirin,DRUG
NCT02285738,Simvastatin,DRUG
NCT02285738,Observation,OTHER
NCT01718938,velusetrag dose 1,DRUG
NCT01718938,velusetrag dose 2,DRUG
NCT01718938,velusetrag dose 3,DRUG
NCT01718938,placebo,DRUG
NCT00654758,"M200 (Volociximab), Carboplatin, Paclitaxel",DRUG
NCT01044238,methylphenidate,DRUG
NCT01044238,Methylphenidate,DRUG
NCT00542958,NK012,DRUG
NCT02869438,Benralizumab,DRUG
NCT02869438,Placebo,OTHER
NCT04051255,full mouth ultrassonic debridement associated to Amoxicilin 500 + Metronidazole 400 mg,DRUG
NCT00911248,PTC299,DRUG
NCT04345848,Enoxaparin,DRUG
NCT00152048,Eflornithine hydrochloride,DRUG
NCT02581748,HLX02,DRUG
NCT02581748,Herceptin,DRUG
NCT02768948,telmisartan during 6 months,DRUG
NCT02768948,Losartan during 6 months,DRUG
NCT02768948,blood sample,PROCEDURE
NCT01797848,Peginterferon alfa 2a,DRUG
NCT01797848,Ribavirin,DRUG
NCT01797848,Placebo matching Daclatasvir,DRUG
NCT01797848,Daclatasvir,DRUG
NCT00356226,clonidine,DRUG
NCT00057226,Radafaxine,DRUG
NCT07144826,Biospecimen Collection,PROCEDURE
NCT07144826,Placebo Administration,DRUG
NCT07144826,Probiotic,DIETARY_SUPPLEMENT
NCT07144826,Questionnaire Administration,OTHER
NCT02689726,GTL001+,DRUG
NCT02689726,Aldara,DRUG
NCT04984226,Sodium bicarbonate,DRUG
NCT04984226,placebo,DRUG
NCT01771978,Placebo,DRUG
NCT01771978,Diltiazem,DRUG
NCT01771978,Acetylcystein,DRUG
NCT01771978,diltiazem and acetylcystein,DRUG
NCT05305885,Pemetrexed,DRUG
NCT05305885,Radiotherapy,RADIATION
NCT00264485,E-TRANS Fentanyl hydrochloride; Morphine,DRUG
NCT07420985,"Ingavirin Forte, 90 mg + 5 mg, Capsules",DRUG
NCT07420985,"Ingavirin Forte, 90 mg + 10 mg, Capsules",DRUG
NCT07420985,"Ingavirin Forte, 90 mg + 20 mg, Capsules",DRUG
NCT07420985,"Ingavirin, 90 mg, Capsules",DRUG
NCT07420985,Placebo,DRUG
NCT00807885,hylenex-facilitated subcutaneous Lactated Ringer's infusion,DRUG
NCT03317743,NOV140101 (IDX-1197),DRUG
NCT02987543,olaparib,DRUG
NCT02987543,enzalutamide,DRUG
NCT02987543,abiraterone acetate,DRUG
NCT04589832,PAC-1,DRUG
NCT04589832,Entrectinib,DRUG
NCT03937999,Bezlotoxumab,DRUG
NCT01324544,Buprenorphine IV,DRUG
NCT03743298,AV-MEL-1,DRUG
NCT02255734,Acyclovir,DRUG
NCT03856164,Tranexamic Acid,DRUG
NCT03856164,Placebo,DRUG
NCT00654498,Pramipexole,DRUG
NCT00654498,Placebo,DRUG
NCT01078298,varenicline,DRUG
NCT01078298,placebo,DRUG
NCT02066298,Mometasone 220mcg BID,DRUG
NCT02066298,Tiotropium Respimat 5mcg QD,DRUG
NCT02066298,Placebo,DRUG
NCT03891498,MgSO4,DRUG
NCT03033498,ABBV-951,DRUG
NCT06670898,[14C] NS-580,DRUG
NCT01712009,Naproxen,DRUG
NCT01712009,Loratadine,DRUG
NCT01712009,Pegfilgrastim,BIOLOGICAL
NCT01712009,Chemotherapy,DRUG
NCT00434109,Sunitinib malate,DRUG
NCT00434109,Hepatic Artery Embolizations,PROCEDURE
NCT00399698,Risperdal,DRUG
NCT01695863,comparing 2 drugs on their effect on the bowel preparation for colonoscopy,DRUG
NCT04528563,Ketorolac Tromethamine 10 MG/ML,DRUG
NCT04528563,Morphine Sulfate 10Mg/1mL Injection,DRUG
NCT05875493,JAB-21822,DRUG
NCT04679493,XC7 100 mg single,DRUG
NCT04679493,XC7 200 mg single,DRUG
NCT04679493,Placebo single,DRUG
NCT04679493,XC7 200 mg multiple,DRUG
NCT04679493,Placebo multiple,DRUG
NCT01738893,Gabapentin 300 mg,DRUG
NCT00006014,semaxanib,DRUG
NCT06690814,Ficus septica exudate (antiseptic plant exudates),OTHER
NCT06690814,Pterocarpus indicus exudate,OTHER
NCT06690814,Curcuma longa aqueous extract,OTHER
NCT06690814,Savlon antiseptic cream (cetrimide with chlorhexidine digluconate),DRUG
NCT04060914,Ticagrelor 90mg,DRUG
NCT04060914,Ticagrelor 90mg/60mg,DRUG
NCT04060914,Clopidogrel 75mg,DRUG
NCT03667014,Dupilumab,DRUG
NCT04055116,Buffered Lidocaine,DRUG
NCT04762316,SB-UF,DRUG
NCT04762316,SB-UF Placebo,DEVICE
NCT01154816,Alisertib,DRUG
NCT01154816,Laboratory Biomarker Analysis,OTHER
NCT01154816,Pharmacological Study,OTHER
NCT05066516,"FCDP, dapagliflozin 10mg/linagliptin 5 mg or co-administration of a single dose of dapagliflozin and linagliptin",DRUG
NCT03598816,Durvalumab,DRUG
NCT03598816,Tremelimumab,DRUG
NCT03598816,TDS-IM v1.0 System,DEVICE
NCT03598816,Neoantigen DNA Vaccine,BIOLOGICAL
NCT03598816,Research blood draw,PROCEDURE
NCT03275116,Tiotropium 'Respimat' 5 mcg,DRUG
NCT03275116,Aclidinium Bromide/Formoterol Fumarate 340/12 mcg,DRUG
NCT06804616,20% benzocaine Gel,DRUG
NCT06804616,Powered Toothbrush,DEVICE
NCT03045406,Apixaban,DRUG
NCT03045406,Dalteparin,DRUG
NCT02487706,Dolutegravir,DRUG
NCT05193604,TQB2858 injection,DRUG
NCT05193604,Anlotinib Hydrochloride Capsule,DRUG
NCT05193604,Gemcitabine hydrochloride for injection,DRUG
NCT05193604,Paclitaxel for injection (albumin bound),DRUG
NCT07144904,Indocyanine Green (ICG)-Assisted Ureteral Identification,DRUG
NCT07144904,Standard Ureteral Identification without ICG,PROCEDURE
NCT05150704,Methylprednisolone,DRUG
NCT05150704,saline solution,DRUG
NCT00737204,Armodafinil,DRUG
NCT00737204,Placebo,DRUG
NCT07116304,"Lidocaine, a local anaesthetic.",DRUG
NCT07116304,Parecoxib 40mg,DRUG
NCT04420104,erector spinae plane block,PROCEDURE
NCT04420104,iv analgesia,DRUG
NCT06731504,Abatacept,DRUG
NCT02445404,CHOP,DRUG
NCT02445404,fractionated ICED,DRUG
NCT00125684,morphine,DRUG
NCT03184584,PBI-4050,DRUG
NCT07455084,14C-SEP-380135,DRUG
NCT01341184,Rifabutin,DRUG
NCT01341184,Rifampin,DRUG
NCT01341184,TMC207,DRUG
NCT01670084,nilotinib,DRUG
NCT01670084,rituximab,BIOLOGICAL
NCT01670084,cyclophosphamide,DRUG
NCT01670084,doxorubicin hydrochloride,DRUG
NCT01670084,vincristine sulfate,DRUG
NCT01670084,methotrexate,DRUG
NCT01670084,cytarabine,DRUG
NCT01670084,prednisone,DRUG
NCT01670084,mesna,DRUG
NCT01670084,dexamethasone,DRUG
NCT01670084,leucovorin calcium,DRUG
NCT00220584,donepezil,DRUG
NCT03933384,Tenofovir alafenamide,DRUG
NCT03933384,Entecavir,DRUG
NCT04570384,L-Citrulline,DRUG
NCT04570384,Placebo,DRUG
NCT05516784,Clopidogrel,DRUG
NCT05516784,Ticagrelor,DRUG
NCT00246584,SPP100,DRUG
NCT07478484,ceftazidime-avibactam combined with aztreonam,DRUG
NCT00663884,Mitiglinide,DRUG
NCT00663884,Voglibose,DRUG
NCT03718884,Drug Cocktail,DRUG
NCT03718884,Mirikizumab,DRUG
NCT03341884,Ipatasertib,DRUG
NCT06697184,Sonrotoclax,DRUG
NCT06697184,Zanubrutinib,DRUG
NCT00857584,Extended release quetiapine (quetiapine XR),DRUG
NCT00857584,Sertraline,DRUG
NCT00857584,adequate mood stabilizer,DRUG
NCT03705884,18F-FDG,OTHER
NCT03705884,Prednisolone,DRUG
NCT03558984,D-PLEX,DRUG
NCT03558984,Standard of Care,OTHER
NCT02966184,preservative free albuterol,DRUG
NCT03168984,UCB0942,DRUG
NCT03168984,Placebo,OTHER
NCT04566484,BBV87 Chikungunya vaccine,DRUG
NCT04566484,Normal Saline,DRUG
NCT02723084,ABT-493/ABT-530,DRUG
NCT02723084,sofosbuvir (SOF),DRUG
NCT02723084,ribavirin (RBV),DRUG
NCT04251533,alpelisib,DRUG
NCT04251533,placebo,DRUG
NCT04251533,nab-paclitaxel,DRUG
NCT00885833,"Fludarabine, Busulfan, Thymoglobulin",DRUG
NCT01057433,Pitavastatin (NK-104),DRUG
NCT01057433,Lopinavir/ritonavir,DRUG
NCT06672133,Adebrelimab,DRUG
NCT06672133,Radiation Therapy,RADIATION
NCT03550352,TN-TC11M2 oral capsules (THC 2.5 mg/CBD 2.5 mg),DRUG
NCT03550352,TN-C200M2 oral capsules (CBD 200 mg),DRUG
NCT00000952,Ritonavir,DRUG
NCT00000952,Lamivudine,DRUG
NCT00000952,Zidovudine,DRUG
NCT05468047,Ketamine hydrochloride injection,DRUG
NCT04610047,Norketotifen,DRUG
NCT04610047,Placebo,DRUG
NCT01013649,3-Dimensional Conformal Radiation Therapy,RADIATION
NCT01013649,Biospecimen Collection,PROCEDURE
NCT01013649,Capecitabine,DRUG
NCT01013649,Chemotherapy,DRUG
NCT01013649,Computed Tomography,PROCEDURE
NCT01013649,Erlotinib Hydrochloride,DRUG
NCT01013649,Fluorouracil,DRUG
NCT01013649,Gemcitabine Hydrochloride,DRUG
NCT01013649,Intensity-Modulated Radiation Therapy,RADIATION
NCT01013649,Magnetic Resonance Imaging,PROCEDURE
NCT01013649,Quality-of-Life Assessment,OTHER
NCT01013649,X-Ray Imaging,PROCEDURE
NCT04525638,177Lu-Dotatate,DRUG
NCT04525638,Nivolumab,DRUG
NCT06294548,Valemetostat,DRUG
NCT06294548,Atezolizumab,DRUG
NCT06294548,Bevacizumab,DRUG
NCT03574948,5-HTP,DRUG
NCT03574948,Placebo oral capsule,DRUG
NCT02274558,NBI-98854,DRUG
NCT02274558,Placebo,DRUG
NCT02871648,Placebo,DRUG
NCT02871648,Fludrocortisone,DRUG
NCT02871648,Eplerenone,DRUG
NCT06656455,sevoflurane via LMA,DRUG
NCT06656455,Propofol with oxygen via simple mask,DRUG
NCT02305355,Omega-3-acids ethylesters 90 4g,DRUG
NCT02305355,"Pravastatin, Simvastatin, Atorvastatin, Rosuvastatin",DRUG
NCT07189455,ZG006,DRUG
NCT07189455,Topotecan,DRUG
NCT01231126,Misoprostol,DRUG
NCT04956926,JS201,DRUG
NCT00764426,"red wine, beer, ethanol",DRUG
NCT00764426,"de-alcoholised red wine, de-alcoholised beer, water",DRUG
NCT04693026,Remdesivir,DRUG
NCT04693026,Baricitinib,DRUG
NCT04693026,Tocilizumab,DRUG
NCT00685178,topiramate,DRUG
NCT00685178,Contingency Reinforcement,BEHAVIORAL
NCT00685178,placebo + NonCR,DRUG
NCT00937534,Fimasartan,DRUG
NCT04055844,Decitabine,DRUG
NCT04055844,Ruxolitinib,DRUG
NCT04055844,Donor Lymphocyte Infusion (DLI),DRUG
NCT02593734,olanzapine,DRUG
NCT02593734,risperidone,DRUG
NCT02593734,amitryptaline,DRUG
NCT02593734,fluoxetine,DRUG
NCT07492134,Amoxicillin-Clavulanate 875 Mg-125 Mg Oral Tablet,DRUG
NCT07492134,Placebo,DRUG
NCT07492134,Metronidazole,DRUG
NCT07492134,Cefuroxime,DRUG
NCT04608734,Buccal midazolam,DRUG
NCT04608734,Intranasal midazolam,DRUG
NCT01460134,CDX-1127,DRUG
NCT02164734,Endotracheal intubation,DEVICE
NCT02164734,Laryngeal mask airway,DEVICE
NCT02164734,remifentanil,DRUG
NCT01847664,Rifamycin SV-MMX® 400 mg b.i.d.,DRUG
NCT01847664,Rifamycin SV-MMX® 600 mg t.i.d.,DRUG
NCT01847664,Rifamycin SV-MMX® Placebo,DRUG
NCT01002664,MCS-2,DRUG
NCT01002664,Placebo,DRUG
NCT04299464,Placebo,DRUG
NCT04299464,RO7017773,DRUG
NCT04798209,ACT-777991 (SAD),DRUG
NCT04798209,ACT-777991 (MAD),DRUG
NCT04798209,Placebo (SAD),DRUG
NCT04798209,Placebo (MAD),DRUG
NCT04798209,14C-ACT-777991 microtracer (SAD - Absolute Bioavailability),DRUG
NCT04798209,Microtracer matching placebo (SAD - Absolute Bioavailability),DRUG
NCT04798209,14C-ACT-777991 microtracer (MAD - ADME),DRUG
NCT04798209,Microtracer matching placebo (MAD - ADME),DRUG
NCT01049009,Nebivolol,DRUG
NCT01049009,Metoprolol XL,DRUG
NCT02766244,ICG/SPY,DEVICE
NCT02766244,Antibiotic Ointment,DRUG
NCT00193544,Arsenic Trioxide,DRUG
NCT00193544,Thalidomide,DRUG
NCT03398434,MAA868,DRUG
NCT03398434,Apixaban,DRUG
NCT07436234,AK139,DRUG
NCT07436234,Placebo,DRUG
NCT02424734,Ceftaroline Fosamil,DRUG
NCT02424734,Ampicillin,DRUG
NCT02424734,Aminoglycoside,DRUG
NCT06469164,BNT331,DRUG
NCT06469164,Placebo,OTHER
NCT00740064,Raltegravir and Abacavir/Lamivudine,DRUG
NCT01094964,BCG solution,BIOLOGICAL
NCT01094964,recombinant interferon alfa,BIOLOGICAL
NCT01094964,epirubicin hydrochloride,DRUG
NCT01094964,mitomycin C,DRUG
NCT01094964,laboratory biomarker analysis,OTHER
NCT01094964,hyperthermia treatment,PROCEDURE
NCT01094964,quality-of-life assessment,PROCEDURE
NCT03941964,Venetoclax,DRUG
NCT03941964,Azacitidine,DRUG
NCT03941964,Decitabine,DRUG
NCT05030064,Intestinal flora capsule,DRUG
NCT05030064,placebo capsule,PROCEDURE
NCT04455464,Midodrine Oral Tablet,DRUG
NCT05741164,Biopsy,PROCEDURE
NCT05741164,Biospecimen Collection,PROCEDURE
NCT05741164,Computed Tomography,PROCEDURE
NCT05741164,Pembrolizumab,BIOLOGICAL
NCT05741164,Propranolol,DRUG
NCT05741164,Questionnaire Administration,OTHER
NCT00734864,enzyme-inducing anti-epileptic drugs,DRUG
NCT06030609,Ringer's Lactate Crystalloid Solutions,DRUG
NCT06030609,Normal saline,DRUG
NCT05414864,Ramelteon (RozeremR),DRUG
NCT05414864,sleep hygiene,BEHAVIORAL
NCT06493864,BL-B16D1,DRUG
NCT01247909,Ceftriaxone v penicillin and gentamicin,DRUG
NCT05205109,ATG-037,DRUG
NCT05205109,KEYTRUDA ®( Pembrolizumab),DRUG
NCT01188798,Methotrexate,DRUG
NCT01188798,Pentostatin,DRUG
NCT01257698,Dorzolamide 2%-timolol 0.5% topical eyedrops,DRUG
NCT05620498,tislelizumab+lenvatinib+GMOX,DRUG
NCT05620498,tislelizumab+GEMOX,DRUG
NCT00394498,Granulocyte Colony Stimulating Factor,DRUG
NCT05038098,Gastrectomy,PROCEDURE
NCT05038098,Indocyanine Green,DRUG
NCT05038098,Iron Conjugated Polymers in Saline Suspension,OTHER
NCT05885763,Difelikefalin Injection,DRUG
NCT03368963,Nanoliposomal Irinotecan,DRUG
NCT03368963,Trifluridine and Tipiracil Hydrochloride,DRUG
NCT02614963,Clostridium Butyricum,DRUG
NCT02614963,placebo,DRUG
NCT00583063,sunitinib,DRUG
NCT00583063,rapamycin,DRUG
NCT03415763,Capecitabine,DRUG
NCT03415763,mFOLFOX6 or CAPOX,DRUG
NCT02094963,Ticagrelor,DRUG
NCT02094963,Clopidogrel,DRUG
NCT03608163,Naloxone,DRUG
NCT03608163,Diazoxide,DRUG
NCT03608163,Placebo (for Naloxone),DRUG
NCT03608163,Placebo (for Diazoxide),DRUG
NCT04072887,QBW251,DRUG
NCT04072887,Placebo,DRUG
NCT04072887,COPD maintenance background therapy,DRUG
NCT01095887,Eculizumab,DRUG
NCT00041587,IL13-PE38QQR,DRUG
NCT00041587,targeted fusion protein therapy,PROCEDURE
NCT00041587,surgery,PROCEDURE
NCT02217787,PF-06372865,DRUG
NCT06893887,FOLFOX4,DRUG
NCT06893887,Adebrelimab,DRUG
NCT06893887,Apatinib,DRUG
NCT06893887,Icaritin,DRUG
NCT06893887,SHR-1701,DRUG
NCT06893887,QL1706,DRUG
NCT06893887,Bevacizumab,DRUG
NCT06893887,HAIC,PROCEDURE
NCT06893887,Local treatment,PROCEDURE
NCT06893887,The original treatment regimen,DRUG
NCT04698187,CMP-001,DRUG
NCT04698187,Nivolumab,DRUG
NCT00288093,3-Dimensional Conformal Radiation Therapy,RADIATION
NCT00288093,Triapine,DRUG
NCT02664493,Methylprednisolone,DRUG
NCT00801021,Frio Mouth Rinse,DRUG
NCT00386321,Yttrium 90 -labeled ibritumomab tiuxetan (Zevalin),DRUG
NCT01548521,Oxytocin,DRUG
NCT02565121,corticosteroids,DRUG
NCT02565121,olfactory stimulation,BEHAVIORAL
NCT06394414,YL201,DRUG
NCT06020014,AZD4604,DRUG
NCT06020014,Placebo,OTHER
NCT02107014,Low Dose Naltrexone,DRUG
NCT01473316,GDC-0980,DRUG
NCT01473316,Ketoconazole,DRUG
NCT06376916,Magnesium Sulfate 2 G,DRUG
NCT06376916,Magnesium Sulfate 4 G,DRUG
NCT06376916,Saline,DRUG
NCT03670316,Algorithm Treatment,DRUG
NCT03670316,Quitline only,OTHER
NCT04112316,Liothyronine,DRUG
NCT04112316,Placebo,OTHER
NCT00773916,Methylphenidate,DRUG
NCT03749616,Ibuprofen,DRUG
NCT03749616,Acetaminophen,DRUG
NCT00003406,carboplatin,DRUG
NCT00003406,docetaxel,DRUG
NCT00003406,ifosfamide,DRUG
NCT00003406,autologous bone marrow transplantation,PROCEDURE
NCT00003406,bone marrow ablation with stem cell support,PROCEDURE
NCT00003406,peripheral blood stem cell transplantation,PROCEDURE
NCT04268706,CD30.CAR-T,DRUG
NCT04268706,Fludarabine,DRUG
NCT04268706,Bendamustine,DRUG
NCT03891706,tumor-specific TCR-T cells,DRUG
NCT03891706,Interleukin-2,DRUG
NCT06814106,Enlicitide Chloride,DRUG
NCT06814106,Placebo,DRUG
NCT07226206,SPK-8011QQ,DRUG
NCT01000506,Mepolizumab 750,BIOLOGICAL
NCT01000506,Mepolizumab 250,BIOLOGICAL
NCT01000506,Mepolizumab 75,BIOLOGICAL
NCT01000506,Placebo saline,DRUG
NCT01170104,Sorafenib,DRUG
NCT01170104,TACE (Transcatheter arterial chemoembolization),PROCEDURE
NCT00000704,Zalcitabine,DRUG
NCT01955304,fruquintinib,DRUG
NCT04634604,Bevacizumab,DRUG
NCT04634604,Laser,PROCEDURE
NCT06041204,Letrozole 2.5mg,DRUG
NCT06041204,Levothyroxine 25 Mcg (0.025 Mg) Oral Tablet,DRUG
NCT03641404,L-ergothioneine,DRUG
NCT03641404,Placebo,DRUG
NCT05864404,remimazolam-remifentanil,DRUG
NCT05864404,dexmedetomidine-remifentanil,DRUG
NCT00735904,AG-013736,DRUG
NCT00735904,gemcitabine,DRUG
NCT00735904,cisplatin,DRUG
NCT01548404,Placebo,DRUG
NCT01548404,Dupilumab,DRUG
NCT05096884,Metoprolol Succinate,DRUG
NCT06863584,Lenalidomide (Revlimid),DRUG
NCT06863584,SBRT,RADIATION
NCT06017284,Thalidomide,DRUG
NCT06017284,Nab paclitaxel,DRUG
NCT06017284,Gemcitabine,DRUG
NCT06017284,Placebo,DRUG
NCT04961684,Solver Pen,DEVICE
NCT04961684,Loceryl 5%,DRUG
NCT00000504,encainide,DRUG
NCT00000504,moricizine,DRUG
NCT00000504,flecainide,DRUG
NCT00000504,imipramine,DRUG
NCT04237584,Enzalutamide during Lead-in Period,DRUG
NCT04237584,Lead-in Enzalutamide followed by Radium-223/Enzalutamide,DRUG
NCT04237584,Lead-in Enzalutamide followed by Placebo/Enzalutamide,DRUG
NCT04237584,Darolutamide during Lead-in Period,DRUG
NCT04237584,Lead-in Darolutamide followed by Radium-223/Darolutamide,DRUG
NCT04237584,Lead-in Darolutamide followed by Placebo/Darolutamide,DRUG
NCT04886284,Ertapenem,DRUG
NCT04886284,Placebo,DRUG
NCT02170584,BIBR 953 ZW IV,DRUG
NCT02170584,BIBR 1048 MS tablet,DRUG
NCT02170584,BIBR 1048 MS oral solution,DRUG
NCT02170584,BIBR 953 ZW IV Placebo,DRUG
NCT05821933,RC108,DRUG
NCT07704333,[18F]-Fluorocellobiose ([18F]FCB),DRUG
NCT03243552,L-DOPA versus Placebo,DRUG
NCT03243552,Social Skills Training,BEHAVIORAL
NCT00356252,mixed carotenoids,DRUG
NCT03919552,"Docetaxel,Carboplatin",DRUG
NCT03919552,"Docetaxel,Cisplatin",DRUG
NCT03919552,Carboplatin-based concurrent chemoradiotherapy,RADIATION
NCT03919552,Cisplatin-based concurrent chemoradiotherapy,RADIATION
NCT02050152,Nitrous Oxide 0%,DRUG
NCT02050152,Nitrous oxide 33%,DRUG
NCT02050152,Nitrous oxide 66%,DRUG
NCT02172352,Ba 679 BR low dose,DRUG
NCT02172352,Ba 679 BR middle dose,DRUG
NCT02172352,Ba 679 BR high dose,DRUG
NCT02172352,Placebo inhalation powder,DRUG
NCT03877952,14C-CORT125281,DRUG
NCT04226352,Dextromethorphan,DRUG
NCT05006352,DNL343,DRUG
NCT05006352,Placebo,DRUG
NCT00356447,"Estradiol/DRSP (Angeliq, BAY86-4891)",DRUG
NCT00356447,Placebo,DRUG
NCT01391052,Norethindrone acetate pretreatment,DRUG
NCT01391052,No pretreatment,OTHER
NCT00673452,duloxetine hydrochloride,DRUG
NCT00673452,placebo,DRUG
NCT00591357,loperamide,DRUG
NCT00591357,placebo,DRUG
NCT06940557,Bionerv,DRUG
NCT06940557,Placebo,DRUG
NCT04014101,SHR-1210,DRUG
NCT04014101,apatinib,DRUG
NCT01298401,ganitumab,BIOLOGICAL
NCT01298401,capecitabine,DRUG
NCT01298401,gemcitabine hydrochloride,DRUG
NCT01298401,3-dimensional conformal radiation therapy,RADIATION
NCT07421401,BR1015-A,DRUG
NCT07421401,BR1015-3,DRUG
NCT07421401,BR1015-2,DRUG
NCT02214901,BIBW 2948 BS for oral inhalation,DRUG
NCT02214901,Placebo,DRUG
NCT00357201,Food supplement (T1675),DRUG
NCT01183312,Flumazenil,DRUG
NCT05096312,Zinc gluconate,DIETARY_SUPPLEMENT
NCT05096312,Adapalene 0.003 MG/MG / Benzoyl Peroxide 0.025 MG/MG Topical Gel [Epiduo],DRUG
NCT05096312,Placebo,OTHER
NCT04760912,Rocuronium,DRUG
NCT04760912,General anesthesia for surgery,PROCEDURE
NCT00824512,EGb 761 120 mg,DRUG
NCT00824512,Placebo,DRUG
NCT00377819,alendronate,DRUG
NCT00377819,Denosumab (AMG 162),DRUG
NCT00320619,Epsilon-Aminocaproic Acid (EACA),DRUG
NCT00320619,Placebo,DRUG
NCT01404819,Anesthesia with Xenon,DRUG
NCT01404819,Standard anesthesia,DRUG
NCT02966730,Ibrutinib,DRUG
NCT00160628,Levetiracetam,DRUG
NCT01772719,Simvastatin and zoledronic acid,DRUG
NCT03988530,Scopolamine,DRUG
NCT03988530,Placebo Nasal Gel,OTHER
NCT06639230,laser therapy,DEVICE
NCT06639230,Sclerotherapy,DRUG
NCT06393530,0.9%sodium chloride,DRUG
NCT06393530,0.2% ropivacaine,DRUG
NCT06920901,APG777,DRUG
NCT06920901,Placebo,DRUG
NCT00630812,inhaled mannitol,DRUG
NCT00630812,Placebo comparator,DRUG
NCT05257512,SY-3505,DRUG
NCT04693312,Depo medrol,DRUG
NCT07128212,Atorvastatin 10 mg daily,DRUG
NCT07128212,Placebo matching atorvastatin,DRUG
NCT00615381,Insulin,DRUG
NCT04493281,MT-1186,DRUG
NCT04493281,MCI-186,DRUG
NCT03916081,Roflumilast Cream 0.05%,DRUG
NCT03916081,Roflumilast Cream 0.15%,DRUG
NCT03916081,Vehicle Cream,DRUG
NCT03501381,Entinostat,DRUG
NCT03501381,Interleukin-2,DRUG
NCT00684567,Radiotherapy,RADIATION
NCT00684567,Temozolomide,DRUG
NCT00151567,Tamsulosin,DRUG
NCT00151567,Placebo,DRUG
NCT00566267,simvastatin 20 mg/ezetimibe,DRUG
NCT00494767,GW869682,DRUG
NCT00494767,GSK189075,DRUG
NCT00494767,GSK189075-Placebo,DRUG
NCT00494767,GW869682-Placebo,DRUG
NCT06027567,Semaglutide,DRUG
NCT06027567,Very Low Calorie Diet,DIETARY_SUPPLEMENT
NCT06027567,Dietician counselling,BEHAVIORAL
NCT00265967,Irbesartan,DRUG
NCT02074800,CNTO 328 (Sp2/0-derived),DRUG
NCT02074800,CNTO 328 (CHO-derived),DRUG
NCT02074800,Placebo,DRUG
NCT01865500,Budesonide 4 mg,DRUG
NCT01865500,Budesonide 8 mg,DRUG
NCT01865500,Metil prednisolone,DRUG
NCT00100607,AAE581,DRUG
NCT03112707,Aspirin,DRUG
NCT03112707,P2Y12 inhibitor,DRUG
NCT07197307,Loncastuximab Tesirine and Epcoritamab,DRUG
NCT03301207,Ibrutinib,DRUG
NCT03301207,OC: Ethinylestradiol (EE) 30 mcg and Levonorgestrel (LN) 150 mcg,DRUG
NCT03301207,Bupropion,DRUG
NCT03301207,Midazolam,DRUG
NCT03385200,SonoVue,DRUG
NCT06136507,FRSW107,DRUG
NCT07294092,Propofol,DRUG
NCT07294092,Ketamine,DRUG
NCT07294092,Peripheral Nerve Stimulation,DEVICE
NCT05279092,Bupivacaine-Liposomal Bupivacaine,DRUG
NCT05279092,Bupivacaine -Dexamethasone Sodium Phosphate-Methylprednisolone Acetate,DRUG
NCT06560892,Bupivacaine injection,DRUG
NCT06560892,Dexmedetomidine injection,DRUG
NCT05222971,Durvalumab,DRUG
NCT05222971,Olaparib,DRUG
NCT04465071,AEONTM Repair and AEONTM Protect Plus lubricating eye drops,DRUG
NCT03729271,Rifaximin,DRUG
NCT03729271,Glucose and lactulose hydrogen breath testing,DEVICE
NCT02258971,BEA 2180 BR oral,DRUG
NCT02258971,BEA 2180 BR infusion,DRUG
NCT00506571,"S-1, irinotecan, oxaliplatin",DRUG
NCT01766336,Group 1 ELND005,DRUG
NCT01766336,Group 2 ELND005,DRUG
NCT05551936,Bendamustine,DRUG
NCT05551936,Rituximab,DRUG
NCT05551936,Tazemetostat,DRUG
NCT03268811,Teduglutide,DRUG
NCT02784171,Cisplatin,DRUG
NCT02784171,Pemetrexed,DRUG
NCT02784171,Pembrolizumab,DRUG
NCT02070471,Placebo,DRUG
NCT02070471,LC28-0126 Dose A,DRUG
NCT02070471,LC28-0126 Dose B,DRUG
NCT02070471,LC28-0126 Dose C,DRUG
NCT00745771,Diractin,DRUG
NCT00140244,r-metHuLeptin,DRUG
NCT00140244,Placebo,DRUG
NCT00904462,Lidoderm,DRUG
NCT00904462,Placebo patch,DRUG
NCT02662062,Pembrolizumab,DRUG
NCT02662062,Cisplatin,DRUG
NCT02662062,Radiotherapy,RADIATION
NCT05226546,Platelet rich plasma (PRP),DRUG
NCT05226546,olfactory training,OTHER
NCT01617746,Ambrisentan,DRUG
NCT01617746,Bosentan,DRUG
NCT01617746,Placebo,DRUG
NCT06954246,MHB088C for Injection,DRUG
NCT06954246,Topotecan,DRUG
NCT06954246,Irinotecan,DRUG
NCT06954246,Paclitaxel,DRUG
NCT04374188,Ciprofloxacin,DRUG
NCT04374188,Levofloxacin,DRUG
NCT01388088,Spironolactone,DRUG
NCT01388088,Amiloride,DRUG
NCT01388088,Placebo,DRUG
NCT06922903,INR101,DRUG
NCT00402103,Aliskiren,DRUG
NCT00402103,Amlodipine,DRUG
NCT00402103,Hydrochlorothiazide,DRUG
NCT00378703,Bevacizumab,BIOLOGICAL
NCT00378703,Laboratory Biomarker Analysis,OTHER
NCT00378703,Pharmacological Study,OTHER
NCT00378703,Sorafenib Tosylate,DRUG
NCT00378703,Temsirolimus,DRUG
NCT00679627,Galantamine,DRUG
NCT00679627,Placebo,DRUG
NCT02500927,ASP8273 Capsules,DRUG
NCT02500927,ASP8273 Capsules A,DRUG
NCT02549027,MK-1064,DRUG
NCT02549027,MK-6096,DRUG
NCT02549027,Placebo,DRUG
NCT01362361,mFOLFOX6 + BIBF 1120,DRUG
NCT01362361,mFOLFOX6+placebo,DRUG
NCT01791842,Tocilizumab,DRUG
NCT01791842,Placebo,DRUG
NCT02201342,Udenafil,DRUG
NCT06925386,Standard therapy,DRUG
NCT06925386,HEXBIO,DIETARY_SUPPLEMENT
NCT06925386,Secretome,BIOLOGICAL
NCT03063086,QVM149 150/50/80 μg o.d.,DRUG
NCT03063086,QVM149 150/50/160 μg o.d.,DRUG
NCT03063086,salmeterol/fluticasone FDC 50/500 μg b.i.d.,DRUG
NCT00157586,"Delapril, Delapril-Manidipine Fixed combination",DRUG
NCT04482270,fezolinetant,DRUG
NCT05971173,Juven,DRUG
NCT05971173,Centrum Silver 50+,DRUG
NCT06358573,INT230-6,DRUG
NCT06358573,neoadjuvant immuno-chemotherapy,OTHER
NCT04421469,Triprilimab(JS001),DRUG
NCT02292069,Amlodipine besylate/Atorvastatin calcium,DRUG
NCT05116969,PTX-35,DRUG
NCT02593383,Adapalene + Clindamycin Hydrochloride,DRUG
NCT02593383,Placebo,DRUG
NCT04131283,Epinephrine,DRUG
NCT01948583,Hyaluronic Acid,DRUG
NCT06791083,Envafolimab,DRUG
NCT06791083,Fruquintinib,DRUG
NCT00343083,"Erbitux, Paclitaxel & Carboplatin",DRUG
NCT00343083,Radiation,RADIATION
NCT04746183,CST-2: EIDD-2801,DRUG
NCT04746183,CST-2: Placebo,DRUG
NCT04746183,Nitazoxanide,DRUG
NCT04746183,VIR-7832,DRUG
NCT04746183,VIR-7831,DRUG
NCT04746183,CST-5: Placebo,DRUG
NCT04746183,Favipiravir,DRUG
NCT04746183,Molnupiravir,DRUG
NCT04746183,Paxlovid,DRUG
NCT04746183,ALG-097558,DRUG
NCT04746183,ALG-097558 and Remdesivir,DRUG
NCT04746183,NHS standard of care as per COVID-19 treatment guidelines,DRUG
NCT04746183,Placebo,DRUG
NCT07245069,Dapagliflozin 10 mg,DRUG
NCT07245069,Placebo,DRUG
NCT02398669,Lorcaserin hydrochloride,DRUG
NCT00060905,Divalproex Sodium (Depakote ER),DRUG
NCT02221505,LOP628,DRUG
NCT00078494,EBV-LMP-2,DRUG
NCT03996694,Belbuca 300 µg,DRUG
NCT03996694,Belbuca 600 µg,DRUG
NCT03996694,Belbuca 900 µg,DRUG
NCT03996694,Oxycodone 30 mg,DRUG
NCT03996694,Oxycodone 60 mg,DRUG
NCT03996694,Placebo,DRUG
NCT05169866,Nifekalant,DRUG
NCT05169866,Amiodarone,DRUG
NCT05480566,Functional strength training,OTHER
NCT05480566,NMES,DEVICE
NCT05480566,"Daily medical treatment (e.g., oxygen, medrol, duovent, azitromycine)",DRUG
NCT05480566,Routine physiotherapy,OTHER
NCT04603066,Ondansetron 16 mg with Tariquidar,DRUG
NCT04603066,Ondansetron 16 mg with Placebo,DRUG
NCT03429556,Botulinum Neurotoxin Serotype E,BIOLOGICAL
NCT03429556,Placebo,DRUG
NCT04772456,Hyperpolarized 13C-Pyruvate,DRUG
NCT02129556,MK-3475,DRUG
NCT01491022,"Ampyra first, then Placebo",DRUG
NCT01491022,"placebo first, then Ampyra",DRUG
NCT00769522,Rituximab,BIOLOGICAL
NCT00769522,Bendamustine,DRUG
NCT00769522,Cyclophosphamide,DRUG
NCT00769522,Fludarabine,DRUG
NCT02302456,Tranexamic Acid,DRUG
NCT02302456,Placebo,DRUG
NCT00968422,ABT-384,DRUG
NCT00968422,Matching placebo to ABT-384,DRUG
NCT02690922,Dasatinib,DRUG
NCT02690922,prednisone,DRUG
NCT02690922,dexamethasone,DRUG
NCT02690922,methotrexate,DRUG
NCT05778422,Suprascapular nerve block with bipuvacaine,DRUG
NCT05778422,Pulsed radiofrequency,PROCEDURE
NCT07584031,Combination therapy with chemotherapy and immunotherapy,DRUG
NCT07584031,Surgery,OTHER
NCT01591031,Sevoflurane,DRUG
NCT01591031,Rocuronium,DRUG
NCT01614431,N acetyl cysteine,DRUG
NCT06833931,IV infusion,DRUG
NCT06833931,Placebo,OTHER
NCT01643031,Ticagrelor,DRUG
NCT01643031,Continued clopidogrel,DRUG
NCT00822731,Chemotherapy with or without radiotherapy,DRUG
NCT01727531,Chloroquine diphosphate,DRUG
NCT01009931,12-O-tetradecanoylphorbol-13-acetate,DRUG
NCT01009931,Dexamethasone,DRUG
NCT01009931,Choline magnesium trisalicylate,DRUG
NCT04124731,sintilimab plus anlotinib,DRUG
NCT04124731,Chemotherapy,DRUG
NCT02740231,JTA-004 intra-articular injection,DRUG
NCT02740231,Reference product intra-articular injection,DEVICE
NCT03843931,GLA:D,BEHAVIORAL
NCT03843931,Intra-articular saline injection,DRUG
NCT03361631,Autologous Bone Marrow derived Mesenchymal Stem Cells,DRUG
NCT01971853,oral placebo,DRUG
NCT01971853,Oral Analgesics,DRUG
NCT04328753,Super Oxide water,DRUG
NCT04328753,Chlorhexidine mouthwash,DRUG
NCT04328753,Distilled water,OTHER
NCT01084551,SPM 962,DRUG
NCT01084551,Placebo of SPM 962,DRUG
NCT00171951,Pasireotide,DRUG
NCT01901653,Rovalpituzumab tesirine (SC16LD6.5),DRUG
NCT02502253,"grape seed polyphenolic extract, resveratrol",DRUG
NCT05467553,Ursodeoxycholic acid,DRUG
NCT05467553,Ropeginterferon alfa-2b,DRUG
NCT05467553,Tenofovir Alafenamide,DRUG
NCT01960153,Tadalafil,DRUG
NCT01960153,Placebo,DRUG
NCT07470853,"HWK-016, MUCIN-16-targeted ADC",DRUG
NCT07470853,Bevacizumab,DRUG
NCT03100253,Tocilizumab,DRUG
NCT03100253,Etanercept,DRUG
NCT03100253,Infliximab,DRUG
NCT03100253,Adalimumab,DRUG
NCT03100253,Golimumab,DRUG
NCT03100253,Certolizumab Pegol,DRUG
NCT01451853,SPI-1005 Low Dose,DRUG
NCT01451853,SPI-1005 Middle Dose,DRUG
NCT01451853,SPI-1005 High Dose,DRUG
NCT01451853,Placebo,DRUG
NCT03098953,Loteprednol Etabonate,DRUG
NCT02902653,Oral misoprostol,DRUG
NCT02902653,Vaginal misoprostol,DRUG
NCT02902653,Vaginal dinoprostone,DRUG
NCT00745953,Valsartan,DRUG
NCT00745953,Hydrochlorothiazide,DRUG
NCT02698553,Bupropion HCl XL tablet 150mg,DRUG
NCT02698553,Bupropion HCl XL tablet 300mg,DRUG
NCT00193245,Topotecan,DRUG
NCT00193245,Docetaxel,DRUG
NCT03280745,Hypertonic saline,DRUG
NCT03280745,0.9% saline,DRUG
NCT05155345,Mosunetuzumab,DRUG
NCT05155345,Tocilizumab,DRUG
NCT07115745,BMS-986515,GENETIC
NCT07115745,Fludarabine,DRUG
NCT07115745,Cyclophosphamide,DRUG
NCT07115745,Tocilizumab,DRUG
NCT00416845,FTY720,DRUG
NCT05595772,Drug: Growth Factors (CGF),DRUG
NCT05595772,Drug: Growth Factors (PRGF),DRUG
NCT05595772,Surgery: Dental Implant surgery,PROCEDURE
NCT05595772,Tooth extraction,PROCEDURE
NCT05595772,Xenogenic bone grafting,PROCEDURE
NCT03431272,Lifitegrast,DRUG
NCT00822172,Levocarnitine tartrate,DIETARY_SUPPLEMENT
NCT00822172,cilostazol,DRUG
NCT01577472,High Dose Clomiphencitrat,DRUG
NCT01577472,Low Dose Clomiphencitrat,DRUG
NCT01577472,High Dose Placebo,DRUG
NCT01577472,Low dose Placebo,DRUG
NCT04181372,Anlotinib hydrochloride,DRUG
NCT04181372,platinum-based chemotherapy medicine,DRUG
NCT01790295,Ruxolitinib Pre- Hematopoietic cell transplantation (HCT),DRUG
NCT02098772,Custodiol-N,DRUG
NCT02098772,Custodiol,DRUG
NCT00931372,Lixisenatide (AVE0010),DRUG
NCT00931372,Placebo,DRUG
NCT06972472,Orforglipron,DRUG
NCT06972472,Placebo,DRUG
NCT04969172,Exosomes overexpressing CD24,DRUG
NCT00328172,Placebo,DRUG
NCT00328172,BI 1356 dose 3 once daily,DRUG
NCT00328172,BI 1356 dose 2 once daily,DRUG
NCT00328172,BI 1356 dose 1 once daily,DRUG
NCT00328172,Metformin,DRUG
NCT00373672,armodafinil (Nuvigil),DRUG
NCT00373672,placebo,DRUG
NCT02570672,Metformin,DRUG
NCT02570672,Placebo,DRUG
NCT03384095,Hyaluronic Acid (HA),DRUG
NCT03384095,Placebo,OTHER
NCT03700359,Anlotinib Hydrochloride,DRUG
NCT03700359,Lobaplatin,DRUG
NCT03700359,Etoposide,DRUG
NCT01556659,Absence of vitamin K antagonist,DRUG
NCT04087759,Bedaquiline (Test formulation),DRUG
NCT04087759,Bedaquiline (Reference formulation),DRUG
NCT04040959,Nicotinamide riboside,DRUG
NCT03902080,Vibegron,DRUG
NCT03902080,Placebo,DRUG
NCT02734680,Concurrent chemoradiotherapy(CCRT),RADIATION
NCT02734680,Stereotactic Radiotherapy(SBRT),RADIATION
NCT02734680,S-1,DRUG
NCT00955279,Placebo,DRUG
NCT00955279,Golimumab,DRUG
NCT00955279,Ustekinumab,DRUG
NCT02302079,ASP8232,DRUG
NCT02302079,ranibizumab,DRUG
NCT02302079,Placebo,DRUG
NCT02302079,Sham intravitreal (IVT) injection,OTHER
NCT05329779,brexanolone,DRUG
NCT05329779,placebo,DRUG
NCT00037479,ceftriaxone,DRUG
NCT00055679,cyclophosphamide,DRUG
NCT00055679,epirubicin hydrochloride,DRUG
NCT00055679,fluorouracil,DRUG
NCT04111159,HSK3486,DRUG
NCT04111159,Propofol,DRUG
NCT00436059,bortezomib,DRUG
NCT00403559,Elidel,DRUG
NCT00403559,Ketoconazole Cream,DRUG
NCT03440359,Progesterone Vaginal Gel 8%,DRUG
NCT03440359,Letrozole Oral Tablet,DRUG
NCT03440359,pelvic ultrasound,DIAGNOSTIC_TEST
NCT03440359,Ovidrel 250 MCG Per 0.5 ML Prefilled Syringe,DRUG
NCT03440359,Intrauterine insemination or timed intercourse,OTHER
NCT05874180,DW6013,DRUG
NCT00588380,GLP-1,DRUG
NCT03682380,Seltorexant High Dose,DRUG
NCT03682380,Seltorexant Low Dose,DRUG
NCT00219180,aliskiren,DRUG
NCT04094896,TCHP,DRUG
NCT00276796,cisplatin,DRUG
NCT00276796,paclitaxel,DRUG
NCT00276796,topotecan hydrochloride,DRUG
NCT01447862,Brinavess (Vernakalant),DRUG
NCT01447862,Corvert (Ibutilide),DRUG
NCT04935762,"CST-103, CST-107, matching placebo",DRUG
NCT02005562,mycophenolate mofetil,DRUG
NCT02005562,anti-IL-2R,DRUG
NCT02005562,methylprednisolone,DRUG
NCT02005562,cyclosporine,DRUG
NCT00454662,olmesartan medoxomil / amlodipine or azelnidipine,DRUG
NCT00454662,olmesartan medoxomil / low dose thiazide type drug,DRUG
NCT03215446,maintenance of anaesthesia with propofol,DRUG
NCT03215446,maintenance of anaesthesia with sevoflurane,DRUG
NCT04305327,Brodalumab,DRUG
NCT04305327,Ustekinumab,DRUG
NCT04305327,Placebo,DRUG
NCT01195727,Apixaban,DRUG
NCT00003327,paclitaxel,DRUG
NCT01510288,GVAX and ipilimumab,DRUG
NCT02580188,sugammadex,DRUG
NCT07570888,Nerandomilast 18 mg - adult formulation,DRUG
NCT04647903,ADAIR 10 mg IR tablets,DRUG
NCT04647903,d-amphetamine sulfate,DRUG
NCT04647903,Placebo,DRUG
NCT00115427,Liatermin (r-metHuGDNF),DRUG
NCT05663827,Ruxolitinib,DRUG
NCT05910827,HMBD-001,DRUG
NCT05910827,Docetaxel,DRUG
NCT05910827,Cetuximab,DRUG
NCT03579927,Autologous Hematopoietic Stem Cell Transplantation,PROCEDURE
NCT03579927,Carmustine,DRUG
NCT03579927,Cytarabine,DRUG
NCT03579927,Etoposide,DRUG
NCT03579927,Filgrastim,BIOLOGICAL
NCT03579927,Melphalan,DRUG
NCT03579927,Rituximab,BIOLOGICAL
NCT03579927,Umbilical Cord Blood-derived Natural Killer Cells,BIOLOGICAL
NCT00001027,Pentamidine isethionate,DRUG
NCT05969561,ultrasound-guided femoral nerve block,PROCEDURE
NCT05969561,Intravenous or intramuscular pain medication,DRUG
NCT01943461,Avelumab 3 mg/kg,DRUG
NCT01943461,Avelumab 10 mg/kg,DRUG
NCT01943461,Avelumab 20 mg/kg,DRUG
NCT00563342,Ethanol,DRUG
NCT03587142,Buspirone,DRUG
NCT03587142,Placebo,DRUG
NCT01543386,Curcumin,DRUG
NCT06353386,Opevesostat,DRUG
NCT06353386,Olaparib,DRUG
NCT06353386,Docetaxel,DRUG
NCT06353386,Cabazitaxel,DRUG
NCT06353386,Fludrocortisone acetate,DRUG
NCT06353386,Dexamethasone,DRUG
NCT06353386,Prednisone,DRUG
NCT01344070,one of the 15 drugs listed below,DRUG
NCT03600870,Midodrine,DRUG
NCT01650870,Crystalline Lactulose,DRUG
NCT06612970,HB0056,DRUG
NCT06612970,Placebo,DRUG
NCT02065570,Adalimumab,DRUG
NCT02065570,Placebo,DRUG
NCT04605770,pemetrexed+cisplatin,DRUG
NCT06432673,ATR-258 Oral solution,DRUG
NCT06432673,ATR-258 Oral capsule,DRUG
NCT00992173,Ultratrace Iobenguane I 131,DRUG
NCT07592273,Surabgene Lomparvovec,DRUG
NCT07592273,Sham,DRUG
NCT07592273,Topical Steroid,DRUG
NCT07592273,Artificial Tears,DRUG
NCT05127473,"Mim8 B, 10 mg/mL",DRUG
NCT05127473,"Mim8 B, 100 mg/mL",DRUG
NCT05127473,"Mim8 B, placebo",DRUG
NCT00656773,Sufentanil,DRUG
NCT00656773,Morphine,DRUG
NCT00507169,SVT-40776,DRUG
NCT01322269,HQK-1001,DRUG
NCT00566969,sugar pill,DRUG
NCT00566969,Carvedilol 25 mg,DRUG
NCT00566969,Carvedilol 50 mg,DRUG
NCT06543069,"Sintilimab, Bevacizumab , Pemetrexed , Cisplatin",DRUG
NCT06319469,silodosin 8 mg capsule and the pyridostigmine bromide 60 mg tablet,DRUG
NCT06319469,silodosin 8 mg capsule,DRUG
NCT03260569,Inhaled Nitric Oxide,DRUG
NCT03260569,Placebo,DRUG
NCT07218341,Pirtobrutinib,DRUG
NCT07218341,Idelalisib,DRUG
NCT05780541,PF-07304814,DRUG
NCT05780541,Placebo,DRUG
NCT05780541,Remdesivir,BIOLOGICAL
NCT02834754,Vedolizumab,DRUG
NCT02834754,placebo,DRUG
NCT00685854,Ranibizumab,DRUG
NCT02971254,Sevoflurane,DRUG
NCT02971254,Desflurane,DRUG
NCT06923605,Epoetin 4000,DRUG
NCT06923605,Placebo,OTHER
NCT01165905,ON 01910.Na,DRUG
NCT01165905,Gemcitabine,DRUG
NCT00002105,Doxorubicin hydrochloride (liposomal),DRUG
NCT00002105,Bleomycin sulfate,DRUG
NCT00002105,Vincristine sulfate,DRUG
NCT02548494,Glargine,DRUG
NCT02548494,IV insulin,DRUG
NCT02548494,Electrolyte Correction,OTHER
NCT02548494,Correction of Fluid Loss,OTHER
NCT06209294,AK104,DRUG
NCT06209294,Carboplatin,DRUG
NCT06209294,Nab paclitaxel,DRUG
NCT00172094,NPS 1776 (800 mg),DRUG
NCT00172094,PLACEBO,DRUG
NCT00172094,NPS 1776 (400 mg),DRUG
NCT06757894,Zuberitamab,DRUG
NCT06757894,Bendamustine,DRUG
NCT05711394,Atogepant,DRUG
NCT05711394,Placebo-Matching Atogepant,DRUG
NCT01015794,ephedrine hydrochloride,DRUG
NCT04417894,dupilumab,DRUG
NCT04417894,Placebo,DRUG
NCT00417794,Strattera,DRUG
NCT00417794,Placebo,DRUG
NCT00675922,Sulfamylon 5% and Silver Nitrate Soaks,DRUG
NCT07097922,3% Diquafosol Sodium Eye Drops,DRUG
NCT07097922,0.1% hyaluronic acid,DRUG
NCT00363766,LY573636-sodium,DRUG
NCT05068856,HRS2543,DRUG
NCT00598156,erlotinib (Tarceva),DRUG
NCT00598156,bevacizumab (Avastin),DRUG
NCT05742022,"""Phospholipovit""",DRUG
NCT05742022,Placebo,DRUG
NCT06225622,Irinotecan Liposome,DRUG
NCT06225622,Oxaliplatin,DRUG
NCT06225622,5-FU,DRUG
NCT06225622,LV,DRUG
NCT06225622,Bevacizumab,DRUG
NCT06225622,Cetuximab,DRUG
NCT02758522,Once-daily Insulin,DRUG
NCT02758522,Twice-daily Insulin,DRUG
NCT02758522,Triple-daily Insulin,DRUG
NCT00206622,Climara PRO (Estradiol / Levonorgestrel transdermal),DRUG
NCT00206622,Menostar (Estradiol transdermal),DRUG
NCT00206622,Placebo transdermal,DRUG
NCT05279651,Ivabradine,DRUG
NCT05279651,Placebo,DRUG
NCT00049751,Adalimumab,DRUG
NCT07124351,CYTALUX™ (pafolacianine),DRUG
NCT00801151,"Zolinza (vorinostat), vinorelbine",DRUG
NCT00490451,LY573636-sodium,DRUG
NCT01118351,sunitinib malate,DRUG
NCT01118351,immunohistochemistry staining method,OTHER
NCT01118351,TdT-mediated dUTP nick end labeling assay,OTHER
NCT01118351,light microscopy,OTHER
NCT01118351,laboratory biomarker analysis,OTHER
NCT07553351,GB06,DRUG
NCT07553351,Norditropin®FlexProTM,DRUG
NCT05846451,Kratom,DIETARY_SUPPLEMENT
NCT05846451,Oxycodone,DRUG
NCT02064829,Nab-paclitaxel,DRUG
NCT02064829,IG-001,DRUG
NCT03678129,AZD7325_10,DRUG
NCT03678129,AZD7325_20,DRUG
NCT03678129,Placebo,DRUG
NCT03678129,Clobazam,DRUG
NCT06896929,"Permethrin Cream, 5%",DRUG
NCT06896929,Ivermectin 200 µg/kg,DRUG
NCT04150029,MBG453,DRUG
NCT04150029,Venetoclax,DRUG
NCT04150029,Azacitidine,DRUG
NCT02421029,edetate calcium disodium,DRUG
NCT05737329,Transdermal estradiol gel 0.1% 1.5mg/ day,DRUG
NCT05737329,Transdermal estradiol gel 0.1% 2.0mg/ day,DRUG
NCT00387920,sunitinib malate,DRUG
NCT00387920,pharmacological study,OTHER
NCT00387920,dynamic contrast-enhanced magnetic resonance imaging,PROCEDURE
NCT00387920,laboratory biomarker analysis,OTHER
NCT03520920,Zanubrutinib,DRUG
NCT03520920,Rituximab,DRUG
NCT02647320,Sitagliptin 100 mg,DRUG
NCT02647320,DS-8500a 25mg,DRUG
NCT02647320,Placebo Tablet,DRUG
NCT02647320,Placebo Capsule,DRUG
NCT02278120,Ribociclib,DRUG
NCT02278120,Tamoxifen,DRUG
NCT02278120,Letrozole,DRUG
NCT02278120,Anastrozole,DRUG
NCT02278120,Goserelin,DRUG
NCT02278120,Placebo,DRUG
NCT00003982,sabarubicin,DRUG
NCT00678782,etanercept,DRUG
NCT00678782,placebo,DRUG
NCT00845182,Pioglitazone,DRUG
NCT00845182,Exenatide,DRUG
NCT00845182,Pioglitazone and Exenatide,DRUG
NCT02420782,ASP6282,DRUG
NCT02420782,Itraconazole,DRUG
NCT02420782,Pilocarpine,DRUG
NCT02420782,Placebo,DRUG
NCT02420782,Midazolam,DRUG
NCT02460224,LAG525,DRUG
NCT02460224,PDR001,DRUG
NCT02623959,Questionnaires,BEHAVIORAL
NCT02623959,Fentanyl Patch,DRUG
NCT02623959,Fentanyl (IV),DRUG
NCT02623959,Saline,OTHER
NCT02623959,Doxycycline,DRUG
NCT02623959,Phone Calls,BEHAVIORAL
NCT00553059,dexamethasone,DRUG
NCT00553059,dronabinol,DRUG
NCT00553059,palonosetron hydrochloride,DRUG
NCT00553059,placebo,OTHER
NCT02285959,Bevacizumab,DRUG
NCT00092859,MK0557,DRUG
NCT01923480,15% CLINISOL - Sulfite-free (Amino Acid) Injection,DRUG
NCT00710580,ABT-874,BIOLOGICAL
NCT00710580,etanercept,BIOLOGICAL
NCT00710580,placebo,DRUG
NCT01845779,DCF regimen,DRUG
NCT02625480,Brexucabtagene Autoleucel (KTE-X19),BIOLOGICAL
NCT02625480,Fludarabine,DRUG
NCT02625480,Cyclophosphamide,DRUG
NCT05638880,Valsartan 80 mg,DRUG
NCT05638880,Empagliflozin 10 MG,DRUG
NCT05638880,Levocetirizine,DRUG
NCT01627379,"Cisplatin, 5-FU",DRUG
NCT01627379,Panitumumab,DRUG
NCT01516879,Evolocumab,BIOLOGICAL
NCT01516879,Placebo,BIOLOGICAL
NCT01516879,Atorvastatin,DRUG
NCT01516879,Ezetimibe,DRUG
NCT01516879,Diet Only,OTHER
NCT04768179,3-dayIVM 200 mcg/kg/day/14-day 75mgASA/day + standard of care (intervention 1),DRUG
NCT02681679,0.1% bromfenac ophthalmic solution,DRUG
NCT02681679,femtosecond laser cataract surgery,PROCEDURE
NCT03346096,Thiotepa,DRUG
NCT06706362,Bactrim or Macrobid,DRUG
NCT06706362,Placebo,DRUG
NCT04498962,Danzhu Fuyuan Granule,DRUG
NCT04937062,Glycerol Phenylbutyrate 1100 MG/ML [Ravicti],DRUG
NCT01785446,Effect of dexmedetomidine on cisatracurium and sufentanil consumption,DRUG
NCT01785446,Consumption of cisatracurium and sufentanil in different age groups.,DRUG
NCT00779246,Nasal swabs for MRSA culture,OTHER
NCT00779246,Chlorhexidine gluconate,DRUG
NCT00779246,Contact isolation,OTHER
NCT00424346,Canakinumab,DRUG
NCT00424346,Placebo,DRUG
NCT00601588,Sertraline,DRUG
NCT04929288,Alcohol,DRUG
NCT06251388,AK104,DRUG
NCT03516903,Methotrexate,DRUG
NCT03516903,Placebo,DRUG
NCT03516903,Folic Acid,DRUG
NCT00487903,PB127 for Injectable Suspension,DRUG
NCT06952803,Saruparib,DRUG
NCT06952803,Placebo,DRUG
NCT06952803,Abiraterone + Prednisolone/Prednisone,DRUG
NCT06952803,Androgen Deprivation Therapy (ADT),DRUG
NCT03090503,Aripiprazole,DRUG
NCT03090503,Risperidone,DRUG
NCT01100203,Eplerenone,DRUG
NCT01868503,lapatinib ditosylate,DRUG
NCT01868503,radiation therapy,RADIATION
NCT01868503,laboratory biomarker analysis,OTHER
NCT03827603,Ibrutinib,DRUG
NCT03428503,Paracetamol,DRUG
NCT03428503,Dexketoprofen,DRUG
NCT00963703,Rituximab,DRUG
NCT02859727,CDZ173,DRUG
NCT00237627,PS-341,DRUG
NCT00237627,Doxil,DRUG
NCT00237627,Velcade,DRUG
NCT02508870,Atezolizumab,DRUG
NCT02508870,Azacitidine,DRUG
NCT00270270,epoetin alfa,DRUG
NCT03283670,Nitrous Oxide 25%,DRUG
NCT03283670,Nitrous Oxide 50%,DRUG
NCT03283670,Placebo Gas,DRUG
NCT00584870,Naproxen,DRUG
NCT00584870,Placebo,DRUG
NCT00584870,PF-04383119 (RN624),DRUG
NCT05280470,Ifinatamab Deruxtecan (I-DXd),DRUG
NCT01350570,acupuncture,OTHER
NCT01350570,acupuncture group2,OTHER
NCT01350570,acupuncture group3,OTHER
NCT01350570,Loperamide,DRUG
NCT01732770,Denosumab,BIOLOGICAL
NCT01732770,Zoledronic Acid,DRUG
NCT01732770,Placebo to Denosumab,DRUG
NCT01732770,Placebo to Zoledronic Acid,DRUG
NCT04497870,Peppermint oil,DRUG
NCT03357770,mesenchymal stem cells,DRUG
NCT00054873,tezacitabine,DRUG
NCT00054873,5-fluorouracil,DRUG
NCT05241873,BLU-451,DRUG
NCT05241873,Carboplatin,DRUG
NCT05241873,Pemetrexed,DRUG
NCT06301373,Methotrexate Combined With Tofacitinib,DRUG
NCT06301373,Methotrexate,DRUG
NCT01613183,Chinese herbal Medicine,DRUG
NCT01613183,the dummy of a Chinese Medicine prescription,OTHER
NCT01115673,Acetaminophen,DRUG
NCT01115673,Placebo Control,DRUG
NCT03487783,Aripiprazole Oral Solution,DRUG
NCT03487783,Placebo Oral Solution,DRUG
NCT01590641,Single Ascending Dose (SAD) Cohorts GS-9620,DRUG
NCT01590641,Multiple Ascending Dose (MAD) Cohorts,DRUG
NCT05803941,AAA617,DRUG
NCT07302841,Experimental: Tunlametinib+gemcitabine+albumin paclitaxel + cetuximab β,DRUG
NCT01842841,velaglucerase alfa,DRUG
NCT00988741,ARQ 197,DRUG
NCT00988741,Placebo,DRUG
NCT01967641,buprenorphine/naloxone combination,DRUG
NCT05801354,Turmeric Gel,DRUG
NCT05801354,Formocresol,DRUG
NCT07566754,Vaginal Microbiome Transplantation (VMT),BIOLOGICAL
NCT07566754,oral metronidazole,DRUG
NCT07566754,Sterile saline solution,OTHER
NCT00581854,modified Hyper-CVAD,DRUG
NCT00327054,Nigella sativa seed,DRUG
NCT00382954,Velcade,DRUG
NCT00382954,Idarubicin,DRUG
NCT07657754,Esmolol intravenous infusion,DRUG
NCT02665754,ILIT with extract of causal allergen,BIOLOGICAL
NCT02665754,ILIT with normal saline,BIOLOGICAL
NCT02665754,Rescue medication for allergic rhinitis,DRUG
NCT06841705,Vedolizumab 300 MG Injection [Entyvio],DRUG
NCT06841705,Prednisone (and methylprednisolone),DRUG
NCT06841705,Prednisone Taper,DRUG
NCT06841705,Placebo Prednisone Capsules,OTHER
NCT06841705,Placebo Vedolizumab,OTHER
NCT06841705,Sulfamethoxazole-Trimethoprim,OTHER
NCT06841705,Placebo for Sulfamethoxazole-Trimethoprim,DRUG
NCT01307605,Rituximab,BIOLOGICAL
NCT01307605,lenalidomide,DRUG
NCT07285005,KP-001,DRUG
NCT07285005,Placebo,DRUG
NCT01169805,Ondansetron,DRUG
NCT01169805,Ramosetron,DRUG
NCT01169805,Palonosetron,DRUG
NCT01169805,Normal saline inj,DRUG
NCT00791505,ciprofloxacin,DRUG
NCT00791505,trimethoprim-sulfamethoxazole,DRUG
NCT01546805,Zinc Supplement,DRUG
NCT01546805,Sugar pill,DRUG
NCT01395394,Kuvan,DRUG
NCT01395394,Meal Challenge,OTHER
NCT00820794,Lithium,DRUG
NCT00820794,PD 0332334,DRUG
NCT00136994,Ziprasidone,DRUG
NCT02994394,OPC-41061,DRUG
NCT00259766,Budesonide,DRUG
NCT00259766,Formoterol,DRUG
NCT00259766,Terbutaline,DRUG
NCT05535166,Surgical resection,PROCEDURE
NCT05535166,Ommaya/VPS,PROCEDURE
NCT05535166,Methotrexate,DRUG
NCT05535166,Cisplatin,DRUG
NCT05535166,Vincristine,DRUG
NCT05535166,Cyclophosphamide,DRUG
NCT05535166,Carboplatin,DRUG
NCT05535166,Topotecan,DRUG
NCT05535166,Etoposide,DRUG
NCT05535166,Pegfilgrastim,DRUG
NCT05535166,Filgrastim,DRUG
NCT05535166,Irradiation,RADIATION
NCT05535166,Educational and Media Intervention,OTHER
NCT05535166,"SOC, Educational and Media Intervention",OTHER
NCT03716856,CAR-BCMA T cells,GENETIC
NCT03716856,Fludarabine,DRUG
NCT03716856,Cyclophosphamide,DRUG
NCT01403922,TC-5214,DRUG
NCT00040456,Mg Pidolate,DRUG
NCT00040456,Placebo,DRUG
NCT00686556,cyclophosphamide,DRUG
NCT00686556,cyclosporine,DRUG
NCT00686556,Fludarabine,DRUG
NCT00686556,mycophenolate mofetil,DRUG
NCT00686556,total marrow irradiation,RADIATION
NCT00686556,umbilical cord blood transplantation,PROCEDURE
NCT00686556,Granulocyte colony-stimulating factor,BIOLOGICAL
NCT00686556,HLA-matched related donor bone marrow,BIOLOGICAL
NCT01660256,OPC-12759,DRUG
NCT01660256,Placebo,DRUG
NCT05980156,Dihydroartemisinin-Piperaquine,DRUG
NCT05980156,Chloroquine,DRUG
NCT05980156,Sulfadoxine pyrimethamine,DRUG
NCT01158222,sunitinib malate,DRUG
NCT02053922,Syntocinon,DRUG
NCT02053922,Carbetocin,DRUG
NCT02053922,Misoprostol,DRUG
NCT00940056,Endoscopic ablation of AF,PROCEDURE
NCT00940056,Rate control,DRUG
NCT01088256,Etoricoxib,DRUG
NCT01088256,placebo,DRUG
NCT02082522,Photodynamic therapy-Photofrin,DRUG
NCT02082522,Stenting procedure,PROCEDURE
NCT02082522,Chemotherapy regimen,DRUG
NCT00757731,milnacipran,DRUG
NCT00757731,Placebo,DRUG
NCT07662720,axelopran,DRUG
NCT07662720,Pembolizumab,DRUG
NCT05886920,D3S-002,DRUG
NCT05886920,D3S-001,DRUG
NCT00618982,"Sorafenib (Nexavar, BAY43-9006)",DRUG
NCT03933982,Pyrotinib Plus Vinorelbine,DRUG
NCT02328482,Tehalose 30gr,DRUG
NCT01029782,IV cefazolin plus oral probenecid and placebo cephalexin,DRUG
NCT01029782,Oral cephalexin and saline IV plus probenecid placebo,DRUG
NCT06728982,Metformin,DRUG
NCT01749982,Placebo,OTHER
NCT01749982,Choline bitartrate,DRUG
NCT01749982,Betaine,DRUG
NCT01749982,Choline bitartrate + Betaine,DRUG
NCT06552182,HUC2-344,DRUG
NCT06552182,"HUC2-344-R1, HUC2-344-R2",DRUG
NCT02857582,Cultured human intestinal microbiota,BIOLOGICAL
NCT02857582,Vancomycin,DRUG
NCT02857582,Metronidazole,DRUG
NCT01577524,Povidone-Iodine,DRUG
NCT01577524,Saline,DRUG
NCT05260359,6% Bemotrizinol (BEMT) in a basic sunscreen oil formulation,DRUG
NCT05260359,6% Bemotrizinol (BEMT) dispersion in petrolatum,DRUG
NCT05260359,Sunscreen oil vehicle with 10% ethanol as penetration enhancer without BEMT,OTHER
NCT05260359,Petrolatum vehicle,OTHER
NCT05260359,0.9% Saline,OTHER
NCT05260359,Sodium Lauryl Sulfate 0.1% (SLS),OTHER
NCT05260359,Undosed patch,OTHER
NCT04230759,Chemotherapy,DRUG
NCT04230759,Radiation,RADIATION
NCT04230759,Durvalumab,DRUG
NCT06911359,Participants are given Ibuprofen 400 mg to take for 7 days on the day they receive a dextrose prolotherapy (DPT) injection. These procedures are repeated every 3-5 weeks for a total of 3 times.,DRUG
NCT06911359,Participants are given a placebo to take for 7 days on the day they receive a dextrose prolotherapy (DPT) injection. These procedures are repeated every 3-5 weeks for a total of 3 times.,DRUG
NCT07576959,Bismuth Add-on to Vonoprazan Dual Therapy,DRUG
NCT07576959,Vonoprazan dual therapy,DRUG
NCT01347580,Ticagrelor,DRUG
NCT01347580,Placebo,DRUG
NCT03933280,Nalbuphine,DRUG
NCT03933280,Propofol,DRUG
NCT03933280,Dexmedetomidine,DRUG
NCT03933280,Benoxinate Hydrochloride 0.4% Eye Drops,DRUG
NCT00624780,Pregabalin,DRUG
NCT00624780,Lorazepam,DRUG
NCT00624780,Placebo,DRUG
NCT00944996,SSRI; SNRI; TCA,DRUG
NCT02813096,folfox4 chemotherapy regimen,DRUG
NCT02813096,Placebo,OTHER
NCT02147262,"doxycycline orally, 100 mg, bid, 14 days",DRUG
NCT02147262,"doxycycline orally, 100 mg, bid, 28 days",DRUG
NCT00388362,Sirolimus,DRUG
NCT00388362,Prednisone,DRUG
NCT04085562,Bisoprolol Fumarate 5-10 mg,DRUG
NCT04085562,Amlodipine 5-10 mg,DRUG
NCT03950362,Avelumab,DRUG
NCT03950362,Radiotherapy,DEVICE
NCT07456046,D3S-003,DRUG
NCT00003446,fluorouracil,DRUG
NCT00003446,leucovorin calcium,DRUG
NCT00003446,trimetrexate glucuronate,DRUG
NCT03941288,Cannabidiol,DRUG
NCT03941288,placebo,OTHER
NCT07545746,5% 5-fluorouracil Topical Cream,DRUG
NCT07545746,Placebo Cream,DRUG
NCT04112303,SOF/VEL,DRUG
NCT05102903,BR1016A,DRUG
NCT05102903,BR1016B,DRUG
NCT06732388,Biopsy Procedure,PROCEDURE
NCT06732388,Biospecimen Collection,PROCEDURE
NCT06732388,Endoscopic Procedure,PROCEDURE
NCT06732388,Itraconazole,DRUG
NCT06732388,Placebo Administration,DRUG
NCT06732388,Questionnaire Administration,OTHER
NCT06732388,Radiofrequency Ablation,PROCEDURE
NCT06447688,Verapamil,DRUG
NCT01796327,dacomitinib oral,DRUG
NCT01796327,dacomitinib intravenous,DRUG
NCT06393361,Chidamide; Decitabine; Anti-PD-1 Antibody,DRUG
NCT06393361,"Brentuximab Vedotin, anti-PD-1 antibody.",DRUG
NCT06750861,QL1706,DRUG
NCT03236961,Ertapenem,DRUG
NCT03236961,Moxifloxacin,DRUG
NCT01689142,Insulin glargine new formulation (HOE901),DRUG
NCT01689142,Insulin glargine (HOE901),DRUG
NCT01740986,SA09012 Low dose,DRUG
NCT01740986,SA09012 High dose,DRUG
NCT01740986,Placebo,DRUG
NCT03859986,ALX-101 Gel Vehicle,DRUG
NCT03859986,ALX-101 Gel 5%,DRUG
NCT00486486,Drug: bimatoprost/timolol fixed combination AM,DRUG
NCT00486486,Bimatoprost/timolol fixed combination dosed PM,DRUG
NCT00811070,SKI-606 (Bosutinib),DRUG
NCT01779570,Macrolide treatment,DRUG
NCT04491370,Polatuzumab vedotin,DRUG
NCT00453973,peginesatide,DRUG
NCT03586973,Cabozantinib,DRUG
NCT02251873,TPV + RTV (low dose),DRUG
NCT02251873,TPV + RTV (high dose),DRUG
NCT02251873,ddl,DRUG
NCT06510673,Platelet rich plasma,DRUG
NCT06510673,High power LASER,OTHER
NCT06510673,Shockwave therapy,OTHER
NCT06510673,Sham LASER,OTHER
NCT00364273,GSK159802,DRUG
NCT00364273,Placebo,DRUG
NCT00364273,Salmeterol,DRUG
NCT02269969,Tobramycin,DRUG
NCT07154069,Radical radiotherapy of nasopharynx and neck,RADIATION
NCT07154069,Capecitabine,DRUG
NCT07154069,Concurrent chemoradiotherapy (cCRT),DRUG
NCT07154069,Toripalimab,DRUG
NCT00518583,Pegylated Liposomal Doxorubicin (Doxil),DRUG
NCT05862883,Rutan 25 mg,DRUG
NCT05862883,Control group,OTHER
NCT01565083,Pertuzumab,DRUG
NCT01565083,Trastuzumab,DRUG
NCT01565083,Vinorelbine,DRUG
NCT04635241,Unfractionated heparin,DRUG
NCT02820454,AGuIX,DRUG
NCT02820454,whole brain radiation therapy,RADIATION
NCT05914454,Anakinra 100Mg/0.67Ml Inj Syringe,DRUG
NCT02456454,Risperidone,DRUG
NCT02456454,Valproic Acid,DRUG
NCT02456454,Placebo,DRUG
NCT04968054,Arm I (Propofol),DRUG
NCT04968054,Arm II (Remimazolam),DRUG
NCT00201305,Gemcitabine+5FU+Leucovorin,DRUG
NCT02900105,Letrozole,DRUG
NCT05929794,Metronidazole 0.75% Topical Gel,DRUG
NCT05929794,Metronidazole 0.75% Topical Cream,DRUG
NCT05929794,Transdermal water loss measurement,DIAGNOSTIC_TEST
NCT05929794,Electrical Resistance,DIAGNOSTIC_TEST
NCT05929794,Skin color measurement,DIAGNOSTIC_TEST
NCT05929794,Micropatch application,OTHER
NCT05565794,Pemigatinib,DRUG
NCT04770194,SP-8008 Prototype Capsule A,DRUG
NCT04770194,SP-8008 Prototype Capsule B,DRUG
NCT04770194,Placebo,DRUG
NCT03276494,Intraosseous,DEVICE
NCT03276494,Hypertonic saline,DRUG
NCT07263594,DB-1324,DRUG
NCT04233294,Chidamide,DRUG
NCT04233294,Camrelizumab,DRUG
NCT04233294,Decitabine,DRUG
NCT00045994,ALT-711,DRUG
NCT04657666,Nabiximols,DRUG
NCT04657666,Placebo,DRUG
NCT02209766,D5884,DRUG
NCT02209766,Placebo,DRUG
NCT02351856,"ARRY-371797, p38 inhibitor, oral",DRUG
NCT06004856,Orelabrutinib,DRUG
NCT06004856,Placebo,DRUG
NCT00426556,Everolimus,DRUG
NCT00426556,Trastuzumab,DRUG
NCT00426556,Paclitaxel,DRUG
NCT01514422,Minocycline,DRUG
NCT00226122,Indomethacin,DRUG
NCT07426822,Capivasertib,DRUG
NCT07426822,Loperamide,DRUG
NCT07426822,Fulvestrant,DRUG
NCT07426822,Ceterizine,DRUG
NCT07705022,Dexmedetomidine (+propofol as indicated),DRUG
NCT07705022,Ketamine,DRUG
NCT06337422,Celecoxib 200 mg capsule,DRUG
NCT04399122,acetaminophen/codeine vs acetaminophen/oxycodone,DRUG
NCT00416351,clofarabine,DRUG
NCT05309629,QL1706,DRUG
NCT05309629,Carboplatin,DRUG
NCT05309629,Etoposide,DRUG
NCT03587129,Apatinib,DRUG
NCT00641329,CLONICEL (clonidine HCl sustained release),DRUG
NCT00641329,Placebo,DRUG
NCT01785329,alirocumab SAR236553 (REGN727),DRUG
NCT00003131,chemotherapy,DRUG
NCT00003131,gemtuzumab ozogamicin,DRUG
NCT02513329,Bupivicaine,DRUG
NCT02513329,Saline,DRUG
NCT06656429,Transforaminal Epidural Steroid Injections,DRUG
NCT00301002,Alefacept,DRUG
NCT00004402,calcitriol,DRUG
NCT00004402,interferon gamma,DRUG
NCT05651802,Prophylactic cranial irradiation,RADIATION
NCT05651802,Thoracic radiotherapy,RADIATION
NCT05651802,Chemotherapy,DRUG
NCT04143802,LY3437943,DRUG
NCT04143802,Dulaglutide,DRUG
NCT04143802,Placebo,DRUG
NCT06023602,Generic cetrorelix acetate,DRUG
NCT06023602,Reference cetrorelix acetate,DRUG
NCT06760702,AUR109 200mg,DRUG
NCT06760702,AUR109 300mg,DRUG
NCT06760702,AUR109 400mg,DRUG
NCT03685253,Niagen,DRUG
NCT03685253,Placebo,DRUG
NCT02159196,acetylcysteine and salbutamol,DRUG
NCT02159196,acetylcysteine,DRUG
NCT02159196,salbutamol,DRUG
NCT07057596,Tebentafusp,DRUG
NCT02820896,Placebo,DRUG
NCT02820896,RO7105705,DRUG
NCT01861496,LiPlaCis,DRUG
NCT00005996,cisplatin,DRUG
NCT00005996,gemcitabine hydrochloride,DRUG
NCT00005996,semaxanib,DRUG
NCT00803179,Nutropin AQ,DRUG
NCT01935479,AK159,DRUG
NCT01935479,MN-10-T,DRUG
NCT01935479,Placebo,DRUG
NCT03131479,LIK066,DRUG
NCT06202079,GZR4 Injection,DRUG
NCT06202079,Insulin Degludec,DRUG
NCT00636896,Olanzapine plus modafinil,DRUG
NCT00636896,Olanzapine plus placebo,DRUG
NCT00907959,BZL101,DRUG
NCT05324059,Pregabalin 75mg/ Tramadol 50 mg,DRUG
NCT05324059,Pregabalin 75mg,DRUG
NCT06918080,Ursodeoxycholic Acid 250 Mg Oral Capsule,DRUG
NCT06918080,Omega -3 fatty acids,DIETARY_SUPPLEMENT
NCT06918080,Physical exercise,BEHAVIORAL
NCT06918080,Mediterrenean diet,BEHAVIORAL
NCT06918080,Diet according to NASPGHAN guidelines,BEHAVIORAL
NCT00080080,talabostat (PT-100) tablets,DRUG
NCT00080080,Docetaxel,DRUG
NCT05343780,Heptex,DRUG
NCT05343780,Rice bran,OTHER
NCT05365880,Liquid Lidocaine,DRUG
NCT05365880,Placebo,DRUG
NCT07094880,Tab. Methotrexate 25mg/week,DRUG
NCT07094880,Inj. Methotrexate 25mg/week,DRUG
NCT03591380,Belimumab,DRUG
NCT06081179,Psilocybin,DRUG
NCT06081179,"3,4 Methylenedioxymethamphetamine",DRUG
NCT06081179,Methylphenidate,DRUG
NCT00258479,ModafinilNicotine Replacement Therapy,DRUG
NCT00258479,Modafinil,DRUG
NCT07585279,Liposomal irinotecan + 5-FU/LV + bevacizumab + Enlonstobart,DRUG
NCT07585279,Irinotecan liposome + 5-FU/LV + Bevacizumab,DRUG
NCT07585279,Irinotecan + 5-FU/LV + Bevacizumab,DRUG
NCT05840679,Irrigation Solution,DRUG
NCT00401479,Placebo,DRUG
NCT00401479,Solabegron (GW427353),DRUG
NCT04478279,ST101,DRUG
NCT04478279,Temozolomide,DRUG
NCT04478279,Radiation,RADIATION
NCT05078879,Empagliflozin,DRUG
NCT07470879,Etrasimod,DRUG
NCT05965479,Trastuzumab deruxtecan,DRUG
NCT00333996,Dexamethasone,DRUG
NCT01008696,Rabeprazole,DRUG
NCT01008696,Lansoprazole,DRUG
NCT07469462,Pyridoxal-5'-Phosphate supplement,DRUG
NCT07469462,Placebo Supplementation,DRUG
NCT05191862,Cilostazol 100 mg,DRUG
NCT05191862,PMR 135 mg,DRUG
NCT04839562,Solriamfetol 75 MG,DRUG
NCT04839562,Solriamfetol 150 MG,DRUG
NCT04839562,Placebo,OTHER
NCT03298646,Lidocaine Hydrochloride,DRUG
NCT03298646,Diclofenac,DRUG
NCT00832546,Placebo,DRUG
NCT00832546,Oral NGX426 (Powder in solution),DRUG
NCT05100446,Amoxicillin - high dose dual therapy,DRUG
NCT05100446,Pylera,DRUG
NCT05100446,Esomeprazole 40mg,DRUG
NCT06365788,Abemaciclib,DRUG
NCT06365788,Bicalutamide,DRUG
NCT02322788,Terbutaline sulphate,DRUG
NCT02322788,Placebo for terbutaline sulphate,DRUG
NCT02392546,elobixibat,DRUG
NCT02392546,placebo,DRUG
NCT00607646,Dehydroepiandrosterone,DRUG
NCT00607646,Placebo,DRUG
NCT00815646,Sildenafil,DRUG
NCT06308588,Blinatumomab,DRUG
NCT06308588,Asciminib,DRUG
NCT00669903,AZD0328,DRUG
NCT00669903,Placebo,DRUG
NCT05517603,AJ201,DRUG
NCT05517603,Placebo,DRUG
NCT00000588,Chelation therapy,DRUG
NCT00000588,Placebo,OTHER
NCT02502903,BIV009,DRUG
NCT02502903,Placebo,OTHER
NCT01307488,Ritonavir boosted Atazanavir + Lamivudine,DRUG
NCT01307488,Ritonavir boosted Atazanavir + 2 NRTIs,DRUG
NCT00861588,isoflavones (Soylife 25),DRUG
NCT00861588,placebo,DRUG
NCT02439788,cyclophosphamide,DRUG
NCT02439788,Fludarabine,DRUG
NCT02439788,GINAKIT Cells,GENETIC
NCT03137303,Spirometry at initial visit,DEVICE
NCT03137303,Albuterol,DRUG
NCT03137303,Spirometry at 12-month follow-up,DEVICE
NCT04503603,Lanadelumab,DRUG
NCT04503603,Placebo,OTHER
NCT01663103,Rilonacept,DRUG
NCT01663103,Placebo,DRUG
NCT04298203,Phentermine-Topiramate,DRUG
NCT04298203,Meal Replacement Therapy,DIETARY_SUPPLEMENT
NCT04298203,Placebo,OTHER
NCT07346742,Antimicrobial-coated sutures,DEVICE
NCT07346742,Intravenous Cefuroxime,DRUG
NCT07346742,Placebo intravenous injection,OTHER
NCT00001561,Myeloma Immunoglobulin Idiotype Vaccine-KLH,DRUG
NCT00001561,GM-CSF,DRUG
NCT06325761,SY-5007,DRUG
NCT03833661,M7824,DRUG
NCT03308942,Niraparib,DRUG
NCT03308942,Pembrolizumab,BIOLOGICAL
NCT03308942,TSR-042 (Dostarlimab),BIOLOGICAL
NCT01482286,Metformin,DRUG
NCT01482286,Dietary Restriction,BEHAVIORAL
NCT01482286,Exercise Training,BEHAVIORAL
NCT04092686,SEP-363856 75mg,DRUG
NCT04092686,SEP-363856 100mg,DRUG
NCT04092686,Placebo,DRUG
NCT02890173,CS-3150,DRUG
NCT02890173,Eplerenone,DRUG
NCT06881173,Bu Zhong Yi Qi Tang,DRUG
NCT06881173,caramel dyed starch placebo,DRUG
NCT01711073,Mobilization with G-CSF and Mozobil,DRUG
NCT00851773,semaglutide,DRUG
NCT00851773,placebo,DRUG
NCT02062073,Abametapir Lotion 0.74% w/w,DRUG
NCT02062073,0.1% sodium lauryl sulfate,OTHER
NCT02062073,saline 0.9%,OTHER
NCT02062073,Vehicle Lotion,OTHER
NCT06647069,SAR448501,DRUG
NCT00408369,DB289,DRUG
NCT01961583,18F-Fluciclatide,DRUG
NCT05689983,Maintenance ICS and Symptom Driven SABA,DRUG
NCT05689983,Symptom-driven budesonide/formoterol combination,DRUG
NCT01736683,Sotatercept,DRUG
NCT03277183,Low dose erythropoietin,DRUG
NCT03277183,High dose erythropoietin,DRUG
NCT00004083,cisplatin liposomal,DRUG
NCT01049841,perifosine + temsirolimus,DRUG
NCT02195154,18F-DTBZ,DRUG
NCT00206154,Budesonide/formoterol pMDI,DRUG
NCT00206154,Budesonide pMDI,DRUG
NCT00206154,Formoterol Turbuhaler,DRUG
NCT01404754,Lactose (inactive placebo),DRUG
NCT01404754,midomafetamine HCl,DRUG
NCT00343005,AMA1-C1,BIOLOGICAL
NCT00343005,AMA1-C1/alhydrogel Malaria Vaccine,DRUG
NCT05254405,Brexanolone Injection [Zulresso],DRUG
NCT01570205,XG-102,DRUG
NCT00983905,Theophylline,DRUG
NCT00983905,Colchicine,DRUG
NCT05767905,PF-06821497 Treatment A,DRUG
NCT05767905,PF-06821497 Treatment B,DRUG
NCT05767905,PF-06821497 Treatment C,DRUG
NCT05767905,PF-06821497 Treatment D,DRUG
NCT05767905,PF-06821497 Treatment E,DRUG
NCT05767905,PF-06821497 Treatment F,DRUG
NCT05202405,AD-221,DRUG
NCT05202405,AD-221A and AD-221B,DRUG
NCT02086994,misoprostol,DRUG
NCT02086994,carbetocin,DRUG
NCT03355794,ribociclib,DRUG
NCT03355794,Everolimus,DRUG
NCT01201694,Surface-Controlled Water Soluble Curcumin,DRUG
NCT01201694,Surface-Controlled Water Soluble Curcumin MTD,DRUG
NCT03531294,Aflibercept Injection,DRUG
NCT06512194,Psilocybin,DRUG
NCT06512194,Transcutaneous Auricular Vagus Nerve Stimulation (taVNS),DEVICE
NCT06512194,Sham taVNS,DEVICE
NCT01891994,Eltrombopag,DRUG
NCT00507494,pioglitazone,DRUG
NCT02759666,SHR3162,DRUG
NCT00002766,dactinomycin,BIOLOGICAL
NCT00002766,sargramostim,BIOLOGICAL
NCT00002766,carmustine,DRUG
NCT00002766,cyclophosphamide,DRUG
NCT00002766,cytarabine,DRUG
NCT00002766,daunorubicin hydrochloride,DRUG
NCT00002766,doxorubicin hydrochloride,DRUG
NCT00002766,etoposide,DRUG
NCT00002766,mercaptopurine,DRUG
NCT00002766,methotrexate,DRUG
NCT00002766,mitoxantrone hydrochloride,DRUG
NCT00002766,pegaspargase,DRUG
NCT00002766,prednisone,DRUG
NCT00002766,vincristine sulfate,DRUG
NCT00002766,radiation therapy,RADIATION
NCT02177266,Colchicine,DRUG
NCT02177266,Placebo,DRUG
NCT00441922,Docetaxel,DRUG
NCT00441922,Vinorelbine,DRUG
NCT00512122,Withholding PN during the first week of ICU stay,OTHER
NCT00512122,Oliclinomel N71000 OR N71000E // Clinimix N17G35 OR N17G35E,DRUG
NCT07545122,CT-202,DRUG
NCT00825422,Ropivacaine / Placebo,DRUG
NCT01076322,Meptin® Swinghaler,DRUG
NCT01076322,Ventolin® MDI,DRUG
NCT02932722,Control,OTHER
NCT02932722,Propofol,DRUG
NCT02932722,Sevoflurane,DRUG
NCT07439822,High-flow medical oxygen insufflation,DRUG
NCT07439822,Low-flow medical oxygen insufflation,DRUG
NCT03035422,Sequential Packaging (SET),DRUG
NCT03035422,Transfusion graft,DRUG
NCT03035422,Prevention of GVHD,DRUG
NCT03035422,Care supports,DRUG
NCT03035422,Lymphocyte injection of prophylactic donor (PDLI),DRUG
NCT00054522,calcitriol,DIETARY_SUPPLEMENT
NCT00054522,dexamethasone,DRUG
NCT07159451,Elacestrant,DRUG
NCT07159451,Leuprorelin,DRUG
NCT07038629,S1,DRUG
NCT07038629,Iparomlimab,DRUG
NCT07038629,Radiation,RADIATION
NCT01388829,Treatment A,DRUG
NCT01388829,Treatment B,DRUG
NCT02499029,N-acetylcysteine,DRUG
NCT02499029,Placebo,DRUG
NCT06924229,Hormonal treatment,DRUG
NCT00378729,Metformin and FSHr,DRUG
NCT00378729,Ovarian drilling by FERTILOSCOPY,PROCEDURE
NCT03926559,Morphine.,DRUG
NCT01768559,Lixisenatide (AVE0010),DRUG
NCT01768559,Insulin glulisine QD,DRUG
NCT01768559,Insulin glulisine TID,DRUG
NCT01768559,Insulin Glargine (Mandatory background drug),DRUG
NCT01768559,Metformin (Background drug),DRUG
NCT01250379,bevacizumab [Avastin],DRUG
NCT01250379,Chemotherapy,DRUG
NCT01189279,bimatoprost Formulation A,DRUG
NCT01189279,bimatoprost Formulation B,DRUG
NCT01189279,bimatoprost Formulation C,DRUG
NCT07057479,Fixed-dose combination of SGLT2 inhibitor and thiazolidinedione,DRUG
NCT07057479,Control Group 1 Intervention - SGLT2 inhibitor monotherapy,DRUG
NCT07057479,Control Group 2 Intervention - Thiazolidinedione monotherapy,DRUG
NCT07057479,Background Therapy (All Groups) - Metformin,DRUG
NCT07266779,Ertugliflozin/Metformin film coated tablets,DRUG
NCT07266779,Segluromet film coated tablets,DRUG
NCT02607696,Zolpidem Hemitartarate,DRUG
NCT04571996,ODM-104,DRUG
NCT04571996,Paracetamol,DRUG
NCT03785496,PDR001,DRUG
NCT07347496,Remimazolam Besylate for Injection,DRUG
NCT07347496,Propofol,DRUG
NCT07347496,Alfentanil Hydrochloride Injection,DRUG
NCT06289062,Camrelizumab,DRUG
NCT06289062,Cisplatin,DRUG
NCT06289062,Nab paclitaxel,DRUG
NCT06289062,biopsy,PROCEDURE
NCT00049062,anastrozole,DRUG
NCT00049062,gefitinib,DRUG
NCT06151262,Trilaciclib+mFOLFIRINOX,DRUG
NCT02873962,Bevacizumab,DRUG
NCT02873962,Nivolumab,DRUG
NCT02873962,Rucaparib,DRUG
NCT02872246,BAY 987516,DRUG
NCT02872246,SPF 15 Control,DRUG
NCT05769946,Hemay005,DRUG
NCT04147546,Additional screening using ultra sensitive RDTs,DIAGNOSTIC_TEST
NCT04147546,Dihydroartemisinin-piperaquin,DRUG
NCT04147546,Reminders,OTHER
NCT04108546,Electroacupuncture device,DEVICE
NCT04108546,Epidural analgesia,DRUG
NCT05362188,Nicotinamide Topical,DRUG
NCT06360588,Biopsy Procedure,PROCEDURE
NCT06360588,Biospecimen Collection,PROCEDURE
NCT06360588,Copanlisib,DRUG
NCT06360588,Radiologic Examination,PROCEDURE
NCT02600988,1000IU/day of Vitamine D,DRUG
NCT02600988,5000IU/day of Vitamine D,DRUG
NCT01685827,Fexinidazole,DRUG
NCT01685827,Nifurtimox,DRUG
NCT01685827,Eflornithine,DRUG
NCT04034927,Biospecimen Collection,PROCEDURE
NCT04034927,Computed Tomography,PROCEDURE
NCT04034927,Magnetic Resonance Imaging,PROCEDURE
NCT04034927,Olaparib,DRUG
NCT04034927,Tremelimumab,BIOLOGICAL
NCT04193527,DaTSCAN™ Ioflupane (123I) Injection,DRUG
NCT04977427,Dextenza 0.4Mg Ophthalmic Insert,DRUG
NCT04977427,Prednisolone Acetate 1% Oph Susp,DRUG
NCT03210961,PF-06826647 tablet,DRUG
NCT03210961,PF-06826647 oral suspension,DRUG
NCT03210961,Placebo oral solution/suspension,OTHER
NCT03210961,Placebo tablet,OTHER
NCT05048342,LOU064,DRUG
NCT02470442,Sevoflurane/Desflurane,DRUG
NCT02470442,Sevoflurane,DRUG
NCT03100942,Lanraplenib,DRUG
NCT03100942,Filgotinib,DRUG
NCT03100942,Tirabrutinib,DRUG
NCT03100942,Lanraplenib placebo,DRUG
NCT03100942,Filgotinib placebo,DRUG
NCT03100942,Tirabrutinib placebo,DRUG
NCT05476042,Prescription of placebo,DRUG
NCT05476042,Erythropoietin prescription,DRUG
NCT02860286,Tazemetostat,DRUG
NCT00014586,bicalutamide,DRUG
NCT00014586,goserelin acetate,DRUG
NCT00014586,orchiectomy,PROCEDURE
NCT00138086,Zevalin plus BEAM,DRUG
NCT00598442,peginesatide,DRUG
NCT00598442,Darbepoetin alfa,DRUG
NCT03298542,Golimumab,DRUG
NCT03298542,Placebo,DRUG
NCT04660786,triamcinolone acetonide,DRUG
NCT04660786,vitamin D,DRUG
NCT07217873,Ferric carboxymaltose IV,DRUG
NCT07217873,Normal Saline (Placebo),DRUG
NCT01742273,Vitamin K1,DRUG
NCT00652873,Cabergoline,DRUG
NCT00652873,Dostinex,DRUG
NCT05080569,Progesterone Vaginal Product,DRUG
NCT05080569,Placebo,DRUG
NCT02779569,decitabine,DRUG
NCT02437669,Hydromorphone,DRUG
NCT01951183,Placebo,DRUG
NCT01951183,RO6811135,DRUG
NCT07413354,Tislelizumab plus Huaier granule,DRUG
NCT02947854,Fimaporfin (Photosensitizer),DRUG
NCT02947854,Hiltonol (Poly-ICLC),BIOLOGICAL
NCT02947854,HPV E7 (Human Papilloma Virus E7) peptides,BIOLOGICAL
NCT02947854,KLH (Keyhole Limpet Hemocyanin),BIOLOGICAL
NCT05353205,Flumatinib mesylate tablets (400mg),DRUG
NCT05353205,Flumatinib mesylate tablets (600mg),DRUG
NCT01241669,E5555,DRUG
NCT05349669,Jafron use during CPB,DRUG
NCT00267683,insulin aspart,DRUG
NCT00267683,glibenclamide,DRUG
NCT07110883,SYS6023,DRUG
NCT00480766,MK0217/Duration of Treatment : 12 Months,DRUG
NCT02673866,DS-1971a,DRUG
NCT02673866,placebo,DRUG
NCT02673866,pregabalin,DRUG
NCT06324266,Cyclophosphamide,DRUG
NCT06324266,Lenalidomide,DRUG
NCT05162066,BCX9930,DRUG
NCT05563766,Itraconazole,DRUG
NCT00688766,retaspimycin hydrochloride (IPI-504),DRUG
NCT00688766,placebo,DRUG
NCT00688766,Best supportive care,OTHER
NCT05277766,PIPAC with Nal-IRI,DRUG
NCT03260166,nicotinamide,DRUG
NCT05060666,Ivermectin,DRUG
NCT05060666,Placebo,DRUG
NCT00493766,LBH589,DRUG
NCT02006966,Systemic intravenous lidocaine infusion,DRUG
NCT02006966,Normal saline infusion,DRUG
NCT07656766,Sintilimab,DRUG
NCT07656766,Gossypol Acetate,DRUG
NCT00279266,Thiamine,DRUG
NCT04540666,Propofol,DRUG
NCT06147856,mRNA-3210,DRUG
NCT02719756,Metformin,DRUG
NCT02719756,Dapagliflozin,DRUG
NCT02719756,Metformin up-titration,DRUG
NCT00394056,Vestipitant,DRUG
NCT00394056,Vestipitant + Paroxetine,DRUG
NCT00394056,Placebo,OTHER
NCT03034356,Levetiracetam,DRUG
NCT03034356,Placebo,DRUG
NCT02971956,Pembrolizumab,DRUG
NCT01067222,BF2.649,DRUG
NCT01067222,Modafinil,DRUG
NCT01067222,Placebo,DRUG
NCT00634751,Oxaliplatin,DRUG
NCT00634751,Capecitabine,DRUG
NCT00634751,Sorafenib,DRUG
NCT02963051,Copper,DRUG
NCT02963051,Disulfiram,DRUG
NCT02963051,Copper gluconate,DRUG
NCT01349751,isobaric levobupivacaine,DRUG
NCT01349751,hyperbaric levobupivacaine,DRUG
NCT04811651,Umbilical Cord-derived Mesenchymal Stem Cells,BIOLOGICAL
NCT04811651,Placebo,DRUG
NCT02426229,dabigatran etexilate,DRUG
NCT05198531,TQB2858 Injection,DRUG
NCT05198531,Anlotinib Hydrochloride Capsule,DRUG
NCT05198531,Gemcitabine hydrochloride injection,DRUG
NCT05198531,Cisplatin Injection,DRUG
NCT03751631,Tropicamide 1%-Phenylephrine 2.5% ophthalmic solution (TR/PE),DRUG
NCT03751631,Tropicamide 1% ophthalmic solution (TR),DRUG
NCT03751631,Phenylephrine 2.5% ophthalmic solution (PE),DRUG
NCT04882631,PBI-100 Topical Cream,DRUG
NCT04882631,Positive Control - Sodium laurel sulfate (SLS),DRUG
NCT04882631,"PBI-100 Topical Cream, Vehicle",OTHER
NCT04882631,Negative Control,OTHER
NCT03602131,Chidamide,DRUG
NCT03602131,Cladribine,DRUG
NCT03602131,gemcitabine,DRUG
NCT03602131,Busulfan,DRUG
NCT03602131,Autologous hematopoietic stem cell transplantation,PROCEDURE
NCT02215031,BI 44370,DRUG
NCT02215031,Placebo,DRUG
NCT01397331,Isoflurane,DRUG
NCT01397331,Propofol,DRUG
NCT01100931,YM155,DRUG
NCT01100931,Carboplatin,DRUG
NCT01100931,Paclitaxel,DRUG
NCT04389931,Lactose tab,OTHER
NCT04389931,Omega 3,DRUG
NCT00569231,Candida Antigen,DRUG
NCT05827653,NX210c,DRUG
NCT05827653,Placebo,DRUG
NCT04415853,Lerotinib,DRUG
NCT04415853,Irinotecan/Tegafur,DRUG
NCT07300553,Vancomycin /Amphotericin B (Fungizone®) /Gentamicine 80 mg,DRUG
NCT07300553,Inulin/Inulin C13,DIETARY_SUPPLEMENT
NCT00547053,Amiloride Solution for Inhalation,DRUG
NCT00548145,Pitavastatin,DRUG
NCT00548145,"cholesterol-lowering medicine other than statin(e.g.,Ezetimibe,Colestimide)",DRUG
NCT06708845,zamtocabtagene autoleucel,BIOLOGICAL
NCT06708845,Cyclophosphamide,DRUG
NCT06708845,Fludarabine,DRUG
NCT01274637,Dalteparin Sodium,DRUG
NCT01723345,omega 3,DRUG
NCT06057545,Envarsus®,DRUG
NCT06057545,Prograf,DRUG
NCT03906045,BGF-MDI,DRUG
NCT01619345,semaglutide,DRUG
NCT02378545,Oxygen,DRUG
NCT06442462,SPG302,DRUG
NCT06442462,Placebo,DRUG
NCT00181662,Curcumin,DRUG
NCT01674062,Pertuzumab,DRUG
NCT01674062,Trastuzumab,DRUG
NCT04532346,Hydroxychloroquine,DRUG
NCT03852446,Indoximod HCL (F2) tablets,DRUG
NCT03852446,Indoximod base formulation,DRUG
NCT03852446,Placebo,OTHER
NCT00749788,JTT-302,DRUG
NCT00749788,Placebo,DRUG
NCT02192203,Diclofenac + Menthol Gel,DRUG
NCT02192203,Diclofenac Only Gel,DRUG
NCT02192203,Menthol Only Gel,DRUG
NCT02192203,Placebo Only Gel,DRUG
NCT00001903,RSV Polyclonal Immunoglobulin,DRUG
NCT02423603,Paclitaxel,DRUG
NCT02423603,AZD5363,DRUG
NCT02423603,Placebo,DRUG
NCT03987503,Epclusa (SOF/VEL),DRUG
NCT03987503,Standard of care,DRUG
NCT03987503,Fibroscan® 430 Mini Plus,DEVICE
NCT00264888,PTC124,DRUG
NCT01530503,capecitabine and mitomycin,DRUG
NCT01530503,Capecitabine,DRUG
NCT05011227,Camrelizumab,DRUG
NCT05011227,Chemotherapy,DRUG
NCT05011227,endoscopic surgery,PROCEDURE
NCT06463327,TCB008,DRUG
NCT02630927,AG-519,DRUG
NCT02630927,Placebo,DRUG
NCT01868061,Lebrikizumab,DRUG
NCT01868061,Placebo,DRUG
NCT02174861,Erenumab,DRUG
NCT00157261,tenecteplase,DRUG
NCT06293742,ECC5004,DRUG
NCT06293742,Midazolam,DRUG
NCT06293742,Rosuvastatin,DRUG
NCT06293742,Digoxin,DRUG
NCT06293742,Atorvastatin,DRUG
NCT01193842,Cyclophosphamide,DRUG
NCT01193842,Doxorubicin Hydrochloride,DRUG
NCT01193842,Etoposide,DRUG
NCT01193842,Laboratory Biomarker Analysis,OTHER
NCT01193842,Pharmacological Study,OTHER
NCT01193842,Prednisone,DRUG
NCT01193842,Rituximab,BIOLOGICAL
NCT01193842,Vincristine Sulfate,DRUG
NCT01193842,Vorinostat,DRUG
NCT07460986,bexmarilimab,DRUG
NCT07460986,Doxorubicin,DRUG
NCT00143286,"varenicline (CP-526,555)",DRUG
NCT05002686,Sintilimab,DRUG
NCT05002686,Albumin-Paclitaxel,DRUG
NCT05002686,Capecitabine,DRUG
NCT05002686,Oxaliplatin,DRUG
NCT05002686,Radiation,RADIATION
NCT05002686,Radical gastric cancer surgery,PROCEDURE
NCT05243186,Treadmill workstation,DEVICE
NCT05243186,Methylphenidate,DRUG
NCT03503786,Carboplatin,DRUG
NCT03503786,Paclitaxel,DRUG
NCT03503786,Avelumab,DRUG
NCT00206570,Estradiol,DRUG
NCT01584570,"0.5 mcg/kg IV infusion for 10 min, 1.0 mcg/kg IV infusion for 10 min",DRUG
NCT04122170,Ticagrelor Oral Tablet - Pre-Treatment,DRUG
NCT04122170,Aspirin (ASA) Oral Tablet - Pre-Treatment,DRUG
NCT04122170,Bentracimab (PB2452) Infusion,DRUG
NCT04122170,Placebo (0.9% Sodium chloride) infusion,DRUG
NCT07555470,Mosunetuzumab,DRUG
NCT07555470,Zeprumetostat,DRUG
NCT00392470,cetuximab,BIOLOGICAL
NCT00392470,irinotecan hydrochloride,DRUG
NCT00392470,conventional surgery,PROCEDURE
NCT00392470,neoadjuvant therapy,PROCEDURE
NCT00392470,3-dimensional conformal radiation therapy,RADIATION
NCT00392470,intensity-modulated radiation therapy,RADIATION
NCT04235270,FDC of Macitentan and Tadalafil,COMBINATION_PRODUCT
NCT04235270,Macitentan,DRUG
NCT04235270,Tadalafil,DRUG
NCT07536373,Colchicine 0.5 MG Oral Tablet Once Daily,DRUG
NCT07536373,Placebo,DRUG
NCT00994773,Simvastatin,DRUG
NCT00994773,Tenofovir,DRUG
NCT00994773,Entecavir,DRUG
NCT00931073,Dimebon alone,DRUG
NCT00931073,Dimebon + Ketoconazole,DRUG
NCT00931073,Dimebon + Omeprazole,DRUG
NCT01793883,40 mg Laninamivir Octanoate,DRUG
NCT01793883,80 mg Laninamivir Octanoate,DRUG
NCT01793883,Placebo,DRUG
NCT07647783,SYH2072 Tablets,DRUG
NCT07647783,SYH2072 Placebo,DRUG
NCT06085183,Saline Injection 0.9%,OTHER
NCT06085183,Indigotindisulfonate sodium 0.8%,DRUG
NCT01344083,T1210,DRUG
NCT01344083,Olopatadine hydrochloride,DRUG
NCT03614741,Tinzaparin continuous infusion,DRUG
NCT03614741,Tinzaparin bolus,DRUG
NCT00819741,repaglinide,DRUG
NCT00819741,metformin,DRUG
NCT01871441,Total-body irradiation,RADIATION
NCT01871441,Donor lymphocytes infusion (DLI),BIOLOGICAL
NCT01871441,Cyclophosphamide,DRUG
NCT01871441,Allogeneic hematopoietic stem cell transplantation (HSCT),PROCEDURE
NCT01871441,Tacrolimus,DRUG
NCT01871441,Mycophenolate mofetil,DRUG
NCT02453841,Oxymetazoline,DRUG
NCT05281341,Growth Hormone,DRUG
NCT00641641,Tenofovir + emtricitabine + raltegravir.,DRUG
NCT00529841,Hydrocortisone sodium acetate,DRUG
NCT02143141,duramorph,DRUG
NCT02143141,placebo,DRUG
NCT00453141,dosing of Betamethasone,DRUG
NCT03401541,Calcifediol,DRUG
NCT03401541,Calciferol,DRUG
NCT01325441,BBI608,DRUG
NCT01325441,Paclitaxel,DRUG
NCT01302041,Enzalutamide,DRUG
NCT04199741,89Zr-DFO-SC16.56,DRUG
NCT04199741,"SC16.56, Phase I, Cohort 2",DRUG
NCT04199741,"SC16.56, Phase I, Cohort 3",DRUG
NCT04199741,"SC16.56, Phase II",DRUG
NCT05865041,Farudodstat,DRUG
NCT05865041,Placebo,DRUG
NCT01429441,Ocriplasmin,DRUG
NCT01429441,Sham injection,OTHER
NCT07679841,Imiquimod 5% cream,DRUG
NCT07679841,Nivolumab,DRUG
NCT07228741,Tirzepatide,DRUG
NCT07228741,Resistance Exercise,BEHAVIORAL
NCT07228741,Lifestyle Counseling,BEHAVIORAL
NCT00823641,Infliximab,DRUG
NCT00165841,Rabeprazole 20 mg,DRUG
NCT00001854,Ribavirin,DRUG
NCT00376454,GW493838,DRUG
NCT01536041,ONO-6950,DRUG
NCT01536041,Montelukast,DRUG
NCT01536041,Placebo,DRUG
NCT02548741,Metformin Hydrochloride (500-mg capsule),DRUG
NCT02548741,Calcium carbonate (placebo),DRUG
NCT02548741,"Glucometer (One Touch glucometer), strips and lancets",OTHER
NCT02548741,Urine container for 24-hour urine collection,OTHER
NCT00484341,low-dose NGR-hTNF,DRUG
NCT00484341,high-dose NGR-hTNF,DRUG
NCT00484341,Doxorubicin,DRUG
NCT04865705,tislelizumab,DRUG
NCT03303105,TEV-48125,DRUG
NCT00135005,"AMN107, STI571",DRUG
NCT00193505,Ifosfamide,DRUG
NCT00193505,Carboplatin,DRUG
NCT00193505,Etoposide,DRUG
NCT00193505,Rituximab,DRUG
NCT00193505,90Y Zevalin,DRUG
NCT07608705,HRS-1301 Tablets,DRUG
NCT07608705,Atorvastatin Calcium Tablets,DRUG
NCT07608705,Midazolam oral solution,DRUG
NCT03105505,Permethrin 5%,DRUG
NCT03105505,Synthomycine 5%,DRUG
NCT03105505,Fusidic Acid 1% M/R Eye Drops,DRUG
NCT01702194,TD-1211 IV [C14],DRUG
NCT01702194,TD-1211 PO [C14],DRUG
NCT02076594,Docetaxel,DRUG
NCT02076594,Epirubicin,DRUG
NCT02076594,Oxaliplatin,DRUG
NCT02076594,Capecitabine,DRUG
NCT05180851,Recombinant L-IFN adenovirus injection,DRUG
NCT04294056,Ciprofol,DRUG
NCT04294056,Propofol,DRUG
NCT00177866,Celebrex,DRUG
NCT00177866,placebo,DRUG
NCT00782951,Org 28611,DRUG
NCT00782951,morphine sulfate,DRUG
NCT00782951,Placebo,DRUG
NCT00751751,"olmesartan medoxomil + hydrochlorothiazide, if necessary",DRUG
NCT00751751,"losartan + hydrochlorothiazide, if necessary",DRUG
NCT01014351,Paclitaxel,DRUG
NCT01014351,Carboplatin,DRUG
NCT01014351,Everolimus,DRUG
NCT03076151,Tacrolimus monohydrate (ADOPORT®),DRUG
NCT00039351,cyclophosphamide,DRUG
NCT00039351,prednisone,DRUG
NCT00039351,vincristine sulfate,DRUG
NCT00039351,radiation therapy,RADIATION
NCT06358651,Fasedienol Nasal Spray,DRUG
NCT06358651,Placebo Nasal Spray,DRUG
NCT01475851,GSK548470 300 mg tablet,DRUG
NCT00123851,Tarceva (OSI-774),DRUG
NCT00123851,Capecitabine,DRUG
NCT00123851,Oxaliplatin,DRUG
NCT03243851,Temozolomide+Metformin,DRUG
NCT03243851,Temozolomide+Placebo,DRUG
NCT00919451,ciclosporin,DRUG
NCT05288166,Abemaciclib,DRUG
NCT05288166,Abiraterone,DRUG
NCT05288166,Prednisone or Prednisolone,DRUG
NCT05288166,Placebo for Abemaciclib,DRUG
NCT02063802,metformin,DRUG
NCT02063802,Conjugated Linoleic Acid,DIETARY_SUPPLEMENT
NCT02063802,Placebo,DRUG
NCT02063802,Healthy habits program,BEHAVIORAL
NCT02578602,Gadoxetate Disodium,DRUG
NCT02578602,Magnetic Resonance Imaging,DEVICE
NCT04775602,18F-PSMA,DRUG
NCT04791202,Dextrose,DRUG
NCT04791202,Methylprednisolone Acetate 40 MG/ML,DRUG
NCT00264602,Near Infrared Imaging,DRUG
NCT07333937,Neratinib Combined with Fulvestrant and Eribulin,DRUG
NCT02391337,Bisoprolol,DRUG
NCT02391337,Digoxin,DRUG
NCT06732245,NA-931,DRUG
NCT06732245,Tirzepatide,DRUG
NCT06732245,NA-931 150 mg + no Tirzepatide,DRUG
NCT01014637,Amorolfine (Antifungal),DRUG
NCT01014637,"RV4104A, Ciclopiroxolamine, Cyclopirox (Keratolytic Agents/Antifungal)",DRUG
NCT00198237,docetaxel & capecitabine,DRUG
NCT04243837,LYT-100 BCRL,DRUG
NCT04243837,Placebo BCRL,DRUG
NCT05799495,PF-07817883,DRUG
NCT05799495,Placebo,DRUG
NCT00272662,peginesatide,DRUG
NCT02961946,Nitroglycerin,DRUG
NCT03992846,75 mg linzagolix tablet,DRUG
NCT03992846,200 mg linzagolix tablet,DRUG
NCT03992846,Add-back capsule (E2 1 mg / NETA 0.5 mg),DRUG
NCT03992846,Placebo tablet to match 75 mg linzagolix tablet,DRUG
NCT03992846,Placebo tablet to match 200 mg linzagolix tablet,DRUG
NCT03992846,Placebo capsule to match Add-back capsule,DRUG
NCT00006388,tamoxifen citrate,DRUG
NCT00006388,radiation therapy,RADIATION
NCT00130403,risedronate sodium,DRUG
NCT05502146,Noradrenaline Bitartrate,DRUG
NCT05502146,Bupivacaine Hydrochloride,DRUG
NCT00156546,antibiotic to reduce the recurrence of infection,DRUG
NCT00998088,erythropoietin and cell saver,OTHER
NCT00998088,erythropoietin,DRUG
NCT00998088,OrthoPAT,DEVICE
NCT00998088,Post-operative drain device,DEVICE
NCT00998088,Erythropoietin and OrthoPAT,OTHER
NCT00998088,Erythropoietin and drain device,OTHER
NCT00929903,pazopanib hydrochloride,DRUG
NCT00929903,pharmacological study,OTHER
NCT02071927,CB-839,DRUG
NCT02071927,CB-Aza,DRUG
NCT02811627,Memantine,DRUG
NCT02811627,Magnetic Resonance Imaging,DEVICE
NCT03416127,Propolis,DRUG
NCT03416127,Metformin,DRUG
NCT03416127,Placebo,DRUG
NCT01030861,Teplizumab,DRUG
NCT01030861,Placebo infusion,DRUG
NCT02092961,Fostamatinib,DRUG
NCT02092961,Adalimumab,DRUG
NCT02092961,Placebo of Fostamatinib,DRUG
NCT02092961,Placebo of Adalimumab,DRUG
NCT00763061,Travoprost 0.004% Ophthalmic Solution (Travatan),DRUG
NCT00763061,Timolol 0.5% Ophthalmic Solution (Timoptic),DRUG
NCT02800161,Trehalose,DRUG
NCT02800161,Maltose,DRUG
NCT07214142,PD-1,DRUG
NCT03657342,Liposomal Cyclosporine A,DRUG
NCT03657342,standard of care,DRUG
NCT04506242,SHR-1210,DRUG
NCT04506242,Apatinib,DRUG
NCT05173142,HMPL-453,DRUG
NCT05173142,gemcitabine and cisplatin,DRUG
NCT05173142,toripalimab,DRUG
NCT05173142,Docetaxel,DRUG
NCT00485342,Peg-interferon alpha 2a and ribavin,DRUG
NCT00485342,ribavirin with adaptation dose,DRUG
NCT01145586,Lactase Oral Tablets,DRUG
NCT06890286,BR3006,DRUG
NCT06890286,BR3006A,DRUG
NCT06890286,BR3006B,DRUG
NCT06890286,BR3006C,DRUG
NCT06846086,Melatonin 10 MG,DRUG
NCT06846086,Placebo,DRUG
NCT02557386,Levobupivacaine 5 mL,DRUG
NCT02557386,Levobupivacaine 10 mL,DRUG
NCT02557386,Levobupivacaine 15 mL,DRUG
NCT02557386,Levobupivacaine 20 mL,DRUG
NCT02557386,Levobupivacaine 25 mL,DRUG
NCT02557386,Levobupivacaine 30 mL,DRUG
NCT00385970,Tegafur-uracil (UFT),DRUG
NCT00385970,Calcium folinate (LV),DRUG
NCT00385970,Krestin (PSK),DRUG
NCT01808573,neratinib,DRUG
NCT01808573,capecitabine,DRUG
NCT01808573,lapatinib,DRUG
NCT05672173,Biopsy,PROCEDURE
NCT05672173,Biospecimen Collection,PROCEDURE
NCT05672173,Bone Marrow Biopsy,PROCEDURE
NCT05672173,Computed Tomography,PROCEDURE
NCT05672173,Cyclophosphamide,DRUG
NCT05672173,Fludarabine,DRUG
NCT05672173,Ibrutinib,DRUG
NCT05672173,Lisocabtagene Maraleucel,BIOLOGICAL
NCT05672173,Nivolumab,BIOLOGICAL
NCT05672173,Pheresis,PROCEDURE
NCT05672173,Positron Emission Tomography,PROCEDURE
NCT05843669,Guafenesin tablets,DRUG
NCT03117569,glecaprevir (300mg)/pibrentasvir (120mg),DRUG
NCT05878769,Astegolimab,DRUG
NCT00423683,Arixtra alone,DRUG
NCT00423683,Arixtra + filter,DEVICE
NCT04744883,Spinal Manipulation Therapy (SMT),OTHER
NCT04744883,Naloxone,DRUG
NCT04744883,Placebo,DRUG
NCT04744883,Mindfulness Based Stress Reduction Therapy (MT),BEHAVIORAL
NCT03398941,Preoperative Long Period Octreotide Combined With Postoperative Short Period Octreotide,DRUG
NCT07044141,Azathioprine,DRUG
NCT07044141,Tofacitinib,DRUG
NCT00276354,PEG 4000 (Forlax ®),DRUG
NCT07518654,Therapeutic Inducers of Natural Killer Killing (ThINKK),DRUG
NCT03614273,Hypertonic saline,DRUG
NCT03614273,Adrenaline,DRUG
NCT00434473,A-001,DRUG
NCT00434473,Placebo,OTHER
NCT07315373,Zanubrutinib 80mg/d,DRUG
NCT07315373,High dose dexamethasone,DRUG
NCT07315373,Zanubrutinib 160mg/d,DRUG
NCT07315373,Zanubrutinib 240mg/d,DRUG
NCT01039805,GSK962040 (50 mg),DRUG
NCT01039805,Placebo,DRUG
NCT01039805,GSK962040 (75 mg),DRUG
NCT05680805,Metformin Hydrochloride,DRUG
NCT00126269,cisplatin,DRUG
NCT00126269,gemcitabine,DRUG
NCT05717569,Vitamin D,DRUG
NCT00026169,imatinib mesylate,DRUG
NCT00026169,laboratory biomarker analysis,OTHER
NCT00026169,pharmacological study,OTHER
NCT06947083,Elranatamab,DRUG
NCT07707505,Urine-Derived Exosomes (USC-Exos),BIOLOGICAL
NCT07707505,Rectal Medical Ozone Insufflation,PROCEDURE
NCT07707505,Daily Phosphodiesterase type 5 (PDE5) Inhibitor,DRUG
NCT04912505,Aspirin,DRUG
NCT02282605,XF-73 nasal gel,DRUG
NCT02282605,Placebo nasal gel,DRUG
NCT02282605,Chlorhexidine gluconate 2% topical cloths,OTHER
NCT06061094,Imatinib,DRUG
NCT06061094,Ponatinib,DRUG
NCT06061094,Blinatumomab,DRUG
NCT06061094,Indication for stem cell transplantation,OTHER
NCT07069166,Para-probiotic oral care,DRUG
NCT07069166,Chlorhexidine oral care,DRUG
NCT05857566,RDX-002,DRUG
NCT04037566,XYF19 CAR-T cell,GENETIC
NCT04037566,Cyclophosphamide,DRUG
NCT04037566,Fludarabine,DRUG
NCT02867566,IBI301 plus CHOP,DRUG
NCT02867566,Rituximab plus CHOP,DRUG
NCT00127166,Montelukast sodium,DRUG
NCT00127166,Salmeterol xinafoate,DRUG
NCT00127166,Fluticasone propionate,DRUG
NCT00127166,Montelukast matching placebo,DRUG
NCT00127166,Salmeterol matching placebo,DRUG
NCT02065466,nab-paclitaxel,DRUG
NCT02065466,Temozolomide,DRUG
NCT02065466,Bevacizumab,DRUG
NCT07184866,Vitamin C,DRUG
NCT07184866,Standard of Care (SOC),OTHER
NCT03834766,"AMPH ER Tab 5, 10, 15 and 20 mg",DRUG
NCT03834766,"AMPH ER Tab Matching Placebo 5, 10, 15 and 20 mg",DRUG
NCT06790966,Combination Treatment of PDS0101 and Pembrolizumab,COMBINATION_PRODUCT
NCT06790966,Pembrolizumab Monotherapy,DRUG
NCT06217822,225Ac-PSMA-Trillium (BAY3563254),DRUG
NCT05141422,SHR2150 tablet、efavirenz,DRUG
NCT06284122,Mosunetuzumab,DRUG
NCT06284122,Lenalidomide,DRUG
NCT06284122,Rituximab,DRUG
NCT06284122,Obinutuzumab,DRUG
NCT06284122,Cyclophosphamide,DRUG
NCT06284122,Doxorubicin,DRUG
NCT06284122,Vincristin,DRUG
NCT06284122,Prednisone,DRUG
NCT06284122,Bendamustin,DRUG
NCT04890522,Triprilimab(JS001),DRUG
NCT04890522,Cisplatin,DRUG
NCT04890522,5-Fluorouracil,DRUG
NCT04890522,Gemcitabine,DRUG
NCT03197922,MIE Treatment,BEHAVIORAL
NCT03197922,Glycerin Suppository,DRUG
NCT03197922,Treatment as Usual (TAU),COMBINATION_PRODUCT
NCT04910022,NMS-03305293,DRUG
NCT04910022,Temozolomide,DRUG
NCT03164122,injection of microfat and plasma rich platelet PRP,DRUG
NCT03164122,MRI,DEVICE
NCT00001951,TMTDS,DRUG
NCT05124951,Whole-ventricle irradiation,RADIATION
NCT05124951,Carboplatin/etoposide,DRUG
NCT05124951,Ifosfamide/cisplatin/etoposide,DRUG
NCT05124951,Second-look surgery,PROCEDURE
NCT03488251,MT-3724,DRUG
NCT03488251,Gemcitabine,DRUG
NCT03488251,Oxaliplatin,DRUG
NCT01147029,angiogenesis inhibitor GSAO,DRUG
NCT01147029,laboratory biomarker analysis,OTHER
NCT01147029,pharmacological study,OTHER
NCT01147029,dynamic contrast-enhanced magnetic resonance imaging,PROCEDURE
NCT03428529,Capecitabine Oral Product,DRUG
NCT03428529,5Fluorouracil,DRUG
NCT04509102,Adderall-XR,DRUG
NCT04509102,Placebo,DRUG
NCT00660231,bexarotene,DRUG
NCT00660231,gemcitabine hydrochloride,DRUG
NCT00496431,histone deacetylase inhibitor (ITF2357),DRUG
NCT04880031,Efimosfermin,DRUG
NCT04880031,Placebo,DRUG
NCT00060931,carvedilol,DRUG
NCT00060931,metoprolol,DRUG
NCT01468831,Minocycline,DRUG
NCT01468831,Placebo,OTHER
NCT01468831,Bevacizumab,DRUG
NCT01264731,MELITAC 12.1,BIOLOGICAL
NCT01264731,Imiquimod,DRUG
NCT05246631,Dexamethasone injection,DRUG
NCT05246631,Haloperidol Injection,DRUG
NCT02371031,"6-[F-18]-Fluoro-L-3,4,-dihydroxyphenylalanine",DRUG
NCT02371031,PET/MRI,DEVICE
NCT02371031,Surgical resection (standard of care),PROCEDURE
NCT06534502,Zonisamide Oral Product,DRUG
NCT00822302,Reconstituted High Density Lipoprotein,DRUG
NCT00822302,Saline,DRUG
NCT04579302,Serratus anterior block (SAB),PROCEDURE
NCT04579302,Erector spinae block,PROCEDURE
NCT04579302,Saline (as a placebo),DRUG
NCT04579302,Bupivacaine,DRUG
NCT02650102,Risperidone,DRUG
NCT02650102,Olanzapine,DRUG
NCT02650102,Quetiapine,DRUG
NCT02650102,Aripiprazole,DRUG
NCT02650102,Ziprasidone,DRUG
NCT04142502,Propofol,DRUG
NCT04142502,Dexmedetomidin,DRUG
NCT03292302,Placebo,DRUG
NCT03292302,ELX-02,DRUG
NCT00384202,Tacrolimus,DRUG
NCT03081702,Hydroxychloroquine,DRUG
NCT03081702,Itraconazole,DRUG
NCT02369302,DWC20141,DRUG
NCT02369302,DWC20142,DRUG
NCT02369302,"DWC20141, DWC20142",DRUG
NCT00418002,AQW051,DRUG
NCT05862402,Dose-adjustment by PKPD,DRUG
NCT01025102,Naropin 0.1% cum sufentanil,DRUG
NCT06414902,ArabinoFuranosylGuanine [18F]F-AraG,DRUG
NCT04185402,Azithromycin,DRUG
NCT02890602,Darbepoetin alfa,DRUG
NCT02890602,R-CHOP,DRUG
NCT07439653,TORL-5-700,DRUG
NCT07439653,TORL-5-700 at MTD/RP2D,DRUG
NCT07439653,TORL-5-700 at MTD/RP2D in combination with another agent,DRUG
NCT06338553,Semaglutide (Rybelsus®),DRUG
NCT06338553,Placebo,DRUG
NCT01355302,E7050,DRUG
NCT01355302,cisplatin,DRUG
NCT01355302,capecitabine,DRUG
NCT01843153,Ropivacaine,DRUG
NCT06322953,Direct-Acting Oral Anticoagulants (used as per local standard practice),DRUG
NCT00002953,cyclophosphamide,DRUG
NCT00002953,epirubicin hydrochloride,DRUG
NCT00002953,paclitaxel,DRUG
NCT00457353,Bacillus Clausii,DRUG
NCT00457353,Oral rehydration therapy,OTHER
NCT02123953,TAK-438,DRUG
NCT02123953,TAK-438 Placebo,DRUG
NCT00635037,bupivacaine and acupuncture,DRUG
NCT05969327,Vitamin D,DRUG
NCT07036861,Ibuprofen 2%,DRUG
NCT07036861,Ibuprofen 4%,DRUG
NCT01006161,SCH 527123,DRUG
NCT01069042,Enalapril,DRUG
NCT00715442,Sunitinib,DRUG
NCT00715442,Nephrectomy,PROCEDURE
NCT00461942,Green Tea Polyphenols (EGCG/ECG),DRUG
NCT00325442,Oral treprostinil (UT-15C) sustained release tablets,DRUG
NCT00325442,Placebo,DRUG
NCT00811642,Posaconazole,DRUG
NCT01369186,Morphine,DRUG
NCT01369186,Placebo,DRUG
NCT01681186,LY2940680 Capsule(s) (Reference),DRUG
NCT01681186,LY2940680 Tablet (Test),DRUG
NCT01681186,Lansoprazole,DRUG
NCT01681186,Placebo Capsule(s),DRUG
NCT03742986,Nivolumab 360mg,DRUG
NCT03742986,Paclitaxel 80mg/m^2,DRUG
NCT03742986,Doxorubicin 60mg/m^2,DRUG
NCT03742986,Cyclophosphamide 600mg/m^2,DRUG
NCT03742986,Paclitaxel 80mg/m^2 or Docetaxel 75mg/m^2,DRUG
NCT03742986,Trastuzumab 8mg/kg and 6 mg/kg,DRUG
NCT03742986,Pertuzumab 840mg and 420mg,DRUG
NCT06051786,azelastine/fluticasone 137/50 mcg nasal spray,DRUG
NCT06051786,Dymista™,DRUG
NCT05838573,Metformin treatment,DRUG
NCT05838573,Placebo treatment,DRUG
NCT05838573,Baseline assessments,OTHER
NCT05838573,Volunteer assessments,OTHER
NCT01274273,Interleukin-2,DRUG
NCT01274273,Interferon Alfa-2b,DRUG
NCT01274273,Bevacizumab,DRUG
NCT01700673,Azacitidine,DRUG
NCT01700673,Sargramostim,BIOLOGICAL
NCT02175069,Interscalene Nerve Block,PROCEDURE
NCT02175069,"Ropivacaine 0.75%, 20ml",DRUG
NCT02175069,Gadopentetate-Dimeglumine 0.0125 mmol,DRUG
NCT02175069,Gadopentetate-Dimeglumine 0.05 mmol,DRUG
NCT02175069,"Ropivacaine 0.75%, 5ml",DRUG
NCT02175069,Shoulder Surgery,PROCEDURE
NCT00132769,MK-0873,DRUG
NCT00132769,Comparator: Placebo,DRUG
NCT00257283,Omega-3-acid ethyl esters 90,DRUG
NCT00271583,CDB-2914,DRUG
NCT00271583,levonorgestrel,DRUG
NCT04828083,Lidocaine IV,DRUG
NCT04828083,Saline IV,DRUG
NCT07419841,CTX-10726,DRUG
NCT01809041,Sevoflurane,DRUG
NCT01809041,propofol,DRUG
NCT01809041,remifentanil,DRUG
NCT06231641,Lemborexant 5 MG [Dayvigo],DRUG
NCT06231641,Matching Placebo,OTHER
NCT06288841,Ropivacaine injection,DRUG
NCT06288841,Bupivacaine liposome,DRUG
NCT05421741,Antibiotic coated intramedullary Nail,DRUG
NCT05421741,Standard Intramedullary Nail,OTHER
NCT00035854,Zyvox® / Linezolid,DRUG
NCT03268954,Azacitidine,DRUG
NCT03268954,Pevonedistat,DRUG
NCT00331305,Supervised Exercise,BEHAVIORAL
NCT00331305,Home-Based Exercise,BEHAVIORAL
NCT00331305,Sertraline (Zoloft),DRUG
NCT00331305,Placebo Pill,DRUG
NCT00002305,Flucytosine,DRUG
NCT00002305,Fluconazole,DRUG
NCT00002305,Amphotericin B,DRUG
NCT06718205,Nimotuzumab,DRUG
NCT06718205,Sintilimab,DRUG
NCT06718205,Paclitaxel-albumin,DRUG
NCT06718205,Cisplatin,DRUG
NCT01323205,JNJ-40411813,DRUG
NCT01323205,Placebo,DRUG
NCT01323205,Antipsychotic medication,DRUG
NCT01007994,"New Medication: Enalapril, Isradipine, Propranolol",DRUG
NCT01225094,curcumin,DRUG
NCT01225094,placebo,OTHER
NCT01491594,Eltrombopag,DRUG
NCT07357766,Cagrisema,DRUG
NCT07357766,Placebo CagriSema,DRUG
NCT02815566,tenofovir-alafenamide-emtricitabine,DRUG
NCT02815566,tenofovir-emtricitabine,DRUG
NCT00812266,topotecan + cisplatin,DRUG
NCT00812266,Etoposide + carboplatin,DRUG
NCT05648266,Continous SAPB (Ropivacain),DRUG
NCT05648266,institutional standard of care pain medication protocol,OTHER
NCT03275454,BIVV009 6.5 grams,DRUG
NCT03275454,BIVV009 7.5 grams,DRUG
NCT03384654,Daratumumab,DRUG
NCT03384654,Vincristine,DRUG
NCT03384654,Prednisone,DRUG
NCT03384654,Doxorubicin,DRUG
NCT03384654,Peg-asparaginase,BIOLOGICAL
NCT03384654,Cyclophosphamide,DRUG
NCT03384654,Cytarabine,DRUG
NCT03384654,6-mercaptopurine,DRUG
NCT03384654,Methotrexate,DRUG
NCT00324805,Bevacizumab,BIOLOGICAL
NCT00324805,Cisplatin,DRUG
NCT00324805,Docetaxel,DRUG
NCT00324805,Gemcitabine Hydrochloride,DRUG
NCT00324805,Laboratory Biomarker Analysis,OTHER
NCT00324805,Pemetrexed Disodium,DRUG
NCT00324805,Questionnaire Administration,OTHER
NCT00324805,Vinorelbine Tartrate,DRUG
NCT03780894,Fibrinogen Concentrate (Human) 1 MG [RiaSTAP],DRUG
NCT03780894,Red blood cells concentrate,BIOLOGICAL
NCT03780894,Tranexamic Acid,DRUG
NCT00927394,Aliskiren,DRUG
NCT00927394,Valsartan,DRUG
NCT00927394,Placebo for Aliskiren,DRUG
NCT00927394,Placebo for Valsartan,DRUG
NCT00099294,Glufosfamide,DRUG
NCT03332329,Entecavir,DRUG
NCT03332329,Granulocyte Macrophage Colony Stimulating Factor,DRUG
NCT03332329,Y peginterferon alfa-2b,DRUG
NCT03332329,HBV vaccine,DRUG
NCT04806529,Adjuvanted SARS-CoV-2 Subunit vaccine (aCoV2),DRUG
NCT04806529,Comparator,DRUG
NCT01855529,Ropivacaine in one arm and placebo (NaCl) in the other arm,DRUG
NCT01955629,Aflibercept AVE0005,DRUG
NCT01955629,Oxaliplatin,DRUG
NCT01955629,Capecitabine,DRUG
NCT00003129,valrubicin,DRUG
NCT01559129,Pomalidomide (CC-4047),DRUG
NCT01559129,Placebo,DRUG
NCT02640729,Nelotanserin,DRUG
NCT02640729,Placebo,DRUG
NCT04865029,Placebo injection and placebo pill,OTHER
NCT04865029,Estradiol Cypionate 5 mg/ml,DRUG
NCT04865029,Progesterone 200 mg Oral Capsule,DRUG
NCT00145002,VCAP-AMP-VECP with G-CSF and intrathecal prophylaxis,DRUG
NCT00145002,biweekly-CHOP with G-CSF and intrathecal prophylaxis,DRUG
NCT04500002,Isonicotinic Acid Hydrazide,DRUG
NCT04500002,Misoprostol,DRUG
NCT00914602,Sinemet 25-100 Oral Tablet,DRUG
NCT00914602,XP21279,DRUG
NCT00914602,Carbidopa Pill,DRUG
NCT02425202,Ketamine,DRUG
NCT02425202,Saline infusion,OTHER
NCT00119002,dexamethasone,DRUG
NCT00119002,Placebo,DRUG
NCT03655002,Cyclophosphamide,DRUG
NCT03655002,Cytokine-based Biologic Agent IRX-2,BIOLOGICAL
NCT03655002,Nivolumab,BIOLOGICAL
NCT05740202,SHR-7367,DRUG
NCT00837902,Atenolol (β-blocker),DRUG
NCT05420402,Propofol bolus,DRUG
NCT05420402,Propofol continuous infusion,DRUG
NCT02094053,E2020-Donepezil hydrochloride,DRUG
NCT02094053,Placebo,DRUG
NCT03705351,Tumor Treating Fields,DEVICE
NCT03705351,Temozolomide,DRUG
NCT03705351,Radiation Therapy,RADIATION
NCT03392051,ISIS 681257,DRUG
NCT03392051,Clopidogrel,DRUG
NCT00064051,gemcitabine hydrochloride,DRUG
NCT00064051,triapine,DRUG
NCT05215951,osimertinib,DRUG
NCT05767229,Carvedilol,DRUG
NCT06003829,Sinsunatovir,DRUG
NCT06003829,Bitrex,OTHER
NCT00890929,Lenalidomide,DRUG
NCT00890929,Azacitidine,DRUG
NCT02762929,HTX-011A,DRUG
NCT02762929,Saline Placebo,BIOLOGICAL
NCT02762929,HTX-011B,DRUG
NCT02762929,HTX-002,DRUG
NCT02762929,Bupivacaine HCl,DRUG
NCT02762929,HTX-009,DRUG
NCT04736329,Telmisartan,DRUG
NCT01821729,FOLFIRINOX,DRUG
NCT01821729,Losartan,DRUG
NCT01821729,Proton Beam Radiation,RADIATION
NCT01481129,Akt Inhibitor MK2206,DRUG
NCT01481129,Laboratory Biomarker Analysis,OTHER
NCT01481129,Pharmacological Study,OTHER
NCT04858529,investigator-selected taxane/carboplatin/trastuzumab/pertuzumab (TCHP),DRUG
NCT04858529,investigator-selected taxane/trastuzumab/pertuzumab (THP),DRUG
NCT04855929,ANV419,DRUG
NCT04855929,Ipilimumab,DRUG
NCT02848729,Oral Acetaminophen,DRUG
NCT02848729,IV Acetaminophen,DRUG
NCT02848729,IV Morphine,DRUG
NCT02848729,Placebo Tablets,DRUG
NCT02848729,Saline,DRUG
NCT01593735,MK-2748,DRUG
NCT01593735,Placebo,DRUG
NCT04560725,11C-Choline,DRUG
NCT06733025,Tendon lengthening surgery,PROCEDURE
NCT06733025,BoNT Injections,DRUG
NCT05470725,CIN-107,DRUG
NCT01981408,[^14C]-LY2801653,DRUG
NCT00117117,Aranesp,DRUG
NCT02663089,[14C]-GSK961081 solution for IV infusion,DRUG
NCT02663089,[14C]-GSK961081 oral solution,DRUG
NCT02663089,GSK961081 dry powder for inhalation,DRUG
NCT00239889,Salmon calcitonin,DRUG
NCT00784368,ITCZ Oral Solution,DRUG
NCT00784368,ITCZ-IV,DRUG
NCT00565968,melphalan,DRUG
NCT00565968,sorafenib tosylate,DRUG
NCT00565968,gene expression analysis,GENETIC
NCT00565968,protein expression analysis,GENETIC
NCT00565968,western blotting,GENETIC
NCT00565968,pharmacological study,OTHER
NCT07167368,Standardized Basic Drug Therapy for HFrEF with Chronic Kidney Dysfunction,DRUG
NCT07167368,Home-based Personalized Exercise Rehabilitation,BEHAVIORAL
NCT06246968,Pembrolizumab,DRUG
NCT06246968,Cryoablation,DEVICE
NCT01524068,Standard Steroid Treatment,DRUG
NCT01524068,"The Standard Steroid Treatment, Plasma Exchange and rituximab",DRUG
NCT04797468,HLX23,DRUG
NCT04924868,Ursodeoxycholic Acid,DRUG
NCT04924868,Placebo,DRUG
NCT07209189,Toripalimab + Chemotherapy,DRUG
NCT07209189,Toripalimab,DRUG
NCT07209189,Chemoradiotherapy or radiation,RADIATION
NCT01342289,Cyclophosphamide,DRUG
NCT01342289,Fludarabine,DRUG
NCT01342289,Total body irradiation,RADIATION
NCT01342289,Mycophenolate Mofetil,DRUG
NCT01342289,Tacrolimus 60,DRUG
NCT01342289,Tacrolimus 90,DRUG
NCT01342289,Tacrolimus 120,DRUG
NCT01342289,Bone marrow transplant,BIOLOGICAL
NCT04007289,Apixaban,DRUG
NCT04007289,Placebo,DRUG
NCT00316550,AV608,DRUG
NCT05822050,Selinexor,DRUG
NCT04557150,Forimtamig,DRUG
NCT06059391,Allogeneic Hematopoietic Stem Cell Transplantation,PROCEDURE
NCT06059391,Biospecimen Collection,PROCEDURE
NCT06059391,Granulocyte Colony-Stimulating Factor,DRUG
NCT06059391,Hematopoietic Cell Transplantation Conditioning Regimen,DRUG
NCT06059391,Multi-peptide CMV-Modified Vaccinia Ankara Vaccine,BIOLOGICAL
NCT06059391,Pheresis,PROCEDURE
NCT06059391,Placebo Administration,DRUG
NCT06059391,Stem Cell Mobilization Therapy,DRUG
NCT01378091,Lenalidomide,DRUG
NCT01378091,Docetaxel,DRUG
NCT01378091,Prednisone,DRUG
NCT02320474,Aflibercept,DRUG
NCT01771874,MDMA,DRUG
NCT01771874,Bupropion,DRUG
NCT01771874,Placebo,DRUG
NCT00131118,Zoledronic Acid,DRUG
NCT04055818,Nicotinamide,DRUG
NCT07421518,SGLT-2 inhibitor (Sotagliflozin),DRUG
NCT07421518,Insulin withdrawal test (IWT),OTHER
NCT03627390,BP-C1,DRUG
NCT03627390,BP-C2,DRUG
NCT02059590,Pyridinylmethyl-14C-labeled isavuconazonium sulfate,DRUG
NCT05676697,Linperlisib,DRUG
NCT07066397,ARM011,BIOLOGICAL
NCT07066397,Fludarabine,DRUG
NCT07066397,Cyclophosphamide,DRUG
NCT07695597,SYH2070,DRUG
NCT07695597,Placebo,DRUG
NCT01473797,Cladribine,DRUG
NCT07289997,Iparomlimab and Tuvonralimab Injection (QL1706),DRUG
NCT01482897,Prednisolone acetate,DRUG
NCT01482897,sham procedure,DRUG
NCT01482897,comparator : physiological solution,DRUG
NCT01293097,Atorvastatin,DRUG
NCT01293097,Statin,DRUG
NCT01373710,Trastuzumab,DRUG
NCT00029510,Magnesium,DRUG
NCT06251310,SW-682,DRUG
NCT06251310,Combination Therapy,DRUG
NCT00146913,Imatinib mesylate 600mg/day,DRUG
NCT00146913,Peg-Interféron at 90 microg/week,DRUG
NCT05025813,Pembrolizumab,DRUG
NCT02741713,"PECS ""Pectoralis"" 1 and 2 Blocks",PROCEDURE
NCT02741713,Interscalene Block,PROCEDURE
NCT02741713,Sham Block,PROCEDURE
NCT02741713,Solution for Injection in Interscalene Block,DRUG
NCT02741713,Solution for Injection in Sham Block,DRUG
NCT02741713,Solution for Injection PECS Blocks,DRUG
NCT07547813,LAD328,DRUG
NCT07547813,Placebo,OTHER
NCT02385760,CTX-4430,DRUG
NCT02385760,Placebo,DRUG
NCT05638620,stellate ganglion block with 0.5% bupivacaine,DRUG
NCT00244920,bicalutamide,DRUG
NCT00244920,leuprolide acetate,DRUG
NCT00244920,squalamine lactate,DRUG
NCT00244920,adjuvant therapy,PROCEDURE
NCT00244920,antiandrogen therapy,PROCEDURE
NCT00244920,antiangiogenesis therapy,PROCEDURE
NCT00244920,conventional surgery,PROCEDURE
NCT00244920,neoadjuvant therapy,PROCEDURE
NCT00244920,releasing hormone agonist therapy,PROCEDURE
NCT02782520,Ringer Lactate (10ml/kg) fluid expansion,DRUG
NCT02782520,Hypertonic saline (3ml/kg) fluid expansion,DRUG
NCT00912782,Vitamin D3,DRUG
NCT00912782,Placebo,DRUG
NCT01817582,Lotemax,DRUG
NCT01817582,Restasis,DRUG
NCT01817582,Soothe® Lubricant Eye Drops,DRUG
NCT06401824,Sacituzumab Govitecan-Hziy 180 MG plus bevacizumab,DRUG
NCT00179023,Trimethaphan,DRUG
NCT00179023,Pseudoephedrine,DRUG
NCT02210559,FG-3019,DRUG
NCT02210559,Gemcitabine,DRUG
NCT02210559,Nab-paclitaxel,DRUG
NCT01065259,OROS MPH,DRUG
NCT01065259,Atomoxetine,DRUG
NCT02250859,"FMX101, Minocycline 4% foam",DRUG
NCT00562159,Placebo,DRUG
NCT00562159,SCH 697243,BIOLOGICAL
NCT00562159,Loratadine 10 mg Rescue Treatment,DRUG
NCT00562159,Olopatadine 0.1% Rescue Treatment,DRUG
NCT00562159,Mometasone 50 mcg Rescue Treatment,DRUG
NCT00562159,Prednisone 5 mg Rescue Treatment,DRUG
NCT00562159,Albuterol sulfate 108 mcg,DRUG
NCT00562159,Fluticasone propionate 44 mcg,DRUG
NCT00562159,Prednisone 5 mg,DRUG
NCT02859480,Rosuvastatin 5mg,DRUG
NCT02859480,Rosuvastatin 20mg,DRUG
NCT06784479,Remimazolam and Propofol,DRUG
NCT06784479,Propofol,DRUG
NCT06784479,Midazolam and propofol,DRUG
NCT06411379,Sonelokimab,DRUG
NCT06411379,Placebo,DRUG
NCT01300780,Etoricoxib,DRUG
NCT01300780,Placebo,OTHER
NCT01128296,Hydroxychloroquine,DRUG
NCT01128296,Gemcitabine,DRUG
NCT05574296,Hydrogen,DRUG
NCT05574296,Usual care,OTHER
NCT01544296,KHK6188,DRUG
NCT01544296,Placebo,DRUG
NCT03717896,200mg IV thiamine in 50mL 0.9% saline,DRUG
NCT03717896,Placebo,DRUG
NCT00467779,cobimetinib,DRUG
NCT00467779,dextromethorphan,DRUG
NCT00467779,midazolam,DRUG
NCT00540696,darbepoetin alfa,DRUG
NCT01884896,Metoprolol Succinate ER Tablet 200 mg,DRUG
NCT01884896,'TOPROL-XL®' ER Tablets 200 mg,DRUG
NCT00830362,Propranolol,DRUG
NCT00830362,Placebo,DRUG
NCT01245062,GSK1120212,DRUG
NCT01245062,Chemotherapy,DRUG
NCT01879462,GSK2878175,DRUG
NCT01879462,Placebo,DRUG
NCT00579046,Darbepoetin alfa,DRUG
NCT00441246,Mucinex D (600 mg guaifenesin and 60 mg pseudoephedrine HCl extended-release bi-layer tablets),DRUG
NCT06504446,NOC-110,DRUG
NCT06504446,Placebo,OTHER
NCT01970046,Placebo/Metformin,DRUG
NCT01970046,SP2086 50 mg b.i.d/Metformin,DRUG
NCT01970046,SP2086 50 mg q.d./Metformin,DRUG
NCT05634746,APT-1011,DRUG
NCT05634746,Placebo oral tablet,DRUG
NCT05634746,Esophagogastroduodenoscopy,PROCEDURE
NCT02421588,Lurbinectedin (PM01183),DRUG
NCT02421588,Pegylated liposomal doxorubicin (PLD),DRUG
NCT02421588,Topotecan,DRUG
NCT05626803,Open label Bivalent GII.4/GI.1 high dose vaccine 2×10 to the power 11 IU/dose,DRUG
NCT05626803,Bivalent GII.4/GI.1 high dose vaccine 2×10 to the power 11 IU/dose,DRUG
NCT05626803,Bivalent GII.4/GI.1 medium dose vaccine 1×10 to the power 11 IU/dose,DRUG
NCT05626803,Placebo,DRUG
NCT02359227,Cenderitide,DRUG
NCT00483327,Megestrol Acetate,DRUG
NCT00060242,fosbretabulin disodium,DRUG
NCT04272242,Dolutegravir (DTG),DRUG
NCT04272242,Isoniazid (INH),DRUG
NCT04272242,Rifapentine (RPT),DRUG
NCT04272242,Antiretroviral Therapy (ART),DRUG
NCT04272242,Pyridoxine (Vitamin B6),DIETARY_SUPPLEMENT
NCT02446886,Adrenocorticotropic hormone (ACTH) gel (H.P. Acthar®),DRUG
NCT04004117,Fentanyl citrate solution sublingual,DRUG
NCT04004117,Placebo oral liquid,DRUG
NCT06372717,APL-4098,DRUG
NCT06372717,Azacitidine and APL-4098,DRUG
NCT06372717,Azacitidine and Venetoclax and APL-4098,DRUG
NCT01294540,Drug: E2609,DRUG
NCT01294540,Placebo,DRUG
NCT06491940,Losartan,DRUG
NCT06491940,Losartan + Hydrochlorothiazide,DRUG
NCT00675740,rosiglitazone,DRUG
NCT00675740,physical exercise,BEHAVIORAL
NCT00675740,control,OTHER
NCT04951440,Nitrate ketone oxazine,DRUG
NCT07070440,DZD6008,DRUG
NCT07070440,Pemetrexed,DRUG
NCT07070440,Carboplatin,DRUG
NCT07070440,Docetaxel,DRUG
NCT00102440,Febuxostat,DRUG
NCT00102440,Allopurinol,DRUG
NCT01062568,Adrenocorticotropin,DRUG
NCT01062568,Dexamethasone,DRUG
NCT02764268,Apatinib,DRUG
NCT05224050,Cognitive-Behavioral Smoking Cessation,BEHAVIORAL
NCT05224050,Heart Rate Variability Biofeedback,BIOLOGICAL
NCT05224050,Nicotine patch,DRUG
NCT07549750,HXN5003,DRUG
NCT07549750,Placebo,DRUG
NCT07555691,YishenShujin Decoction,DRUG
NCT07555691,placebo,DRUG
NCT01192191,Fluticasone Furoate/GW642444 Inhalation Powder 100/25mcg,DRUG
NCT01192191,Fluticasone Furoate/GW642444 Inhalation Powder 200/25mcg,DRUG
NCT02081391,Tapentadol oral solution 4 mg/mL,DRUG
NCT02081391,Tapentadol oral solution 20 mg/mL,DRUG
NCT02081391,Placebo,OTHER
NCT06100874,Sacituzumab Govitecan,DRUG
NCT06100874,Trastuzumab,DRUG
NCT06100874,Trastuzumab and Hyaluronidase-oysk,DRUG
NCT00018174,Fluoxetine,DRUG
NCT00018174,Behavioral group smoking cessation treatment,BEHAVIORAL
NCT00018174,Placebo,DRUG
NCT00380718,pemetrexed,DRUG
NCT04655118,TL-895,DRUG
NCT04655118,Placebo,DRUG
NCT01197118,sequence chemoradiotherapy,RADIATION
NCT01197118,chemotherapy alone following radical resection,DRUG
NCT03156790,Spectrila®,DRUG
NCT05985590,BMS-986278,DRUG
NCT05985590,Drospirenone/Ethinyl Estradiol,DRUG
NCT05019690,Apatinib Mesylate,DRUG
NCT05019690,Albumin-Bound Paclitaxel,DRUG
NCT03568890,"Rivaroxaban, dabigatran, apixaban, or edoxaban",DRUG
NCT03568890,Clopidogrel -75 mg/day,DRUG
NCT03568890,Low dose aspirin -80 to 125 mg/day-,DRUG
NCT04896697,vilastobart (XTX101),DRUG
NCT04896697,Atezolizumab,DRUG
NCT03062397,JPI-289 Low-dose,DRUG
NCT03062397,JPI-289 High-dose,DRUG
NCT03062397,Placebo,DRUG
NCT05483010,Atorvastatin,DRUG
NCT05483010,Rosuvastatin,DRUG
NCT00955513,diclofenac diethylamine gel 2.32%,DRUG
NCT00955513,Placebo,DRUG
NCT00213213,Sucrose,DRUG
NCT01212913,INSULIN GLARGINE,DRUG
NCT01212913,INSULIN GLULISINE,DRUG
NCT01212913,Insulin aspart,DRUG
NCT06641960,Probiotics,DRUG
NCT06641960,Traditional treatment,PROCEDURE
NCT05881720,Sacubitril / Valsartan Oral Tablet,DRUG
NCT05881720,Valsartan 80 mg,DRUG
NCT06807320,MTA pulp dressing material,DRUG
NCT06807320,Calcium Hydroxide (Ca(OH)2),DRUG
NCT07450482,JKN2304 Inhalation Solution,DRUG
NCT07450482,Placebo,OTHER
NCT07450482,Formoterol Fumarate Inhalation Solution,DRUG
NCT00002082,Azithromycin,DRUG
NCT01554982,ferric citrate,DRUG
NCT00041782,Dalteparin (Fragmin),DRUG
NCT04233424,D-PLEX,DRUG
NCT04233424,Standard of Care (SoC),DRUG
NCT03812523,Duloxetine 60 mg qd,DRUG
NCT03812523,Lorcaserin,DRUG
NCT05197023,SHR-1819 injection or placebo,DRUG
NCT04163523,Zanubrutinib,DRUG
NCT02815059,Ibrutinib,DRUG
NCT02815059,Dasatinib,DRUG
NCT02815059,Prednisone,DRUG
NCT00126659,therapeutic conventional surgery,PROCEDURE
NCT00126659,sorafenib tosylate,DRUG
NCT00126659,laboratory biomarker analysis,OTHER
NCT04857359,Dipraglurant,DRUG
NCT04857359,Placebo,DRUG
NCT02740959,Astragalus Polysaccharides 500 mg,DRUG
NCT02740959,Astragalus Polysaccharides 250 mg,DRUG
NCT01434459,Gemcitabine with TheraSphere,DRUG
NCT05940259,[68Ga]P3,DRUG
NCT07459959,Lithium orotate,DRUG
NCT07459959,Matched Placebo (Capsules),DRUG
NCT04563559,Dextenza 0.4Mg Ophthalmic Insert,DRUG
NCT04563559,Prednisolone Acetate 1% Ophthalmic Suspension [PRED FORTE],DRUG
NCT01640080,Esketamine,DRUG
NCT01640080,Placebo,DRUG
NCT01738880,SVV,DRUG
NCT01738880,CVP,DRUG
NCT00004580,Lopinavir/Ritonavir,DRUG
NCT00004580,Nevirapine,DRUG
NCT00212680,ONO-1101,DRUG
NCT06983080,Trazodone 25 mg,DRUG
NCT01670162,Aflibercept,DRUG
NCT03822962,Ibuprofen 600Mg Tablet,DRUG
NCT03822962,Standard Regimen | Tylenol,OTHER
NCT05914662,"Zanubrutinib, Bendamustine and Rituximab",DRUG
NCT03436862,Nivolumab,DRUG
NCT02172846,Proton beam radiation therapy (PBT),RADIATION
NCT02172846,Paclitaxel,DRUG
NCT02172846,Carboplatin,DRUG
NCT02652546,Assess Safety,DRUG
NCT02652546,Effect of drug on viral load,DRUG
NCT02652546,Effect of drug on T-cell count,DRUG
NCT02652546,Effect of drug on inflammatory biomarkers,DRUG
NCT03829046,Placebo,DRUG
NCT03829046,Evolocumab,DRUG
NCT02757703,Somatostatin,DRUG
NCT02757703,Terlipressin,DRUG
NCT02757703,Pantoprazole,DRUG
NCT02757703,Endoscopic variceal ligation,DEVICE
NCT06543303,BTV100 Low dose,DRUG
NCT06543303,BTV100 Mid dose,DRUG
NCT06543303,BTV100 High dose,DRUG
NCT06543303,Placebo,DRUG
NCT01349803,PT005 MDI,DRUG
NCT01349803,PT001 MDI,DRUG
NCT01349803,PT003 MDI,DRUG
NCT01349803,Formoterol Fumarate 12 μg (Foradil® Aerolizer®),DRUG
NCT00846703,"6-mercaptopurine, Methotrexate",DRUG
NCT00846703,"6-mercaptopurine, Methotrexate, Vincristine, Dexamethasone",DRUG
NCT05700903,Gonadotropin Releasing Hormone Agonists (GNRH),DRUG
NCT05700903,Androgen receptor (AR) inhibitor,DRUG
NCT05700903,Placebo,DRUG
NCT04664803,Cefecin Tab.,DRUG
NCT04664803,Omnicef Cap.,DRUG
NCT06415903,TQB3117 tablets,DRUG
NCT03813303,Midazolam,DRUG
NCT03813303,Fentanyl,DRUG
NCT03813303,Propofol,DRUG
NCT02042027,Gamunex-C,DRUG
NCT01463670,lenalidomide,DRUG
NCT02511561,OTO-201 (ciprofloxacin),DRUG
NCT05584761,unrelated umbilical cord blood,DRUG
NCT02512861,Bupivacaine,DRUG
NCT02512861,Placebo,DRUG
NCT00377442,GK Activator (2),DRUG
NCT00377442,Simvastatin,DRUG
NCT07513142,Corticosteroid,DRUG
NCT07513142,Platelet Poor Plasma,BIOLOGICAL
NCT00968942,Botulinum Toxin Type A,DRUG
NCT00968942,Placebo,DRUG
NCT00313586,Azacitidine,DRUG
NCT00313586,Entinostat,DRUG
NCT00313586,Laboratory Biomarker Analysis,OTHER
NCT02359942,Citric acid,DRUG
NCT02283242,Galantamine,DRUG
NCT02283242,Placebo (for galantamine),DRUG
NCT04017442,Preservative Free Morphine,DRUG
NCT04017442,Saline,DRUG
NCT07063342,Xanomeline/Trospium Chloride Capsule,DRUG
NCT07063342,Xanomeline Enteric Capsule,DRUG
NCT07063342,Trospium Chloride,DRUG
NCT00229970,montelukast sodium,DRUG
NCT00229970,Comparator: Placebo,DRUG
NCT03408470,TD-1473 oral capsule,DRUG
NCT03408470,[14C]-TD-1473 IV bolus,DRUG
NCT03408470,[14C]-TD-1473 Oral Capsule,DRUG
NCT01475370,OCV-501,DRUG
NCT03474770,BIS-001ER,DRUG
NCT00109070,Avastin (bevacizumab),DRUG
NCT00002070,Sargramostim,DRUG
NCT00002070,Ganciclovir,DRUG
NCT00068770,radiation therapy,RADIATION
NCT00068770,Celecoxib,DRUG
NCT05029973,HAIC,DRUG
NCT05029973,Sintilimab,DRUG
NCT05029973,Bevacizumab Biosimilar,DRUG
NCT00541073,vitamin B12,DIETARY_SUPPLEMENT
NCT00541073,cisplatin,DRUG
NCT00541073,pemetrexed disodium,DRUG
NCT00541073,gene expression analysis,GENETIC
NCT00541073,laboratory biomarker analysis,OTHER
NCT00541073,pharmacological study,OTHER
NCT01127269,INSULIN GLARGINE,DRUG
NCT03462069,Sotagliflozin (SAR439954),DRUG
NCT03462069,Placebo,DRUG
NCT03462069,Empagliflozin,DRUG
NCT01301469,6% HES 130/0.42 in plasma adapted Ringer's solution,DRUG
NCT01301469,6% HES 130/0.4 in a saline solution,DRUG
NCT05236569,Tranexamic acid injection,DRUG
NCT05236569,Injection Water,DRUG
NCT00001083,Indinavir sulfate,DRUG
NCT00001083,Ritonavir,DRUG
NCT00001083,Nevirapine,DRUG
NCT00001083,Lamivudine,DRUG
NCT00001083,Stavudine,DRUG
NCT00001083,Zidovudine,DRUG
NCT00922441,Fimasartan 60 mg group,DRUG
NCT00922441,Fimasartan 120 mg group,DRUG
NCT00922441,Reference (Valsartan 80 mg) group,DRUG
NCT07550517,EBRT + 6 mo ADT + 177Lu-PSMA-617,DRUG
NCT07550517,EBRT + 24 mo ADT,RADIATION
NCT01355289,Avatrombopag,DRUG
NCT01355289,Placebo,DRUG
NCT01355289,Pegylated interferon (PEG-IFN),DRUG
NCT01355289,Telaprevir,DRUG
NCT01355289,Ribavirin,DRUG
NCT05005689,Fluoride mouthwash (0.05%; 225ppm).,DRUG
NCT05005689,Tooth Mousse Plus,DRUG
NCT03266640,viral specific cytotoxic t-lymphocytes,DRUG
NCT02009540,Botulinum toxin injected to bladder body,DRUG
NCT02009540,Botulinum toxin injected into trigone,DRUG
NCT03937440,Deep neuromuscular block with 'rocunium®',DRUG
NCT03937440,Moderate neuromuscular block with 'rocunium®',DRUG
NCT02367040,"Copanlisib (Aliqopa, BAY80-6946)",DRUG
NCT02367040,Placebo,DRUG
NCT02367040,Rituximab,DRUG
NCT00019968,melphalan,DRUG
NCT00019968,tumor necrosis factor,DRUG
NCT03709550,Decitabine,DRUG
NCT03709550,Enzalutamide,DRUG
NCT01537250,Levofloxacin 500 mg placebol,DRUG
NCT01537250,Nemonoxacin 3 tablets,DRUG
NCT00566150,Levetiracetam,DRUG
NCT00566150,Placebo,DRUG
NCT05799391,SJC,DRUG
NCT05799391,Placebo,OTHER
NCT00306891,Cediranib,DRUG
NCT00306891,Cediranib 30 - 90 mg,DRUG
NCT00792818,Curcuma domestica extracts,DRUG
NCT00792818,Ibuprofen,DRUG
NCT01854918,Evolocumab,BIOLOGICAL
NCT01854918,Standard of Care,DRUG
NCT01429818,Glimepiride/metformin,DRUG
NCT01429818,Metformin,DRUG
NCT01528618,gemcitabine and cisplatin,DRUG
NCT01528618,5-Fluorouracil and cisplatin,DRUG
NCT05023018,NEO100,DRUG
NCT06568718,bovhyaluronidase azoximer,DRUG
NCT06568718,tamsulosin,DRUG
NCT00638690,Placebo,DRUG
NCT00638690,Abiraterone acetate,DRUG
NCT00638690,Prednisone/prednisolone,DRUG
NCT02835118,Surotomycin,DRUG
NCT02835118,Placebo,DRUG
NCT04626518,Pembrolizumab,BIOLOGICAL
NCT04626518,MK-4830,BIOLOGICAL
NCT04626518,Belzutifan,DRUG
NCT04626518,Lenvatinib,DRUG
NCT04626518,Pembrolizumab/Quavonlimab,BIOLOGICAL
NCT04626518,Favezelimab/Pembrolizumab,BIOLOGICAL
NCT07396090,eDC-KRAS vaccine,BIOLOGICAL
NCT07396090,Tislelizumab,DRUG
NCT05291390,Pyronaridine Tetraphosphate,DRUG
NCT04465097,Tucidinostat,DRUG
NCT04465097,Exemestane,DRUG
NCT04465097,Ovarian function suppression,DRUG
NCT03014297,everolimus,DRUG
NCT03014297,fosbretabulin,DRUG
NCT05220410,Psilocybin,DRUG
NCT02105610,"desflurane, isoflurane, sevoflurane",DRUG
NCT02105610,total intravenous anesthetics,DRUG
NCT00394810,Panzem® NCD,DRUG
NCT01683513,GnRh agonist +1500E hCG,DRUG
NCT03505710,Trastuzumab deruxtecan,DRUG
NCT04305210,F-18 PMPBB3,DRUG
NCT04305210,18F-florbetapir,DRUG
NCT00390013,Gabapentin,DRUG
NCT00390013,Placebo oral capsule,DRUG
NCT03475160,Sildenafil Citrate vaginal suppositories,DRUG
NCT03475160,Placebo vaginal suppositories,DRUG
NCT03475160,Uterine artery Doppler before treatment,PROCEDURE
NCT03475160,Uterine artery Doppler after treatment,PROCEDURE
NCT02162160,probiotic creme,DEVICE
NCT02162160,Placebo,DRUG
NCT00979160,Dasatinib,DRUG
NCT04972760,Baricitinib,DRUG
NCT04972760,Placebo,DRUG
NCT00248313,Rapamune®,DRUG
NCT00572260,daptomycin 6 mg/kg IV,DRUG
NCT07337460,"Icaritin Soft Capsules and mFOLFOX ：Oxaliplatin,leucovorin calcium,5-fluorouracil",DRUG
NCT03021460,Ibrutinib,DRUG
NCT03021460,Laboratory Biomarker Analysis,OTHER
NCT03021460,Pembrolizumab,BIOLOGICAL
NCT00151320,"Bortezomib, CHOP, Rituximab",DRUG
NCT07669220,"Short-course Radiotherapy, SCRT",RADIATION
NCT07669220,Toripalimab,DRUG
NCT06357520,Baxdrostat,DRUG
NCT06357520,Itraconazole,DRUG
NCT03011320,EC1456,DRUG
NCT03011320,99mTc-Etarfolatide,DRUG
NCT01935882,Artemether-lumefantrine combination,DRUG
NCT01935882,Artemether-Lumefantrine with a single dose of 0.25mg/kg primaquine,DRUG
NCT01935882,Artemether-Lumefantrine with a single dose of 0.4mg/kg primaquine,DRUG
NCT03475524,MetFORMIN 1000 Mg Oral Tablet,DRUG
NCT03475524,Placebos,DRUG
NCT03475524,Trichloroacetic Acid Peeling,DRUG
NCT03475524,MetFORMIN 500 Mg Oral Tablet,DRUG
NCT07481682,Tranexamic acid + conventional therapy.,DRUG
NCT07481682,Tranexamic acid,DRUG
NCT02938923,Testosterone,DRUG
NCT02938923,Placebo gel,DRUG
NCT02938923,Supervised exercise training,BEHAVIORAL
NCT02938923,Home exercise program,BEHAVIORAL
NCT02938923,Health Education Modules,BEHAVIORAL
NCT01009359,F-18 DPA-714 (BAY85-8102),DRUG
NCT05806359,Danicamtiv,DRUG
NCT05806359,Placebo,DRUG
NCT05624359,FA plus ropivacaine,DRUG
NCT05624359,ropivacaine alone,DRUG
NCT00841659,Paroxetine HCl,DRUG
NCT00841659,Paxil®,DRUG
NCT00003159,carboplatin,DRUG
NCT00003159,cisplatin,DRUG
NCT00003159,docetaxel,DRUG
NCT00003159,gemcitabine hydrochloride,DRUG
NCT00003159,ifosfamide,DRUG
NCT00003159,mitomycin C,DRUG
NCT00003159,paclitaxel,DRUG
NCT00003159,vinblastine sulfate,DRUG
NCT00003159,vinorelbine tartrate,DRUG
NCT00003159,conventional surgery,PROCEDURE
NCT00003159,neoadjuvant therapy,PROCEDURE
NCT00749359,Paxil CR,DRUG
NCT00016159,filgrastim,BIOLOGICAL
NCT00016159,lintuzumab,BIOLOGICAL
NCT00016159,arsenic trioxide,DRUG
NCT00016159,idarubicin,DRUG
NCT00016159,tretinoin,DRUG
NCT01243359,sunitinib malate,DRUG
NCT01243359,bevacizumab,BIOLOGICAL
NCT01243359,pharmacological study,OTHER
NCT01243359,laboratory biomarker analysis,OTHER
NCT01243359,fluorine F 18 fluorothymidine,OTHER
NCT01243359,positron emission tomography,PROCEDURE
NCT01243359,computed tomography,PROCEDURE
NCT02264080,WAL2014,DRUG
NCT02264080,Placebo,DRUG
NCT00483080,NGR-hTNF,DRUG
NCT07146880,Empagliflozin (EMPA),DRUG
NCT06685679,Melatonin,DRUG
NCT06685679,Placebo,OTHER
NCT00760279,Azithromycin,DRUG
NCT07203079,Acetaminophen Oral Tablet,DRUG
NCT07203079,placebo oral tablet,DRUG
NCT07203079,Acetaminophen infusion,DRUG
NCT07203079,Placebo infusion,DRUG
NCT03973879,PVSRIPO,BIOLOGICAL
NCT03973879,Atezolizumab,DRUG
NCT02122679,Tranexamic Acid,DRUG
NCT02122679,placebo,DRUG
NCT00195780,Divalproex Sodium (Depakote ER),DRUG
NCT07167862,Butterfly iQ3 ultrasound system for determination of postpartum volume status,DIAGNOSTIC_TEST
NCT07167862,Oral furosemide,DRUG
NCT07167862,Intravenous furosemide,DRUG
NCT00419562,Oral Insulin,DRUG
NCT00419562,Placebo,DRUG
NCT01306162,Dabigatran etexilate plus dronedarone,DRUG
NCT01306162,Dabigatran etexilate,DRUG
NCT04302662,MS1819-SD,DRUG
NCT06134362,CAB LA,DRUG
NCT00087646,Ribavirin,DRUG
NCT00087646,peginterferon alfa-2a [Pegasys],DRUG
NCT03817346,GT-002,DRUG
NCT03817346,Placebo oral capsule,DRUG
NCT02356588,Sufentanil Tablet 30 mcg,DRUG
NCT02356588,Placebo Tablet,DRUG
NCT05263388,REKOVELLE (Follitropin Delta),DRUG
NCT05263388,GONAL-F (Follitropin Alfa),OTHER
NCT04601688,Bevacizumab Ophthalmic and Intravitreal Dexamethasone,DRUG
NCT04601688,Bevacizumab Ophthalmic,DRUG
NCT01908803,AL-60371/AL-817 otic suspension,DRUG
NCT01908803,Ciprofloxacin 0.3%/dexamethasone 0.1% otic suspension,DRUG
NCT05422703,Kinesio tape,DEVICE
NCT05422703,Gauze pack,OTHER
NCT05422703,ice pack,DEVICE
NCT05422703,Manual therapy,PROCEDURE
NCT05422703,Analgesic,DRUG
NCT05422703,Proteolytic enzymes,DRUG
NCT05422703,Mouth wash,DRUG
NCT05422703,Soft cold diet,DIETARY_SUPPLEMENT
NCT07173127,Ryeqo treatment,DRUG
NCT02798627,NS2359,DRUG
NCT02798627,placebo,DRUG
NCT02861261,1. Berberine hydrochloride tablets ; 2. ProMetS probiotics powder,DRUG
NCT02861261,1. Berberine placebo tablets ; 2. ProMetS probiotics powder,DRUG
NCT02861261,1. Berberine hydrochloride tablets; 2. Probiotics placebo powder,DRUG
NCT02861261,1. Berberine placebo tablets; 2. Probiotics placebo powder,DRUG
NCT01445561,"Interleukin-2 (100,00 IU/m(2) SQ)",DRUG
NCT06980961,short-pulse ND: YAG 1064 laser,PROCEDURE
NCT06980961,ultra-short-pulse ND: YAG 1064 laser,PROCEDURE
NCT06980961,cold cream,DRUG
NCT02371161,R-DHAP/R-ICE,DRUG
NCT06774261,Phenserine,DRUG
NCT06774261,Donepezil (Aricept®),DRUG
NCT00000142,Cidofovir,DRUG
NCT05076786,Chidamide,DRUG
NCT05076786,Etoposide + Cisplatin/Carboplatin,DRUG
NCT06674486,"Iron Sucrose injection (Test product, manufactured by Sichuan Huiyu Pharmaceutical Co., Ltd) and Iron Sucrose injection (Reference product, Venofer)",DRUG
NCT06674486,"Iron Sucrose injection (Reference product, Venofer) and Iron Sucrose injection (Test product, manufactured by Sichuan Huiyu Pharmaceutical Co., Ltd)",DRUG
NCT05018286,Apraglutide,DRUG
NCT01031186,GSK356278,DRUG
NCT01031186,PLACEBO,DRUG
NCT02940886,Iron isomaltoside/ferric derisomaltose,DRUG
NCT02940886,Iron sucrose,DRUG
NCT06468670,sintilimab，programmed death 1 monoclonal antibody,DRUG
NCT02239770,Nicotine Film,DRUG
NCT02239770,Placebo Nicotine Film,DRUG
NCT03216473,Neuronox,DRUG
NCT03216473,Botox,DRUG
NCT04868773,Cabozantinib,DRUG
NCT04868773,TAS-102,DRUG
NCT05972473,Aflibercept Ophthalmic,DRUG
NCT05972473,IBI302,BIOLOGICAL
NCT06838273,BL-B01D1,DRUG
NCT06838273,Osimertinib,DRUG
NCT00973973,Placebo,DRUG
NCT00973973,Elagolix,DRUG
NCT03901469,ZEN003694,DRUG
NCT03901469,Talazoparib,DRUG
NCT00138983,Alendronate versus alfacalcidol (1-alpha OH vitamin D),DRUG
NCT00415883,Valsartan,DRUG
NCT01386541,BYK324677,DRUG
NCT05553041,18F-Fluciclovine PET-MRI,DRUG
NCT03126760,Acthar Gel,DRUG
NCT03126760,Placebo,DRUG
NCT02374060,Periocular triamcinolone 40 mg,DRUG
NCT02374060,Intravitreal triamcinolone 4 mg,DRUG
NCT02374060,Dexamethasone intravitreal implant,DRUG
NCT00040560,111In-DAC,DRUG
NCT00040560,Diagnostic,PROCEDURE
NCT00132860,azithromycin,DRUG
NCT00335920,Dexamethasone-dihydrogenphosphate (4mg/ml),DRUG
NCT03476460,Oral sodium chloride,DRUG
NCT03476460,Intravenous sodium chloride,DRUG
NCT01343082,DE-111 ophthalmic solution,DRUG
NCT05278182,Naoxintong Capsule,DRUG
NCT05278182,Placebo,DRUG
NCT04983160,Allopurinol,DRUG
NCT04983160,Placebo,DRUG
NCT02108782,dovitinib lactate,DRUG
NCT02108782,pharmacological study,OTHER
NCT02108782,laboratory biomarker analysis,OTHER
NCT00880282,cixutumumab,BIOLOGICAL
NCT00880282,temsirolimus,DRUG
NCT00880282,pharmacological study,OTHER
NCT00880282,laboratory biomarker analysis,OTHER
NCT01076582,"EE20/DRSP (YAZ, BAY86-5300)",DRUG
NCT01076582,Ethinylestradiol (EE) and desogestrel (DSG) (Mercilon),DRUG
NCT04792424,Regional citrate anticoagulation,OTHER
NCT04792424,Vasopressor,DRUG
NCT04792424,Antibiotic,DRUG
NCT04792424,Dialysis with continuous renal replacement therapy,DEVICE
NCT01087424,R mini CHOP,DRUG
NCT05118724,Atezolizumab,DRUG
NCT05118724,IMM-101,DRUG
NCT01288924,Parecoxib,DRUG
NCT01288924,Control,OTHER
NCT01434524,LIVACT,DRUG
NCT05598723,IncobotulinumtoxinA (XEOMIN®),DRUG
NCT05598723,OnabotulinumtoxinA (BOTOX®),DRUG
NCT00546923,Venlafaxine XR,DRUG
NCT01854723,Switching to NPH insulin,DRUG
NCT01854723,Continuation of insulin glargine,DRUG
NCT03616223,FX-322,DRUG
NCT03616223,Placebo,DRUG
NCT06222723,Dexamethasone,DRUG
NCT06222723,Ribavirin,DRUG
NCT03348423,DEX-IN,DRUG
NCT03348423,Fentanyl,DRUG
NCT03348423,Placebo,DRUG
NCT03752723,GX-I7,DRUG
NCT03752723,Pembrolizumab(KEYTRUDA®),DRUG
NCT03752723,Cyclophosphamide,DRUG
NCT04879823,Dexamethasone,DRUG
NCT04879823,Ibuprofen,DRUG
NCT04879823,Acetaminophen,DRUG
NCT04879823,Placebo,DRUG
NCT03592823,Hydroxychloroquine Sulfate 200 Mg Tablet,DRUG
NCT04051723,The dexamethasone plus ropivacaine,DRUG
NCT04051723,The ropivacaine,DRUG
NCT05256823,Celecoxib,DRUG
NCT05256823,nucleos(t)ide analogue,DRUG
NCT00715559,cysteamine bitartrate,DRUG
NCT05238896,Baricitinib Oral Tablet [Olumiant],DRUG
NCT05238896,Placebo,DRUG
NCT02822196,Lidocaine,DRUG
NCT02822196,Bupivacaine,DRUG
NCT00001959,Pirfenidone,DRUG
NCT00563459,carisbamate,DRUG
NCT00563459,topiramate,DRUG
NCT00563459,levetiracetam,DRUG
NCT03515980,BMS-986231,DRUG
NCT03775096,Carvedilol,DRUG
NCT05923996,microbotox,DRUG
NCT05923996,fractional carbon dioxide laser,RADIATION
NCT04566796,Sugammadex,DRUG
NCT04566796,Neostigmine,DRUG
NCT01598480,Flamazine,DRUG
NCT01598480,BCT Antimicrobial Dressing,DEVICE
NCT03229980,Cold blood cardioplegia (large volume),DRUG
NCT03229980,Cold blood cardioplegia (small volume),DRUG
NCT00681980,Valproic acid,DRUG
NCT00681980,costicosteroids,DRUG
NCT00681980,valproid acid plus corticosteroids,DRUG
NCT06676696,Continue low dose calcineurin inhibitor (CNI),DRUG
NCT06676696,Calcineurin inhibitor withdrawal at 6 months,DRUG
NCT00652262,"Levitra (Vardenafil, BAY38-9456)",DRUG
NCT02704546,Methylphenidate,DRUG
NCT02704546,Placebo,DRUG
NCT01749046,Remegal,DRUG
NCT00088946,Polyphenon E,DIETARY_SUPPLEMENT
NCT00088946,erlotinib hydrochloride,DRUG
NCT00088946,Erlotinib placebo,OTHER
NCT00088946,Polyphenon E,OTHER
NCT03157388,Combined Vancomycin and Gentamycin and Meropenem,DRUG
NCT00254488,Lithium (LI),DRUG
NCT00254488,Divalproex (DV),DRUG
NCT02187588,Eschscholtzia Californica - low dose,DRUG
NCT02187588,Eschscholtzia Californica - high dose,DRUG
NCT02187588,Ibuprofen,DRUG
NCT02187588,Eschscholtzia Californica - low dose Placebo,DRUG
NCT02187588,Eschscholtzia Californica - high dose Placebo,DRUG
NCT02187588,Ibuprofen Placebo,DRUG
NCT04159688,Alcohol,DRUG
NCT02220088,TAI of FOLFOX,PROCEDURE
NCT02220088,Sorafenib,DRUG
NCT00420303,Etanercept,DRUG
NCT00420303,Placebo,OTHER
NCT03070327,EGFRt/BCMA-41BBz CAR T cell,BIOLOGICAL
NCT03070327,Cyclophosphamide,DRUG
NCT03070327,Lenalidomide.,DRUG
NCT01054027,1% phenylephrine and 0.2% cyclopentolate,DRUG
NCT02122627,Vitamin D,DRUG
NCT02122627,Placebo,DRUG
NCT05012761,SR419 capsules,DRUG
NCT05012761,Placebo,DRUG
NCT06059261,Envafolimab and recombinant human endostatin combined with chemoradiotherapy,DRUG
NCT01425242,Aliskiren,DRUG
NCT01425242,Amlodipine,DRUG
NCT04356742,Dapagliflozin 10mg,DRUG
NCT04356742,Placebo,DRUG
NCT04356742,Evogliptin 5mg,DRUG
NCT04356742,Metformin≥1000mg,DRUG
NCT01246986,LY2157299,DRUG
NCT01246986,Sorafenib,DRUG
NCT01246986,Ramucirumab,DRUG
NCT06369870,Levobupivacaine Hydrochloride 0.25 % Injectable Solution,DRUG
NCT06369870,Sodium chloride 0.9%,DRUG
NCT04556370,Normal saline,DRUG
NCT04556370,Norepinephrine,DRUG
NCT05536570,IncobotulinumtoxinA 100 UNT,DRUG
NCT00687570,Fresubin Energy Drink,DIETARY_SUPPLEMENT
NCT00687570,Laxabon®,DRUG
NCT05525286,SOT102,DRUG
NCT04802070,Autologous CIK,DRUG
NCT04387773,GOCOVRI,DRUG
NCT06539273,"Exosome Complex, RNA",DRUG
NCT06141473,Frexalimab,DRUG
NCT06141473,Teriflunomide,DRUG
NCT06141473,Placebo infusion,DRUG
NCT06141473,Placebo tablet,DRUG
NCT06141473,MRI contrast-enhancing agents,DRUG
NCT06141473,Cholestyramine,DRUG
NCT06141473,Activated charcoal,DRUG
NCT06835569,ALTA3263,DRUG
NCT06835569,cetuximab,DRUG
NCT06835569,mFOLFOX6,DRUG
NCT06835569,Pembrolizumab,DRUG
NCT06835569,Pemetrexed + Cisplatin /Carboplatin,DRUG
NCT06835569,mFOLFIRINOX,DRUG
NCT06835569,GnP,DRUG
NCT06835569,Midazolam,DRUG
NCT01281969,Gamunex Intravenous Immunoglobulin,DRUG
NCT01281969,Placebo,DRUG
NCT02948569,3-V Bioscience-2640,DRUG
NCT02623569,Ivabradine,DRUG
NCT02623569,Atenolol,DRUG
NCT00049283,erlotinib hydrochloride,DRUG
NCT00049283,docetaxel,DRUG
NCT00049283,radiation therapy,RADIATION
NCT00049283,therapeutic conventional surgery,PROCEDURE
NCT00049283,laboratory biomarker analysis,OTHER
NCT00049283,pharmacological study,OTHER
NCT05970783,Jincaopian Tablets,DRUG
NCT05970783,Placebo,OTHER
NCT05628883,TBio-4101,BIOLOGICAL
NCT05628883,Cyclophosphamide,DRUG
NCT05628883,Fludarabine,DRUG
NCT05628883,Interleukin-2,DRUG
NCT00099541,zoledronic acid,DRUG
NCT01918241,"pegfilgrastim,30mcg/kg",DRUG
NCT01918241,"pegfilgrastim, 60mcg/kg",DRUG
NCT01918241,"pegfilgrastim, 100mcg/kg",DRUG
NCT01918241,"filgrastim, 5mcg/kg",DRUG
NCT01118741,Disulfiram,DRUG
NCT02975141,Afatinib 30Mg Tab,DRUG
NCT02975141,Afatinib 40Mg Tab,DRUG
NCT02975141,Gemzar,DRUG
NCT02975141,Abraxane,DRUG
NCT01580683,Ascorbic Acid,DRUG
NCT01580683,Identical Placebo,OTHER
NCT00151983,Methylphenidate Transdermal System,DRUG
NCT00720083,cisplatin,DRUG
NCT00720083,vandetanib,DRUG
NCT00720083,radiation therapy,RADIATION
NCT04795583,Prednisone,DRUG
NCT04795583,Point of Care testing device for C-reactive protein,DEVICE
NCT07483983,ASP3082,DRUG
NCT06184841,HAIC combined with intravenous PD-1,DRUG
NCT01760954,Elagolix,DRUG
NCT01848054,Buprenorphine/naloxone sublingual tablets,DRUG
NCT01848054,Buprenorphine,DRUG
NCT05301205,oral gabapentin,DRUG
NCT01266005,Clevudine,DRUG
NCT01266005,Entecavir,DRUG
NCT04148105,Cilostazol 100 MG,DRUG
NCT04148105,Placebo,OTHER
NCT00802594,DB289,DRUG
NCT00889694,Tripterygium,DRUG
NCT00889694,Sulfasalazine,DRUG
NCT00889694,placebo,DRUG
NCT01586494,ULTRAM ER,DRUG
NCT00346294,Etanercept,DRUG
NCT00712166,AZLI 75 mg three times daily (TID),DRUG
NCT00712166,Placebo three times daily (TID),DRUG
NCT01711866,Rotigotine,DRUG
NCT00020566,dactinomycin,BIOLOGICAL
NCT00020566,busulfan,DRUG
NCT00020566,doxorubicin hydrochloride,DRUG
NCT00020566,etoposide,DRUG
NCT00020566,ifosfamide,DRUG
NCT00020566,melphalan,DRUG
NCT00020566,vincristine sulfate,DRUG
NCT00020566,autologous hematopoietic stem cell transplantation,PROCEDURE
NCT00020566,conventional surgery,PROCEDURE
NCT00020566,radiation therapy,RADIATION
NCT04316351,Toripalimab + Pemetrexed + Anlotinib,DRUG
NCT04185051,JNJ-67953964,DRUG
NCT04185051,Placebo,DRUG
NCT05817851,Vitamin C (Laroscorbine) + Vitamin B1 (Bevitine),DRUG
NCT05817851,standard treatment,DRUG
NCT03523351,Radiation Therapy,RADIATION
NCT03523351,Systemic Therapy,DRUG
NCT00695851,PCK3145,DRUG
NCT06194851,Oxytocin nasal spray,DRUG
NCT06194851,Saline nasal spray,DRUG
NCT06194851,Brief Cognitive-Behavioral Conjoint Therapy,BEHAVIORAL
NCT01101451,Cisplatin,DRUG
NCT01101451,External Beam Radiation Therapy,RADIATION
NCT01101451,Intensity-Modulated Radiation Therapy,RADIATION
NCT01101451,Laboratory Biomarker Analysis,OTHER
NCT01101451,Quality-of-Life Assessment,OTHER
NCT01101451,Questionnaire Administration,OTHER
NCT00232635,A-60444,DRUG
NCT06057935,Pemetrexed,DRUG
NCT06057935,Cisplatin,DRUG
NCT06057935,Carboplatin,DRUG
NCT06424717,Avelumab,DRUG
NCT06424717,Tuvusertib,DRUG
NCT00040417,FLUDARABINE,DRUG
NCT00040417,CAMPATH-IH,DRUG
NCT00040417,Total Body Irradiation,PROCEDURE
NCT00040417,FK506,DRUG
NCT00040417,G-SCF (Granulocyte-colony stimulating factor),DRUG
NCT00003317,carboplatin,DRUG
NCT00003317,paclitaxel,DRUG
NCT00003317,radiation therapy,RADIATION
NCT00003317,surgery,PROCEDURE
NCT01213017,certolizumab pegol,DRUG
NCT01545817,Pazopanib followed by everolimus,DRUG
NCT03497117,Lung Clearance Index,DEVICE
NCT03497117,MRI with PFP,DRUG
NCT00220740,"Immune Globulin IV (Human), 10% Caprylate/Chromatography Purified",DRUG
NCT00220740,"Albumin (Human) 25%, United States Pharmacopeia (USP)",DRUG
NCT03868540,BI 1291583,DRUG
NCT03868540,Placebo,DRUG
NCT04548440,Sintilimab,DRUG
NCT04548440,Nab paclitaxel,DRUG
NCT04548440,Cisplatin,DRUG
NCT03295240,"BR-I (bendamustine, rituximab, ibrutinib)",DRUG
NCT03295240,VEN (Venetoclax),DRUG
NCT00146640,MR Prednisone,DRUG
NCT00146640,IR Prednisone,DRUG
NCT00146640,Placebo - MR Prednisone,DRUG
NCT00146640,Placebo - IR Prednisone,DRUG
NCT04727840,Sodium Zirconium Cyclosilicate Oral Product,DRUG
NCT06065540,Cagrilintide,DRUG
NCT06065540,Semaglutide,DRUG
NCT06065540,Placebo cagrilintide,DRUG
NCT06065540,Placebo semaglutide,DRUG
NCT04176250,TBA-7371,DRUG
NCT04176250,HRZE,DRUG
NCT03929250,2g Centella asiatica water extract product,DRUG
NCT03929250,4g Centella asiatica water extract product,DRUG
NCT01957150,Fluticasone Furoate/Vilanterol,DRUG
NCT01957150,Vilanterol,DRUG
NCT00796250,Infliximab,BIOLOGICAL
NCT00796250,AZA,DRUG
NCT00796250,Placebo Prednisolone,DRUG
NCT00796250,Prednisolone,DRUG
NCT00796250,Placebo Infliximab,BIOLOGICAL
NCT00657618,Sodium Stibogluconate (SSG),DRUG
NCT06601218,Oral cannabis low THC,DRUG
NCT06601218,Placebo Comparator,DRUG
NCT06601218,Oral cannabis high THC,DRUG
NCT06601218,Oral cannabis THC/CBD,DRUG
NCT06537518,Dexamethasone injection,DRUG
NCT06537518,Bupivacaine 0.375% Injectable Solution,DRUG
NCT06537518,Bupivacaine 0.5% Injectable Solution,DRUG
NCT00070018,rituximab,BIOLOGICAL
NCT00070018,Cyclophosphamide,DRUG
NCT00070018,doxorubicin hydrochloride,DRUG
NCT00070018,prednisone,DRUG
NCT00070018,vincristine sulfate,DRUG
NCT00070018,radiation therapy,RADIATION
NCT00070018,Yttrium-90 ibritumomab tiuxetan,BIOLOGICAL
NCT00070018,Indium-111 ibritumomab tiuxetan,BIOLOGICAL
NCT04001218,Injection of hypertonic saline,DRUG
NCT04001218,Injection of Isotonic saline,DRUG
NCT03446690,MI Varnish,DRUG
NCT03446690,Control group,OTHER
NCT00171990,Famciclovir,DRUG
NCT01889290,Methylnaltrexone,DRUG
NCT03380390,Oxymetazoline HCL 1.0% Cream,DRUG
NCT03380390,Energy-Based Therapy,DEVICE
NCT02131597,Guadecitabine,DRUG
NCT00877097,Klodronate and Kliogest,DRUG
NCT00877097,Placebo+ Kliogest,PROCEDURE
NCT00877097,Bonefos,DRUG
NCT01200797,SJG-136,DRUG
NCT01200797,laboratory biomarker analysis,OTHER
NCT06192797,HAIC,PROCEDURE
NCT06192797,Lenvatinib plus pucotenlimab,DRUG
NCT04254913,MT-1186,DRUG
NCT06113913,Infliximab,DRUG
NCT06588413,Olanzapine,DRUG
NCT00387413,Duloxetine,DRUG
NCT00387413,GSK189254,DRUG
NCT00387413,GSK189254 Placebo,DRUG
NCT00387413,Duloxetine Placebo,DRUG
NCT05835713,Remimazolam besylate,DRUG
NCT05835713,Propofol,DRUG
NCT03998813,Ropivacaine,DRUG
NCT01146613,Varenicline,DRUG
NCT01146613,Placebo,DRUG
NCT07226713,Pacritinib,DRUG
NCT04075513,"Insulin glargine, 300 U/ml",DRUG
NCT04075513,"Insulin degludec, 100U/ml",DRUG
NCT04075513,Background therapy: Rapid acting insulin analogs,DRUG
NCT01881113,AC-170 0.24%,DRUG
NCT01881113,AC-170 0%,DRUG
NCT00261560,acetaminophen,DRUG
NCT00733720,Suboxone,DRUG
NCT02308020,Abemaciclib,DRUG
NCT05937282,Dexmedetomidine,DRUG
NCT05937282,Propofol,DRUG
NCT05937282,Lidocain,DRUG
NCT05937282,normal saline,DRUG
NCT02610582,rAAV.hCNGA3,DRUG
NCT03659682,Semaglutide,DRUG
NCT03250182,PT010,DRUG
NCT02691182,SPN-810,DRUG
NCT00961259,Fenofibric Acid 35 mg Tablet,DRUG
NCT00961259,Fenofibric Acid 105 mg Tablet,DRUG
NCT04489459,Colistin,DRUG
NCT04489459,Meropenem,DRUG
NCT04489459,Tigecycline,DRUG
NCT02252796,Hypofractionated Stereotactic Boost,RADIATION
NCT02252796,Carboplatin,DRUG
NCT02252796,Paclitaxel,DRUG
NCT02252796,Image-guided IMRT,RADIATION
NCT00056459,Vatalanib,DRUG
NCT04500496,INH,DRUG
NCT04500496,dinoprostone,DRUG
NCT04712396,Capivasertib,DRUG
NCT04712396,Itraconazole,DRUG
NCT01455896,ITCA 650,DRUG
NCT01455896,ITCA placebo,OTHER
NCT00327379,"Trasylol (Aprotinin, BAYA0128)",DRUG
NCT00327379,Placebo,DRUG
NCT00171080,valsartan,DRUG
NCT00171080,irbesartan,DRUG
NCT00856596,Sertaconazole nitrate cream 2%,DRUG
NCT05916196,18F-Fluoroestradiol,DRUG
NCT03054896,Venetoclax,DRUG
NCT03054896,DA-EPOCH-R,OTHER
NCT03054896,R-CHOP,OTHER
NCT03120962,Oxycodone,DRUG
NCT03120962,Gabapentin,DRUG
NCT03120962,Famciclovir,DRUG
NCT01103388,Rituximab,DRUG
NCT01579188,GV1001,DRUG
NCT01579188,normal saline,DRUG
NCT03523988,Acetaminophen,DRUG
NCT03523988,Ibuprofen,DRUG
NCT00613288,"Testosterone (Testogel), GnRH analog (Leuprorelide) and Placebo",DRUG
NCT03419403,Steroid eye drops,DRUG
NCT03419403,Vasoconstrictor eye drops,DRUG
NCT03419403,Cold compress,OTHER
NCT03419403,Ophthalmic steroid ointment,DRUG
NCT03419403,Depatuxizumab mafodotin,DRUG
NCT03419403,Temozolomide,DRUG
NCT03419403,Radiation,RADIATION
NCT00612703,ARQ 197,DRUG
NCT02363127,subcutaneous progesterone,DRUG
NCT02363127,vaginal progesterone,DRUG
NCT03262727,BMS-986165,DRUG
NCT03262727,Loestrin 1.5/30 (1.5 mg norethindrone acetate/30 μg ethinyl estradiol),DRUG
NCT03698227,Olaratumab,DRUG
NCT03698227,Dexrazoxane,DRUG
NCT03698227,Doxorubicin,DRUG
NCT04362527,Milrinone 1 Mg/mL Solution for Injection,DRUG
NCT04362527,Saline solution for injection,DRUG
NCT04019561,MEDI0382 high dose,DRUG
NCT04019561,Placebo for MEDI0382 high dose,DRUG
NCT04019561,MEDI0382 low dose,DRUG
NCT04019561,Placebo for MEDI0382 low dose,DRUG
NCT00812461,Placebo,DRUG
NCT00812461,Nalmefene,DRUG
NCT07448142,Low-dose radiotherapy,RADIATION
NCT07448142,Pucotenlimab,DRUG
NCT07448142,CAPEOX/XELOX,DRUG
NCT01872442,Dasatinib,DRUG
NCT01872442,Peg-Interferon alpha2b,DRUG
NCT02358161,gemcitabine and nab paclitaxel,DRUG
NCT01357161,adavosertib,DRUG
NCT01357161,Placebo,DRUG
NCT01357161,paclitaxel,DRUG
NCT01357161,carboplatin,DRUG
NCT02952586,Avelumab,DRUG
NCT02952586,Chemoradiation,OTHER
NCT00891670,cilostazol,DRUG
NCT00891670,clopidogrel,DRUG
NCT00891670,aspirin,DRUG
NCT01567670,Naloxone,DRUG
NCT01567670,naloxone placebo,DRUG
NCT01633970,5-FU,DRUG
NCT01633970,Atezolizumab,DRUG
NCT01633970,Bevacizumab,DRUG
NCT01633970,Carboplatin,DRUG
NCT01633970,Leucovorin,DRUG
NCT01633970,Nab-paclitaxel,DRUG
NCT01633970,Oxaliplatin,DRUG
NCT01633970,Paclitaxel,DRUG
NCT01633970,Pemetrexed,DRUG
NCT01197170,Anastrozole,DRUG
NCT01197170,Bevacizumab,DRUG
NCT01197170,Everolimus,DRUG
NCT01197170,Sorafenib,DRUG
NCT01197170,Erlotinib,DRUG
NCT01530373,solifenacin,DRUG
NCT01530373,Clonidine,DRUG
NCT07013773,Y-4 tablet,DRUG
NCT02949973,voclosporin,DRUG
NCT00238173,filgrastim,BIOLOGICAL
NCT00238173,acetylcysteine,DRUG
NCT00238173,carboplatin,DRUG
NCT00238173,cyclophosphamide,DRUG
NCT00238173,etoposide phosphate,DRUG
NCT00238173,mannitol,DRUG
NCT00238173,sodium thiosulfate,DRUG
NCT02115360,Calcitonin,DRUG
NCT02115360,Fentanyl,DRUG
NCT02462720,Varithena®,DRUG
NCT02462720,Radiofrequency ablation,DEVICE
NCT04350320,Colchicine Tablets,DRUG
NCT04350320,Standard therapy for COVID-19 according to the stablished hospital protocols.,DRUG
NCT02479620,"Dexamethasone Sodium Phosphate Injection, USP, 4 mg/mL",DRUG
NCT00577720,risedronate,DRUG
NCT02193282,Clinical Observation,OTHER
NCT02193282,Erlotinib Hydrochloride,DRUG
NCT02193282,Laboratory Biomarker Analysis,OTHER
NCT02193282,Placebo Administration,OTHER
NCT00728923,NPL-2003,DRUG
NCT01424423,Placebo,DRUG
NCT01424423,GSK1223249,DRUG
NCT02149524,Herceptin (trastuzuamb),DRUG
NCT02149524,SB3 (proposed trastuzumab biosimilar),DRUG
NCT02531724,Levosimendan,DRUG
NCT02531724,Placebo,DRUG
NCT06690723,Dapagliflozin (Forxiga),DRUG
NCT06690723,Vitamin D3 ( Colecalciferol),DRUG
NCT06690723,Vitamin D3 plus Dapagliflozin,DRUG
NCT06690723,Lifestyle modification,BEHAVIORAL
NCT01758523,Dutasteride,DRUG
NCT01758523,sugar pill,DRUG
NCT03895359,Stereotactic Body Radiation,RADIATION
NCT03895359,Transarterial Chemoembolization,DRUG
NCT03307759,Pembrolizumab,DRUG
NCT03307759,Radiotherapy (SABR),RADIATION
NCT07346859,BP-SCIG 20%,DRUG
NCT03686059,Omega 3,DRUG
NCT03686059,punctal plug,DEVICE
NCT03679780,BQ-788,DRUG
NCT03679780,BQ-123,DRUG
NCT03679780,L-Arginine,DRUG
NCT03679780,NG Nitro L Arginine Methyl Ester,DRUG
NCT03679780,Sodium Nitroprusside,DRUG
NCT03679780,Lactated Ringer's,DRUG
NCT05075980,Cisplatin,DRUG
NCT05075980,Intensity-Modulated Proton Therapy,PROCEDURE
NCT05075980,Quality-of-Life Assessment,OTHER
NCT05075980,Questionnaire Administration,OTHER
NCT05075980,Computed Tomography,PROCEDURE
NCT05075980,Magnetic Resonance Imaging,PROCEDURE
NCT05075980,Positron Emission Tomography,PROCEDURE
NCT05075980,Biospecimen Collection,PROCEDURE
NCT05075980,Intensity-Modulated Radiation Therapy,RADIATION
NCT04162379,Oral tablet,DRUG
NCT01054196,lenalidomide,DRUG
NCT01054196,melphalan,DRUG
NCT06204796,"vitamin D supplement was given as 60,000 IU weekly in conjunction with systemic prednisone",DRUG
NCT06204796,Systemic prednisone,DRUG
NCT02235480,Experimental Tazarotene Gel,DRUG
NCT02235480,Placebo,DRUG
NCT07624279,Non-Invasive Vagus Nerve Stimulation,DEVICE
NCT07624279,Cannabidiol,DRUG
NCT07624279,Standard of Care,DRUG
NCT02881762,Maraviroc,DRUG
NCT00673062,SCH 900538,DRUG
NCT00673062,Pseudoephedrine,DRUG
NCT00673062,Placebo Capsules,DRUG
NCT03449446,SEL,DRUG
NCT03449446,FIR,DRUG
NCT03449446,CILO,DRUG
NCT03449446,Placebo to match FIR,DRUG
NCT03449446,Placebo to match CILO,DRUG
NCT03449446,Placebo to match SEL,DRUG
NCT00069888,Docetaxel,DRUG
NCT01286103,Canagliflozin 300 mg once daily and 150 mg twice daily,DRUG
NCT01286103,Canagliflozin 100 mg once daily and 50 mg twice daily,DRUG
NCT03743662,Re-irradiation (RT),RADIATION
NCT03743662,Bevacizumab,DRUG
NCT03743662,Nivolumab,DRUG
NCT03743662,Re-resection,PROCEDURE
NCT01762462,SAR302503,DRUG
NCT00449046,GW815SF Salmeterol/Fluticasone propionate(HFA MDI),DRUG
NCT05660746,RoadMAB,DEVICE
NCT05660746,Infliximab,DRUG
NCT03206788,Losartan,DRUG
NCT03206788,placebo,DRUG
NCT01568203,AMG 579,DRUG
NCT01568203,Placebo,DRUG
NCT01576003,Glutamine,DRUG
NCT01576003,L-alanine,DIETARY_SUPPLEMENT
NCT06157827,LBL-024 for Injection,DRUG
NCT06157827,Etoposide Injection,DRUG
NCT06157827,Carboplatin Injection,DRUG
NCT06157827,Atezolizumab injection,DRUG
NCT06157827,Cisplatin injection,DRUG
NCT05529927,Sustained-release Dexamphetamine,DRUG
NCT05529927,Placebo,DRUG
NCT07190027,Arm 1： Standard Synchronous Group,DRUG
NCT07190027,Arm 2：Fixed Delay Group,DRUG
NCT07190027,Arm 3： Individualized Delay Group,DRUG
NCT00896961,EF5,DRUG
NCT00896961,diagnostic laboratory biomarker analysis,OTHER
NCT00896961,pharmacological study,OTHER
NCT01466361,Nicotine lower dose,DRUG
NCT01466361,Nicotine higher dose,DRUG
NCT01466361,Placebo,DRUG
NCT02202161,GSK2330672,DRUG
NCT02202161,Placebo,DRUG
NCT02202161,Sitagliptin,DRUG
NCT02202161,Metformin,DRUG
NCT00197886,Changing dose of norepinephrine and blood pressure,DRUG
NCT07549386,Etoricoxib 90 mg + diacerein 50 mg,DRUG
NCT07549386,Meloxicam 15 mg + diacerein 50 mg,DRUG
NCT06423170,Camrelizumab plus GEMOX,DRUG
NCT04790370,Anticoagulation with heparin,DRUG
NCT04790370,EkoSonicTM Endovascular System,DEVICE
NCT06269770,Tapentadol,DRUG
NCT06269770,Tramadol,DRUG
NCT05874570,Esomeprazole,DRUG
NCT05874570,Bismuth Potassium Citrate,DRUG
NCT05874570,Tetracycline,DRUG
NCT05874570,Doxycycline,DRUG
NCT05874570,Metronidazole,DRUG
NCT05670470,CTP0303,DRUG
NCT05670470,Orafang Tab,DRUG
NCT02217670,Metformin 1000 mg granules,DRUG
NCT02217670,Metformin 1000 mg film-coated tablets,DRUG
NCT05387070,TransCon PTH,DRUG
NCT05387070,placebo,DRUG
NCT03640273,Prapchompoothaweep remedy,DRUG
NCT03640273,Loratadine 10 Mg,DRUG
NCT04958473,Sintilimab,DRUG
NCT04958473,Axitinib,DRUG
NCT02628769,Solithromycin,DRUG
NCT02628769,Placebo,DRUG
NCT03750383,EDP-938,DRUG
NCT03750383,Cyclosporine,DRUG
NCT03750383,Prednisone,DRUG
NCT02005783,DBD,DRUG
NCT02005783,Epirubicin,DRUG
NCT02005783,Cyclophosphamide,DRUG
NCT02005783,Docetaxel,DRUG
NCT03262441,Mycophenolate Mofetil 500Mg Tab,DRUG
NCT03460041,Magnesium Sulfate,DRUG
NCT03460041,Dexmetedomedine,DRUG
NCT03460041,Bupivacaine,DRUG
NCT05688241,Donor-derived ex-vivo expanded EBV Tscm CTL,DRUG
NCT04397341,"docetaxel, cisplatin, fluorouracil",DRUG
NCT02053454,patisiran (ALN-TTR02),DRUG
NCT02053454,Sterile Normal Saline (0.9% NaCl),DRUG
NCT05186454,Morphine Sulfate,DRUG
NCT05186454,Bupivacaine,DRUG
NCT05186454,"dexamethasone, morphine, midazolam",DRUG
NCT00515554,Rituximab,DRUG
NCT00515554,BEACOPP escalated,DRUG
NCT01767454,Dabrafenib,DRUG
NCT01767454,Trametinib,DRUG
NCT01767454,Ipilimumab,DRUG
NCT03885154,Valproic Acid (VPA),DRUG
NCT03885154,Dihydroergotamine (DHE),DRUG
NCT01726205,"Pregabalin and normal saline infusion, PRG",DRUG
NCT01726205,Pregabalin and ropivacaine 02% infusion,DRUG
NCT01726205,"Placebo drug, normal saline infusion",DRUG
NCT05050305,Marizomib,DRUG
NCT05050305,Pomalidomide,DRUG
NCT05050305,Dexamethasone,DRUG
NCT01250405,Cinacalcet,DRUG
NCT01250405,Placebo,DRUG
NCT04935294,Danicopan,DRUG
NCT03633994,Heparin,DRUG
NCT03633994,Normal saline,DRUG
NCT00252694,candesartan,DRUG
NCT04234594,QL1203,DRUG
NCT04234594,Vectibix®,DRUG
NCT01813994,Arm1: Statin,DRUG
NCT01813994,Arm2: Placebo,DRUG
NCT06198894,steroid-eluting sinus stent implant,PROCEDURE
NCT06198894,Systemic glucocorticoids,DRUG
NCT06198894,saline irrigations,DRUG
NCT06198894,Placebo,DRUG
NCT06198894,sham procedure,PROCEDURE
NCT00383994,GM-CSF,DRUG
NCT00383994,Rituximab,DRUG
NCT00383994,NK Cell Infusion,BIOLOGICAL
NCT00430066,Imatinib Mesylate,DRUG
NCT00248066,RESTEN-MP,DRUG
NCT02937766,"Makena® (Hydroxyprogesterone Caproate Injection, 250 mg/mL)",DRUG
NCT00375960,V3381,DRUG
NCT00375960,Placebo,DRUG
NCT01023360,Clopidogrel and proton pump inhibitors,DRUG
NCT00002520,nicotine,DRUG
NCT00002520,Usual Care,BEHAVIORAL
NCT05447520,Montelukast,DRUG
NCT05447520,Placebo,DRUG
NCT05447520,Conventional DMARDs,DRUG
NCT00715520,Transcranial Magnetic Stimulation (TMS),OTHER
NCT00715520,Carbidopa-Levodopa,DRUG
NCT00715520,Methylphenidate,DRUG
NCT00715520,Amphetamine Sulfate,DRUG
NCT00715520,Placebo,DRUG
NCT00715520,Sham Transcranial Magnetic Stimulation (TMS),OTHER
NCT00715520,Transcranial Magnetic Stimulation (TMS) Training,OTHER
NCT06700720,Dose 1 YN001,DRUG
NCT06700720,Dose 2 YN001,DRUG
NCT06700720,Evolocumab,DRUG
NCT00742820,Calcium Acetate Oral Solution 667 mg per 5 mL,DRUG
NCT00742820,Calcium Acetate 667 mg GelCaps,DRUG
NCT00742820,Calcium Citrate 950 mg Caplets,DIETARY_SUPPLEMENT
NCT00191724,Drotrecogin Alfa (Activated),DRUG
NCT00191724,Enoxaparin,DRUG
NCT00191724,Placebo,DRUG
NCT00945724,"Rituximab, Cyclophosphamide, Doxorubicin, Vincristine, Prednisolone, liposomal cytarabine, methotrexate",DRUG
NCT01563523,activated recombinant human factor VII,DRUG
NCT01563523,placebo,DRUG
NCT03246724,Triazolam,DRUG
NCT03246724,Midazolam,DRUG
NCT03246724,Microcrystalline Cellulose,DRUG
NCT03246724,Sodium chloride 0.9%,DRUG
NCT04700423,moxidectin (8 mg) / albendazole (400 mg),DRUG
NCT04700423,ivermectin (200 µg/kg) / albendazole (400 mg),DRUG
NCT04700423,ALBENDAZOLE 400 Mg ORAL TABLET [ZENTEL],DRUG
NCT04700423,ivermectin (200 µg/kg),DRUG
NCT04700423,moxidectin (8 mg),DRUG
NCT04544059,Lenalidomide,DRUG
NCT02872259,BGB324+pembrolizumab,DRUG
NCT02872259,BGB324+dabrafenib and trametinib,DRUG
NCT02872259,pembrolizumab,DRUG
NCT02872259,dabrafenib and trametinib,DRUG
NCT00282659,magnesium L-lactate,DRUG
NCT00376480,anti-thymocyte globulin,BIOLOGICAL
NCT00376480,peripheral blood lymphocyte therapy,BIOLOGICAL
NCT00376480,fludarabine phosphate,DRUG
NCT00376480,methylprednisolone,DRUG
NCT00376480,thiotepa,DRUG
NCT00376480,allogeneic hematopoietic stem cell transplantation,PROCEDURE
NCT00376480,in vitro-treated peripheral blood stem cell transplantation,PROCEDURE
NCT00376480,total-body irradiation,RADIATION
NCT06954480,Datopotamab Deruxtecan (Dato-DXd),DRUG
NCT06954480,Durvalumab,DRUG
NCT07541079,Giredestrant,DRUG
NCT03862079,Best Practice,OTHER
NCT03862079,Fecal Microbiota Transplantation,PROCEDURE
NCT03862079,Nystatin,DRUG
NCT03862079,Piperacillin-Tazobactam,DRUG
NCT02370680,Aspirin,DRUG
NCT02370680,Durlaza™,DRUG
NCT01750580,Lirilumab,DRUG
NCT01750580,Ipilimumab,DRUG
NCT02576080,Imatinib,DRUG
NCT02576080,Surveillance,OTHER
NCT00138580,vildagliptin,DRUG
NCT03908580,Meditoxin,DRUG
NCT04016779,Placebo,DRUG
NCT04016779,SPN-812,DRUG
NCT07334496,GLR1044 injection,DRUG
NCT07334496,Dupilumab Injection,DRUG
NCT01657162,Alendronate,DRUG
NCT01376362,Interferon Gamma-1b,DRUG
NCT01563562,Bardoxolone Methyl,DRUG
NCT01745588,Pomalidomide,DRUG
NCT01745588,stem cell,PROCEDURE
NCT01745588,Dexamethasone,DRUG
NCT01745588,Clarithromycin,DRUG
NCT01147588,lansoprazole,DRUG
NCT01147588,omeprazole,DRUG
NCT01147588,esomeprazole,DRUG
NCT01147588,clopidogrel,DRUG
NCT01389388,Rosuvastatin,DRUG
NCT04204603,CKD-506,DRUG
NCT04204603,Placebo,DRUG
NCT04211103,Pembrolizumab,DRUG
NCT02855203,Stereotactic Ablative Body Radiosurgery (SABR),RADIATION
NCT02855203,Pembrolizumab,DRUG
NCT01700803,Povidone Iodine 10% vand cesarean section wound infections,DRUG
NCT01700803,Povidone Iodine 7.5% vand cesarean section wound infections,DRUG
NCT02591888,Placebo,DRUG
NCT02591888,Liposomal bupivacaine,DRUG
NCT01742988,fimepinostat,DRUG
NCT01742988,Rituximab,DRUG
NCT01742988,venetoclax,DRUG
NCT02704403,Elafibranor,DRUG
NCT02704403,Placebo,DRUG
NCT00005603,asparaginase,DRUG
NCT00005603,cyclophosphamide,DRUG
NCT00005603,cytarabine,DRUG
NCT00005603,daunorubicin hydrochloride,DRUG
NCT00005603,dexamethasone,DRUG
NCT00005603,doxorubicin hydrochloride,DRUG
NCT00005603,mercaptopurine,DRUG
NCT00005603,methotrexate,DRUG
NCT00005603,prednisone,DRUG
NCT00005603,thioguanine,DRUG
NCT00005603,vincristine sulfate,DRUG
NCT00885703,Fluconazole,DRUG
NCT00885703,Amphotericin B,DRUG
NCT01925703,Sodium ferric gluconate,DRUG
NCT04911127,200mg Cannabidiol by capsules twice daily,DRUG
NCT04911127,400mg Cannabidiol by capsules twice daily,DRUG
NCT04911127,Placebo capsules,DRUG
NCT05286827,Olaparib,DRUG
NCT05286827,ECG,DIAGNOSTIC_TEST
NCT05286827,CT CAP,DIAGNOSTIC_TEST
NCT05286827,Tumor Biopsy,PROCEDURE
NCT02588027,Ibuprofen,DRUG
NCT02588027,Placebo,DRUG
NCT07058727,"Sodium Hypochlorite 2,5%",DRUG
NCT07058727,Chlorhexidine,DRUG
NCT07058727,Cold Saline,DRUG
NCT05429827,normal saline,OTHER
NCT05429827,Dextrose 5% in water,DRUG
NCT05429827,Dextrose 15% in water,DRUG
NCT02213861,SHAPE,DRUG
NCT04871061,PENG Block,PROCEDURE
NCT04871061,Conventional opioid analgesia (Fentanyl),DRUG
NCT02154061,IIV Flu Vaccine,DRUG
NCT02154061,Metronidazole,DRUG
NCT02154061,Neomycin,DRUG
NCT02154061,Vancomycin,DRUG
NCT01100242,Velcade and Sorafenib,DRUG
NCT00706342,Fostamatinib Disodium / R935788,DRUG
NCT02176642,Oxybutynin extended release,DRUG
NCT02176642,Posterior Tibial Nerve Stimulation,DEVICE
NCT02176642,Placebo,DRUG
NCT05199142,SDI-118,DRUG
NCT05199142,Placebo,DRUG
NCT07517042,Mazdutide,DRUG
NCT07517042,Intensive Lifestyle Intervention,BEHAVIORAL
NCT03299842,ZX008 (Fenfluramine Hydrochloride),DRUG
NCT00825786,Ropivacaine,DRUG
NCT00825786,Mepivacaine,DRUG
NCT06349486,"vonoprazan, amoxicillin, tripotassium dicitrate bismuthate",DRUG
NCT06349486,"vonoprazan, amoxicillin",DRUG
NCT06349486,"rabeprazole, amoxicillin, clarithromycin",DRUG
NCT02624986,Idasanutlin,DRUG
NCT02624986,Obinutuzumab,DRUG
NCT02624986,Rituximab,DRUG
NCT02022670,Placebo,DRUG
NCT02022670,Sodium Nitrite,DRUG
NCT04263870,sintilimab,DRUG
NCT06684470,Mirtazapine,DRUG
NCT06684470,Placebo,OTHER
NCT03160573,ClōSYS® Unflavored Rinse,DRUG
NCT03160573,ClōSYS® Flavored Rinse,DRUG
NCT03160573,Placebo-Flavored Oral Rinse,OTHER
NCT03160573,Placebo-Unflavored Oral Rinse,OTHER
NCT02644473,Tranexamic Acid,DRUG
NCT02644473,Normal saline,DRUG
NCT03218969,Ecopipam,DRUG
NCT03218969,Placebo,DRUG
NCT04920383,ALPN-202,DRUG
NCT04920383,pembrolizumab KEYTRUDA®,DRUG
NCT03792269,Irinotecan,DRUG
NCT03792269,Oxaliplatin,DRUG
NCT03792269,Capecitabine,DRUG
NCT00102869,levodopa,DRUG
NCT02154269,Treatment with G-CSF (Granulocyte colony stimulating factor),DRUG
NCT02154269,Placebo saline,DRUG
NCT01480869,calcium and cholecalciferol,DRUG
NCT01665183,ADI-PEG 20,DRUG
NCT00489983,pemetrexed,DRUG
NCT00489983,gemcitabine,DRUG
NCT01628783,escitalopram 10 mg,DRUG
NCT01628783,Placebo,DRUG
NCT02353741,EGFR-TKIs,DRUG
NCT02353741,thoracic radiotherapy,RADIATION
NCT03168841,Efinaconazole Topical,DRUG
NCT01204554,Indocyanine green (ICG),DRUG
NCT00106054,"Combination therapy of irinotecan with 5-FU, leucovorin plus bevacizumab in the neoadjuvant setting.",DRUG
NCT03304054,Amifampridine Phosphate,DRUG
NCT03304054,Placebo Oral Tablet,DRUG
NCT06897605,Dapagliflozin (DAPA),DRUG
NCT06897605,Erythropoiesis Stimulating Agent,DRUG
NCT07113054,Edoxaban 60 MG [Lixiana],DRUG
NCT07113054,Edoxaban 60 MG [Lixiana] + Grapefruit Juice,OTHER
NCT00583154,BLI-801,DRUG
NCT05748405,Placebo,DRUG
NCT05748405,AEF0217,DRUG
NCT07067905,68Ga-XT771,DRUG
NCT00778505,Propofol,DRUG
NCT00778505,remifentanil,DRUG
NCT00778505,Remifentanil,DRUG
NCT05375305,SHR8554 Injection,DRUG
NCT05375305,Saline Solution,DRUG
NCT05375305,Morphine,DRUG
NCT00010205,benzoylphenylurea,DRUG
NCT00010205,pharmacological study,OTHER
NCT02406794,Neuromuscular taping,DRUG
NCT05985694,AD17002,DRUG
NCT05985694,Placebo,DRUG
NCT02976194,ranibizumab,DRUG
NCT04274894,AndroGel 1.62%,DRUG
NCT03393494,Adapalene and Benzoyl Peroxide Topical Gel,DRUG
NCT03393494,Epiduo Topical Product,DRUG
NCT03393494,Placebo,DRUG
NCT00003694,omacetaxine mepesuccinate,DRUG
NCT00003694,cytarabine,DRUG
NCT00003694,laboratory biomarker analysis,OTHER
NCT07375966,Tenecteplase,DRUG
NCT00181922,ziprasidone (Geodon),DRUG
NCT03787017,FDC(MP-513 20mg/Metformin XR 1000mg),DRUG
NCT03787017,MP-513 20mg,DRUG
NCT03787017,Metformin XR 1000mg,DRUG
NCT00091689,852A,DRUG
NCT03631017,[18F]- PARPi,DRUG
NCT03631017,PET/CT Scans,DIAGNOSTIC_TEST
NCT01796717,C Group,DRUG
NCT01796717,E Group,DRUG
NCT05471440,Direct boost mRNA,DRUG
NCT05471440,Direct boost adeno,DRUG
NCT05471440,Post-poned boost mRNA,DRUG
NCT05471440,Post-poned boost adeno,DRUG
NCT04233840,P1101 (Ropeginterferon alfa-2b),DRUG
NCT04233840,Nivolumab,DRUG
NCT07001540,"Polatuzumab Vedotin combined with Rituximab, Gemcitabine, and Oxaliplatin (Pola-R- GemOx)",DRUG
NCT00220168,"Irinotecan, Capecitabine",DRUG
NCT01027689,alprazolam commercial immediate release oral tablet,DRUG
NCT01027689,alprazolam test sublingual tablet,DRUG
NCT02825940,Atezolizumab,DRUG
NCT02825940,Gemcitabine,DRUG
NCT02825940,Cisplatin,DRUG
NCT06186440,Cisplatin Plus Temozolomide,DRUG
NCT06186440,Temozolomide,DRUG
NCT06409689,Oliceridine fumarate low dose,DRUG
NCT06409689,Oliceridine fumarate high dose,DRUG
NCT06409689,Oliceridine fumarate moderate dose,DRUG
NCT06409689,morphine,DRUG
NCT05595889,Surufatinib,DRUG
NCT05595889,Irinotecan,DRUG
NCT05745350,"Pembrolizumab, Plinabulin plus Etoposide and Platinum",DRUG
NCT05910450,Clascoterone 5% solution,DRUG
NCT05910450,Vehicle solution,DRUG
NCT05547750,Vitamin K2,DRUG
NCT05547750,Placebo,DRUG
NCT00411450,Panitumumab,BIOLOGICAL
NCT00411450,FOLFIRI,DRUG
NCT01160991,Glucose clamp technique,PROCEDURE
NCT01160991,Amisulpride,DRUG
NCT01160991,Olanzapine,DRUG
NCT01160991,Placebo,DRUG
NCT02518191,GnRHa,DRUG
NCT01802450,Dasatinib,DRUG
NCT00326391,methylphenidate hydrochloride extended-release tablets,DRUG
NCT03706274,CX-188,DRUG
NCT02680574,Vadadustat,DRUG
NCT02680574,Darbepoetin alfa,DRUG
NCT05394818,SHR-A2009,DRUG
NCT02910518,Insulin glulisine (U300),DRUG
NCT02910518,Insulin glulisine,DRUG
NCT02910518,Insulin aspart,DRUG
NCT02910518,NPH insulin,DRUG
NCT02910518,Glucagon,DRUG
NCT02910518,Glucose,DRUG
NCT02910518,Heparin,DRUG
NCT06783790,"Avapritinib, azacitidine, Venetoclax",DRUG
NCT03237390,Gemcitabine Hydrochloride,DRUG
NCT03237390,Laboratory Biomarker Analysis,OTHER
NCT03237390,Pharmacological Study,OTHER
NCT03237390,Ribociclib,DRUG
NCT06067490,RC1416(SAD),DRUG
NCT06067490,Placebo(SAD),DRUG
NCT06447090,Mitoxantrone hydrochloride liposome,DRUG
NCT01722097,Rocuronium,DRUG
NCT01722097,placebo,DRUG
NCT04621097,pulsed electromagnetic field,DEVICE
NCT04621097,treadmill training,OTHER
NCT04621097,Medication,DRUG
NCT02352597,phytoestrogen,DRUG
NCT02352597,estradiol valerate,DRUG
NCT02352597,clomiphene citrate,DRUG
NCT06665997,Depot medroxyprogesterone acetate (DMPA),DRUG
NCT00636610,Vismodegib 150 mg,DRUG
NCT00636610,Placebo to vismodegib,DRUG
NCT00636610,Bevacizumab,DRUG
NCT00636610,Modified FOLFOX,DRUG
NCT00636610,FOLFIRI,DRUG
NCT05310110,10% lidocaine spray,DRUG
NCT05310110,Placebo of lidocaine spray,DRUG
NCT05310110,Cisatracurium,DRUG
NCT05310110,Placebo of cisatracurium,DRUG
NCT05310110,Propofol,DRUG
NCT05558410,Suzetrigine (SUZ),DRUG
NCT05558410,HB/APAP,DRUG
NCT05558410,Placebo (matched to SUZ),DRUG
NCT05558410,Placebo (matched to HB/APAP),DRUG
NCT04218110,Isopropyl alcohol & Chlorhexidine Gluconate Antiseptic,DRUG
NCT04218110,Prevantics 3.15 % / 70 % Swabstick,DRUG
NCT04090710,Ipilimumab/ Nivolumab,DRUG
NCT04090710,SBRT + Ipilimumab/Nivolumab,RADIATION
NCT05835310,Anifrolumab,BIOLOGICAL
NCT05835310,Placebo,DRUG
NCT00416520,"MCI-196 (Colestilan(INN), Colestimide(JAN), CHOLEBINE®)",DRUG
NCT00416520,Placebo,DRUG
NCT00416520,Another phosphate binder (Sevelamer),DRUG
NCT00654420,Dalotuzumab,DRUG
NCT00654420,Erlotinib,DRUG
NCT01742520,multiple doses of sucrose,DRUG
NCT01742520,Formula or breast milk,DRUG
NCT02450682,Apixaban,DRUG
NCT02450682,Warfarin,DRUG
NCT01534182,Fingolimod,DRUG
NCT01534182,Interferon beta - 1a (IFN),DRUG
NCT01534182,Glatiramer acetate (GA),DRUG
NCT02117024,Viagenpumatucel-L,DRUG
NCT02117024,Metronomic Cyclophosphamide,DRUG
NCT02117024,"Physician's Choice Regimen (Vinorelbine, Erlotinib, Gemcitabine, Paclitaxel, Docetaxel, Pemetrexed)",DRUG
NCT04168723,MD1003,DRUG
NCT04168723,Moxifloxacin 400mg,DRUG
NCT04168723,Placebo for MD1003,DRUG
NCT04168723,Placebo for moxifloxacin,DRUG
NCT04457323,Metoprolol,DRUG
NCT07193459,HDM1002 200 mg,DRUG
NCT07193459,HDM1002 400 mg,DRUG
NCT07193459,Placebo,DRUG
NCT00742859,betrixaban,DRUG
NCT00742859,Warfarin,DRUG
NCT03870880,Risperidone ISM 75 mg,DRUG
NCT03870880,Risperidone ISM 100 mg,DRUG
NCT03926780,Rivaroxaban 20 MG,DRUG
NCT03926780,Warfarin Sodium,DRUG
NCT02698280,Bevacizumab,DRUG
NCT02698280,Nimustine,DRUG
NCT02290080,Oxygen,DRUG
NCT05009680,GB1211,DRUG
NCT05009680,Placebo,DRUG
NCT06772779,Warfarin,DRUG
NCT06772779,Enlicitide Decanoate,DRUG
NCT06772779,Lisinopril,DRUG
NCT00211679,Botulinum Toxin Type A,DRUG
NCT00171379,Enteric-Coated Mycophenolate Sodium,DRUG
NCT00618579,LWMH in TB-402 treated subjects or TB-402 in warfarin treated subjects,DRUG
NCT06024096,Atorvastatin,DRUG
NCT06024096,Quadrivalent seasonal influenza vaccine,BIOLOGICAL
NCT02236962,Placebo,DRUG
NCT02236962,"Ephedrine, pioglitazone",DRUG
NCT04619862,Gabapentin,DRUG
NCT04619862,Placebo,DRUG
NCT01949662,Lorazepam,DRUG
NCT01949662,Placebo,DRUG
NCT01949662,Haloperidol decanoate,DRUG
NCT01949662,Questionnaires,BEHAVIORAL
NCT00733746,erlotinib hydrochloride,DRUG
NCT00733746,gemcitabine hydrochloride,DRUG
NCT00733746,therapeutic conventional surgery,PROCEDURE
NCT01096446,Intravenous Fat Emulsions,DRUG
NCT02556346,MT-3724,DRUG
NCT02702388,Lenvatinib,DRUG
NCT02702388,Lenvatinib matching placebo,DRUG
NCT07533227,FMT capsule,DRUG
NCT05778461,L-ornithine L-Aspartate,DRUG
NCT05778461,Placebo,DRUG
NCT02707861,ibalizumab,DRUG
NCT02707861,Optimized Background Regimen,DRUG
NCT00362661,Cortisol,DRUG
NCT05315661,ET-STEM,DRUG
NCT02150161,Lidocaine/ ketamine,DRUG
NCT02150161,Fentanyl,DRUG
NCT06514261,Azacitidine,DRUG
NCT06514261,Biospecimen Collection,PROCEDURE
NCT06514261,Bone Marrow Aspiration,PROCEDURE
NCT06514261,Buccal Swab,PROCEDURE
NCT06514261,Iadademstat,DRUG
NCT06514261,Venetoclax,DRUG
NCT05110742,Fludarabine Phosphate,DRUG
NCT05110742,Cyclophosphamide,DRUG
NCT05110742,CAR.5/IL15-transduced CB-NK cells,DRUG
NCT01304342,Remifentanil,DRUG
NCT01304342,Fentanyl,DRUG
NCT01304342,Normal saline,DRUG
NCT01078142,"Temsirolimus, Rituximab, Bendamustin",DRUG
NCT00004686,methotrexate,DRUG
NCT00004686,prednisone,DRUG
NCT03010670,Oxytocin,DRUG
NCT03010670,Placebo,OTHER
NCT01000870,MNI-513-01,DRUG
NCT05201170,Vehicle Ophthalmic Solution,DRUG
NCT05201170,PL9643 Ophthalmic Solution,DRUG
NCT04878770,Topical corticosteroids,DRUG
NCT04878770,Systemic cyclosporine,DRUG
NCT04878770,Systemic dupilumab,DRUG
NCT03936270,Palbociclib 125mg,DRUG
NCT03936270,Letrozole 2.5mg,DRUG
NCT03681470,Aczone Gel,DRUG
NCT02259361,Sustained-release oral dalfampridine,DRUG
NCT02259361,Placebo,DRUG
NCT01982942,ibudilast,DRUG
NCT01982942,Placebo oral capsule,DRUG
NCT00284986,Prochymal,DRUG
NCT01040286,Flurbiprofen,DRUG
NCT01040286,Chlorhexidine,DRUG
NCT03948386,isobaric bupivacaine,DRUG
NCT03948386,hyperbaric bupivacaine,DRUG
NCT03948386,isobaric mepivacaine,DRUG
NCT02246270,Intravesical Heparin,DRUG
NCT02246270,Placebo,OTHER
NCT01266135,QAX576,DRUG
NCT01266135,Placebo,DRUG
NCT02740335,Octaplex,DRUG
NCT02740335,Beriplex P/N (Kcentra),DRUG
NCT06724835,XKDCT293,DRUG
NCT06724835,CAR-T cell,OTHER
NCT04325035,Istaroxime,DRUG
NCT04325035,Placebo,DRUG
NCT05032235,Fluzoparib,DRUG
NCT01640535,Montelukast + Levocetirizine,DRUG
NCT01640535,Levocetirizine,DRUG
NCT01640535,Montelukast,DRUG
NCT03937635,Daratumumab,BIOLOGICAL
NCT03937635,Dexamethasone,DRUG
NCT03937635,Lenalidomide,DRUG
NCT03937635,Quality-of-Life Assessment,OTHER
NCT03937635,Questionnaire Administration,OTHER
NCT03398135,risankizumab,DRUG
NCT03398135,placebo for risankizumab,DRUG
NCT06713135,vamorolone 40 mg/mL oral suspension,DRUG
NCT04373317,Pimavanserin,DRUG
NCT04373317,Quetiapine,DRUG
NCT05614817,CBP-201,DRUG
NCT05614817,Placebo,DRUG
NCT00212017,voglibose,DRUG
NCT00212017,diet and exercise therapy,BEHAVIORAL
NCT04477317,"4% Articaine Hydrochloride with 1:100,000 Adrenaline",DRUG
NCT04477317,"2% Mepivacaine Hydrochloride with 1:20,000 Levonordefrin",DRUG
NCT04742517,ASP1128,DRUG
NCT04742517,Placebo,DRUG
NCT03808740,Atomoxetine,DRUG
NCT03808740,Placebo,DRUG
NCT00557440,fluticasone propionate/salmeterol,DRUG
NCT00557440,indacaterol maleate / mometasone furoate,DRUG
NCT00557440,placebo to indacaterol/mometasone,DRUG
NCT00557440,placebo to fluticasone propionate/salmeterol,DRUG
NCT06565689,YK012,DRUG
NCT06045689,Luspatercept,DRUG
NCT01021189,AZD1446,DRUG
NCT01021189,Placebo,DRUG
NCT07626489,Pre-incisional infiltration with ropivacaine plus diprospan,DRUG
NCT04372589,Heparin,DRUG
NCT07229768,177Lu-CTR-FAPI,DRUG
NCT01489189,Prompt Panretinal Photocoagulation,OTHER
NCT01489189,0.5-mg Ranibizumab,DRUG
NCT01489189,Deferred panretinal photocoagulation,OTHER
NCT06560268,"Sevoflurane; In our study, the effects of sevoflurane in different FGFs administered in children undergoing strabismus surgery on EA and anesthetic agent consumption will be investigated.",DRUG
NCT06157450,ZSP1273,DRUG
NCT04195074,Entecavir,DRUG
NCT04195074,Tenofovir Disoproxil Fumarate,DRUG
NCT04195074,Tenofovir Alafenamide,DRUG
NCT03676374,Prucalopride,DRUG
NCT03676374,Placebo Oral Tablet,DRUG
NCT02768974,OPRX-106,DRUG
NCT03831191,LY3375880,DRUG
NCT03831191,Placebo,DRUG
NCT01013818,HGS1029,DRUG
NCT00318474,Mycophenolate Mofetil (MMF),DRUG
NCT00318474,MMF Placebo,DRUG
NCT00318474,ACEi,DRUG
NCT00318474,FOS,DRUG
NCT04408118,Atezolizumab,DRUG
NCT04408118,Paclitaxel,DRUG
NCT04408118,Bevacizumab,DRUG
NCT05874518,warm needling combined with electroacupuncture,OTHER
NCT05874518,The treatment with letrozole tablets was started on the fifth day of the menstrual cycle,DRUG
NCT02647918,Sotagliflozin,DRUG
NCT00143390,exemestane,DRUG
NCT00143390,anastrozole,DRUG
NCT05549297,Tebentafusp,DRUG
NCT05549297,Tebentafusp with Pembrolizumab,DRUG
NCT05549297,Investigators Choice,DRUG
NCT01706510,Ticagrelor,DRUG
NCT01706510,Clopidogrel,DRUG
NCT01283997,Placebo,OTHER
NCT01283997,Minocycline,DRUG
NCT04570410,primary focal resection plus lymph node dissection,PROCEDURE
NCT04570410,Tislelizumab,DRUG
NCT04570410,Gemcitabine plus cisplatin,DRUG
NCT01177410,Placebo,DRUG
NCT01177410,Mesalamine Granules 750 mg,DRUG
NCT01177410,Mesalamine Granules 1500 mg,DRUG
NCT04890613,CX-5461,DRUG
NCT02072213,GL2702 GLARS-NF1,DRUG
NCT02072213,Omix Ocas,DRUG
NCT02419313,incobotulinumtoxinA,DRUG
NCT02419313,Saline,DRUG
NCT00656513,Pilocarpine,DRUG
NCT00656513,ALTENS,PROCEDURE
NCT04760860,Terazosin Hydrochloride,DRUG
NCT04760860,Placebo,OTHER
NCT04860960,Hydroxypropyl-beta-cyclodextrin,DRUG
NCT04860960,Placebo,DRUG
NCT00108420,Prazosin,DRUG
NCT00911820,Bevacizumab,DRUG
NCT00911820,Cisplatin,DRUG
NCT00911820,Irinotecan,DRUG
NCT00911820,Docetaxel,DEVICE
NCT04799782,Mirtazapine,DRUG
NCT04799782,Placebo,DRUG
NCT00531882,Pioglitazone,DRUG
NCT00531882,Simvastatin,DRUG
NCT00531882,Ibuprofen,DRUG
NCT04901923,ACP-196,DRUG
NCT04901923,Itraconazole,DRUG
NCT03207724,Xilonix plus Onivyde and 5FU,DRUG
NCT01208324,estrogen patch,DRUG
NCT01208324,Amino acids,DRUG
NCT01208324,Placebo Patch,DRUG
NCT01208324,Placebo pills,DRUG
NCT01125124,Silver Nitrate,DRUG
NCT02736123,Nivolumab - Arm A,DRUG
NCT02736123,Nivolumab + Ipilimumab - Arm B,DRUG
NCT03462459,Vancomycin,DRUG
NCT03462459,Placebo,DRUG
NCT07462559,"Ketamine 10 mg/ml oral solution, UK special",DRUG
NCT07462559,Cobisistat Tybost 150 mg,DRUG
NCT07462559,Cannabidiol Epidyolex 100 mg/ml,DRUG
NCT07475559,JSKN016HC,DRUG
NCT02966080,HEP-IV,DRUG
NCT04220996,Vortioxetine,DRUG
NCT04241380,Anticoagulant Solutions,DRUG
NCT04241380,No anticoagulant solutions,OTHER
NCT04241380,Anticoagulant management,DRUG
NCT07058779,SSS55,DRUG
NCT02061280,fluticasone/salmeterol 250/50 Dry Powder Inhaler,DRUG
NCT02061280,fluticasone/salmeterol 100/50 Dry Powder Inhaler,DRUG
NCT02061280,fluticasone 100mcg Dry Powder Inhaler,DRUG
NCT03423979,Optilume™ BPH Prostatic DCB Dilation Catheter,DEVICE
NCT03423979,Paclitaxel,DRUG
NCT00255879,Quetiapine,DRUG
NCT00255879,Risperidone,DRUG
NCT00255879,Olanzapine,DRUG
NCT07082179,Iparomlimab and Tuvonralimab combined with paclitaxel polymer micelles and Platinum (cisplatin/carboplatin),DRUG
NCT01152996,Vortioxetine,DRUG
NCT00005596,cyclophosphamide,DRUG
NCT00005596,cytarabine,DRUG
NCT00005596,daunorubicin hydrochloride,DRUG
NCT00005596,dexamethasone,DRUG
NCT00005596,leucovorin calcium,DRUG
NCT00005596,mercaptopurine,DRUG
NCT00005596,methotrexate,DRUG
NCT00005596,pegaspargase,DRUG
NCT00005596,thioguanine,DRUG
NCT00005596,vincristine sulfate,DRUG
NCT00002096,Zidovudine,DRUG
NCT00002096,Didanosine,DRUG
NCT00002096,Ganciclovir,DRUG
NCT00597896,pramipexole,DRUG
NCT01484496,Placebo,BIOLOGICAL
NCT01484496,Belimumab 200 mg SC,BIOLOGICAL
NCT01484496,Standard therapy,DRUG
NCT05537896,Eravacycline,DRUG
NCT00000896,Indinavir sulfate,DRUG
NCT00000896,Lamivudine/Zidovudine,DRUG
NCT00000896,Hepatitis A Vaccine (Inactivated),BIOLOGICAL
NCT00000896,Interleukin-12,DRUG
NCT00000896,Nevirapine,DRUG
NCT00000896,Stavudine,DRUG
NCT00000896,Sargramostim,DRUG
NCT00462696,Neoadjuvant chemotherapy,DRUG
NCT02878096,[14C]-SK-1404,DRUG
NCT07022496,Caffeine (200 mg),DRUG
NCT07022496,triptans,DRUG
NCT07022496,NSAID (Nonsteroidal anti-inflammatory drugs),DRUG
NCT07022496,Paracetamol (acetaminophen),DRUG
NCT00044889,clofarabine (IV formulation),DRUG
NCT06773117,Susu Xiao'er Zhike Granules,DRUG
NCT06773117,Extremely-low dose Susu Xiao'er Zhike Granules,DRUG
NCT00856817,L-arginine + heme arginate,DRUG
NCT00856817,Heme arginate + L-arginine,DRUG
NCT05519917,Afatinib,DRUG
NCT00361868,fenofibrate (F) + metformin (M) hydrochloride fixed combination,DRUG
NCT00361868,Rosiglitazone,DRUG
NCT01542268,pentoxifylline,DRUG
NCT01542268,pentoxifylline placebo,DRUG
NCT00684268,Silibinin,DRUG
NCT04720768,Binimetinib,DRUG
NCT04720768,Encorafenib,DRUG
NCT04720768,Palbociclib,DRUG
NCT02603068,Oral treprostinil,DRUG
NCT05586568,XZP-3621 tablet and itraconazole oral liquid (for Arm1),DRUG
NCT05586568,XZP-3621 tablet and Rifampicin capsules (For Arm 2),DRUG
NCT05586568,XZP-3621 tablet and esomeprazole tablet (For Arm3),DRUG
NCT04226950,Recombinant Interferon Alpha,DRUG
NCT04226950,Pegylated interferon alfa-2b,DRUG
NCT01862250,Clonidine (Duraclon®),DRUG
NCT00471991,SH T04769G,DRUG
NCT00471991,Ethinyl estradiol / dienogest (SH D00659 AF),DRUG
NCT01543074,BSE placebo,DIETARY_SUPPLEMENT
NCT01543074,Garlic oil,DIETARY_SUPPLEMENT
NCT01543074,BSE,DRUG
NCT01543074,Garlic Oil Placebo,DIETARY_SUPPLEMENT
NCT02711891,Loperamide,DRUG
NCT02711891,"Drug, placebo gel",DRUG
NCT03671174,Prednisone,DRUG
NCT03671174,Hydroxychloroquine,DRUG
NCT03671174,Aspirin,DRUG
NCT03671174,low molecular weight heparin,DRUG
NCT03204318,Relugolix,DRUG
NCT03204318,Estradiol/norethindrone acetate,DRUG
NCT03204318,Estradiol/norethindrone acetate placebo,DRUG
NCT03204318,Relugolix placebo,DRUG
NCT00353418,Peginterferon alfa-2a,DRUG
NCT00353418,Ribavirin,DRUG
NCT00734890,bevacizumab,BIOLOGICAL
NCT00734890,vandetanib,DRUG
NCT00734890,laboratory biomarker analysis,OTHER
NCT00734890,pharmacological study,OTHER
NCT07194590,Equol,DRUG
NCT07194590,Placebo,DRUG
NCT00699790,CCR2 Antagonist,DRUG
NCT00699790,Placebo,DRUG
NCT03093090,Water,DIETARY_SUPPLEMENT
NCT03093090,Parmalat™ Whole Milk,DIETARY_SUPPLEMENT
NCT03093090,Similac Pro-Advance™,DIETARY_SUPPLEMENT
NCT03093090,Ensure Plus™,DIETARY_SUPPLEMENT
NCT03093090,Furosemide 20 MG,DRUG
NCT07545590,LY3041658,DRUG
NCT04909697,Sivelestat sodium,DRUG
NCT04909697,Saline,DRUG
NCT01820897,Fosfomycin-Trometamol,DRUG
NCT01820897,Sulfamethoxazole trimethoprim,DRUG
NCT07443397,Anlotinib,DRUG
NCT07443397,Whole-brain Radiotherapy,RADIATION
NCT03737110,Rilonacept,DRUG
NCT03737110,Placebo,DRUG
NCT02192710,electronic tab,PROCEDURE
NCT02192710,Midazolam oral intake,DRUG
NCT03590613,GSK2982772,DRUG
NCT03590613,Placebo,DRUG
NCT00153660,Celecoxib(drug),DRUG
NCT00153660,Naproxen(drug),DRUG
NCT00303810,carboplatin,DRUG
NCT00303810,cisplatin,DRUG
NCT00303810,cyclophosphamide,DRUG
NCT00303810,etoposide phosphate,DRUG
NCT00303810,high-dose chemotherapy,DRUG
NCT00303810,lomustine,DRUG
NCT00303810,methotrexate,DRUG
NCT00303810,thiotepa,DRUG
NCT00303810,vincristine sulfate,DRUG
NCT00303810,radiation therapy,RADIATION
NCT00650910,lapatinib,DRUG
NCT00650910,Digoxin,DRUG
NCT07028710,hCG,DRUG
NCT01484210,Elpenhaler active - Diskus placebo,DRUG
NCT04555213,NOX66,DRUG
NCT00004213,triapine,DRUG
NCT06627413,Lumateperone Capsule,DRUG
NCT06627413,Lumateperone LAI,DRUG
NCT00452660,Exjade,DRUG
NCT04387760,Hydroxychloroquine,DRUG
NCT04387760,Favipiravir,DRUG
NCT04387760,Routine care for COVID-19 patients,OTHER
NCT01850420,IMC-1,DRUG
NCT04294160,Dabrafenib,DRUG
NCT04294160,LTT462,DRUG
NCT04294160,Trametinib,DRUG
NCT04294160,LXH254,DRUG
NCT04294160,TNO155,DRUG
NCT04294160,Spartalizumab,BIOLOGICAL
NCT04294160,Tislelizumab,BIOLOGICAL
NCT06223360,Low Dose Benfotiamine,DRUG
NCT06223360,High Dose Benfotiamine,DRUG
NCT06223360,Placebo,DRUG
NCT00402220,TMS,DRUG
NCT00402220,Sham TMS,DEVICE
NCT03454620,irinotecan,DRUG
NCT03454620,FOLFIRI,DRUG
NCT03467620,Cannabidiol,DRUG
NCT03467620,Placebo oral capsule,DRUG
NCT00446420,"Propofol, midazolam, fentanyl",DRUG
NCT01522820,DEC-205/NY-ESO-1 Fusion Protein CDX-1401,BIOLOGICAL
NCT01522820,Laboratory Biomarker Analysis,OTHER
NCT01522820,Pharmacological Study,OTHER
NCT01522820,Sirolimus,DRUG
NCT00949182,"sorafenib tosylate, HACE : Doxorubicin Hydrochloride and Mitomycin C",DRUG
NCT00949182,laboratory biomarker analysis,OTHER
NCT03774082,INC424,DRUG
NCT06449482,Selinexor,DRUG
NCT06449482,Venetoclax,DRUG
NCT06449482,Azacitidine,DRUG
NCT00738582,MORAb-009 (Amatuximab),DRUG
NCT00738582,Pemetrexed,DRUG
NCT00738582,Cisplatin,DRUG
NCT01641224,Pinaverium,DRUG
NCT01641224,Atractylodes,DEVICE
NCT01641224,Paeonia Lactiflora,DEVICE
NCT01641224,Tangerine Peel,DEVICE
NCT01641224,Ledebouriella Root,DRUG
NCT01641224,Radix codonopsitis,DRUG
NCT01641224,Radix curcumae,DRUG
NCT01641224,Fingered citron,DRUG
NCT01641224,Tuckahoe,DRUG
NCT01641224,Placebo,DRUG
NCT01456624,Megace,DRUG
NCT01456624,DW-ES(B),DRUG
NCT00358423,Pegaptanib Sodium,DRUG
NCT00358423,Control,DRUG
NCT00096382,aldesleukin,BIOLOGICAL
NCT00096382,filgrastim,BIOLOGICAL
NCT00096382,therapeutic tumor infiltrating lymphocytes,BIOLOGICAL
NCT00096382,cyclophosphamide,DRUG
NCT00096382,fludarabine phosphate,DRUG
NCT00096382,radiation therapy,RADIATION
NCT06710782,Hyaluronic acid,DRUG
NCT06710782,Transcutaneous pulsed radiofrequency,DEVICE
NCT05013424,Formulation A: OnabotulinumtoxinA,DRUG
NCT05013424,Formulation B: OnabotulinumtoxinA,DRUG
NCT05013424,Formulation C: OnabotulinumtoxinA,DRUG
NCT05407324,Dazucorilant 300 mg,DRUG
NCT05407324,Dazucorilant 150 mg,DRUG
NCT05407324,Placebo,OTHER
NCT05407324,Dazucorilant,DRUG
NCT00223223,"Levetiracetam, Keppra",DRUG
NCT01619423,PledOx (2 µmol/kg),DRUG
NCT01619423,PledOx (5 µmol/kg),DRUG
NCT01619423,PledOx (10 µmol/kg),DRUG
NCT01619423,"Placebo (0,9% NaCl)",DRUG
NCT03881423,Rocuronium Bromide,DRUG
NCT00827359,Everolimus,DRUG
NCT04762459,Almonertinib,DRUG
NCT04762459,Pemetrexed,DRUG
NCT04762459,Cisplatin,DRUG
NCT06826859,Daily aspirin (ASA),DRUG
NCT06826859,Split dose aspirin (ASA),DRUG
NCT00359359,"Sagopilone (BAY86-5302, ZK 219477)",DRUG
NCT00359359,Cisplatin,DRUG
NCT04464759,Nivolumab,DRUG
NCT04464759,Hydroxychloroquine,DRUG
NCT04464759,Ipilimumab,DRUG
NCT00570180,Bortezomib,DRUG
NCT03109080,Olaparib,DRUG
NCT03109080,Radiation therapy,RADIATION
NCT00935480,Isentress®,DRUG
NCT00935480,Celsentri®,DRUG
NCT03340779,Norepinephrine,DRUG
NCT05752279,Plasma-Lyte 148,DRUG
NCT05752279,0.9% sodium chloride,DRUG
NCT02460679,EPI-589,DRUG
NCT03540979,endometrial preparation for frozen blastocyst transfer,PROCEDURE
NCT03540979,Letrozole,DRUG
NCT03540979,Ovidrel,DRUG
NCT03540979,Estrofem,DRUG
NCT03540979,Endometrin 100Mg Vaginal Insert,DRUG
NCT00484679,Triamcinolone Acetonide 10 mg/mL (Kenalog-10),DRUG
NCT03283696,Olaratumab,DRUG
NCT03283696,Doxorubicin,DRUG
NCT03283696,Ifosfamide,DRUG
NCT03283696,Mesna,DRUG
NCT04409262,Remdesivir,DRUG
NCT04409262,Tocilizumab,DRUG
NCT04409262,Placebo,DRUG
NCT01451762,.9 normal saline,DRUG
NCT01451762,25 mg diphenhydramine IV,DRUG
NCT01451762,50 mg diphenhydramine IV,DRUG
NCT01469988,Testosterone,DRUG
NCT03439488,JNJ-440,DRUG
NCT03439488,Placebo,DRUG
NCT07522788,Ethyl ascorbic acid topical application,DRUG
NCT07522788,Tranxemic acid topical application,DRUG
NCT04163588,Metolazone,DRUG
NCT04163588,Loop Diuretics,DRUG
NCT03856788,Saline,DRUG
NCT03856788,Bupivacaine,DRUG
NCT06272903,"20% benzocaine, topical anesthetic",DRUG
NCT06272903,Children's Toothpaste,OTHER
NCT01757327,Erismodegib,DRUG
NCT01757327,Placebo,DRUG
NCT06911242,ARN-75039,DRUG
NCT00051142,Travoprost,DRUG
NCT00051142,Latanoprost,DRUG
NCT07056842,Rifampin + VCT220,DRUG
NCT07056842,Itraconazole + VCT220,DRUG
NCT00585442,calcitriol,DRUG
NCT00585442,Placebo,DRUG
NCT05949008,Metformin Extended Release (ER) Oral Tablet,DRUG
NCT05949008,Placebo,DRUG
NCT03891108,BMS-986231 Formulation A,DRUG
NCT03891108,BMS-986231 Formulation B,DRUG
NCT03891108,BMS-986231 Formulation C,DRUG
NCT03891108,BMS-986231 Formulation D,DRUG
NCT02362035,Acalabrutinib,DRUG
NCT02362035,Pembrolizumab,DRUG
NCT03158935,Cyclophosphamide,DRUG
NCT03158935,Fludarabine,DRUG
NCT03158935,Pembrolizumab,PROCEDURE
NCT03158935,Tumor-Infiltrating Lymphocytes (TILs),BIOLOGICAL
NCT03158935,Interleukin-2 (IL-2),BIOLOGICAL
NCT01198535,Cetuximab,BIOLOGICAL
NCT01198535,Gamma-Secretase Inhibitor RO4929097,DRUG
NCT01198535,Laboratory Biomarker Analysis,OTHER
NCT01198535,Pharmacological Study,OTHER
NCT03175835,Rosuvastatin 20 mg,DRUG
NCT03175835,CKD-519 200 mg,DRUG
NCT03175835,Rosuvastatin 20 mg & CKD-519 200 mg,DRUG
NCT04231435,Fedratinib,DRUG
NCT04231435,Digoxin,DRUG
NCT04231435,Rosuvastatin,DRUG
NCT04231435,Metformin,DRUG
NCT07629635,Prasugrel 5mg,DRUG
NCT07629635,Transcatheter Closure of Patent Foramen Ovale,DEVICE
NCT00033735,fluorouracil,DRUG
NCT00033735,Irofulven,DRUG
NCT00195676,adalimumab,DRUG
NCT00116376,AEE788,DRUG
NCT04359017,Lidocaine 1% Injectable Solution,DRUG
NCT05742789,Propofol,DRUG
NCT05742789,Isoflurane,DRUG
NCT05742789,Sevoflurane,DRUG
NCT06024889,Furosemide Injection,DRUG
NCT06731868,LPM3770164 sustained release tablet 5 mg,DRUG
NCT06731868,LPM3770164 sustained release tablet 10 mg,DRUG
NCT06731868,LPM3770164 sustained release tablet 20 mg,DRUG
NCT06731868,LPM3770164 sustained release tablet simulant,DRUG
NCT05797168,Torvutatug samrotecan,DRUG
NCT05797168,Saruparib,DRUG
NCT05797168,Bevacizumab,DRUG
NCT05797168,Carboplatin,DRUG
NCT05797168,Palacaparib,DRUG
NCT05797168,Pembrolizumab,DRUG
NCT05218668,Fasudil (WP-0512),DRUG
NCT04615468,TQ-B3525,DRUG
NCT00681668,Quetiapine,DRUG
NCT01292668,methyl-5-aminolevulinate hydrochloride cream,DRUG
NCT01292668,photodynamic therapy,DRUG
NCT01292668,laser therapy,PROCEDURE
NCT02092168,BIA 9-1067,DRUG
NCT05210868,CM355,DRUG
NCT06592768,Briquilimab,DRUG
NCT06592768,Placebo Comparator,OTHER
NCT07085468,LY3549492,DRUG
NCT07085468,Placebo,DRUG
NCT00191568,Gemcitabine,DRUG
NCT00191568,Oxaliplatin,DRUG
NCT00191568,Radiotherapy,PROCEDURE
NCT02201368,Triheptanoin (SpezialölÒ 107®),DRUG
NCT02201368,MCT (Medium-Chain Triglycerides),DIETARY_SUPPLEMENT
NCT01119768,Esomeprazole,DRUG
NCT02863068,Topical Sodium Nitrite,DRUG
NCT02863068,Placebo,OTHER
NCT01737268,FK949E,DRUG
NCT04197050,Sacubitril / Valsartan Oral Tablet,DRUG
NCT07437950,Biospecimen Collection,PROCEDURE
NCT07437950,Bone Marrow Aspiration,PROCEDURE
NCT07437950,Decitabine and Cedazuridine,DRUG
NCT07437950,Venetoclax,DRUG
NCT02289950,Farletuzumab,DRUG
NCT02289950,Placebo,DRUG
NCT06591091,Clemastine Fumarate,DRUG
NCT06591091,Placebo,DRUG
NCT01355991,Tiotropium,DRUG
NCT01355991,Salmeterol,DRUG
NCT06165991,GroupB:Liposomal bupivacaine and bupivacaine hydrochloride;,DRUG
NCT06165991,Group A: bupivacaine hydrochloride;,DRUG
NCT00906191,SAM-531,DRUG
NCT00369174,rosiglitazone maleate,DRUG
NCT00369174,laboratory biomarker analysis,OTHER
NCT01587118,Adjunctive asenapine,DRUG
NCT03089918,11C-JNJ-63779586,DRUG
NCT02722018,GDC-0810 Phase II Tablet,DRUG
NCT02722018,GDC-0810 Phase III Prototype Tablet,DRUG
NCT01958918,Ranibizumab,DRUG
NCT01958918,Aflibercept,DRUG
NCT06860490,Sintilimab,DRUG
NCT06860490,Bevacizumab Biosimilar,DRUG
NCT06860490,HAIC,PROCEDURE
NCT01956890,PET,DRUG
NCT02082197,ABT-SLV176,DRUG
NCT01776697,pelubiprofen (30mg) tablet IR,DRUG
NCT01776697,pelubiprofen SR (as a pelubiprofen 90 mg) tablet,DRUG
NCT00714597,Semuloparin sodium,DRUG
NCT00714597,Enoxaparin sodium,DRUG
NCT04422210,Venetoclax,DRUG
NCT04422210,Atezolizumab,DRUG
NCT04422210,Carboplatin,DRUG
NCT04422210,Etoposide,DRUG
NCT03491410,Aspirin Low Dose,DRUG
NCT03491410,Placebo Oral Tablet,DRUG
NCT00099060,lapatinib ditosylate,DRUG
NCT03548220,Placebo,DRUG
NCT03548220,AG-348,DRUG
NCT01843920,Timolol-dorzolamide (Glaucoma drops),DRUG
NCT01843920,standard post-operative topical drops,DRUG
NCT03832582,Annexin,DRUG
NCT02065882,BT524 (Part I),DRUG
NCT02065882,BT524 (Part II),DRUG
NCT03108924,Gefapixant,DRUG
NCT00563823,vatalanib,DRUG
NCT05178823,Chlorhexidine mouthwash,DRUG
NCT05103423,BDB-001 Injection,DRUG
NCT05103423,Placebo,DRUG
NCT01950923,sildenafil citrate,DRUG
NCT01950923,placebo,OTHER
NCT01950923,therapeutic conventional surgery,PROCEDURE
NCT00470223,cisplatin,DRUG
NCT00470223,doxorubicin hydrochloride,DRUG
NCT00470223,etoposide,DRUG
NCT00470223,ifosfamide,DRUG
NCT00470223,methotrexate,DRUG
NCT00470223,zoledronic acid,DRUG
NCT00470223,conventional surgery,PROCEDURE
NCT04294459,Isatuximab SAR650984,DRUG
NCT04294459,Acetaminophen (paracetamol) or equivalent,DRUG
NCT04294459,Ranitidine or equivalent,DRUG
NCT04294459,Diphenhydramine or equivalent,DRUG
NCT04294459,Methylprednisolone or equivalent,DRUG
NCT04294459,Montelukast or equivalent,DRUG
NCT06060080,pegylated recombinant human granulocyte-colony stimulating factor,DRUG
NCT00389480,AR-67 (formerly DB-67),DRUG
NCT04276480,Piperacillin-tazobactam,DRUG
NCT04848480,insulin icodec,DRUG
NCT04848480,insulin degludec,DRUG
NCT04848480,insulin aspart,DRUG
NCT04230980,Gabapentin,DRUG
NCT04230980,Placebo,DRUG
NCT00657579,"DE-104 ophthalmic solution, low concentration",DRUG
NCT00657579,"DE-104 ophthalmic solution, medium concentration",DRUG
NCT00657579,"DE-104 ophthalmic solution, high concentration",DRUG
NCT00657579,DE-104 vehicle,DRUG
NCT00536679,"GSK163090 capsule, fasted",DRUG
NCT00536679,"GSK163090 Tablet, fasted",DRUG
NCT00536679,"GSK163090 Tablet, fed",DRUG
NCT01711879,Aflibercept,DRUG
NCT06789679,"Gemcitabine, albumin-bound paclitaxel, S-1",DRUG
NCT06789679,"Gemcitabine, albumin-bound paclitaxel",DRUG
NCT02254096,BIRT 1696 BS,DRUG
NCT02254096,Placebo,DRUG
NCT02254096,Grapefruit juice (GFJ),OTHER
NCT02254096,High fat meal (HFM),OTHER
NCT00439062,Roxithromycin,DRUG
NCT06550362,iron sulfate,DRUG
NCT03245762,Oxytocin,DRUG
NCT03245762,Placebo,DRUG
NCT01477762,Dexamethasone,DRUG
NCT01477762,Placebo,DRUG
NCT02704962,full-dose olanzapine,DRUG
NCT01531062,Nigella sative,DRUG
NCT01531062,black sticky rice,DIETARY_SUPPLEMENT
NCT01371162,RO5428029,DRUG
NCT01371162,placebo,DRUG
NCT04356846,LP-108 tablet,DRUG
NCT01388946,Ropivacaine 0.75,DRUG
NCT01388946,Normal saline,DRUG
NCT00936546,Rituximab,DRUG
NCT01232946,liraglutide,DRUG
NCT01232946,insulin detemir,DRUG
NCT01232946,liraglutide plus insulin detemir,DRUG
NCT00397046,neratinib,DRUG
NCT05303688,"iv dexketoprofen trometamol (Arveles 50mg/2mL; UFSA, İstanbul, Turkey)",DRUG
NCT05303688,Steril Salin (control),DRUG
NCT04327388,Sarilumab SAR153191,DRUG
NCT04327388,Placebo,DRUG
NCT01215344,VELCADE,DRUG
NCT01215344,Lenalidomide,DRUG
NCT01215344,Dexamethasone,DRUG
NCT01215344,DVT prophylaxis,DRUG
NCT01215344,Bisphosphonates,DRUG
NCT01215344,Liposomal doxorubicin,DRUG
NCT07585734,Pediatric-Inspired Chemotherapy Regimen,DRUG
NCT00449709,GSK221149,DRUG
NCT02445599,Diclofenac,DRUG
NCT02445599,Midazolam,DRUG
NCT02445599,Atropine,DRUG
NCT02445599,bucain + fentanyl,DRUG
NCT02445599,Nalbuphine,DRUG
NCT02445599,Metamizole-sodium,DRUG
NCT02445599,Tramadol,DRUG
NCT01503632,Behavioral Intervention,BEHAVIORAL
NCT01503632,Compliance Monitoring,BEHAVIORAL
NCT01503632,Laboratory Biomarker Analysis,OTHER
NCT01503632,Mercaptopurine,DRUG
NCT01503632,Questionnaire Administration,OTHER
NCT01503632,Standard Follow-Up Care,PROCEDURE
NCT00888732,"Insulin Aspart, BIAsp 70, BIAsp50, Human Insulin",DRUG
NCT04294732,Bupivacaine,DRUG
NCT04294732,Only spinal anesthesia without peripheral nerve block,DRUG
NCT00870532,oral vinorelbine,DRUG
NCT00870532,sorafenib,DRUG
NCT00048932,Double-blind Abatacept,DRUG
NCT00048932,Double-blind Placebo,DRUG
NCT00048932,Open-label Abatacept,DRUG
NCT05243693,Brentuximab vedotin,DRUG
NCT02652793,Boosted atazanavir,DRUG
NCT02652793,Lamivudine,DRUG
NCT01901393,IV ibuprofen,DRUG
NCT01901393,Ketorolac,DRUG
NCT00093093,Viramidine,DRUG
NCT00093093,Ribavirin,DRUG
NCT00093093,pegylated interferon alfa-2a,DRUG
NCT02920593,Vitamin D3,DRUG
NCT05590793,Triptorelin pamoate (embonate) salt,DRUG
NCT07187193,Cytarabine (Ara-C),DRUG
NCT07187193,Thalidomide (100mg),DRUG
NCT05737693,Ketamine,DRUG
NCT05737693,Midazolam,DRUG
NCT07651293,Fenfluramine Hydrochloride,DRUG
NCT07651293,[11C]Cimbi-36,RADIATION
NCT07651293,Placebo,DRUG
NCT07595393,Rocuronium (0.6mg/kg),DRUG
NCT07595393,vecuronium bromide (0.1mg/kg),DRUG
NCT02641821,Nifedipine GITS,DRUG
NCT00528021,Placebo,DRUG
NCT00528021,BGC20-0582,DRUG
NCT05498714,PEG+lactulose,DRUG
NCT05498714,CSP＋lactulose,DRUG
NCT00491114,Gemcitabine,DRUG
NCT01354314,Fluconazole,DRUG
NCT01354314,Paroxetine,DRUG
NCT01354314,Paroxetine and Fluconazole,DRUG
NCT01354314,Placebo,DRUG
NCT03516214,EGF816,DRUG
NCT03516214,Trametinib,DRUG
NCT03674814,Enzalutamide,DRUG
NCT03674814,Relacorilant,DRUG
NCT02958514,intense pulsed light,DEVICE
NCT02958514,Tobramycin and Dexamethasone Ophthalmic Ointment,DRUG
NCT04819516,high-intensity focused ultrasound therapy,PROCEDURE
NCT04819516,Toripalimab,DRUG
NCT00783016,Morphine,DRUG
NCT01565616,Conditioning Regimen with Bone Marrow Transplant,DRUG
NCT00853216,Oxycodone hydrochloride tablet 30 mg,DRUG
NCT00853216,Roxicodone™ tablet 30 mg,DRUG
NCT02379416,Nilotinib + Paclitaxel,DRUG
NCT01655316,Verapamil,DRUG
NCT02878616,LFG316,DRUG
NCT02878616,IVIG,DRUG
NCT04303416,Albumin solution,DRUG
NCT06375616,Nafamostat Mesylate,DRUG
NCT06375616,Unfractionated Heparin,DRUG
NCT05433116,Pembrolizumab,DRUG
NCT05433116,Lenvatinib,DRUG
NCT02668016,Atorvastatin,DRUG
NCT02668016,Placebo,OTHER
NCT01004406,intensive LDL-lowering therapy,DEVICE
NCT01004406,standard statin monotherapy,DRUG
NCT03417206,Remifentanil,DRUG
NCT03417206,pupillary dilatation reflex,DEVICE
NCT07046806,Deucrictibant XR tablet,DRUG
NCT07046806,Placebo comparator to XR tablet,DRUG
NCT07046806,Deucrictibant 20 mg capsule,DRUG
NCT07046806,Placebo comparator to 20 mg capsule,DRUG
NCT01549106,IPI-145,DRUG
NCT01549106,Placebo,DRUG
NCT04576806,Body temperature,OTHER
NCT04576806,Fluid bolus,DRUG
NCT04576806,Room temperature,OTHER
NCT02483104,veliparib,DRUG
NCT02483104,carboplatin,DRUG
NCT02483104,paclitaxel,DRUG
NCT00274404,valacyclovir,DRUG
NCT05376904,HR18034,DRUG
NCT05376904,ropivacaine HCl.,DRUG
NCT06258304,GIGA-564,DRUG
NCT06218004,Envafolimab combined with chemotherapy,DRUG
NCT06092684,BT-KTM-I,DRUG
NCT06092684,Ketanest®S,DRUG
NCT01710033,Placebo,DRUG
NCT01710033,"CP-690,550 5 mg BID",DRUG
NCT01710033,"CP-690,550 15 mg BID",DRUG
NCT01710033,"CP-690,550 30 mg BID",DRUG
NCT06066333,Ablative Radiotherapy,RADIATION
NCT06066333,Pembrolizumab,DRUG
NCT04672252,CBD Oral Disintegrating Tablet (ODT),DRUG
NCT04672252,Placebo ODT,OTHER
NCT02796352,High dose bolus interleukin-2 (HD IL2),DRUG
NCT03460652,KP415 oral capsule,DRUG
NCT03242252,Placebo,DRUG
NCT03242252,Sotagliflozin,DRUG
NCT00864747,Propranolol Hydrochloride Extended Release Capsules 160 mg,DRUG
NCT00864747,"INDERAL® LA 160 mg Capsules, single dose",DRUG
NCT01760447,Sitagliptin plus metformin,DRUG
NCT01760447,Placebo to metformin,DRUG
NCT01760447,Metformin,DRUG
NCT01760447,Placebo to sitagliptin plus metformin,DRUG
NCT01760447,Sitagliptin plus metformin XR,DRUG
NCT01760447,Placebo to metformin XR,DRUG
NCT01760447,Insulin,DRUG
NCT01760447,Placebo to sitagliptin plus metformin XR,DRUG
NCT01760447,Metformin XR,DRUG
NCT01791647,metformin 1500 mg,DRUG
NCT01791647,myoinositol 1500 mg,DRUG
NCT06441747,Durvalumab,DRUG
NCT06441747,Olaparib,DRUG
NCT03779347,Praziquantel,DRUG
NCT03779347,UCP-LF CAA,DIAGNOSTIC_TEST
NCT03779347,composite diagnostic,DIAGNOSTIC_TEST
NCT00788749,Prednisolone,DRUG
NCT00788749,Placebo,DRUG
NCT00788749,fluticasone nasal drops,OTHER
NCT00788749,fluticasone nasal spray,OTHER
NCT02959749,Osimertinib,DRUG
NCT02959749,"docetaxel, bevacizumab",DRUG
NCT00003238,perillyl alcohol,DRUG
NCT03549338,Sym004,DRUG
NCT03549338,Futuximab,DRUG
NCT03549338,Modotuximab,DRUG
NCT04989855,Fruquintinib plus Tislelizumab,DRUG
NCT00259155,Rifaximin,DRUG
NCT00802555,ARQ 197,DRUG
NCT00022555,bryostatin 1,DRUG
NCT00022555,vincristine sulfate,DRUG
NCT06275555,bivalirudin,DRUG
NCT06275555,unfractionated heparin,DRUG
NCT07706855,GKL-006RTU injection,DRUG
NCT07706855,Placebo,DRUG
NCT03423355,Dapagliflozin (Forxiga®),DRUG
NCT03423355,Hydrochlorothiazide 25 mg,DRUG
NCT03423355,Placebo matching Dapagliflozin,DRUG
NCT06932926,Egg shell hydrogel,DRUG
NCT06932926,Fluoride varnish,DRUG
NCT00768326,Zicronapine,DRUG
NCT00768326,Placebo,DRUG
NCT06206278,Infigratinib,DRUG
NCT01747278,Trimethoprim/Sulfamethoxazole,DRUG
NCT00547885,Dihydrocodeine,DRUG
NCT00172185,teduglutide 0.05 mg/kg/d,DRUG
NCT00172185,teduglutide 0.10 mg/kg/d,DRUG
NCT06850285,chimeric antigen receptor gene modified T cells,DRUG
NCT04342585,Micronised vaginal progesterone,DRUG
NCT04342585,Vaginal pessary,DEVICE
NCT00237185,Imatinib mesylate,DRUG
NCT03569085,Sevoflurane,DRUG
NCT03569085,Isoflurane,DRUG
NCT04430985,Oxaliplatin,DRUG
NCT04430985,5-Fluorouracil,DRUG
NCT04430985,Leucovorin,DRUG
NCT04430985,Nivolumab,DRUG
NCT04430985,Ipilimumab,DEVICE
NCT02264015,"Cilobradine, low, film-coated tablets",DRUG
NCT02264015,"Cilobradine, high, film-coated tablets",DRUG
NCT02264015,"Placebo, film-coated tablets",DRUG
NCT02264015,"Moxifloxacin, film-coated tablets",DRUG
NCT06581315,Donafenib,DRUG
NCT00542035,"ARRY-371797, p38 inhibitor; oral",DRUG
NCT00542035,Placebo; oral,DRUG
NCT04557735,Ravulizumab,DRUG
NCT04557735,Best Supportive Care,OTHER
NCT04315935,Butorphanol and Propofol,DRUG
NCT04315935,Fentanyl and Propofol,DRUG
NCT03027635,"PleurX, peritoneal tunnelated catheter",DEVICE
NCT03027635,Large Volume Paracentesis,DEVICE
NCT03027635,Ciprofloxacin 500Mg Tablet,DRUG
NCT06612476,Interleukin 6-guided antibiotic therapy,DRUG
NCT06612476,GOLD-guided antibiotic therapy,DRUG
NCT02445976,Seviteronel: given orally once daily in 28-day cycles,DRUG
NCT00415376,levetiracetam,DRUG
NCT00415376,quality-of-life assessment,PROCEDURE
NCT06447376,Siltuximab,DRUG
NCT06447376,Epcoritamab,DRUG
NCT06447376,Gemcitabine and oxaliplatin,DRUG
NCT07263776,Tocilizumab,DRUG
NCT07263776,Placebo,DRUG
NCT03067376,[14C]-CORT125134,DRUG
NCT03818776,Durvalumab,DRUG
NCT03818776,Proton beam therapy RT,RADIATION
NCT05124717,"Metformin, prolonged-release tablets 500 mg (JSC Farmak, Ukraine)",DRUG
NCT05124717,"Glucophage® XR 500 mg prolonged release tablets (Merck Serono Ltd, UK)",DRUG
NCT00505817,Cetrorelix and Leuprolide,DRUG
NCT04556617,PLX2853 20 mg,DRUG
NCT04556617,Olaparib,DRUG
NCT04556617,Abiraterone acetate,DRUG
NCT04556617,Prednisone,DRUG
NCT04556617,PLX2853 40 mg,DRUG
NCT04556617,PLX2853 80 mg,DRUG
NCT07484217,Solriamfetol 150 MG,DRUG
NCT07484217,Placebo,DRUG
NCT02314117,Ramucirumab,DRUG
NCT02314117,Capecitabine,DRUG
NCT02314117,Cisplatin,DRUG
NCT02314117,Placebo,DRUG
NCT02314117,Fluorouracil,DRUG
NCT03314740,Paclitaxel,DRUG
NCT03314740,Cediranib,DRUG
NCT03314740,Olaparib,DRUG
NCT01233609,Valproic Acid,DRUG
NCT01233609,Placebo,DRUG
NCT01732809,AbobotulinumtoxinA (ABO),DRUG
NCT01732809,OnabotulinumtoxinA (ONA),DRUG
NCT02629809,Cyclophosphamide,DRUG
NCT02629809,Fludarabine Phosphate,DRUG
NCT02629809,Ibrutinib,DRUG
NCT02629809,Obinutuzumab,BIOLOGICAL
NCT00257309,"Tenecteplase + UFH (+ clopidogrel, since 01/97)",DRUG
NCT00257309,Primary angioplasty,PROCEDURE
NCT00317499,Placebo,OTHER
NCT00317499,Etanercept,DRUG
NCT05306899,Ketamine,DRUG
NCT05306899,0.9% Saline,OTHER
NCT01422499,zolinza/vorinostat,DRUG
NCT00559299,GSK163090,DRUG
NCT04430699,Cisplatin,DRUG
NCT04430699,Pembrolizumab,DRUG
NCT04430699,Radiation Therapy,RADIATION
NCT00001399,Transduced CD34+ Cells,DRUG
NCT02433899,MICROSURGERY,PROCEDURE
NCT02433899,MACROSURGERY,PROCEDURE
NCT02433899,Dexamethasone,DRUG
NCT02433899,Chlorhexidine gluconate,DRUG
NCT02433899,2.0% Mepivacaine + 1:100.000 epinephrine,DRUG
NCT00269399,Rifaximin (Xifaxan),DRUG
NCT00269399,Vancomycin,DRUG
NCT06642909,Zuberitamab 600mg,DRUG
NCT06642909,Zuberitamab 1000mg,DRUG
NCT06642909,cyclosporine,DRUG
NCT06600698,INM176,DRUG
NCT03348098,Apatinib,DRUG
NCT03348098,Paclitaxel,DRUG
NCT07257198,Ticagrelor + placebo,DRUG
NCT07257198,Ticagrelor + aspirin,DRUG
NCT02837198,FYU-981,DRUG
NCT02837198,Topiroxostat,DRUG
