study_id,sponsor_name,sponsor_type
NCT01042717,"Shi, Patricia, M.D.",INDIV
NCT01042717,"Genzyme, a Sanofi Company",INDUSTRY
NCT04941040,Kasr El Aini Hospital,OTHER
NCT05883540,"University Hospital, Basel, Switzerland",OTHER
NCT05883540,"University Hospital, Zürich",OTHER
NCT05883540,"Spital Uster AG, Uster, Switzerland",UNKNOWN
NCT05883540,"University Hospital, Geneva",OTHER
NCT00171717,Novartis,INDUSTRY
NCT00022217,Matrix Pharmaceutical,INDUSTRY
NCT01714089,Revalesio Corporation,INDUSTRY
NCT04099589,"Cancer Institute and Hospital, Chinese Academy of Medical Sciences",OTHER
NCT04099589,Peking University First Hospital,OTHER
NCT04099589,China-Japan Friendship Hospital,OTHER
NCT00116389,Point Therapeutics,INDUSTRY
NCT03063489,"Bausch Health Americas, Inc.",INDUSTRY
NCT01231750,Neal Weintraub,OTHER
NCT01231750,University of Cincinnati,OTHER
NCT03745950,ARCAGY/ GINECO GROUP,OTHER
NCT02336750,Fudan University,OTHER
NCT00704691,University of Alabama at Birmingham,OTHER
NCT07325591,Spinogenix,INDUSTRY
NCT05862974,Luye Pharma Group Ltd.,INDUSTRY
NCT02342691,The Forsyth Institute,OTHER
NCT02342691,National Institute of Dental and Craniofacial Research (NIDCR),NIH
NCT05631574,Biomea Fusion Inc.,INDUSTRY
NCT06473974,"Kayuraeffect, LLP",INDUSTRY
NCT06473974,COD Research,UNKNOWN
NCT02021474,"AgoneX Biopharmaceuticals, Inc.",INDUSTRY
NCT00425074,Rottapharm Spain,INDUSTRY
NCT00046774,National Institute of Arthritis and Musculoskeletal and Skin Diseases (NIAMS),NIH
NCT00620074,Pfizer,INDUSTRY
NCT01874574,Thammasat University,OTHER
NCT02577718,"Novel Anti-Infective Technologies, LLC",INDUSTRY
NCT02577718,M.D. Anderson Cancer Center,OTHER
NCT00441818,Tanox,INDUSTRY
NCT05323890,Shandong Cancer Hospital and Institute,OTHER
NCT02710890,"UCB BIOSCIENCES, Inc.",INDUSTRY
NCT00130390,Romark Laboratories L.C.,INDUSTRY
NCT00649090,Pfizer,INDUSTRY
NCT07334197,Tanta University,OTHER
NCT07334197,Delta University for Science and Technology,OTHER
NCT00593697,Finnish Breast Cancer Group,OTHER
NCT00845897,Washington University School of Medicine,OTHER
NCT00845897,Eunice Kennedy Shriver National Institute of Child Health and Human Development (NICHD),NIH
NCT03603197,Meabco A/S,INDUSTRY
NCT03603197,Meddoc,OTHER
NCT03603197,Norwegian University of Life Sciences,OTHER
NCT06383897,"Jiangsu Hansoh Pharmaceutical Co., Ltd.",INDUSTRY
NCT03059797,"Chia Tai Tianqing Pharmaceutical Group Co., Ltd.",INDUSTRY
NCT03876210,"PMG Pharm Co., Ltd",INDUSTRY
NCT01063010,Beth Israel Deaconess Medical Center,OTHER
NCT01063010,The Cooper Health System,OTHER
NCT01063010,Carolinas Medical Center,OTHER
NCT01388413,"University Hospital, Tours",OTHER
NCT00488813,Wyeth is now a wholly owned subsidiary of Pfizer,INDUSTRY
NCT05950113,Jonsson Comprehensive Cancer Center,OTHER
NCT02047513,AIO-Studien-gGmbH,OTHER
NCT02047513,Celgene,INDUSTRY
NCT02047513,ClinAssess GmbH,INDUSTRY
NCT04613960,"General Committee of Teaching Hospitals and Institutes, Egypt",OTHER_GOV
NCT04613960,Ain Shams University,OTHER
NCT04613960,"Health Insurance Organization, Egypt",UNKNOWN
NCT03034460,Galderma R&D,INDUSTRY
NCT04209660,Memorial Sloan Kettering Cancer Center,OTHER
NCT04209660,Merck Sharp & Dohme LLC,INDUSTRY
NCT04209660,Eisai Inc.,INDUSTRY
NCT03122860,"Biosplice Therapeutics, Inc.",INDUSTRY
NCT02296320,MedImmune LLC,INDUSTRY
NCT02296320,Innovative Medicines Initiative,OTHER
NCT02296320,Antibacterial Resistance Leadership Group,OTHER
NCT02296320,National Institute of Allergy and Infectious Diseases (NIAID),NIH
NCT00762320,Phoenix Children's Hospital,OTHER
NCT00762320,Abbott,INDUSTRY
NCT00997282,"Kyowa Kirin Co., Ltd.",INDUSTRY
NCT02981082,Robert Lafyatis,OTHER
NCT02981082,Biogen,INDUSTRY
NCT06617182,Yongquan Shi,OTHER
NCT00451724,Rhode Island Hospital,OTHER
NCT07484724,"Shanghai Junshi Bioscience Co., Ltd.",OTHER
NCT02678923,The Medicines Company,INDUSTRY
NCT02678923,The Cleveland Clinic,OTHER
NCT01677923,Lithuanian University of Health Sciences,OTHER
NCT03499223,Oxurion,INDUSTRY
NCT02562859,Lakefront Biotherapeutics NV,INDUSTRY
NCT06692959,University of Southampton,OTHER
NCT06692959,Australasian Gastro-Intestinal Trials Group,NETWORK
NCT01216696,"National Center for Tumor Diseases, Heidelberg",OTHER
NCT01216696,University Hospital Heidelberg,OTHER
NCT00891696,"The University of Texas Medical Branch, Galveston",OTHER
NCT00891696,National Institute of Arthritis and Musculoskeletal and Skin Diseases (NIAMS),NIH
NCT00726180,University of Michigan Rogel Cancer Center,OTHER
NCT04456296,"Endo USA Inc., a Keenova Therapeutics Company",INDUSTRY
NCT04953780,West Virginia University,OTHER
NCT05327296,Sedana Medical,INDUSTRY
NCT07504796,NYU Langone Health,OTHER
NCT05472896,Gao-jun Teng,OTHER
NCT03945279,Biogen,INDUSTRY
NCT06274879,"Insel Gruppe AG, University Hospital Bern",OTHER
NCT06274879,Swiss Cancer League,OTHER
NCT04211896,The First Affiliated Hospital with Nanjing Medical University,OTHER
NCT06133062,Chang Gung Memorial Hospital,OTHER
NCT00658762,Pfizer,INDUSTRY
NCT04744662,ONL Therapeutics,INDUSTRY
NCT03968146,Kasr El Aini Hospital,OTHER
NCT03466346,"University of California, San Francisco",OTHER
NCT03466346,University of Nairobi,OTHER
NCT03466346,National Institute of Mental Health (NIMH),NIH
NCT03466346,Kenya Medical Research Institute,OTHER
NCT03466346,"University of California, San Diego",OTHER
NCT03466346,Makerere University,OTHER
NCT04976088,Fidia Farmaceutici s.p.a.,INDUSTRY
NCT00646503,Novartis,INDUSTRY
NCT01365403,Hoffmann-La Roche,INDUSTRY
NCT06204003,University of Regina,OTHER
NCT06204003,National Football League,OTHER
NCT06204003,My Next Health Inc.,UNKNOWN
NCT00811603,MemorialCare,OTHER
NCT00811603,"University of California, Irvine",OTHER
NCT06224127,Soovu Labs Inc.,INDUSTRY
NCT01730027,Pulmagen Therapeutics,INDUSTRY
NCT03465527,Kosin University Gospel Hospital,OTHER
NCT05990127,Akeso,INDUSTRY
NCT03379727,Novartis Pharmaceuticals,INDUSTRY
NCT02569827,Singapore General Hospital,OTHER
NCT02569827,Duke-NUS Graduate Medical School,OTHER
NCT02569827,60 Degrees Pharmaceuticals LLC,INDUSTRY
NCT00916227,"Array Biopharma, now a wholly owned subsidiary of Pfizer",INDUSTRY
NCT01728961,International Maternal Pediatric Adolescent AIDS Clinical Trials Group,NETWORK
NCT01728961,National Institute of Allergy and Infectious Diseases (NIAID),NIH
NCT01728961,Eunice Kennedy Shriver National Institute of Child Health and Human Development (NICHD),NIH
NCT01856361,Weill Medical College of Cornell University,OTHER
NCT05866861,Cugene Inc.,INDUSTRY
NCT05628961,SRI International,INDUSTRY
NCT01679561,"Woman's Health University Hospital, Egypt",OTHER
NCT00773461,Hoffmann-La Roche,INDUSTRY
NCT00424242,Northwestern University,OTHER
NCT00424242,National Cancer Institute (NCI),NIH
NCT04060342,"GB006, Inc., a wholly owned subsidiary of Gossamer Bio, Inc.",INDUSTRY
NCT04060342,Merck Sharp & Dohme LLC,INDUSTRY
NCT03891342,University Hospital Hradec Kralove,OTHER
NCT03891342,University Hospital Pilsen,OTHER
NCT05933642,University of Malaya,OTHER
NCT06361186,Longevity Inc.,INDUSTRY
NCT05004142,"Ahon Pharmaceutical Co., Ltd.",OTHER
NCT05004142,Hebei Medical University Fourth Hospital,OTHER
NCT05004142,The First Hospital of Jilin University,OTHER
NCT05004142,Affiliated Hospital of Hebei University,OTHER
NCT01353742,GlaxoSmithKline,INDUSTRY
NCT03771586,"Supernus Pharmaceuticals, Inc.",INDUSTRY
NCT01805570,David Antoniucci,OTHER
NCT01805570,A.R. CARD Onlus Foundation,OTHER
NCT00621686,Alliance for Clinical Trials in Oncology,OTHER
NCT00621686,National Cancer Institute (NCI),NIH
NCT05228470,Pfizer,INDUSTRY
NCT03733470,Eric A. Hoffman,OTHER
NCT03733470,National Institutes of Health (NIH),NIH
NCT03733470,"National Heart, Lung, and Blood Institute (NHLBI)",NIH
NCT03545373,London School of Hygiene and Tropical Medicine,OTHER
NCT03545373,Kamuzu University of Health Sciences,OTHER
NCT01985373,Prothya Biosolutions,INDUSTRY
NCT05748873,SparingVision,INDUSTRY
NCT01833273,Stony Brook University,OTHER
NCT01833273,Garnett McKeen Laboratory Inc.,INDUSTRY
NCT00234169,"Peter MacCallum Cancer Centre, Australia",OTHER
NCT00234169,The Leukemia and Lymphoma Society,OTHER
NCT01254383,Pfizer's Upjohn has merged with Mylan to form Viatris Inc.,INDUSTRY
NCT00818883,Takeda,INDUSTRY
NCT04203641,Helix BioPharma Corporation,INDUSTRY
NCT04203641,Theradex,INDUSTRY
NCT05819541,Vanderbilt University Medical Center,OTHER
NCT00095641,SWOG Cancer Research Network,NETWORK
NCT00095641,National Cancer Institute (NCI),NIH
NCT00852241,The Cleveland Clinic,OTHER
NCT03421041,Reproductive & Genetic Hospital of CITIC-Xiangya,OTHER
NCT02938741,"Shanghai General Hospital, Shanghai Jiao Tong University School of Medicine",OTHER
NCT00189241,MEDA Pharma GmbH & Co. KG,INDUSTRY
NCT00247741,St. Antonius Hospital,OTHER
NCT00367341,Emory University,OTHER
NCT00367341,National Institute of Mental Health (NIMH),NIH
NCT00857454,Eli Lilly and Company,INDUSTRY
NCT04704154,Bayer,INDUSTRY
NCT04704154,"Bristol Myers Squibb Co. and Ono Pharmaceutical Co., Ltd",UNKNOWN
NCT04302454,University Medical Center Groningen,OTHER
NCT04302454,Dutch Cancer Society,OTHER
NCT03002805,CBA Research,INDUSTRY
NCT00235105,"Charite University, Berlin, Germany",OTHER
NCT00235105,Abbott,INDUSTRY
NCT01419405,Oslo University Hospital,OTHER
NCT00003505,Burzynski Research Institute,OTHER
NCT01745354,Robert Lowsky,OTHER
NCT05346354,"Alexion Pharmaceuticals, Inc.",INDUSTRY
NCT05693454,Balgrist University Hospital,OTHER
NCT05351905,"University Health Network, Toronto",OTHER
NCT01679405,Johannes Gutenberg University Mainz,OTHER
NCT07101705,"Union Hospital, Tongji Medical College, Huazhong University of Science and Technology",OTHER
NCT07101705,"OriCell Therapeutics Co., Ltd.",INDUSTRY
NCT00103194,National Cancer Institute (NCI),NIH
NCT07615283,Sun Yat-sen University,OTHER
NCT05823441,Peking University People's Hospital,OTHER
NCT05108766,"Shenzhen Kangzhe Pharmaceutical Co., Ltd.",INDUSTRY
NCT04359966,Slovenian Society for Gastroenterology and Hepatology,OTHER
NCT04359966,KRKA,INDUSTRY
NCT00690066,"Mesoblast, Inc.",INDUSTRY
NCT00690066,Juvenile Diabetes Research Foundation,OTHER
NCT01880866,"University of California, San Francisco",OTHER
NCT05158166,"University of California, San Francisco",OTHER
NCT06567366,Ruijin Hospital,OTHER
NCT00648466,Mylan Pharmaceuticals Inc,INDUSTRY
NCT02771366,University of Florida,OTHER
NCT02771366,Osato Research Institute,OTHER
NCT02736266,"Fondazione IRCCS Istituto Nazionale dei Tumori, Milano",OTHER
NCT02736266,Merck Sharp & Dohme LLC,INDUSTRY
NCT00575302,Centre Hospitalier Chretien,OTHER
NCT00575302,EMD Serono,INDUSTRY
NCT02809131,Vanderbilt University Medical Center,OTHER
NCT02809131,Thomas Jefferson University,OTHER
NCT02809131,The Cooper Health System,OTHER
NCT02809131,Valley Health System,OTHER
NCT02809131,Medtronic,INDUSTRY
NCT03876002,Molecular NeuroImaging,OTHER
NCT01490931,"Hersh, Elliot V., DMD, MS, PhD",INDIV
NCT07079631,BioNTech SE,INDUSTRY
NCT07079631,Genmab,INDUSTRY
NCT02312531,Xi'an Jiaotong University,OTHER
NCT00207831,Institut Cancerologie de l'Ouest,OTHER
NCT00207831,Merck Sharp & Dohme LLC,INDUSTRY
NCT01448902,Oxagen Ltd,INDUSTRY
NCT02839902,Takeda,INDUSTRY
NCT03165253,Bulent Ecevit University,OTHER
NCT00322153,Forest Laboratories,INDUSTRY
NCT00002253,Sandoz,INDUSTRY
NCT01718353,Sanofi,INDUSTRY
NCT03214731,Sun Yat-sen University,OTHER
NCT03214731,The First People's Hospital of Yunnan,OTHER
NCT03214731,The First Affiliated Hospital of Nanchang University,OTHER
NCT03214731,General Hospital of Ningxia Medical University,OTHER
NCT03214731,First Affiliated Hospital of Fujian Medical University,OTHER
NCT03214731,Shenzhen Second People's Hospital,OTHER
NCT03214731,The Third Xiangya Hospital of Central South University,OTHER
NCT03214731,Tongji Hospital,OTHER
NCT01310231,Ozmosis Research Inc.,INDUSTRY
NCT01310231,Breast Cancer Research Foundation,OTHER
NCT04062331,Maimónides Biomedical Research Institute of Córdoba,OTHER
NCT04062331,Isaac Tunez-Fiñana,UNKNOWN
NCT04062331,Eduardo Agüera-Morales,UNKNOWN
NCT04275453,University of Pennsylvania,OTHER
NCT01568853,"Jinling Hospital, China",OTHER
NCT03205553,University of Arkansas,OTHER
NCT03092453,University of Pennsylvania,OTHER
NCT02773537,Medical University of South Carolina,OTHER
NCT03361345,Wayne State University,OTHER
NCT05632445,DR. XAVIER FREIXA,OTHER
NCT00692445,Targacept Inc.,INDUSTRY
NCT05716945,Maastricht University Medical Center,OTHER
NCT00804245,Wake Forest University Health Sciences,OTHER
NCT00804245,National Cancer Institute (NCI),NIH
NCT03698045,Laboratorios Sophia S.A de C.V.,INDUSTRY
NCT02076672,Ontario Clinical Oncology Group (OCOG),OTHER
NCT02076672,Aboca Spa Societa' Agricola,INDUSTRY
NCT02027272,University of Mississippi Medical Center,OTHER
NCT00471237,GlaxoSmithKline,INDUSTRY
NCT01031472,ViiV Healthcare,INDUSTRY
NCT01031472,GlaxoSmithKline,INDUSTRY
NCT01336972,"Otsuka Pharmaceutical Development & Commercialization, Inc.",INDUSTRY
NCT06771245,"CSPC ZhongQi Pharmaceutical Technology Co., Ltd.",INDUSTRY
NCT02788045,Janssen Vaccines & Prevention B.V.,INDUSTRY
NCT02583672,University of Minnesota,OTHER
NCT02583672,Rare Diseases Clinical Research Network,NETWORK
NCT02583672,National Center for Advancing Translational Sciences (NCATS),NIH
NCT02583672,National Institute of Diabetes and Digestive and Kidney Diseases (NIDDK),NIH
NCT02583672,National Institute of Neurological Disorders and Stroke (NINDS),NIH
NCT02583672,Lysosomal Disease Network,OTHER
NCT03970772,Qassim University,OTHER
NCT04804072,HIV Prevention Trials Network,NETWORK
NCT04804072,National Institute of Allergy and Infectious Diseases (NIAID),NIH
NCT04804072,National Institute on Drug Abuse (NIDA),NIH
NCT00757172,Alliance for Clinical Trials in Oncology,OTHER
NCT00757172,National Cancer Institute (NCI),NIH
NCT00757172,Amgen,INDUSTRY
NCT00925639,Federal University of São Paulo,OTHER
NCT02822339,Bayer,INDUSTRY
NCT02059239,Weill Medical College of Cornell University,OTHER
NCT01608139,M.D. Anderson Cancer Center,OTHER
NCT01608139,Sabinsa Corporation,INDUSTRY
NCT03906539,"All India Institute of Medical Sciences, Bhubaneswar",OTHER
NCT03906539,"Coconut Development Board, Government of India",UNKNOWN
NCT01469377,Forest Laboratories,INDUSTRY
NCT01469377,Gedeon Richter Ltd.,INDUSTRY
NCT05109377,Ankara Training and Research Hospital,OTHER
NCT01854177,Dartmouth-Hitchcock Medical Center,OTHER
NCT06978777,"University Hospital, Basel, Switzerland",OTHER
NCT00835575,Teva Pharmaceuticals USA,INDUSTRY
NCT03552575,NHS Greater Glasgow and Clyde,OTHER
NCT03552575,University of Glasgow,OTHER
NCT02678975,Sahlgrenska University Hospital,OTHER
NCT02678975,St. Olavs Hospital,OTHER
NCT02678975,Lund University Hospital,OTHER
NCT02678975,Karolinska University Hospital,OTHER
NCT02678975,"University Hospital, Linkoeping",OTHER
NCT02678975,Region Örebro County,OTHER
NCT02678975,Ryhov County Hospital,OTHER
NCT02678975,Uppsala University Hospital,OTHER
NCT01070875,Centre hospitalier de l'Université de Montréal (CHUM),OTHER
NCT04596475,"University of California, San Diego",OTHER
NCT01011257,"Neil Kleiman, MD",OTHER
NCT01789957,AstraZeneca,INDUSTRY
NCT04423757,Boehringer Ingelheim,INDUSTRY
NCT06701357,Ruijin Hospital,OTHER
NCT06828757,Hunan Province Tumor Hospital,OTHER
NCT04426357,"Janssen Pharmaceutica N.V., Belgium",INDUSTRY
NCT02237157,RenovoRx,INDUSTRY
NCT07272057,Shanghai Chest Hospital,OTHER
NCT07346157,"Sabine Mueller, MD, PhD",OTHER
NCT00772057,Govind Ballabh Pant Hospital,OTHER_GOV
NCT05134857,Washington State University,OTHER
NCT03972657,Regeneron Pharmaceuticals,INDUSTRY
NCT04887857,Celgene,INDUSTRY
NCT04887857,AbbVie,INDUSTRY
NCT00475657,Eli Lilly and Company,INDUSTRY
NCT04304157,South Valley University,OTHER
NCT04304157,Tanta University,OTHER
NCT03499457,Clalit Health Services,OTHER
NCT06070857,Vigonvita Life Sciences,INDUSTRY
NCT02537457,Bayer,INDUSTRY
NCT03717701,Aswan University Hospital,OTHER
NCT02118012,National Institute of Diabetes and Digestive and Kidney Diseases (NIDDK),NIH
NCT03840512,"Kalytera Therapeutics Israel, Ltd.",INDUSTRY
NCT03727412,University of Thessaly,OTHER
NCT01310101,Brno University Hospital,OTHER
NCT01310101,University Hospital Hradec Kralove,OTHER
NCT01310101,Faculty Hospital Kralovske Vinohrady,OTHER_GOV
NCT01310101,"General Teaching Hospital, Prague",OTHER
NCT05123781,"Joint Stock Company ""Farmak""",INDUSTRY
NCT02847481,Beth Israel Deaconess Medical Center,OTHER
NCT02847481,OpenBiome,INDUSTRY
NCT06787781,University of Messina,OTHER
NCT04383912,Nova Scotia Health Authority,OTHER
NCT04383912,Dalhousie University,OTHER
NCT01200212,GBG Forschungs GmbH,OTHER
NCT02899130,Composite Interceptive Med Science,INDUSTRY
NCT03394430,Shanghai Ninth People's Hospital Affiliated to Shanghai Jiao Tong University,OTHER
NCT07325630,Zhejiang Cancer Hospital,OTHER
NCT00803530,Fondazione Italiana Sindromi Mielodisplastiche-ETS,OTHER
NCT00803530,Centro di Riferimento per l'Epidemiologia e la Prev. Oncologica Piemonte,OTHER
NCT05269030,Menoufia University,OTHER
NCT04973930,New York State Psychiatric Institute,OTHER
NCT04973930,Columbia University,OTHER
NCT06102928,Kunming Medical University,OTHER
NCT03838328,SHI Jia,OTHER
NCT00951665,"Genentech, Inc.",INDUSTRY
NCT00663728,Bayer,INDUSTRY
NCT00663728,GlaxoSmithKline,INDUSTRY
NCT00804830,Region Skane,OTHER
NCT00825565,Northwestern University,OTHER
NCT00825565,Ann & Robert H Lurie Children's Hospital of Chicago,OTHER
NCT02457130,Spanish Society of Cardiology,OTHER
NCT02457130,AstraZeneca,INDUSTRY
NCT05122130,Salma Nabil,OTHER
NCT03068130,Biogen,INDUSTRY
NCT00624130,Bayer,INDUSTRY
NCT06883630,"RemeGen Co., Ltd.",INDUSTRY
NCT05865028,Elizabeth J Franzmann,OTHER
NCT05865028,"Aveta Biomics, Inc.",INDUSTRY
NCT02048228,Chinese PLA General Hospital,OTHER
NCT01263028,Kaiser Permanente,OTHER
NCT01923428,Ardelyx,INDUSTRY
NCT00574067,"Friends Research Institute, Inc.",OTHER
NCT00574067,National Institute on Drug Abuse (NIDA),NIH
NCT03551067,Suez Canal University,OTHER
NCT04483167,"University Hospital, Grenoble",OTHER
NCT02950467,Joshua Woolley,OTHER
NCT02950467,Heffter Research Institute,OTHER
NCT02950467,RiverStyx Foundation,OTHER
NCT02950467,Usona Institute,OTHER
NCT02950467,Stupski Foundation,OTHER
NCT04539067,Minia University,OTHER
NCT00713817,Jazz Pharmaceuticals,INDUSTRY
NCT02749968,University of Cincinnati,OTHER
NCT02749968,United States Air Force,FED
NCT07562568,The First Affiliated Hospital of Soochow University,OTHER
NCT03496740,Kocaeli University,OTHER
NCT00103740,Novartis Pharmaceuticals,INDUSTRY
NCT02971540,Medical University of Silesia,OTHER
NCT02971540,Silesian University of Medicine,OTHER
NCT03102489,Ivix LLX,INDUSTRY
NCT07024589,"AN2 Therapeutics, Inc",INDUSTRY
NCT05047250,Hoffmann-La Roche,INDUSTRY
NCT05204550,Murdoch Childrens Research Institute,OTHER
NCT05204550,University of Melbourne,OTHER
NCT05204550,"Northern Hospital, Australia",OTHER
NCT05204550,Monash University,OTHER
NCT05204550,The Peter Doherty Institute for Infection and Immunity,OTHER
NCT05204550,St Vincent's Hospital Melbourne,OTHER
NCT01747850,Centre for Addiction and Mental Health,OTHER
NCT01747850,National Institute on Drug Abuse (NIDA),NIH
NCT01052974,"University Hospital, Angers",OTHER_GOV
NCT00974974,"Impax Laboratories, LLC",INDUSTRY
NCT03958591,Yanbing Li,OTHER
NCT00613691,"Spectrum Pharmaceuticals, Inc",INDUSTRY
NCT06529718,UNICANCER,OTHER
NCT06529718,Cancer Research UK & UCL Cancer Trials Centre,OTHER
NCT06529718,Belgian Group of Digestive Oncology,OTHER
NCT06529718,Summit Therapeutics,INDUSTRY
NCT02164318,Duke University,OTHER
NCT02164318,National Institute of Diabetes and Digestive and Kidney Diseases (NIDDK),NIH
NCT03057418,Biointegrator LLC,INDUSTRY
NCT03095118,Fernando Fervenza,OTHER
NCT06004674,Endeavor Health,OTHER
NCT02044874,Arena Pharmaceuticals,INDUSTRY
NCT03920618,"Third Affiliated Hospital, Sun Yat-Sen University",OTHER
NCT00327418,Pfizer,INDUSTRY
NCT00327418,Diabetes UK,OTHER
NCT00327418,"Department of Health, United Kingdom",OTHER_GOV
NCT00270790,Mohan Suntharalingam,OTHER
NCT00270790,MedImmune LLC,INDUSTRY
NCT00520390,"Enzon Pharmaceuticals, Inc.",INDUSTRY
NCT03523390,"Merck KGaA, Darmstadt, Germany",INDUSTRY
NCT02695290,Boehringer Ingelheim,INDUSTRY
NCT05924997,Sun Yat-Sen Memorial Hospital of Sun Yat-Sen University,OTHER
NCT00567697,Aleris Helse,OTHER
NCT00567697,Novartis,INDUSTRY
NCT03379597,Central South University,OTHER
NCT01069510,Oregon Health and Science University,OTHER
NCT01069510,"National Heart, Lung, and Blood Institute (NHLBI)",NIH
NCT01069510,Oregon Clinical and Translational Research Institute,OTHER
NCT02686697,Abraham Reichenberg,OTHER
NCT02686697,Stanley Medical Research Institute,OTHER
NCT05555797,Assiut University,OTHER
NCT00000513,"National Heart, Lung, and Blood Institute (NHLBI)",NIH
NCT02471560,Biogen,INDUSTRY
NCT02510560,Elgan Pharma Ltd.,INDUSTRY
NCT02283320,BIND Therapeutics,INDUSTRY
NCT00953420,Baylor College of Medicine,OTHER
NCT00953420,The Methodist Hospital Research Institute,OTHER
NCT00953420,"Center for Cell and Gene Therapy, Baylor College of Medicine",OTHER
NCT00953420,M.D. Anderson Cancer Center,OTHER
NCT06861920,Endeavor Health,OTHER
NCT06861920,Eunice Kennedy Shriver National Institute of Child Health and Human Development (NICHD),NIH
NCT06861920,University of Chicago,OTHER
NCT06861920,University of Oklahoma,OTHER
NCT00121420,Pharmacyclics LLC.,INDUSTRY
NCT04597320,Peking University,OTHER
NCT02626182,National Jewish Health,OTHER
NCT01508182,"Janssen Research & Development, LLC",INDUSTRY
NCT00175682,University of British Columbia,OTHER
NCT05221320,"BioMed Valley Discoveries, Inc",INDUSTRY
NCT04910620,National Taiwan University Hospital,OTHER
NCT03493282,Cognition Therapeutics,INDUSTRY
NCT03493282,National Institute on Aging (NIA),NIH
NCT02029924,Adocia,INDUSTRY
NCT03508882,The University of Hong Kong,OTHER
NCT03508882,"Food and Health Bureau, Hong Kong",OTHER_GOV
NCT01948024,Sun Pharmaceutical Industries Limited,INDUSTRY
NCT01948024,"bioRASI, LLC",INDUSTRY
NCT01985724,Hellenic Oncology Research Group,OTHER
NCT01985724,University Hospital of Crete,OTHER
NCT00276159,"Masonic Cancer Center, University of Minnesota",OTHER
NCT00276159,Pfizer,INDUSTRY
NCT06471959,Empower Research Inc,INDUSTRY
NCT06471959,Empower Psychedelics,UNKNOWN
NCT06471959,"Centre for Neurology Studies, Canada",UNKNOWN
NCT06471959,Mitacs,INDUSTRY
NCT01906580,Beijing 302 Hospital,OTHER
NCT05036759,Peking Union Medical College Hospital,OTHER
NCT06505759,Krishnadevaraya College of Dental Sciences & Hospital,OTHER
NCT03736980,University of Zurich,OTHER
NCT06307080,"Shanghai General Hospital, Shanghai Jiao Tong University School of Medicine",OTHER
NCT00860080,PharmaSurgics AB,INDUSTRY
NCT02232880,Vanderbilt University Medical Center,OTHER
NCT02232880,Bristol-Myers Squibb,INDUSTRY
NCT02235662,CONRAD,OTHER
NCT02373462,Yonsei University,OTHER
NCT06484062,National Cancer Institute (NCI),NIH
NCT00730262,Thallion Pharmaceuticals,INDUSTRY
NCT06267846,Neurocrine Biosciences,INDUSTRY
NCT01503788,Tel-Aviv Sourasky Medical Center,OTHER_GOV
NCT03033303,Memorial Sloan Kettering Cancer Center,OTHER
NCT03033303,Y-mAbs Therapeutics,INDUSTRY
NCT02489903,"EpicentRx, Inc.",INDUSTRY
NCT00867503,University of Arizona,OTHER
NCT00867503,Cephalon,INDUSTRY
NCT00087503,Pfizer,INDUSTRY
NCT02982603,"Dongzhimen Hospital, Beijing",OTHER
NCT02960503,Vanderbilt University,OTHER
NCT07382427,Onyx Axiom,INDUSTRY
NCT05420727,John O. Prior,OTHER
NCT01645761,Chuncheon Sacred Heart Hospital,OTHER
NCT03815461,Chinese Academy of Medical Sciences,OTHER
NCT04124861,Peking Union Medical College Hospital,OTHER
NCT04124861,Chinese PLA General Hospital,OTHER
NCT04124861,Peking University People's Hospital,OTHER
NCT04124861,The People's Hospital of Hebei Province,OTHER
NCT04124861,Shengjing Hospital,OTHER
NCT04124861,Tongji Hospital,OTHER
NCT00401661,Sanofi,INDUSTRY
NCT02911142,National Cancer Institute (NCI),NIH
NCT07088042,Ain Shams University,OTHER
NCT07032142,D'Or Institute for Research and Education,OTHER
NCT07032142,Conselho Nacional de Desenvolvimento Científico e Tecnológico,OTHER_GOV
NCT05050942,Camurus AB,INDUSTRY
NCT06305286,University of Chicago,OTHER
NCT06305286,Juvenile Diabetes Research Foundation,OTHER
NCT06305286,Cure Alliance,UNKNOWN
NCT06305286,Breakthrough T1D,OTHER
NCT06305286,Eledon Pharmaceuticals,INDUSTRY
NCT00219986,Rockefeller University,OTHER
NCT00430586,Merz Pharmaceuticals GmbH,INDUSTRY
NCT01019486,"University of Colorado, Denver",OTHER
NCT00395070,Vical,INDUSTRY
NCT02036970,Biogen,INDUSTRY
NCT02802969,Institut Curie,OTHER
NCT05145569,Haider Mahdi,OTHER
NCT05145569,HCW Biologics,INDUSTRY
NCT00526669,GlaxoSmithKline,INDUSTRY
NCT07101783,Novo Nordisk A/S,INDUSTRY
NCT06229483,Stephen Lownie,OTHER
NCT06229483,Dalhousie University,OTHER
NCT00419783,"Faes Farma, S.A.",INDUSTRY
NCT07290283,AstraZeneca,INDUSTRY
NCT07290283,Parexel,INDUSTRY
NCT00408083,"Bracco Diagnostics, Inc",INDUSTRY
NCT06722183,Institut für Klinische Krebsforschung IKF GmbH at Krankenhaus Nordwest,OTHER
NCT06722183,"Universitätsmedizin Mainz, I. Medizinische Klinik, Forschungslabor Prof. Möhler",UNKNOWN
NCT03499041,Eli Lilly and Company,INDUSTRY
NCT03499041,AstraZeneca,INDUSTRY
NCT00152854,"University Health Network, Toronto",OTHER
NCT05893654,Hospital das Clínicas de Ribeirão Preto,OTHER
NCT05893654,"Fundação de Apoio ao Ensino, Pesquisa e Assistência do Hospital das Clínicas da Faculdade de Medicina de Ribeirão Preto da Universidade de São Paulo",OTHER
NCT00268554,Radboud University Medical Center,OTHER
NCT00198354,Intergroupe Francophone de Cancerologie Thoracique,OTHER
NCT00001954,National Institute of Dental and Craniofacial Research (NIDCR),NIH
NCT00434954,AstraZeneca,INDUSTRY
NCT00434954,Eli Lilly and Company,INDUSTRY
NCT00864305,Actavis Inc.,INDUSTRY
NCT01475305,MedImmune LLC,INDUSTRY
NCT01386294,CONRAD,OTHER
NCT01386294,Follow-on African Consortium for Tenofovir Studies (FACTS),UNKNOWN
NCT01386294,United States Agency for International Development (USAID),FED
NCT02977494,Universitätsklinikum Hamburg-Eppendorf,OTHER
NCT03936205,Hotel Dieu de France Hospital,OTHER
NCT05752305,Universidad de Granada,OTHER
NCT02538705,Artgen Biotech,OTHER
NCT02538705,Ryazan State Medical University,OTHER
NCT02538705,Vidnoe District Hospital,UNKNOWN
NCT03738735,Rothman Institute Orthopaedics,OTHER
NCT01412008,New York Presbyterian Hospital,OTHER
NCT04428008,"William B. Ershler, MD",OTHER
NCT04428008,Davita Clinical Research,INDUSTRY
NCT06291935,VeonGen Therapeutics GmbH,INDUSTRY
NCT04360135,Montefiore Medical Center,OTHER
NCT06874335,Biohaven Therapeutics Ltd.,INDUSTRY
NCT03597217,Pfizer,INDUSTRY
NCT02195817,H. Lundbeck A/S,INDUSTRY
NCT03756389,"BioMimetix JV, LLC",INDUSTRY
NCT04600089,Sam Tyagi,OTHER
NCT00650689,Organon and Co,INDUSTRY
NCT00650689,Merck Sharp & Dohme LLC,INDUSTRY
NCT00162240,Bristol-Myers Squibb,INDUSTRY
NCT02589340,Oregon Health and Science University,OTHER
NCT02589340,Portland VA Medical Center,FED
NCT01279668,University of Oxford,OTHER
NCT04941989,Nxera Pharma UK Limited,INDUSTRY
NCT00524368,"Tibotec Pharmaceuticals, Ireland",INDUSTRY
NCT05361668,Crinetics Pharmaceuticals Inc.,INDUSTRY
NCT00003540,Memorial Sloan Kettering Cancer Center,OTHER
NCT00003540,National Cancer Institute (NCI),NIH
NCT05468840,University of Ottawa,OTHER
NCT04537689,Singapore General Hospital,OTHER
NCT04537689,Translational Immunology Institute,UNKNOWN
NCT05557591,Regeneron Pharmaceuticals,INDUSTRY
NCT05557591,BioNTech SE,INDUSTRY
NCT02401191,Sanofi,INDUSTRY
NCT07266974,Jaweria Gul Keyani,OTHER
NCT01094574,Martin Angst,OTHER
NCT06880874,Merck Sharp & Dohme LLC,INDUSTRY
NCT03958474,"Joshua A. Lile, Ph.D.",OTHER
NCT03958474,National Institute on Drug Abuse (NIDA),NIH
NCT06104618,Mayo Clinic,OTHER
NCT03108690,Sara Thønnings,OTHER
NCT01150890,Amgen,INDUSTRY
NCT06923891,Vanguard Research Group,OTHER
NCT06923891,Bristol-Myers Squibb,INDUSTRY
NCT05412290,Washington University School of Medicine,OTHER
NCT05412290,"Genentech, Inc.",INDUSTRY
NCT01478490,Astellas Pharma Inc,INDUSTRY
NCT00919490,Abbott,INDUSTRY
NCT00919490,"Abbott Japan Co.,Ltd",INDUSTRY
NCT05261997,Changhai Hospital,OTHER
NCT04197310,Dana-Farber Cancer Institute,OTHER
NCT04197310,Bristol-Myers Squibb,INDUSTRY
NCT04197310,Exelixis,INDUSTRY
NCT03200210,Sun Yat-sen University,OTHER
NCT01596010,Novo Nordisk A/S,INDUSTRY
NCT00472810,Pro Top & Mediking Company Limited,INDUSTRY
NCT03633760,A.Menarini Asia-Pacific Holdings Pte Ltd,INDUSTRY
NCT02784860,University of Liege,OTHER
NCT04805060,"Chia Tai Tianqing Pharmaceutical Group Co., Ltd.",INDUSTRY
NCT02151760,Sidney Kimmel Comprehensive Cancer Center at Johns Hopkins,OTHER
NCT02151760,National Cancer Institute (NCI),NIH
NCT00067860,Emory University,OTHER
NCT00067860,National Institute of Diabetes and Digestive and Kidney Diseases (NIDDK),NIH
NCT01005160,Chong Kun Dang Pharmaceutical,INDUSTRY
NCT02803060,Bayer,INDUSTRY
NCT06379360,The First Affiliated Hospital of Soochow University,OTHER
NCT01083420,Sheba Medical Center,OTHER_GOV
NCT01975220,Boehringer Ingelheim,INDUSTRY
NCT01975220,Eli Lilly and Company,INDUSTRY
NCT05717920,"Aldeyra Therapeutics, Inc.",INDUSTRY
NCT01710020,Pfizer,INDUSTRY
NCT04617782,"Corium, Inc.",INDUSTRY
NCT05696782,Wake Forest University Health Sciences,OTHER
NCT05696782,National Cancer Institute (NCI),NIH
NCT03963882,Lei Li,OTHER
NCT02846324,Global Blood Therapeutics,INDUSTRY
NCT06180382,Centre Hospitalier Universitaire de Saint Etienne,OTHER
NCT06180382,Takeda France,INDUSTRY
NCT03756623,The Affiliated Nanjing Drum Tower Hospital of Nanjing University Medical School,OTHER
NCT03979859,Wockhardt,INDUSTRY
NCT00134459,Wyeth is now a wholly owned subsidiary of Pfizer,INDUSTRY
NCT00134459,Solvay Pharmaceuticals,INDUSTRY
NCT00666159,Astellas Pharma Inc,INDUSTRY
NCT03923959,Lancaster General Hospital,OTHER
NCT01637259,Kirby Institute,OTHER_GOV
NCT04428359,B.P. Koirala Institute of Health Sciences,OTHER
NCT04428359,Nepal Health Research Council,OTHER_GOV
NCT05047159,Shanghai Mental Health Center,OTHER
NCT01218659,Amicus Therapeutics,INDUSTRY
NCT03418480,University of Southampton,OTHER
NCT03418480,BioNTech SE,INDUSTRY
NCT01872780,Inje University,OTHER
NCT01298180,"University Hospital, Toulouse",OTHER
NCT02858180,Duke University,OTHER
NCT02858180,Gilead Sciences,INDUSTRY
NCT07183462,Sheba Medical Center,OTHER_GOV
NCT00006462,Children's Oncology Group,NETWORK
NCT00006462,National Cancer Institute (NCI),NIH
NCT00314262,Emory University,OTHER
NCT00314262,National Institutes of Health (NIH),NIH
NCT01082146,"Sumitomo Pharma America, Inc.",INDUSTRY
NCT02564146,AIO-Studien-gGmbH,OTHER
NCT02564146,ClinAssess GmbH,INDUSTRY
NCT02564146,Celgene Corporation,INDUSTRY
NCT00003146,Fred Hutchinson Cancer Center,OTHER
NCT00003146,National Cancer Institute (NCI),NIH
NCT02546388,"Marcelo F. Di Carli, MD, FACC",OTHER
NCT02546388,Mallinckrodt,INDUSTRY
NCT01672788,Boehringer Ingelheim,INDUSTRY
NCT01949103,Theravance Biopharma,INDUSTRY
NCT01223027,Novartis Pharmaceuticals,INDUSTRY
NCT05195827,"PRM Pharma, LLC",INDUSTRY
NCT00126061,Solvay Pharmaceuticals,INDUSTRY
NCT03377361,Bristol-Myers Squibb,INDUSTRY
NCT03377361,Novartis,INDUSTRY
NCT06176261,"Sarah Sammons, MD",OTHER
NCT06176261,Daiichi Sankyo,INDUSTRY
NCT02644161,The University of Hong Kong,OTHER
NCT02644161,Tung Wah Hospital,OTHER
NCT02644161,"Kowloon Hospital, Hong Kong",OTHER
NCT03174886,Axon Neuroscience SE,INDUSTRY
NCT02830542,"Seres Therapeutics, Inc.",INDUSTRY
NCT02830542,Pharm-Olam International,INDUSTRY
NCT02826642,Novartis Pharmaceuticals,INDUSTRY
NCT00990886,"Ortho-McNeil Janssen Scientific Affairs, LLC",INDUSTRY
NCT06688786,"Xinhua Hospital, Shanghai Jiao Tong University School of Medicine",OTHER
NCT00537186,Pharmacosmos A/S,INDUSTRY
NCT00330486,Medical University of South Carolina,OTHER
NCT02100670,GlaxoSmithKline,INDUSTRY
NCT00833586,Teva Pharmaceuticals USA,INDUSTRY
NCT00583986,"Sumitomo Pharma America, Inc.",INDUSTRY
NCT01271270,National Eye Institute (NEI),NIH
NCT04539470,"Genentech, Inc.",INDUSTRY
NCT05669170,Ralph H. Johnson VA Medical Center,FED
NCT01740570,M.D. Anderson Cancer Center,OTHER
NCT01740570,Sanofi,INDUSTRY
NCT04551170,Vanderbilt University Medical Center,OTHER
NCT06793670,Università Vita-Salute San Raffaele,OTHER
NCT01555970,University of Sao Paulo,OTHER
NCT01555970,Fundação de Amparo à Pesquisa do Estado de São Paulo,OTHER_GOV
NCT06455670,Henan University of Traditional Chinese Medicine,OTHER
NCT06455670,Peking University Third Hospital,OTHER
NCT06455670,Jiangsu Province Hospital of Traditional Chinese Medicine,OTHER
NCT06455670,Chengdu University of Traditional Chinese Medicine,OTHER
NCT06455670,Affiliated Hospital of Liaoning University of Traditional Chinese Medicine,OTHER
NCT06455670,Shenzhen Hospital of Southern Medical University,OTHER
NCT06455670,Qingdao Haici Hospital,OTHER
NCT06455670,Xiangyang Hospital of Traditional Chinese Medicine,OTHER
NCT01189370,University of Kansas Medical Center,OTHER
NCT01189370,Bayer,INDUSTRY
NCT07221370,Riverside University Health System Medical Center,OTHER
NCT06115070,"Second Affiliated Hospital, School of Medicine, Zhejiang University",OTHER
NCT06027970,"Post Graduate Institute of Medical Education and Research, Chandigarh",OTHER
NCT03045770,Fujian Cancer Hospital,OTHER_GOV
NCT05634473,"Chia Tai Tianqing Pharmaceutical Group Co., Ltd.",INDUSTRY
NCT02615873,Intec Pharma Ltd.,INDUSTRY
NCT00006127,Dana-Farber Cancer Institute,OTHER
NCT03925727,"Mimetogen Pharmaceuticals USA, Inc.",INDUSTRY
NCT02449070,Pusan National University Hospital,OTHER
NCT02449070,JW Pharmaceutical,INDUSTRY
NCT00218270,National Institute on Drug Abuse (NIDA),NIH
NCT00423761,GlaxoSmithKline,INDUSTRY
NCT02321761,Loewenstein Hospital,OTHER
NCT05885542,Medical University of South Carolina,OTHER
NCT05411861,Cali Pharmaceuticals LLC,INDUSTRY
NCT04169061,Mallinckrodt,INDUSTRY
NCT01652742,Boehringer Ingelheim,INDUSTRY
NCT00000642,National Institute of Allergy and Infectious Diseases (NIAID),NIH
NCT00000642,"Genentech, Inc.",INDUSTRY
NCT04506073,"The University of Texas Health Science Center, Houston",OTHER
NCT04506073,Michael J. Fox Foundation for Parkinson's Research,OTHER
NCT03059173,"University Hospital, Lille",OTHER
NCT03059173,"Ministry of Health, France",OTHER_GOV
NCT03059173,Laboratoires Besins International,INDUSTRY
NCT07093073,"Shanghai Unicar-Therapy Bio-medicine Technology Co.,Ltd",INDUSTRY
NCT00031473,National Institute of Allergy and Infectious Diseases (NIAID),NIH
NCT00212069,"National University Hospital, Singapore",OTHER
NCT05893069,George F. Hatch,OTHER
NCT02769169,Sun Yat-sen University,OTHER
NCT04901169,"University of California, San Francisco",OTHER
NCT04901169,La Jolla Pharmaceutical Company,INDUSTRY
NCT07232069,Duke University,OTHER
NCT07232069,"National Heart, Lung, and Blood Institute (NHLBI)",NIH
NCT07232069,"University of North Carolina, Chapel Hill",OTHER
NCT07232069,Massachusetts General Hospital,OTHER
NCT07232069,Johns Hopkins University,OTHER
NCT01852383,New York State Psychiatric Institute,OTHER
NCT01852383,Eli Lilly and Company,INDUSTRY
NCT00499083,University of Nebraska,OTHER
NCT00499083,National Cancer Institute (NCI),NIH
NCT05556083,Al-Azhar University,OTHER
NCT00431054,M.D. Anderson Cancer Center,OTHER
NCT00431054,Keryx Biopharmaceuticals,INDUSTRY
NCT00039754,Poniard Pharmaceuticals,INDUSTRY
NCT02156154,The Cleveland Clinic,OTHER
NCT04346654,Novartis Pharmaceuticals,INDUSTRY
NCT07078305,Tianjin Medical University Cancer Institute and Hospital,OTHER
NCT03713905,"Guangzhou Gloria Biosciences Co., Ltd.",INDUSTRY
NCT01248494,Vanderbilt-Ingram Cancer Center,OTHER
NCT05452005,"University of California, Davis",OTHER
NCT05452005,United States Department of Defense,FED
NCT01184105,Plethora Solutions Ltd,INDUSTRY
NCT02210494,Effexus Pharmaceutical,INDUSTRY
NCT03773666,Dana-Farber Cancer Institute,OTHER
NCT03773666,AstraZeneca,INDUSTRY
NCT02611466,Astellas Pharma Europe B.V.,INDUSTRY
NCT02549066,Sahlgrenska University Hospital,OTHER
NCT06118866,"Hope Medicine (Nanjing) Co., Ltd",INDUSTRY
NCT04068766,Kangbuk Samsung Hospital,OTHER
NCT04108156,Hoffmann-La Roche,INDUSTRY
NCT00085956,Eli Lilly and Company,INDUSTRY
NCT05604222,Shachi Tyagi,OTHER
NCT05604222,National Institute on Aging (NIA),NIH
NCT02914522,Gilead Sciences,INDUSTRY
NCT02914522,Lakefront Biotherapeutics NV,INDUSTRY
NCT02230956,Allergan,INDUSTRY
NCT04975256,Mirati Therapeutics Inc.,INDUSTRY
NCT04975256,Boehringer Ingelheim,INDUSTRY
NCT00028522,National Cancer Institute (NCI),NIH
NCT06832722,4TEEN4 Pharmaceuticals GmbH,INDUSTRY
NCT04973722,Luye Pharma Group Ltd.,INDUSTRY
NCT04973722,"Shandong Boan Biotechnology Co., Ltd",INDUSTRY
NCT05949294,Arrowhead Pharmaceuticals,INDUSTRY
NCT02430194,Eiger BioPharmaceuticals,INDUSTRY
NCT02430194,Ankara University,OTHER
NCT05147194,Tongji Hospital,OTHER
NCT02920229,Istituto Romagnolo per lo Studio dei Tumori Dino Amadori IRST S.r.l. IRCCS,OTHER
NCT02801929,Bayer,INDUSTRY
NCT05052229,Dr. Denis O'Donnell,OTHER
NCT05052229,Boehringer Ingelheim,INDUSTRY
NCT00511329,Nationwide Children's Hospital,OTHER
NCT00511329,Pfizer,INDUSTRY
NCT01460602,Louisiana State University Health Sciences Center Shreveport,OTHER
NCT01460602,"Millennium Pharmaceuticals, Inc.",INDUSTRY
NCT00984802,"Ischemix, LLC",INDUSTRY
NCT05913102,Jin Cheol Kim,OTHER
NCT02916602,Hanmi Pharmaceutical Company Limited,INDUSTRY
NCT01050829,Bayer,INDUSTRY
NCT02716129,"Abdelrady S Ibrahim, MD",OTHER
NCT02187302,NewLink Genetics Corporation,INDUSTRY
NCT00435929,Hoffmann-La Roche,INDUSTRY
NCT04592029,Second Affiliated Hospital of Guangzhou Medical University,OTHER
NCT05706129,ITM Oncologics GmbH,INDUSTRY
NCT00289653,Centre for Addiction and Mental Health,OTHER
NCT02916537,Cancer Targeted Technology,INDUSTRY
NCT02916537,"University of California, San Francisco",OTHER
NCT01682837,University of Texas Southwestern Medical Center,OTHER
NCT00644137,Yale University,OTHER
NCT00644137,National Institute on Drug Abuse (NIDA),NIH
NCT00644137,US Department of Veterans Affairs,FED
NCT00506337,Tianjin Nankai Hospital,OTHER
NCT00506337,Sichuan University,OTHER
NCT04511637,Bayer,INDUSTRY
NCT04511637,"Janssen Research & Development, LLC",INDUSTRY
NCT02071537,University of Cincinnati,OTHER
NCT00195845,Cambridge Health Alliance,OTHER
NCT00195845,Northwestern University,OTHER
NCT00152945,"University Health Network, Toronto",OTHER
NCT01568645,"National Heart, Lung, and Blood Institute (NHLBI)",NIH
NCT05905172,"Beijing Continent Pharmaceutical Co, Ltd.",INDUSTRY
NCT05533372,"ILAb Co., Ltd.",INDUSTRY
NCT06669572,University of Chicago,OTHER
NCT00398372,Stanford University,OTHER
NCT00398372,Amgen,INDUSTRY
NCT00398372,National Institutes of Health (NIH),NIH
NCT00658372,Pfizer,INDUSTRY
NCT07280572,Janneke van de Wijgert,OTHER
NCT07280572,European Clinical Research Alliance for Infectious Diseases (ECRAID),OTHER
NCT05610072,William Stoops,OTHER
NCT05610072,National Institute on Drug Abuse (NIDA),NIH
NCT02288195,Sun Yat-sen University,OTHER
NCT02288195,Shantou Central Hospital,OTHER
NCT02288195,Liaoning Cancer Hospital & Institute,OTHER
NCT02288195,The First Affiliated Hospital with Nanjing Medical University,OTHER
NCT02288195,Fujian Cancer Hospital,OTHER_GOV
NCT02288195,Guangdong Provincial Hospital of Traditional Chinese Medicine,OTHER
NCT02288195,First Affiliated Hospital of Chongqing Medical University,OTHER
NCT02288195,The First Affiliated Hospital of Guangzhou Medical University,OTHER
NCT02288195,Guangdong Provincial People's Hospital,OTHER
NCT02288195,Cancer Hospital of Guangxi Medical University,OTHER
NCT02288195,Meizhou People's Hospital,OTHER
NCT02288195,Henan Cancer Hospital,OTHER_GOV
NCT02288195,Affiliated Cancer Hospital of Shantou University Medical College,OTHER
NCT02288195,Hubei Cancer Hospital,OTHER
NCT02288195,First Affiliated Hospital of Kunming Medical University,OTHER
NCT02288195,Longyan City First Hospital,OTHER
NCT02288195,Shengjing Hospital,OTHER
NCT02288195,Zhejiang Cancer Hospital,OTHER
NCT02288195,Jiangmen Central Hospital,OTHER
NCT02288195,West China Hospital,OTHER
NCT02288195,The Third Affiliated Hospital of Kunming Medical College.,OTHER
NCT06734195,Assiut University,OTHER
NCT01631539,Universitaire Ziekenhuizen KU Leuven,OTHER
NCT01631539,Biocompatibles UK Ltd,INDUSTRY
NCT01640639,University of Roma La Sapienza,OTHER
NCT06848439,Jiangsu Cancer Institute & Hospital,OTHER
NCT06848439,Jiangsu Provincial Stomatological Hospital,OTHER
NCT00610077,Sun Pharmaceutical Industries Limited,INDUSTRY
NCT06089577,Federico II University,OTHER
NCT05002777,Sanofi,INDUSTRY
NCT07233577,Cukurova University,OTHER
NCT02522377,The Cleveland Clinic,OTHER
NCT07523295,Medicare Hospital (Pvt) Limited,OTHER
NCT05324995,Isfahan University of Medical Sciences,OTHER
NCT04218539,Yale University,OTHER
NCT04218539,The Wallace Foundation,OTHER
NCT01313039,University of Miami,OTHER
NCT02125357,British Columbia Cancer Agency,OTHER
NCT03729401,Ottawa Heart Institute Research Corporation,OTHER
NCT03410901,Ronald Levy,OTHER
NCT03410901,National Cancer Institute (NCI),NIH
NCT01150201,The University of Hong Kong,OTHER
NCT00120601,University of Sydney,OTHER
NCT00120601,"National Health and Medical Research Council, Australia",OTHER
NCT00120601,Sydney South West Area Health Service,OTHER_GOV
NCT00120601,South Eastern Area Health Service,OTHER
NCT00120601,Wentworth Area Health Services,OTHER
NCT05177601,University of Calgary,OTHER
NCT05513001,Novartis Pharmaceuticals,INDUSTRY
NCT05156281,Novartis Pharmaceuticals,INDUSTRY
NCT02626481,"University Hospital, Lille",OTHER
NCT02626481,"Janssen, LP",INDUSTRY
NCT02626481,Intergroupe Francophone du Myelome,NETWORK
NCT02064881,Laboratorios Silanes S.A. de C.V.,INDUSTRY
NCT02064881,Instituto Nacional de Ciencias Medicas y Nutricion Salvador Zubiran,OTHER
NCT02474212,Tampere University Hospital,OTHER
NCT02474212,Tampere Heart Hospital,OTHER
NCT00706381,National Institute of Diabetes and Digestive and Kidney Diseases (NIDDK),NIH
NCT01760889,Shire,INDUSTRY
NCT05097768,Alfarabi Colleges,OTHER
NCT01427868,LG Life Sciences,INDUSTRY
NCT07180940,Poznan University of Medical Sciences,OTHER
NCT01415440,New York State Psychiatric Institute,OTHER
NCT01415440,Shire,INDUSTRY
NCT05121740,PharmaMar,INDUSTRY
NCT05121740,Apices Soluciones S.L.,INDUSTRY
NCT04218240,University of Pennsylvania,OTHER
NCT06768489,"Janssen Research & Development, LLC",INDUSTRY
NCT06903689,Mansoura University,OTHER
NCT05914389,"Second Affiliated Hospital, School of Medicine, Zhejiang University",OTHER
NCT02521389,"MEI Pharma, Inc.",INDUSTRY
NCT02521389,Quotient Clinical,OTHER
NCT01377389,M.D. Anderson Cancer Center,OTHER
NCT01377389,Bristol-Myers Squibb,INDUSTRY
NCT02514668,Sanofi,INDUSTRY
NCT05650268,National Taiwan University Hospital,OTHER
NCT07006168,The University of Hong Kong,OTHER
NCT02189668,Peter Minneci,OTHER
NCT00543868,Merck Sharp & Dohme LLC,INDUSTRY
NCT01460368,Eli Lilly and Company,INDUSTRY
NCT00024050,Fred Hutchinson Cancer Center,OTHER
NCT00024050,National Cancer Institute (NCI),NIH
NCT06210750,National Cancer Institute (NCI),NIH
NCT03896750,National Institute of Allergy and Infectious Diseases (NIAID),NIH
NCT04066491,"EMD Serono Research & Development Institute, Inc.",INDUSTRY
NCT04066491,"Merck KGaA, Darmstadt, Germany",INDUSTRY
NCT01977118,"Post Graduate Institute of Medical Education and Research, Chandigarh",OTHER
NCT01966718,"Arthritis Treatment Center, Maryland",OTHER
NCT05363774,Novo Nordisk A/S,INDUSTRY
NCT06055374,Brexogen Inc.,INDUSTRY
NCT07146074,Cancer Research Antwerp,OTHER
NCT07146074,Kom Op Tegen Kanker,OTHER
NCT02189174,Novartis Pharmaceuticals,INDUSTRY
NCT05378074,Danish Headache Center,OTHER
NCT01149174,University of Rome Tor Vergata,OTHER
NCT04492774,Sutherland Medical Center,OTHER
NCT00211718,Minneapolis Veterans Affairs Medical Center,FED
NCT00211718,Allergan,INDUSTRY
NCT00211718,Center for Veterans Research and Education,OTHER
NCT03789318,Concentric Analgesics,INDUSTRY
NCT05396690,Ajou University School of Medicine,OTHER
NCT06820190,Tanta University,OTHER
NCT02814097,Stealth BioTherapeutics Inc.,INDUSTRY
NCT02814097,"Charite University, Berlin, Germany",OTHER
NCT02814097,SCIRENT Clinical Research and Science d.o.o.,UNKNOWN
NCT04519697,Anthony Lembo,OTHER
NCT06892197,Copenhagen Respiratory Research,NETWORK
NCT00372697,Novartis Pharmaceuticals,INDUSTRY
NCT01147510,Ajou University School of Medicine,OTHER
NCT01147510,Hallym University Medical Center,OTHER
NCT01147510,Wonju Severance Christian Hospital,OTHER
NCT01147510,Korea University Guro Hospital,OTHER
NCT01147510,MCM Vaccines B.V.,INDUSTRY
NCT02522013,The First Affiliated Hospital of Zhengzhou University,OTHER
NCT07072910,Aarhus University Hospital,OTHER
NCT03225313,Theodor Bilharz Research Institute,OTHER
NCT07081360,Minia University,OTHER
NCT05362760,Prof. Wolfgang Janni,OTHER
NCT05362760,Eli Lilly and Company,INDUSTRY
NCT02150720,Fundació Institut de Recerca de l'Hospital de la Santa Creu i Sant Pau,OTHER
NCT01515020,Assistance Publique - Hôpitaux de Paris,OTHER
NCT01515020,Novartis,INDUSTRY
NCT01416220,Nova Scotia Health Authority,OTHER
NCT04944082,Assiut University,OTHER
NCT06109259,Daewoong Pharmaceutical Co. LTD.,INDUSTRY
NCT03678259,University of Tennessee Graduate School of Medicine,OTHER
NCT02431559,Ludwig Institute for Cancer Research,OTHER
NCT02431559,MedImmune LLC,INDUSTRY
NCT02431559,Celgene,INDUSTRY
NCT02431559,"Cancer Research Institute, New York City",OTHER
NCT02782559,"The University of Texas Health Science Center, Houston",OTHER
NCT03500380,"RemeGen Co., Ltd.",INDUSTRY
NCT01702480,GlaxoSmithKline,INDUSTRY
NCT05771480,AstraZeneca,INDUSTRY
NCT07346079,Massachusetts General Hospital,OTHER
NCT07346079,ANI Pharmaceuticals,INDUSTRY
NCT04508179,"7 Hills Pharma, LLC",INDUSTRY
NCT04508179,"Frontage Clinical Services, Inc.",UNKNOWN
NCT02971696,Ain Shams University,OTHER
NCT03509662,"Amsterdam UMC, location VUmc",OTHER
NCT03509662,Gelderse Vallei Hospital,OTHER
NCT03509662,Sint Franciscus Gasthuis,OTHER
NCT03509662,Tergooiziekenhuizen,UNKNOWN
NCT03509662,Amphia Hospital,OTHER
NCT03509662,Erasmus Medical Center,OTHER
NCT03509662,Noordwest Ziekenhuisgroep,OTHER
NCT03509662,Maasstad Hospital,OTHER
NCT03509662,OLVG,NETWORK
NCT01130662,University of Kansas,OTHER
NCT01130662,Novartis,INDUSTRY
NCT03981562,"St. Paul's Hospital, Canada",OTHER
NCT05974462,"University Hospital, Antwerp",OTHER
NCT05974462,Niguarda Hospital,OTHER
NCT07637162,"Axsome Therapeutics, Inc.",INDUSTRY
NCT04690062,Benha University,OTHER
NCT05803746,Peking University Cancer Hospital & Institute,OTHER
NCT02604446,St. Olavs Hospital,OTHER
NCT06963346,H. Lee Moffitt Cancer Center and Research Institute,OTHER
NCT06963346,AstraZeneca,INDUSTRY
NCT02373046,Lexicon Pharmaceuticals,INDUSTRY
NCT04547088,Sun Yat-sen University,OTHER
NCT00457288,JADO Technologies GmbH,INDUSTRY
NCT03455088,Shanghai Mental Health Center,OTHER
NCT03455088,Peking University Sixth Hospital,OTHER
NCT03455088,"Shanghai Tongji Hospital, Tongji University School of Medicine",OTHER
NCT03980288,Zhejiang University,OTHER
NCT03980288,"CARsgen Therapeutics Co., Ltd.",INDUSTRY
NCT04008888,"Institute of Hematology & Blood Diseases Hospital, China",OTHER
NCT03141203,University of Birmingham,OTHER
NCT03141203,Bloodwise,OTHER
NCT03141203,Celgene,INDUSTRY
NCT03141203,Amgen,INDUSTRY
NCT01657903,GlaxoSmithKline,INDUSTRY
NCT03076203,Sidney Kimmel Comprehensive Cancer Center at Thomas Jefferson University,OTHER
NCT03076203,"Janssen, LP",INDUSTRY
NCT03076203,Prostate Cancer Clinical Trials Consortium,OTHER
NCT03076203,Bayer,INDUSTRY
NCT06135103,Constant Therapeutics LLC,INDUSTRY
NCT06804603,Vanda Pharmaceuticals,INDUSTRY
NCT03899103,Nilratan Sircar Medical College,OTHER_GOV
NCT03899103,Heidelberg University,OTHER
NCT00458003,Northwestern University,OTHER
NCT06181227,"Aviceda Therapeutics, Inc.",INDUSTRY
NCT00077727,"Johnson & Johnson Pharmaceutical Research & Development, L.L.C.",INDUSTRY
NCT05232227,"University of California, San Francisco",OTHER
NCT05232227,Pan American Health Organization,OTHER
NCT01050127,Abbott,INDUSTRY
NCT00000761,National Institute of Allergy and Infectious Diseases (NIAID),NIH
NCT00000761,"Genentech, Inc.",INDUSTRY
NCT01510327,Boston Scientific Corporation,INDUSTRY
NCT00050661,Rockefeller University,OTHER
NCT00050661,Facet Biotech,INDUSTRY
NCT06645886,Kumquat Biosciences Inc.,INDUSTRY
NCT00151086,University of Michigan Rogel Cancer Center,OTHER
NCT00151086,GlaxoSmithKline,INDUSTRY
NCT01115842,Meir Medical Center,OTHER
NCT01115842,Clalit Health Services,OTHER
NCT07332442,Yale University,OTHER
NCT07332442,"National Heart, Lung, and Blood Institute (NHLBI)",NIH
NCT07332442,ResMed Foundation,OTHER
NCT02064842,Janssen R&D Ireland,INDUSTRY
NCT01889186,AbbVie,INDUSTRY
NCT01889186,"Genentech, Inc.",INDUSTRY
NCT01717170,University of Nebraska,OTHER
NCT00759070,Juan A. Arnaiz,OTHER
NCT00759070,Fundació Institut de Recerca de l'Hospital de la Santa Creu i Sant Pau,OTHER
NCT00759070,Germans Trias i Pujol Hospital,OTHER
NCT00759070,Hospital Universitari Joan XXIII de Tarragona.,OTHER
NCT00759070,Hospitales Universitarios Virgen del Rocío,OTHER
NCT06180070,Humanis Saglık Anonim Sirketi,INDUSTRY
NCT02387086,Bai Jun,OTHER
NCT06940570,University of Texas Southwestern Medical Center,OTHER
NCT01774786,Hoffmann-La Roche,INDUSTRY
NCT05655273,"University Health Network, Toronto",OTHER
NCT05655273,Paladin Labs Inc.,OTHER
NCT02000973,First Hospital of China Medical University,OTHER
NCT04307173,KoBioLabs,INDUSTRY
NCT04307173,Novotech (Australia) Pty Limited,INDUSTRY
NCT03150173,Montefiore Medical Center,OTHER
NCT03150173,National Institute on Drug Abuse (NIDA),NIH
NCT01356173,"Genentech, Inc.",INDUSTRY
NCT02806869,University of Michigan,OTHER
NCT02806869,Food and Drug Administration (FDA),FED
NCT00547469,Dynogen Pharmaceuticals,INDUSTRY
NCT02317783,University of Utah,OTHER
NCT02811783,"Elorac, Inc.",INDUSTRY
NCT03690869,Regeneron Pharmaceuticals,INDUSTRY
NCT03690869,Pacific Pediatric Neuro-Oncology Consortium,OTHER
NCT02138383,H. Lee Moffitt Cancer Center and Research Institute,OTHER
NCT02138383,Astellas Pharma Inc,INDUSTRY
NCT02136641,Universidad de Cartagena,OTHER
NCT03250741,I.R.C.C.S. Fondazione Santa Lucia,OTHER
NCT02486341,"University Hospital, Bordeaux",OTHER
NCT01090141,University of Texas Southwestern Medical Center,OTHER
NCT01090141,"Astellas Pharma US, Inc.",INDUSTRY
NCT04536454,University Hospital Tuebingen,OTHER
NCT04683354,"Kechow Pharma, Inc.",INDUSTRY
NCT02696954,University of Oxford,OTHER
NCT02696954,Mahidol University,OTHER
NCT02696954,Mahidol Oxford Tropical Medicine Research Unit,OTHER
NCT06164327,BeBetter Med Inc,INDUSTRY
NCT00707161,University of Utah,OTHER
NCT00058461,National Cancer Institute (NCI),NIH
NCT03381261,Massachusetts General Hospital,OTHER
NCT03381261,Beth Israel Deaconess Medical Center,OTHER
NCT06486142,Region Skane,OTHER
NCT06486142,Swedish Lung Cancer Study Group,NETWORK
NCT07367542,Chinese PLA General Hospital,OTHER
NCT07367542,Beijing 302 Hospital,OTHER
NCT01213186,Fu-Sheng Wang,OTHER
NCT03068442,Scott Mcnally,OTHER
NCT03068442,American Heart Association,OTHER
NCT00003270,Roswell Park Cancer Institute,OTHER
NCT01917773,Indiana University,OTHER
NCT03875573,Jules Bordet Institute,OTHER
NCT03875573,Institut Curie,OTHER
NCT03875573,AstraZeneca,INDUSTRY
NCT01596673,Cephalon,INDUSTRY
NCT04844073,Takeda,INDUSTRY
NCT06679569,Seoul National University Hospital,OTHER
NCT05727969,Fayoum University Hospital,OTHER
NCT01765569,Hoffmann-La Roche,INDUSTRY
NCT06223841,"SUNHO（China）BioPharmaceutical CO., Ltd.",INDUSTRY
NCT06556641,"Gan and Lee Pharmaceuticals, USA",INDUSTRY
NCT06214741,Boehringer Ingelheim,INDUSTRY
NCT00559741,Institut Cancerologie de l'Ouest,OTHER
NCT01090154,University of Washington,OTHER
NCT01090154,UCB Pharma,INDUSTRY
NCT01090154,University of Pennsylvania,OTHER
NCT00692354,Chroma Therapeutics,INDUSTRY
NCT00692354,"Institute of Cancer Research, United Kingdom",OTHER
NCT02622854,University Medical Centre Ljubljana,OTHER
NCT00021554,Hoffmann-La Roche,INDUSTRY
NCT00021554,Trimeris,INDUSTRY
NCT05962541,University of Roma La Sapienza,OTHER
NCT02945241,Mayo Clinic,OTHER
NCT02147041,Taipei City Hospital,OTHER_GOV
NCT02147041,National Yang Ming Chiao Tung University,OTHER
NCT07457541,Tomsk National Research Medical Center of the Russian Academy of Sciences,OTHER
NCT04324905,Hanmi Pharmaceutical Company Limited,INDUSTRY
NCT00144105,Boehringer Ingelheim,INDUSTRY
NCT04542694,"Promomed, LLC",OTHER
NCT02239094,New York State Psychiatric Institute,OTHER
NCT02239094,"Sumitomo Pharma America, Inc.",INDUSTRY
NCT06296966,Vanda Pharmaceuticals,INDUSTRY
NCT00922194,Era's Lucknow Medical College,OTHER
NCT07192666,"Guangdong ProCapZoom Biosciences Co., Ltd.",INDUSTRY
NCT03880266,Journey Medical Corporation,INDUSTRY
NCT05783856,Anabio R&D,INDUSTRY
NCT05783856,Hanoi University of Science,OTHER
NCT06323356,Takeda,INDUSTRY
NCT00274456,Celgene,INDUSTRY
NCT02443922,Foundation for the National Institutes of Health,OTHER
NCT02443922,National Institute of Diabetes and Digestive and Kidney Diseases (NIDDK),NIH
NCT02443922,Juvenile Diabetes Research Foundation,OTHER
NCT02443922,"Amylin Pharmaceuticals, LLC.",INDUSTRY
NCT02443922,Eli Lilly and Company,INDUSTRY
NCT02443922,"Johnson & Johnson Pharmaceutical Research & Development, L.L.C.",INDUSTRY
NCT02443922,Merck Sharp & Dohme LLC,INDUSTRY
NCT02443922,Novartis,INDUSTRY
NCT02443922,Pfizer,INDUSTRY
NCT02443922,Takeda,INDUSTRY
NCT00428922,Bhuvaneswari Ramaswamy,OTHER
NCT00428922,"Genentech, Inc.",INDUSTRY
NCT00428922,Case Comprehensive Cancer Center,OTHER
NCT00428922,University of Pittsburgh,OTHER
NCT00328822,Khon Kaen University,OTHER
NCT01142622,San Gerardo Hospital,OTHER
NCT01142622,A.O. Ospedale Papa Giovanni XXIII,OTHER
NCT01552122,Merck Sharp & Dohme LLC,INDUSTRY
NCT04724629,University of Sao Paulo,OTHER
NCT04724629,Conselho Nacional de Desenvolvimento Científico e Tecnológico,OTHER_GOV
NCT04724629,Science Valley Research Institute,OTHER
NCT00938431,UCB Pharma,INDUSTRY
NCT04623931,M.D. Anderson Cancer Center,OTHER
NCT04808531,Medlab Clinical,INDUSTRY
NCT04808531,Emerald Clinical Inc.,INDUSTRY
NCT04808531,WriteSource Medical Pty Ltd,UNKNOWN
NCT05513131,The First Affiliated Hospital with Nanjing Medical University,OTHER
NCT02259231,Biogen,INDUSTRY
NCT00905931,University of Cambridge,OTHER
NCT00905931,Cambridge Theranostics Ltd,INDUSTRY
NCT05640531,Wockhardt,INDUSTRY
NCT02364453,Song Guo,OTHER
NCT05654753,Assistance Publique - Hôpitaux de Paris,OTHER
NCT05654753,Fondation Arthritis & Clarins Worldwide 2016,UNKNOWN
NCT06373653,Laboratorios Sophia S.A de C.V.,INDUSTRY
NCT04744753,MOHAMED BEHERY,OTHER
NCT03734653,"University of Colorado, Denver",OTHER
NCT03734653,Cancer League of Colorado,OTHER
NCT05760053,Sun Yat-sen University,OTHER
NCT04723537,RedHill Biopharma Limited,INDUSTRY
NCT01541345,University of Zurich,OTHER
NCT02153645,"Adamas Pharmaceuticals, Inc.",INDUSTRY
NCT00995345,"ActivX Biosciences, Inc.",INDUSTRY
NCT00995345,"Kyorin Pharmaceutical Co.,Ltd",INDUSTRY
NCT04314895,"NanOlogy, LLC",INDUSTRY
NCT04314895,"US Biotest, Inc.",INDUSTRY
NCT02744937,National Taiwan University Hospital,OTHER
NCT00761995,Alcon Research,INDUSTRY
NCT01037595,Shiraz University of Medical Sciences,OTHER
NCT06160895,"Chia Tai Tianqing Pharmaceutical Group Co., Ltd.",INDUSTRY
NCT07628972,"Children's Hospital Medical Center, Cincinnati",OTHER
NCT06414395,Theodor Bilharz Research Institute,OTHER
NCT03779295,West Virginia University,OTHER
NCT00355095,Institut fuer anwendungsorientierte Forschung und klinische Studien GmbH,OTHER
NCT00435695,GlaxoSmithKline,INDUSTRY
NCT00992537,Novo Nordisk A/S,INDUSTRY
NCT06872645,Yale University,OTHER
NCT06872645,National Institute of Diabetes and Digestive and Kidney Diseases (NIDDK),NIH
NCT07429045,Amgen,INDUSTRY
NCT05242445,"Janssen Research & Development, LLC",INDUSTRY
NCT00516945,"Hospital Authority, Hong Kong",OTHER_GOV
NCT01016145,University of Sao Paulo,OTHER
NCT00866645,Shanghai Mental Health Center,OTHER
NCT00866645,"Shanghai Hotmed Sciences Co.,LTD",UNKNOWN
NCT01385345,University of Leicester,OTHER
NCT03182595,"Hospital da Luz, Portugal",OTHER
NCT03182595,Universidade Nova de Lisboa,OTHER
NCT06468995,IRCCS San Raffaele,OTHER
NCT06468995,GlaxoSmithKline,INDUSTRY
NCT03906695,"Otsuka Pharmaceutical Co., Ltd.",INDUSTRY
NCT00361595,The Cleveland Clinic,OTHER
NCT00361595,Novartis Pharmaceuticals,INDUSTRY
NCT00902395,Universidade Federal de Goias,OTHER
NCT00902395,Conselho Nacional de Desenvolvimento Científico e Tecnológico,OTHER_GOV
NCT02513095,"Eagle Pharmaceuticals, Inc.",INDUSTRY
NCT02513095,"Quintiles, Inc.",INDUSTRY
NCT06507995,Ankara University,OTHER
NCT04108195,"Janssen Research & Development, LLC",INDUSTRY
NCT01323595,Weill Medical College of Cornell University,OTHER
NCT06531395,"Kiniksa Pharmaceuticals International, plc",INDUSTRY
NCT06531395,"Kiniksa Pharmaceuticals, GmbH",INDUSTRY
NCT05552495,Chong Kun Dang Pharmaceutical,INDUSTRY
NCT00002095,Hoffmann-La Roche,INDUSTRY
NCT03810339,Sun Yat-sen University,OTHER
NCT00128739,Rafa Laboratories,INDUSTRY
NCT00128739,Dr. Falk Pharma GmbH,INDUSTRY
NCT02185339,Seoul St. Mary's Hospital,OTHER
NCT02185339,Merck Sharp & Dohme LLC,INDUSTRY
NCT06491680,Helwan University,OTHER
NCT02465580,Peking University People's Hospital,OTHER
NCT02465580,Monash University,OTHER
NCT02465580,"Beijing ShuangLu Pharmaceutical Co., Ltd.",OTHER
NCT01060696,Mahidol University,OTHER
NCT01060696,Siriraj Hospital,OTHER
NCT03238196,Vanderbilt-Ingram Cancer Center,OTHER
NCT03238196,National Cancer Institute (NCI),NIH
NCT00392496,National Cancer Institute (NCI),NIH
NCT06025396,"Tempero Bio, Inc.",INDUSTRY
NCT06025396,National Institute on Drug Abuse (NIDA),NIH
NCT03601780,Assiut University,OTHER
NCT02028780,Boehringer Ingelheim,INDUSTRY
NCT07547462,Hamad Medical Corporation,INDUSTRY
NCT05259527,Virginia Commonwealth University,OTHER
NCT03946527,Antonio Fojo,OTHER
NCT03946527,Ipsen,INDUSTRY
NCT05296746,SOLTI Breast Cancer Research Group,OTHER
NCT05296746,Novartis,INDUSTRY
NCT05296746,UNICANCER,OTHER
NCT01518946,Shire,INDUSTRY
NCT06455046,Fujian Cancer Hospital,OTHER_GOV
NCT06455046,Zhangzhou Municipal Hospital of Fujian Province,OTHER
NCT00655746,Bristol-Myers Squibb,INDUSTRY
NCT00103246,Case Comprehensive Cancer Center,OTHER
NCT00103246,National Cancer Institute (NCI),NIH
NCT07027488,Yale University,OTHER
NCT07027488,"Asher Biotherapeutics, Inc.",INDUSTRY
NCT01342627,Centro di Riferimento Oncologico - Aviano,OTHER
NCT00292227,UCB Pharma,INDUSTRY
NCT07134127,Innovent Biologics Technology Limited (Shanghai R&D Center),INDUSTRY
NCT05801627,"Shenzhen Salubris Pharmaceuticals Co., Ltd.",INDUSTRY
NCT05896527,"DICE Therapeutics, Inc., a wholly owned subsidiary of Eli Lilly and Company",INDUSTRY
NCT04221061,University of Pennsylvania,OTHER
NCT00947661,Sun Pharma Advanced Research Company Limited,INDUSTRY
NCT05218161,Chaudhry Pervaiz Elahi Institute of Cardiology,OTHER_GOV
NCT04315961,Johns Hopkins University,OTHER
NCT04315961,National Institute on Drug Abuse (NIDA),NIH
NCT05865886,Boehringer Ingelheim,INDUSTRY
NCT01316042,Milton S. Hershey Medical Center,OTHER
NCT01446042,Acerus Pharmaceuticals Corporation,INDUSTRY
NCT04071470,Vanderbilt University Medical Center,OTHER
NCT04071470,Friends in Global Health,OTHER
NCT00494442,AstraZeneca,INDUSTRY
NCT00494442,KuDOS Pharmaceuticals Limited,INDUSTRY
NCT06199973,"Suzhou Suncadia Biopharmaceuticals Co., Ltd.",INDUSTRY
NCT00557973,"XenoPort, Inc.",INDUSTRY
NCT00232973,Intercytex,INDUSTRY
NCT02782273,Loredana Ghinea,OTHER
NCT02969473,Zhu Yujia,OTHER
NCT01712373,Isfahan University of Medical Sciences,OTHER
NCT00433069,"University Hospital, Geneva",OTHER
NCT04942769,Beijing Chao Yang Hospital,OTHER
NCT03303469,University of Alabama at Birmingham,OTHER
NCT05045469,Chang Gung Memorial Hospital,OTHER
NCT05331469,University of Malaya,OTHER
NCT03161041,Hospices Civils de Lyon,OTHER
NCT02966041,University of British Columbia,OTHER
NCT04495283,"Nevakar, Inc.",INDUSTRY
NCT04495283,"Nevakar Injectables, Inc.",INDUSTRY
NCT02000154,SymBio Pharmaceuticals,INDUSTRY
NCT06278454,Chengdu New Radiomedicine Technology Co. LTD.,INDUSTRY
NCT07232654,"Cancer Institute and Hospital, Chinese Academy of Medical Sciences",OTHER
NCT04028505,Aga Khan University,OTHER
NCT04028505,Mallinckrodt,INDUSTRY
NCT01607905,Karyopharm Therapeutics Inc,INDUSTRY
NCT05357794,M.D. Anderson Cancer Center,OTHER
NCT05357794,Pfizer,INDUSTRY
NCT05524194,"Mabwell (Shanghai) Bioscience Co., Ltd.",INDUSTRY
NCT02380794,Chinese University of Hong Kong,OTHER
NCT04920994,Sameh Fathy,OTHER
NCT02986594,Shanghai First Maternity and Infant Hospital,OTHER
NCT05652894,Taizhou Hanzhong biomedical co. LTD,INDUSTRY
NCT06565494,University of Washington,OTHER
NCT07492394,Hebei Medical University Fourth Hospital,OTHER
NCT07492394,"Jiangsu Hengrui Pharmaceutical Co., Ltd.",INDUSTRY
NCT04809766,Fred Hutchinson Cancer Center,OTHER
NCT04809766,"Lonza Walkersville, Inc.",INDUSTRY
NCT05357066,University of Chicago,OTHER
NCT01906866,Neurim Pharmaceuticals Ltd.,INDUSTRY
NCT02701166,Academisch Medisch Centrum - Universiteit van Amsterdam (AMC-UvA),OTHER
NCT02701166,Erasmus Medical Center,OTHER
NCT02701166,University Medical Center Groningen,OTHER
NCT02701166,Leiden University Medical Center,OTHER
NCT02701166,UMC Utrecht,OTHER
NCT02701166,Radboud University Medical Center,OTHER
NCT02701166,Maastricht University Medical Center,OTHER
NCT02701166,Universitair Ziekenhuis Brussel,OTHER
NCT02701166,University of Barcelona,OTHER
NCT02701166,Ludwig-Maximilians - University of Munich,OTHER
NCT02701166,Friedrich-Alexander-Universität Erlangen-Nürnberg,OTHER
NCT02701166,Istituto Clinico Humanitas,OTHER
NCT00565422,Icahn School of Medicine at Mount Sinai,OTHER
NCT00565422,Forest Laboratories,INDUSTRY
NCT03054922,Nationwide Children's Hospital,OTHER
NCT03468322,"TWi Biotechnology, Inc.",INDUSTRY
NCT02401256,Indiana University,OTHER
NCT02401256,National Institute of General Medical Sciences (NIGMS),NIH
NCT00006222,National Cancer Institute (NCI),NIH
NCT06823856,Gedeon Richter Plc.,INDUSTRY
NCT03099122,Sanofi,INDUSTRY
NCT00443222,Karolinska Institutet,OTHER
NCT00443222,Schering-Plough,INDUSTRY
NCT00443222,Medical Research Council,OTHER_GOV
NCT07201922,Boehringer Ingelheim,INDUSTRY
NCT01129622,"Mount Sinai Hospital, Canada",OTHER
NCT00001422,National Institute of Arthritis and Musculoskeletal and Skin Diseases (NIAMS),NIH
NCT05756322,"Lin BioScience, Inc",INDUSTRY
NCT05756322,Lin BioScience Pty Ltd,UNKNOWN
NCT05355051,M.D. Anderson Cancer Center,OTHER
NCT01975129,PepTonic Medical AB,INDUSTRY
NCT06690229,Aydin Adnan Menderes University,OTHER
NCT01686802,London Health Sciences Centre Research Institute OR Lawson Research Institute of St. Joseph's,OTHER
NCT00829231,Bayer,INDUSTRY
NCT04432831,Hoffmann-La Roche,INDUSTRY
NCT05225831,"Hebei Senlang Biotechnology Inc., Ltd.",INDUSTRY
NCT05225831,Hebei Yanda Ludaopei Hospital,OTHER
NCT06219902,Bayer,INDUSTRY
NCT07495631,"Institute of Hematology & Blood Diseases Hospital, China",OTHER
NCT06976853,Washington University School of Medicine,OTHER
NCT06003231,"Seagen, a wholly owned subsidiary of Pfizer",INDUSTRY
NCT03239145,Dana-Farber Cancer Institute,OTHER
NCT03239145,Merck Sharp & Dohme LLC,INDUSTRY
NCT03239145,Amgen,INDUSTRY
NCT03489837,Hyundai Pharm,INDUSTRY
NCT03535545,Massachusetts General Hospital,OTHER
NCT03535545,"National Heart, Lung, and Blood Institute (NHLBI)",NIH
NCT02438072,"University Hospital, Geneva",OTHER
NCT03436472,Peking University First Hospital,OTHER
NCT03436472,Peking University Third Hospital,OTHER
NCT05194072,"Seagen, a wholly owned subsidiary of Pfizer",INDUSTRY
NCT06968572,"Haisco Pharmaceutical Group Co., Ltd.",INDUSTRY
NCT06391372,Hatice Tukenmez Kurnaz,OTHER
NCT02581072,"Novan, Inc.",INDUSTRY
NCT02581072,Spaulding Clinical Research LLC,OTHER
NCT04677972,"Sound Pharmaceuticals, Incorporated",INDUSTRY
NCT02744495,Hôpital Privé de Parly II - Le Chesnay,OTHER
NCT05611372,"Second Affiliated Hospital, School of Medicine, Zhejiang University",OTHER
NCT05611372,Beijing Tiantan Hospital,OTHER
NCT05611372,"Xinhua Hospital, Shanghai Jiao Tong University School of Medicine",OTHER
NCT05611372,Jiangsu Province Nanjing Brain Hospital,OTHER
NCT05611372,The First Affiliated Hospital of Anhui Medical University,OTHER
NCT05611372,Huashan Hospital,OTHER
NCT05611372,Second Affiliated Hospital of Soochow University,OTHER
NCT05611372,Guizhou Medical University,OTHER
NCT05611372,The First Affiliated Hospital of Guangzhou Medical University,OTHER
NCT05611372,West China Hospital,OTHER
NCT05611372,Sir Run Run Shaw Hospital,OTHER
NCT05611372,The Affiliated Hospital of Hangzhou Normal University,OTHER
NCT05611372,The First Affiliated Hospital of Dalian Medical University,OTHER
NCT05611372,Qilu Hospital of Shandong University,OTHER
NCT05611372,Fujian Medical University Union Hospital,OTHER
NCT02851472,New York Medical College,OTHER
NCT02851472,Stony Brook University,OTHER
NCT02851472,Baystate Medical Center,OTHER
NCT02851472,East Carolina University,OTHER
NCT02851472,New York University,OTHER
NCT01181895,GlaxoSmithKline,INDUSTRY
NCT00001962,"National Heart, Lung, and Blood Institute (NHLBI)",NIH
NCT01079962,"Merck KGaA, Darmstadt, Germany",INDUSTRY
NCT01079962,Merck Ltd.,INDUSTRY
NCT07144462,"Neukio Biotherapeutics (Shanghai) Co., Ltd.",INDUSTRY
NCT00098046,Novartis,INDUSTRY
NCT02104388,"Senju Pharmaceutical Co., Ltd.",INDUSTRY
NCT04404088,M.D. Anderson Cancer Center,OTHER
NCT04404088,National Cancer Institute (NCI),NIH
NCT03910088,Cairo University,OTHER
NCT03332888,Instituto de Cardiología y Medicina Vascular Hospital Zambrano-Hellion Tec Salud,OTHER
NCT07683403,Fudan University,OTHER
NCT03340103,Sooft Italia,INDUSTRY
NCT03340103,Fondazione Poliambulanza Istituto Ospedaliero,OTHER
NCT03340103,University of Siena,OTHER
NCT03340103,University Hospital Padova,OTHER
NCT03340103,University Hospital Perugia,UNKNOWN
NCT06196203,Akeso,INDUSTRY
NCT03654703,Capital Research Institute of Pediatrics,OTHER_GOV
NCT01545427,London Health Sciences Centre Research Institute OR Lawson Research Institute of St. Joseph's,OTHER
NCT01545427,Novartis Pharmaceuticals,INDUSTRY
NCT05249127,Clarity Pharmaceuticals Ltd,INDUSTRY
NCT04509661,"Shanghai Pulmonary Hospital, Shanghai, China",OTHER
NCT00003261,Centro di Riferimento Oncologico - Aviano,OTHER
NCT02010242,Calliditas Therapeutics AB,INDUSTRY
NCT02067442,Thomas Jefferson University,OTHER
NCT00411242,Novartis,INDUSTRY
NCT01007942,Novartis Pharmaceuticals,INDUSTRY
NCT01187186,Astellas Pharma Inc,INDUSTRY
NCT00034086,National Institute of Allergy and Infectious Diseases (NIAID),NIH
NCT06666270,"Hangzhou SynRx Therapeutics Biomedical Technology Co., Ltd",INDUSTRY
NCT01525173,Allergan,INDUSTRY
NCT02111473,Gulhane School of Medicine,OTHER
NCT03785873,University of Michigan Rogel Cancer Center,OTHER
NCT03785873,Ipsen,INDUSTRY
NCT03785873,Bristol-Myers Squibb,INDUSTRY
NCT02216669,Maastricht Radiation Oncology,OTHER
NCT03281369,Hoffmann-La Roche,INDUSTRY
NCT03281369,Halozyme Therapeutics,INDUSTRY
NCT03281369,"BioLineRx, Ltd.",INDUSTRY
NCT02048683,"University Hospital, Clermont-Ferrand",OTHER
NCT02709083,Emory University,OTHER
NCT00170183,Mayo Clinic,OTHER
NCT00170183,"Scios, Inc.",INDUSTRY
NCT05257941,Indiana University,OTHER
NCT07657741,First Affiliated Hospital of Wannan Medical College,OTHER
NCT07657741,The First Affiliated Hospital of Bengbu Medical University,OTHER
NCT02326441,"Athenex, Inc.",INDUSTRY
NCT07282041,National University of Singapore,OTHER
NCT00603941,Daiichi Sankyo,INDUSTRY
NCT00605241,GlaxoSmithKline,INDUSTRY
NCT01673854,Bristol-Myers Squibb,INDUSTRY
NCT04635605,Fondazione Epatocentro Ticino,OTHER
NCT05355805,ACELYRIN Inc.,INDUSTRY
NCT05549505,Arvinas Inc.,INDUSTRY
NCT05549505,Pfizer,INDUSTRY
NCT05037851,Pulmocide Ltd,INDUSTRY
NCT01360866,"Otsuka Pharmaceutical Development & Commercialization, Inc.",INDUSTRY
NCT04996056,"Tonix Pharmaceuticals, Inc.",INDUSTRY
NCT05163756,"Daewon Pharmaceutical Co., Ltd.",INDUSTRY
NCT02793856,Sichuan University,OTHER
NCT02793856,"Chengdu MedGenCell, Co., Ltd.",INDUSTRY
NCT01345851,Jonsson Comprehensive Cancer Center,OTHER
NCT01345851,National Cancer Institute (NCI),NIH
NCT03599622,Bristol-Myers Squibb,INDUSTRY
NCT00081822,University of Alabama at Birmingham,OTHER
NCT00081822,"Genzyme, a Sanofi Company",INDUSTRY
NCT02958202,BioMarin Pharmaceutical,INDUSTRY
NCT01602302,Medical University of Graz,OTHER
NCT03427502,Lumbini Medical College,OTHER
NCT05890729,"Xentria, Inc.",INDUSTRY
NCT01638429,Cedars-Sinai Medical Center,OTHER
NCT01638429,American Diabetes Association,OTHER
NCT02918929,"Enanta Pharmaceuticals, Inc",INDUSTRY
NCT02918929,Pharmaceutical Research Associates,OTHER
NCT02537002,Pfizer,INDUSTRY
NCT04973137,Prothena Biosciences Ltd.,INDUSTRY
NCT01400737,Zekai Tahir Burak Women's Health Research and Education Hospital,OTHER
NCT01222845,Northumbria University,OTHER
NCT00698945,"Bp Consulting, Inc",NETWORK
NCT07658872,Sichuan University,OTHER
NCT05093972,Merck Sharp & Dohme LLC,INDUSTRY
NCT00939172,M.D. Anderson Cancer Center,OTHER
NCT00939172,vTv Therapeutics,INDUSTRY
NCT06648772,"Hangzhou Zhongmei Huadong Pharmaceutical Co., Ltd.",INDUSTRY
NCT02582372,Hospital Central Dr. Luis Ortega,OTHER
NCT05948072,Fudan University,OTHER
NCT03440372,Celgene,INDUSTRY
NCT00785395,IWK Health Centre,OTHER
NCT05623995,Lin Zhao,OTHER
NCT03432195,"Corium, Inc.",INDUSTRY
NCT03212495,Assiut University,OTHER
NCT05890495,Uniformed Services University of the Health Sciences,FED
NCT05890495,American Academy of Family Physicians National Research Network,NETWORK
NCT00011895,GlaxoSmithKline,INDUSTRY
NCT00189995,Beersheva Mental Health Center,OTHER_GOV
NCT00080795,M.D. Anderson Cancer Center,OTHER
NCT00080795,National Cancer Institute (NCI),NIH
NCT00992095,Roxane Laboratories,INDUSTRY
NCT00171795,Novartis,INDUSTRY
NCT01690195,"AbbVie (prior sponsor, Abbott)",INDUSTRY
NCT07581795,Fudan University,OTHER
NCT07581795,Nanchang People's Hospital,UNKNOWN
NCT07581795,Anhui Provincial Hospital,OTHER_GOV
NCT07581795,Zhejiang Tumor Hospital,OTHER
NCT00045695,NCIC Clinical Trials Group,NETWORK
NCT00045695,National Cancer Institute (NCI),NIH
NCT00045695,Eastern Cooperative Oncology Group,NETWORK
NCT00526695,University of Zurich,OTHER
NCT02184195,AstraZeneca,INDUSTRY
NCT02184195,"Myriad Genetic Laboratories, Inc.",INDUSTRY
NCT02184195,Merck Sharp & Dohme LLC,INDUSTRY
NCT03968939,James A. Keeney,OTHER
NCT00517439,Hoffmann-La Roche,INDUSTRY
NCT04570839,Compugen Ltd,INDUSTRY
NCT04570839,Bristol-Myers Squibb,INDUSTRY
NCT02285439,Children's Hospital Los Angeles,OTHER
NCT02285439,Dana-Farber Cancer Institute,OTHER
NCT00406575,"Corthera, Inc.(formerly BAS Medical, Inc.), a member of the Novartis group of companies",INDUSTRY
NCT00634075,Li Shin Hospital,OTHER
NCT05582577,Shahid Beheshti University of Medical Sciences,OTHER
NCT07288177,Genmab,INDUSTRY
NCT06993675,Noffar Bar,OTHER
NCT06993675,Johnson & Johnson,INDUSTRY
NCT05091775,Shiraz University of Medical Sciences,OTHER
NCT01135862,Tel-Aviv Sourasky Medical Center,OTHER_GOV
NCT00559962,"Aegerion Pharmaceuticals, Inc.",INDUSTRY
NCT05830162,Hanna Jangö,OTHER
NCT05830162,Region Hovedstadens Apotek,OTHER_GOV
NCT01154062,GlaxoSmithKline,INDUSTRY
NCT05212246,VA Office of Research and Development,FED
NCT00654446,AstraZeneca,INDUSTRY
NCT00729846,California Retina Consultants,OTHER
NCT00729846,Novartis,INDUSTRY
NCT01304303,Sun Pharma Advanced Research Company Limited,INDUSTRY
NCT04703088,Laval University,OTHER
NCT04703088,CHU de Quebec-Universite Laval,OTHER
NCT02721888,Centre Hospitalier Universitaire Dijon,OTHER
NCT07214727,Alnylam Pharmaceuticals,INDUSTRY
NCT07214727,Regeneron Pharmaceuticals,INDUSTRY
NCT00665327,Bayer,INDUSTRY
NCT00725127,University of Vigo,OTHER
NCT00361842,Jazz Pharmaceuticals,INDUSTRY
NCT05642442,Jazz Pharmaceuticals,INDUSTRY
NCT03942042,Eli Lilly and Company,INDUSTRY
NCT04423861,Azidus Brasil,INDUSTRY
NCT04423861,Farmoquimica S.A.,INDUSTRY
NCT02363361,"Professor Mikael Svensson, MD PhD",OTHER
NCT07123870,Kocaeli City Hospital,OTHER_GOV
NCT01968070,Eli Lilly and Company,INDUSTRY
NCT01133873,Xanodyne Pharmaceuticals,INDUSTRY
NCT00877773,M.D. Anderson Cancer Center,OTHER
NCT05223673,Institut de Recherches Internationales Servier,OTHER
NCT05223673,"ADIR, a Servier Group company",INDUSTRY
NCT00972673,GlaxoSmithKline,INDUSTRY
NCT02667873,"Stemline Therapeutics, Inc.",INDUSTRY
NCT04342169,University of Utah,OTHER
NCT02706483,"Bausch Health Americas, Inc.",INDUSTRY
NCT01721941,Scripps Clinic Cancer Center,OTHER
NCT01721941,Threshold Pharmaceuticals,INDUSTRY
NCT05651841,"University Hospital, Montpellier",OTHER
NCT00002883,UNICANCER,OTHER
NCT00873041,Novartis Pharmaceuticals,INDUSTRY
NCT02915354,Sun Yat-sen University,OTHER
NCT00453154,National Cancer Institute (NCI),NIH
NCT02559154,"Shanghai General Hospital, Shanghai Jiao Tong University School of Medicine",OTHER
NCT05983354,Health Sciences North Research Institute,OTHER
NCT00263354,Sanofi,INDUSTRY
NCT01258205,AstraZeneca,INDUSTRY
NCT00427505,Novartis,INDUSTRY
NCT03668405,H. Lundbeck A/S,INDUSTRY
NCT03901105,Avid Radiopharmaceuticals,INDUSTRY
NCT04326894,University of Alexandria,OTHER
NCT05199194,Hospital Moinhos de Vento,OTHER
NCT05199194,"Ministry of Health, Brazil",OTHER_GOV
NCT05199194,Boehringer Ingelheim,INDUSTRY
NCT05199194,Medtronic,INDUSTRY
NCT06644794,Shandong University of Traditional Chinese Medicine,OTHER
NCT01200394,Pfizer,INDUSTRY
NCT06325566,"Mesoblast, Ltd.",INDUSTRY
NCT04983966,Gangnam Severance Hospital,OTHER
NCT03997266,Michael Morowitz,OTHER
NCT03997266,Eunice Kennedy Shriver National Institute of Child Health and Human Development (NICHD),NIH
NCT02753166,NYU Langone Health,OTHER
NCT02185066,HK inno.N Corporation,INDUSTRY
NCT01934166,H. Lundbeck A/S,INDUSTRY
NCT04169256,Fruithy Medical Pty Ltd,INDUSTRY
NCT02810756,The Netherlands Cancer Institute,OTHER
NCT00947856,Seagen Inc.,INDUSTRY
NCT00947856,"Millennium Pharmaceuticals, Inc.",INDUSTRY
NCT02883556,Assistance Publique - Hôpitaux de Paris,OTHER
NCT06439056,Nanexa AB,INDUSTRY
NCT06439056,Profil Institut für Stoffwechselforschung GmbH,INDUSTRY
NCT00267956,"Centocor, Inc.",INDUSTRY
NCT02183051,Boehringer Ingelheim,INDUSTRY
NCT00730756,GlaxoSmithKline,INDUSTRY
NCT02576951,Eli Lilly and Company,INDUSTRY
NCT00370851,Shahid Beheshti University of Medical Sciences,OTHER
NCT02530151,Northwestern University,OTHER
NCT06599151,Stanford University,OTHER
NCT02973451,Zagazig University,OTHER_GOV
NCT01603251,London School of Hygiene and Tropical Medicine,OTHER
NCT01603251,Radboud University Medical Center,OTHER
NCT01603251,Centre national de recherche et de formation sur le paludisme,OTHER_GOV
NCT00235651,University of Pittsburgh,OTHER
NCT00235651,"Enzon Pharmaceuticals, Inc.",INDUSTRY
NCT05461131,ILiAD Biotechnologies,INDUSTRY
NCT06388031,Peking Union Medical College Hospital,OTHER
NCT00939731,Pfizer,INDUSTRY
NCT04301531,Noguchi Memorial Institute for Medical Research,OTHER
NCT04301531,National Malaria Control Program,OTHER
NCT04301531,Communities,UNKNOWN
NCT01165502,"CellMed AG, a subsidiary of BTG plc.",INDUSTRY
NCT04990102,Georgetown University,OTHER
NCT04990102,Jazz Pharmaceuticals,INDUSTRY
NCT04990102,"National Heart, Lung, and Blood Institute (NHLBI)",NIH
NCT00899431,M.D. Anderson Cancer Center,OTHER
NCT00899431,Celgene Corporation,INDUSTRY
NCT04756531,Pfizer,INDUSTRY
NCT02051231,"Samuel Lunenfeld Research Institute, Mount Sinai Hospital",OTHER
NCT03530631,University of Alabama at Birmingham,OTHER
NCT01539031,"Eisai Co., Ltd.",INDUSTRY
NCT02832531,Population Health Research Institute,OTHER
NCT02832531,University of Cape Town,OTHER
NCT01162031,Stanford University,OTHER
NCT01162031,"Millennium Pharmaceuticals, Inc.",INDUSTRY
NCT03626831,University of Erlangen-Nürnberg Medical School,OTHER
NCT01088802,Sidney Kimmel Comprehensive Cancer Center at Johns Hopkins,OTHER
NCT01915602,Bayer,INDUSTRY
NCT02946437,University of Zurich,OTHER
NCT00362037,Sanofi,INDUSTRY
NCT00362037,Bristol-Myers Squibb,INDUSTRY
NCT00833937,Teva Pharmaceuticals USA,INDUSTRY
NCT04514237,Boston Pharmaceuticals,INDUSTRY
NCT06244745,IVI Madrid,OTHER
NCT07461545,Northern Jiangsu People's Hospital,OTHER
NCT00410345,Hadassah Medical Organization,OTHER
NCT00932945,Sanofi,INDUSTRY
NCT05275972,Stanford University,OTHER
NCT05275972,Oregon Health and Science University,OTHER
NCT05275972,"University of California, San Francisco",OTHER
NCT05275972,"University of California, Davis",OTHER
NCT05275972,Case Western Reserve University,OTHER
NCT05275972,Dartmouth-Hitchcock Medical Center,OTHER
NCT05275972,University of Pennsylvania,OTHER
NCT05275972,University of Miami,OTHER
NCT05275972,Wills Eye Hospital,UNKNOWN
NCT05275972,Devers Eye Institute,OTHER
NCT04295772,Merck Sharp & Dohme LLC,INDUSTRY
NCT05591872,Tabba Heart Institute,OTHER
NCT05591872,InnoTherapy Inc,UNKNOWN
NCT03644472,Penn State University,OTHER
NCT04725695,Bispebjerg Hospital,OTHER
NCT03359395,Wake Forest University Health Sciences,OTHER
NCT04212039,Ataturk University,OTHER
NCT05168839,Centre Hospitalier Universitaire de Besancon,OTHER
NCT02514577,"Bausch Health Americas, Inc.",INDUSTRY
NCT01204177,Bayer,INDUSTRY
NCT04152577,Shandong Provincial Hospital,OTHER_GOV
NCT01993875,Mallinckrodt,INDUSTRY
NCT01993875,"Sucampo Pharma Americas, LLC",INDUSTRY
NCT01993875,Takeda,INDUSTRY
NCT01993875,Sucampo AG,INDUSTRY
NCT00081757,University of Arkansas,OTHER
NCT01553357,IRCCS Centro di Riferimento Oncologico della Basilicata,OTHER
NCT01553357,Celgene Corporation,INDUSTRY
NCT02133157,Hutchison Medipharma Limited,INDUSTRY
NCT05143957,"Ionis Pharmaceuticals, Inc.",INDUSTRY
NCT02634801,Eli Lilly and Company,INDUSTRY
NCT01412073,Cairo University,OTHER
NCT07002073,Kasr El Aini Hospital,OTHER
NCT04918069,"Christian Medical College, Vellore, India",OTHER
NCT06062069,"Carmot Therapeutics, Inc.",INDUSTRY
NCT00124969,"Charite University, Berlin, Germany",OTHER
NCT04452383,Zagazig University,OTHER_GOV
NCT03746483,Entero Therapeutics,INDUSTRY
NCT04930783,Dana-Farber Cancer Institute,OTHER
NCT04930783,Celldex Therapeutics,INDUSTRY
NCT06313541,Fudan University,OTHER
NCT01985841,Hellenic Oncology Research Group,OTHER
NCT06063941,Xijing Hospital of Digestive Diseases,OTHER
NCT06063941,Ankang Central Hospital,OTHER
NCT06063941,"The First Affilated Hospital of the Medical College, Shihezi University",OTHER
NCT06063941,Xi'an International Medical Center Hospital,OTHER
NCT06063941,Air Force 986 Hospital,OTHER
NCT00826241,National Institutes of Health Clinical Center (CC),NIH
NCT00826241,CERN Foundation - Collaborative Ependymoma Research Network,NETWORK
NCT01645254,University of Bamako,OTHER
NCT01645254,"University of Geneva, Switzerland",OTHER
NCT04501354,Ahmad Jabir Rahyussalim,OTHER
NCT00003954,Fred Hutchinson Cancer Center,OTHER
NCT00003954,National Cancer Institute (NCI),NIH
NCT06932705,Addpharma Inc.,INDUSTRY
NCT01074905,University of Oxford,OTHER
NCT01074905,Mahidol University,OTHER
NCT01314105,Boehringer Ingelheim,INDUSTRY
NCT07572994,Cairo University,OTHER
NCT03739294,Bispebjerg Hospital,OTHER
NCT03739294,"Rigshospitalet, Denmark",OTHER
NCT05269394,Washington University School of Medicine,OTHER
NCT05269394,Alzheimer's Association,OTHER
NCT05269394,National Institute on Aging (NIA),NIH
NCT05269394,Accelerating Medicines Partnership (AMP),OTHER
NCT05269394,Eisai Inc.,INDUSTRY
NCT00661505,Hoffmann-La Roche,INDUSTRY
NCT02089594,Louisiana State University Health Sciences Center in New Orleans,OTHER
NCT02089594,U.S. Army Medical Research and Development Command,FED
NCT07169994,"MediLink Therapeutics (Suzhou) Co., Ltd.",INDUSTRY
NCT07047066,Tongji Hospital,OTHER
NCT01440166,Catabasis Pharmaceuticals,INDUSTRY
NCT04296266,Stanford University,OTHER
NCT01980056,Weill Medical College of Cornell University,OTHER
NCT01980056,Sunesis Pharmaceuticals,INDUSTRY
NCT04227756,"University Hospital, Basel, Switzerland",OTHER
NCT04616456,Brigham and Women's Hospital,OTHER
NCT04616456,"Biohaven Pharmaceuticals, Inc.",INDUSTRY
NCT01884922,"Gustave Roussy, Cancer Campus, Grand Paris",OTHER
NCT01720056,The University of Western Australia,OTHER
NCT01813422,Amgen,INDUSTRY
NCT00486122,Eli Lilly and Company,INDUSTRY
NCT00976222,University Hospital Muenster,OTHER
NCT00976222,Novartis,INDUSTRY
NCT02060656,Royal Marsden NHS Foundation Trust,OTHER
NCT02060656,Celgene Corporation,INDUSTRY
NCT06673056,IntraBio Inc,INDUSTRY
NCT02688556,Sun Pharmaceutical Industries Limited,INDUSTRY
NCT04372602,Washington University School of Medicine,OTHER
NCT04372602,"Verastem, Inc.",INDUSTRY
NCT01461031,The Catholic University of Korea,OTHER
NCT00445302,"Genzyme, a Sanofi Company",INDUSTRY
NCT03166631,Boehringer Ingelheim,INDUSTRY
NCT03580031,Tanta University,OTHER
NCT03158831,Montefiore Medical Center,OTHER
NCT07077902,Tulane University,OTHER
NCT07077902,"Arcutis Biotherapeutics, Inc.",INDUSTRY
NCT05092802,Shanghai Henlius Biotech,INDUSTRY
NCT01630902,Torrent Pharmaceuticals Limited,INDUSTRY
NCT05843253,Nationwide Children's Hospital,OTHER
NCT05843253,Novartis,INDUSTRY
NCT02580253,Zhejiang University,OTHER
NCT04392037,"Amsterdam UMC, location VUmc",OTHER
NCT04392037,Celgene,INDUSTRY
NCT06426537,University of Brawijaya,OTHER
NCT05299437,Carlo Chiesa,OTHER
NCT05299437,Associazione Italiana per la Ricerca sul Cancro,OTHER
NCT00266253,Hoffmann-La Roche,INDUSTRY
NCT04830137,"Nurix Therapeutics, Inc.",INDUSTRY
NCT00815945,AGO Study Group,OTHER
NCT00815945,Merck Sharp & Dohme LLC,INDUSTRY
NCT01588145,Hanmi Pharmaceutical Company Limited,INDUSTRY
NCT05841472,"CrystalGenomics, Inc.",INDUSTRY
NCT02320045,Intarcia Therapeutics,INDUSTRY
NCT02686645,Queen Elizabeth II Health Sciences Centre,OTHER
NCT01572545,Aristotle University Of Thessaloniki,OTHER
NCT01572545,424 General Military Hospital,OTHER
NCT01572545,251 Hellenic Air Force & VA General Hospital,OTHER
NCT02066545,"Maruho Co., Ltd.",INDUSTRY
NCT05987072,Pfizer,INDUSTRY
NCT05144295,Alexandria University,OTHER
NCT00828139,National Cancer Institute (NCI),NIH
NCT01093677,Limerick BioPharma,INDUSTRY
NCT00000275,National Institute on Drug Abuse (NIDA),NIH
NCT00000275,New York State Psychiatric Institute,OTHER
NCT05665075,Zhejiang University,OTHER
NCT05665075,"Hangzhou Qihan Biotech Co., Ltd.",INDUSTRY
NCT01802775,Daiichi Sankyo,INDUSTRY
NCT01802775,UMC Utrecht,OTHER
NCT00800475,Blu Caribe,INDUSTRY
NCT04224675,Onassis Cardiac Surgery Centre,OTHER
NCT00268957,"Genzyme, a Sanofi Company",INDUSTRY
NCT03621657,"University of Wisconsin, Madison",OTHER
NCT03621657,Agency for Healthcare Research and Quality (AHRQ),FED
NCT05739877,"Dong-A ST Co., Ltd.",INDUSTRY
NCT03760575,Abramson Cancer Center at Penn Medicine,OTHER
NCT07682675,UNICANCER,OTHER
NCT01986075,New York State Psychiatric Institute,OTHER
NCT01986075,National Institute on Drug Abuse (NIDA),NIH
NCT02068157,Roswell Park Cancer Institute,OTHER
NCT02068157,National Cancer Institute (NCI),NIH
NCT04194957,The Netherlands Cancer Institute,OTHER
NCT04194957,Leiden University Medical Center,OTHER
NCT03034057,Pfizer,INDUSTRY
NCT03498001,Centre Hospitalier Universitaire Dijon,OTHER
NCT01102101,Medical University of Vienna,OTHER
NCT01102101,"WWTF, Wiener Wissenschafts-, Forschungs- und Technologiefonds",UNKNOWN
NCT01102101,Vienna General Hospital,OTHER
NCT07121101,"Beijing Tide Pharmaceutical Co., Ltd",INDUSTRY
NCT07121101,The Third Affiliated Hospital of Southern Medical University,OTHER_GOV
NCT03654612,China International Medical Foundation,OTHER
NCT03654612,Chinese Society of Clinical Oncology,OTHER
NCT05022212,"University of California, San Francisco",OTHER
NCT05022212,University of KwaZulu,OTHER
NCT05022212,Harvard University,OTHER
NCT05022212,Aurum Institute,OTHER
NCT05022212,Health Systems Trust,OTHER
NCT05022212,"Osel, Inc.",INDUSTRY
NCT05022212,Eunice Kennedy Shriver National Institute of Child Health and Human Development (NICHD),NIH
NCT01699412,Grupo de Estudos Multicentricos em Onco-Hematologia,NETWORK
NCT06257212,Josefin Eklöf,OTHER
NCT07254481,"Zhejiang Yangli Pharmaceutical Technology Co., Ltd.",INDUSTRY
NCT00513019,University of Chicago,OTHER
NCT01142219,Hospital de Clinicas de Porto Alegre,OTHER
NCT01142219,Fundo de Incentivo à Pesquisa do Hospital de Clinicas de Porto Alegre (FIPE),UNKNOWN
NCT01142219,Associação de Amigos da Hematologia (HEMOAMIGOS),UNKNOWN
NCT01142219,Ajinomoto Interamericana Indústria e Comércio Ltda. (donation of L-arginine),UNKNOWN
NCT04062019,Peking University People's Hospital,OTHER
NCT00236119,Cephalon,INDUSTRY
NCT00288730,"Scios, Inc.",INDUSTRY
NCT00906828,Uppsala University,OTHER
NCT00906828,Swedish Parkinson's Disease Foundation,UNKNOWN
NCT00906828,Swedish Society for Medical Research,OTHER
NCT00223730,Vanderbilt University,OTHER
NCT06106828,Hoffmann-La Roche,INDUSTRY
NCT02225665,Sangamo Therapeutics,INDUSTRY
NCT01714765,Queen Mary University of London,OTHER
NCT01714765,Novartis,INDUSTRY
NCT01262365,UCB Pharma,INDUSTRY
NCT00496665,Dana-Farber Cancer Institute,OTHER
NCT00496665,AstraZeneca,INDUSTRY
NCT00496665,Massachusetts General Hospital,OTHER
NCT00496665,Brigham and Women's Hospital,OTHER
NCT04198467,Dr. Himanshu Bansal Foundation,OTHER
NCT04899427,Peking Union Medical College Hospital,OTHER
NCT04899427,Beijing Hospital,OTHER_GOV
NCT04899427,Beijing Tongren Hospital,OTHER
NCT04899427,Beijing Luhe Hospital,OTHER
NCT04899427,Shanxi Province Renmin Hospital,UNKNOWN
NCT04899427,Henan Cancer Hospital,OTHER_GOV
NCT04899427,Henan Province Renmin Hospital,UNKNOWN
NCT04899427,The Second Affiliated Hospital of Dalian Medical University,OTHER
NCT04899427,Hebei Medical University Fourth Hospital,OTHER
NCT04899427,The First Hospital of Chinese Medical University,UNKNOWN
NCT04899427,Qilu Hospital of Shandong University,OTHER
NCT04899427,The First Affiliated Hospital of Zhengzhou University,OTHER
NCT05142527,"Alachua Government Services, Inc.",INDUSTRY
NCT05142527,Enabling Biotechnologies (EB),UNKNOWN
NCT04167761,Stanford University,OTHER
NCT04167761,Merck Sharp & Dohme LLC,INDUSTRY
NCT02649361,"Chia Tai Tianqing Pharmaceutical Group Co., Ltd.",INDUSTRY
NCT04650542,"HUYABIO International, LLC.",INDUSTRY
NCT01147042,National Institute of Allergy and Infectious Diseases (NIAID),NIH
NCT04743986,University of Calgary,OTHER
NCT05205486,B. Braun Medical Inc.,INDUSTRY
NCT01220570,Merck Sharp & Dohme LLC,INDUSTRY
NCT02578186,Procter and Gamble,INDUSTRY
NCT01126073,University Medical Centre Ljubljana,OTHER
NCT03163173,"Galera Therapeutics, Inc.",INDUSTRY
NCT03163173,Celerion,INDUSTRY
NCT00236873,"Johnson & Johnson Pharmaceutical Research & Development, L.L.C.",INDUSTRY
NCT03917069,Peking University Cancer Hospital & Institute,OTHER
NCT02350569,Gilead Sciences,INDUSTRY
NCT06644183,"Jennifer R. Brown, MD, PhD",OTHER
NCT06644183,United States Department of Defense,FED
NCT00935883,"Philip J. Rosenfeld, MD, PhD",OTHER
NCT00935883,"Alexion Pharmaceuticals, Inc.",INDUSTRY
NCT05784441,"Janssen Research & Development, LLC",INDUSTRY
NCT03101241,Jazz Pharmaceuticals,INDUSTRY
NCT00272441,"National Heart, Lung, and Blood Institute (NHLBI)",NIH
NCT00272441,Childhood Asthma Research and Education Network,NETWORK
NCT05701241,"University Hospital, Antwerp",OTHER
NCT05701241,Erasmus Medical Center,OTHER
NCT05701241,ZonMw: The Netherlands Organisation for Health Research and Development,OTHER
NCT05701241,Belgium Health Care Knowledge Centre,OTHER_GOV
NCT04724369,Innervate Radiopharmaceuticals LLC (Formerly: Illumina Radiopharmaceuticals LLC),INDUSTRY
NCT04724369,New Approaches to Neuroblastoma Therapy Consortium,OTHER
NCT04724369,Memorial Sloan Kettering Cancer Center,OTHER
NCT01333605,Fudan University,OTHER
NCT04146805,Blade Therapeutics,INDUSTRY
NCT06325605,Zhen-Hong Hu,OTHER
NCT07283094,Montefiore Medical Center,OTHER
NCT07283094,Foghorn Therapeutics Inc.,INDUSTRY
NCT00511394,Govind Ballabh Pant Hospital,OTHER_GOV
NCT06821594,Jinnah Postgraduate Medical Centre,OTHER_GOV
NCT06072794,"Vitti Labs, LLC",INDUSTRY
NCT04329494,City of Hope Medical Center,OTHER
NCT04329494,National Cancer Institute (NCI),NIH
NCT00005866,SWOG Cancer Research Network,NETWORK
NCT00005866,National Cancer Institute (NCI),NIH
NCT07118566,"China Medical University, China",OTHER
NCT00573066,Athena Zuppa,OTHER
NCT00931866,Cerimon Pharmaceuticals,INDUSTRY
NCT00931866,"PPD Development, LP",INDUSTRY
NCT04190966,University of Birmingham,OTHER
NCT04190966,"University College, London",OTHER
NCT02422056,Professor Fernando Figueira Integral Medicine Institute,OTHER
NCT00387556,"University of Colorado, Denver",OTHER
NCT03295656,Boston Children's Hospital,OTHER
NCT02108756,"Chia Tai Tianqing Pharmaceutical Group Co., Ltd.",INDUSTRY
NCT06514222,University of Sharjah,OTHER
NCT05751356,Tarapeutics Science Inc.,INDUSTRY
NCT01744756,Instituto de Olhos de Goiania,OTHER
NCT01777256,GlaxoSmithKline,INDUSTRY
NCT05506956,Sidney Kimmel Comprehensive Cancer Center at Johns Hopkins,OTHER
NCT05506956,MacroGenics,INDUSTRY
NCT05506956,National Cancer Institute (NCI),NIH
NCT03637556,"DisperSol Technologies, LLC",INDUSTRY
NCT00257556,Ferring Pharmaceuticals,INDUSTRY
NCT06792422,"Glostrup University Hospital, Copenhagen",OTHER
NCT03365622,University of Rochester,OTHER
NCT02111122,Christian Baumann,OTHER
NCT00877929,Boehringer Ingelheim,INDUSTRY
NCT06289829,Yonsei University,OTHER
NCT04775329,Changi General Hospital,OTHER
NCT05427331,Third Military Medical University,OTHER
NCT01636531,Hoffmann-La Roche,INDUSTRY
NCT01288131,Chulalongkorn University,OTHER
NCT01957631,"King Hamad University Hospital, Bahrain",OTHER
NCT06683131,The Affiliated Hospital of Xuzhou Medical University,OTHER
NCT06754631,Muhammad Aamir Latif,OTHER
NCT06754631,Nishtar Medical University,OTHER
NCT00435331,Vanderbilt University,OTHER
NCT00435331,National Institutes of Health (NIH),NIH
NCT00435331,BioMarin Pharmaceutical,INDUSTRY
NCT04314531,Sun Pharmaceutical Industries Limited,INDUSTRY
NCT03804931,Guangzhou First People's Hospital,OTHER
NCT03804229,Capital Medical University,OTHER
NCT03804229,"CSPC-NBP Pharmaceutical Co., Ltd.",INDUSTRY
NCT00022529,National Cancer Institute (NCI),NIH
NCT02259829,Boehringer Ingelheim,INDUSTRY
NCT05234853,"Purinomia Biotech, Inc.",INDUSTRY
NCT02931253,The Guthrie Clinic,OTHER
NCT05588453,Kari Kendra,OTHER
NCT02563353,Odense University Hospital,OTHER
NCT02563353,University of Southern Denmark,OTHER
NCT02563353,"Copenhagen University Hospital, Denmark",OTHER
NCT02563353,Esbjerg Hospital - University Hospital of Southern Denmark,OTHER
NCT02563353,Sygehus Lillebaelt,OTHER
NCT02563353,Odense Patient Data Explorative Network,OTHER
NCT02563353,Region of Southern Denmark,OTHER
NCT01727453,Fundació Institut de Recerca de l'Hospital de la Santa Creu i Sant Pau,OTHER
NCT05435053,Ismail Gögenur,OTHER
NCT04704453,Institut Claudius Regaud,OTHER
NCT01187953,Veloxis Pharmaceuticals,INDUSTRY
NCT01997853,Tatyasaheb Kore Dental College,OTHER
NCT00303953,National Cancer Institute (NCI),NIH
NCT07318337,Mst.Sumyara Khatun,OTHER
NCT07318337,Bangladesh Medical University,OTHER
NCT07096037,"Faculty of Medicine, Sousse",OTHER
NCT00299845,Osaka University,OTHER
NCT01010672,Merck Sharp & Dohme LLC,INDUSTRY
NCT01010672,Ariad Pharmaceuticals,INDUSTRY
NCT04731272,University of Pennsylvania,OTHER
NCT04731272,Children's Hospital of Philadelphia,OTHER
NCT04731272,Children's Hospital Colorado,OTHER
NCT00940472,Laboratorios Silanes S.A. de C.V.,INDUSTRY
NCT01095445,"University Health Network, Toronto",OTHER
NCT01095445,Schering-Plough,INDUSTRY
NCT00893945,Rockefeller University,OTHER
NCT00893945,Memorial Sloan Kettering Cancer Center,OTHER
NCT04588545,H. Lee Moffitt Cancer Center and Research Institute,OTHER
NCT04588545,"Genentech, Inc.",INDUSTRY
NCT02443545,ApoPharma,INDUSTRY
NCT05535972,GlaxoSmithKline,INDUSTRY
NCT02226172,Pfizer,INDUSTRY
NCT00257972,"Otsuka Pharmaceutical Development & Commercialization, Inc.",INDUSTRY
NCT00257972,Otsuka America Pharmaceutical,INDUSTRY
NCT07168395,"University of California, Los Angeles",OTHER
NCT02726295,Keimyung University Dongsan Medical Center,OTHER
NCT05016895,FHI 360,OTHER
NCT05016895,"Ministry of Health, Ivory Coast",UNKNOWN
NCT03484195,"China Medical University, China",OTHER
NCT02489695,Centre Leon Berard,OTHER
NCT05565495,"Xiaobo Yang, MD",OTHER
NCT05431595,M.D. Anderson Cancer Center,OTHER
NCT05431595,Cancer Prevention Research Institute of Texas,OTHER
NCT00318539,AstraZeneca,INDUSTRY
NCT07018739,Mahidol University,OTHER
NCT07018739,Siriraj Hospital,OTHER
NCT01293539,Sidney Kimmel Comprehensive Cancer Center at Johns Hopkins,OTHER
NCT01210339,AstraZeneca,INDUSTRY
NCT06250777,Yonsei University,OTHER
NCT04456777,Alen Greš,OTHER
NCT05821777,Centessa Pharmaceuticals (UK) Limited,INDUSTRY
NCT05821777,LockBody Therapeutics Ltd,INDUSTRY
NCT02070939,Pfizer,INDUSTRY
NCT07204977,National Institute of Neurological Disorders and Stroke (NINDS),NIH
NCT00164177,Braintree Laboratories,INDUSTRY
NCT05400577,Fox Chase Cancer Center,OTHER
NCT03460977,Pfizer,INDUSTRY
NCT03990077,"Shanghai Kechow Pharma, Inc.",INDUSTRY
NCT02631577,Hoffmann-La Roche,INDUSTRY
NCT04062357,Sohag University,OTHER
NCT00600301,Asociación para Evitar la Ceguera en México,OTHER
NCT01753401,Mallinckrodt,INDUSTRY
NCT00002501,Alliance for Clinical Trials in Oncology,OTHER
NCT00002501,National Cancer Institute (NCI),NIH
NCT00016601,National Institute of Allergy and Infectious Diseases (NIAID),NIH
NCT00016601,Eunice Kennedy Shriver National Institute of Child Health and Human Development (NICHD),NIH
NCT01930812,British Columbia Cancer Agency,OTHER
NCT01930812,Canadian Institutes of Health Research (CIHR),OTHER_GOV
NCT00504712,Barnsley Hospital,OTHER
NCT00923481,National Cancer Institute (NCI),NIH
NCT03289481,MaineHealth,OTHER
NCT03289481,HumanN,INDUSTRY
NCT06973681,"BrightGene Bio-Medical Technology Co., Ltd.",INDUSTRY
NCT01291381,Beijing Tongren Hospital,OTHER
NCT00356681,Amgen,INDUSTRY
NCT01879228,University of Pennsylvania,OTHER
NCT01879228,Children's Hospital of Philadelphia,OTHER
NCT02397928,NovoCure Ltd.,INDUSTRY
NCT04745728,Peking Union Medical College Hospital,OTHER
NCT01859728,Hospital de Cancer de Barretos - Fundacao Pio XII,OTHER
NCT06780670,Novartis Pharmaceuticals,INDUSTRY
NCT00143273,Ligand Pharmaceuticals,INDUSTRY
NCT00231673,"Johnson & Johnson Pharmaceutical Research & Development, L.L.C.",INDUSTRY
NCT06501573,Suzhou Sanegene Bio Inc.,INDUSTRY
NCT00290069,Sociedad Andaluza de Trasplantes de Organos y Tejidos,OTHER
NCT01456169,Takeda,INDUSTRY
NCT03842969,Hoffmann-La Roche,INDUSTRY
NCT01296269,Hadassah Medical Organization,OTHER
NCT01296269,Hebrew University of Jerusalem,OTHER
NCT04902183,Athens Medical Society,OTHER
NCT04902183,OBCTCD24 Ltd,UNKNOWN
NCT04902183,Elpen Pharmaceutical Co. Inc.,INDUSTRY
NCT01338883,"Tobira Therapeutics, Inc.",INDUSTRY
NCT04936841,"University of Wisconsin, Madison",OTHER
NCT04936841,Nektar Therapeutics,INDUSTRY
NCT02953054,"Teikoku Pharma USA, Inc.",INDUSTRY
NCT02953054,Premier Research,OTHER
NCT01499654,Edwin Wu,OTHER
NCT01499654,"Astellas Pharma Global Development, Inc.",INDUSTRY
NCT00858754,"Bausch Health Americas, Inc.",INDUSTRY
NCT00858754,"Progenics Pharmaceuticals, Inc.",INDUSTRY
NCT05053854,"Peter MacCallum Cancer Centre, Australia",OTHER
NCT00211354,"Manhattan Eye, Ear & Throat Hospital",OTHER
NCT00211354,Alcon Research,INDUSTRY
NCT02233205,Peking University Cancer Hospital & Institute,OTHER
NCT00445705,Allergan,INDUSTRY
NCT00786305,Groupe Hospitalier Pitie-Salpetriere,OTHER
NCT06539494,Academisch Medisch Centrum - Universiteit van Amsterdam (AMC-UvA),OTHER
NCT02454894,Beijing Children's Hospital,OTHER
NCT03603756,Chinese Academy of Medical Sciences,OTHER
NCT01504256,AIO-Studien-gGmbH,OTHER
NCT01504256,Neovii Biotech,INDUSTRY
NCT00006156,Eunice Kennedy Shriver National Institute of Child Health and Human Development (NICHD),NIH
NCT00006156,National Institutes of Health Clinical Center (CC),NIH
NCT04692766,"R-Pharm International, LLC",INDUSTRY
NCT04692766,Unimed Laboratories,INDUSTRY
NCT04692766,Data Management 365,INDUSTRY
NCT04692766,Center of Pharmaceutical Analytics LLC,INDUSTRY
NCT02295566,University Hospital Southampton NHS Foundation Trust,OTHER
NCT02295566,University of Southampton,OTHER
NCT04928066,Qilu Hospital of Shandong University,OTHER
NCT01909466,"Otsuka Pharmaceutical Development & Commercialization, Inc.",INDUSTRY
NCT01909466,H. Lundbeck A/S,INDUSTRY
NCT00124956,Boston Children's Hospital,OTHER
NCT00124956,Glaser Pediatric Research Network,NETWORK
NCT00124956,Elizabeth Glaser Pediatric AIDS Foundation,OTHER
NCT06813651,ThromBio Pty. Ltd.,INDUSTRY
NCT02930551,Danish Pain Research Center,OTHER
NCT02930551,Aarhus University Hospital,OTHER
NCT00881751,Medical University of South Carolina,OTHER
NCT04146051,Cartesian Therapeutics,INDUSTRY
NCT00376051,Sunnybrook Health Sciences Centre,OTHER
NCT00376051,Alzheimer Society of Canada,OTHER
NCT00520351,University of Waterloo,OTHER
NCT00520351,Alcon Research,INDUSTRY
NCT07435051,"Second Affiliated Hospital, School of Medicine, Zhejiang University",OTHER
NCT00006251,Fred Hutchinson Cancer Center,OTHER
NCT00006251,National Cancer Institute (NCI),NIH
NCT00002951,University of Chicago,OTHER
NCT00002951,National Cancer Institute (NCI),NIH
NCT06707051,District Headquarters Teaching Hospital Sahiwal,OTHER
NCT02677051,"Rutgers, The State University of New Jersey",OTHER
NCT02677051,Rowan University,OTHER
NCT02843451,University of Chicago,OTHER
NCT03403751,Atox Bio Ltd,INDUSTRY
NCT03502551,"University of California, Davis",OTHER
NCT02076451,Daiichi Sankyo,INDUSTRY
NCT02612051,GlaxoSmithKline,INDUSTRY
NCT02950051,German CLL Study Group,OTHER
NCT02950051,Janssen-Cilag Ltd.,INDUSTRY
NCT02950051,Hoffmann-La Roche,INDUSTRY
NCT02950051,AbbVie,INDUSTRY
NCT02950051,Stichting Hemato-Oncologie voor Volwassenen Nederland,OTHER
NCT02950051,Nordic CLL Study Group (NCLLSG),UNKNOWN
NCT02950051,Swiss Cancer Institute,OTHER
NCT02950051,Cancer Trials Ireland,NETWORK
NCT02950051,Israeli CLL Study Group,UNKNOWN
NCT03598751,Biocad,INDUSTRY
NCT06237751,First People's Hospital of Chenzhou,OTHER
NCT03675802,Aljazeera Hospital,OTHER
NCT03675802,Cairo University,OTHER
NCT06278402,Jinnah Hospital,OTHER
NCT00291902,GlaxoSmithKline,INDUSTRY
NCT01986231,Legacy Health System,OTHER
NCT01986231,Juvenile Diabetes Research Foundation,OTHER
NCT01986231,Oregon Health and Science University,OTHER
NCT02477631,Sheba Medical Center,OTHER_GOV
NCT02477631,Hadassah Medical Organization,OTHER
NCT02477631,Tel Aviv Medical Center,OTHER
NCT02477631,Kaplan Medical Center,OTHER
NCT02477631,Ziv Medical Center,OTHER
NCT03681431,Fundación Pública Andaluza para la gestión de la Investigación en Sevilla,OTHER
NCT01164956,Dana-Farber Cancer Institute,OTHER
NCT01164956,Boston Children's Hospital,OTHER
NCT01722422,"University Hospital, Angers",OTHER_GOV
NCT05847322,University of Southampton,OTHER
NCT02313922,Zhejiang University,OTHER
NCT02313922,"Shanghai CP Guojian Pharmaceutical Co., Ltd.",INDUSTRY
NCT02248753,Maastricht University Medical Center,OTHER
NCT02248753,ZonMw: The Netherlands Organisation for Health Research and Development,OTHER
NCT00531453,"Millennium Pharmaceuticals, Inc.",INDUSTRY
NCT00531453,"Johnson & Johnson Pharmaceutical Research & Development, L.L.C.",INDUSTRY
NCT02407353,Pfizer,INDUSTRY
NCT00084253,Bristol-Myers Squibb,INDUSTRY
NCT03296137,Inge Marie Svane,OTHER
NCT04049253,Taipei Medical University Hospital,OTHER
NCT01246037,"Amsterdam UMC, location VUmc",OTHER
NCT01246037,ZonMw: The Netherlands Organisation for Health Research and Development,OTHER
NCT04639245,Fred Hutchinson Cancer Center,OTHER
NCT04639245,"SignalOne Bio, Inc.",INDUSTRY
NCT02148445,University of Kansas Medical Center,OTHER
NCT02148445,Patient-Centered Outcomes Research Institute,OTHER
NCT00603772,"Coria Laboratories, Ltd.",INDUSTRY
NCT02205372,Tanabe Pharma Corporation,INDUSTRY
NCT00576472,St. Jude Children's Research Hospital,OTHER
NCT00576472,National Cancer Institute (NCI),NIH
NCT06322095,"Suzhou Genhouse Bio Co., Ltd.",OTHER
NCT06861439,Wake Forest University Health Sciences,OTHER
NCT03213639,Assiut University,OTHER
NCT05318339,Chinese Academy of Medical Sciences,OTHER
NCT00323557,M.D. Anderson Cancer Center,OTHER
NCT00323557,Bayer,INDUSTRY
NCT03322657,The Cleveland Clinic,OTHER
NCT01672775,"Agensys, Inc.",INDUSTRY
NCT01941875,University of Alberta,OTHER
NCT04874675,University of Zimbabwe,OTHER
NCT04874675,UZ-CHS-PERFECT,UNKNOWN
NCT06334575,Maria Joyera Rodríguez,OTHER
NCT00005875,"Astex Pharmaceuticals, Inc.",INDUSTRY
NCT01659775,LG Life Sciences,INDUSTRY
NCT02194257,Boehringer Ingelheim,INDUSTRY
NCT02878057,Peking University Cancer Hospital & Institute,OTHER
NCT02878057,Hebei Medical University Fourth Hospital,OTHER
NCT02878057,Peking University First Hospital,OTHER
NCT02878057,Peking University Third Hospital,OTHER
NCT02878057,Shanxi Province Cancer Hospital,OTHER
NCT00463801,Novartis,INDUSTRY
NCT01473901,Novartis Pharmaceuticals,INDUSTRY
NCT06037577,ChemomAb Ltd.,INDUSTRY
NCT04585477,Stanford University,OTHER
NCT04585477,AstraZeneca,INDUSTRY
NCT00061477,Eli Lilly and Company,INDUSTRY
NCT06833112,The Affiliated Hospital Of Guizhou Medical University,OTHER
NCT02000375,Istituto Romagnolo per lo Studio dei Tumori Dino Amadori IRST S.r.l. IRCCS,OTHER
NCT02004275,Alliance for Clinical Trials in Oncology,OTHER
NCT02004275,National Cancer Institute (NCI),NIH
NCT02004275,Celgene Corporation,INDUSTRY
NCT02004275,"Millennium Pharmaceuticals, Inc.",INDUSTRY
NCT03068481,"Kissei Pharmaceutical Co., Ltd.",INDUSTRY
NCT03453281,Indonesia University,OTHER
NCT03453281,Bayer,INDUSTRY
NCT02497781,Pfizer,INDUSTRY
NCT02497781,PRA Health Sciences,INDUSTRY
NCT07466628,Liverpool John Moores University,OTHER
NCT00758628,"Bp Consulting, Inc",NETWORK
NCT02808728,DeClaire LaMacchia Orthopaedic Institute,OTHER
NCT00874328,"National Cancer Center, Korea",OTHER_GOV
NCT00874328,"Jeil Pharmaceutical Co., Ltd.",INDUSTRY
NCT01803828,University of Roma La Sapienza,OTHER
NCT05788328,Pfizer,INDUSTRY
NCT03860428,Lviv National Medical University,OTHER
NCT02815228,Bayer,INDUSTRY
NCT00004228,Children's Oncology Group,NETWORK
NCT00004228,National Cancer Institute (NCI),NIH
NCT03349073,Taivex Therapeutics Corporation,INDUSTRY
NCT03263273,Hovione Scientia Limited,INDUSTRY
NCT01018173,Hoffmann-La Roche,INDUSTRY
NCT06327269,Chang Gung Memorial Hospital,OTHER
NCT06327269,"Ministry of Health and Welfare, Taiwan",OTHER_GOV
NCT03586869,"ImmunityBio, Inc.",INDUSTRY
NCT05156983,Takeda,INDUSTRY
NCT05156983,"Takeda Development Center Americas, Inc.",INDUSTRY
NCT02481141,"SBI Pharmaceuticals Co, Ltd.",INDUSTRY
NCT01022541,Royal Marsden NHS Foundation Trust,OTHER
NCT01022541,Roche Pharma AG,INDUSTRY
NCT03698383,Korean Cancer Study Group,OTHER
NCT01068054,Siriraj Hospital,OTHER
NCT02540954,Bayer,INDUSTRY
NCT00753454,UCB Pharma,INDUSTRY
NCT02186405,Centre Hospitalier Universitaire de Nice,OTHER
NCT00673569,Sidney Kimmel Comprehensive Cancer Center at Johns Hopkins,OTHER
NCT00673569,National Cancer Institute (NCI),NIH
NCT06107569,Hospital Universitario Evangelico de Curitiba,OTHER
NCT07266805,Pharvaris Netherlands B.V.,INDUSTRY
NCT06533605,"Sunshine Guojian Pharmaceutical (Shanghai) Co., Ltd.",INDUSTRY
NCT00153166,Brigham and Women's Hospital,OTHER
NCT00153166,"National Heart, Lung, and Blood Institute (NHLBI)",NIH
NCT00190866,Eli Lilly and Company,INDUSTRY
NCT00190866,Boehringer Ingelheim,INDUSTRY
NCT02762266,Stanford University,OTHER
NCT02762266,National Cancer Institute (NCI),NIH
NCT04921566,Pharmtechnology LLC,INDUSTRY
NCT04921566,"ClinPharmInvest, LLC",OTHER
NCT00262522,Abbott,INDUSTRY
NCT02783222,Fondazione Sandro Pitigliani,OTHER
NCT02137356,Sheba Medical Center,OTHER_GOV
NCT02137356,Karyopharm Therapeutics Inc,INDUSTRY
NCT02194556,"Betta Pharmaceuticals Co., Ltd.",INDUSTRY
NCT02072356,Ohio State University Comprehensive Cancer Center,OTHER
NCT01473056,Akros Pharma Inc.,INDUSTRY
NCT00358722,Ineos Healthcare Limited,INDUSTRY
NCT05242822,Kinnate Biopharma,INDUSTRY
NCT00120822,London School of Hygiene and Tropical Medicine,OTHER
NCT00120822,"Medical Research Council Unit, The Gambia",OTHER
NCT00120822,"Department of State for Health and Social Welfare, The Gambia",OTHER_GOV
NCT02661022,"Stemline Therapeutics, Inc.",INDUSTRY
NCT02131922,Jagiellonian University,OTHER
NCT02157922,AlgiPharma AS,INDUSTRY
NCT02157922,Eurostars,OTHER
NCT02157922,Smerud Medical Research International AS,OTHER
NCT00386529,"Boryung Pharmaceutical Co., Ltd",INDUSTRY
NCT00386529,Kyungpook National University Hospital,OTHER
NCT00386529,The Catholic University of Korea,OTHER
NCT00386529,Cheil General Hospital and Women's Healthcare Center,OTHER
NCT00386529,Inje University,OTHER
NCT00386529,Keimyung University,OTHER
NCT00386529,Seoul National University Bundang Hospital,OTHER
NCT00386529,Severance Hospital,OTHER
NCT00386529,Yeungnam University Hospital,OTHER
NCT01269229,Yonsei University,OTHER
NCT04147351,National Taiwan University Hospital,OTHER
NCT06461429,University of Melbourne,OTHER
NCT06461429,"University of Auckland, New Zealand",OTHER
NCT06461429,Monash University,OTHER
NCT06461429,The University of Western Australia,OTHER
NCT06461429,La Trobe University,OTHER
NCT06461429,The University of New South Wales,OTHER
NCT06461429,University of Tasmania,OTHER
NCT06461429,Menzies School of Health Research,OTHER
NCT06461429,University of Adelaide,OTHER
NCT06461429,University of Sydney,OTHER
NCT06461429,Mater Medical Research Institute,OTHER
NCT03150329,City of Hope Medical Center,OTHER
NCT03150329,National Cancer Institute (NCI),NIH
NCT00961831,Bayer,INDUSTRY
NCT00570531,University of Michigan Rogel Cancer Center,OTHER
NCT00570531,"Genentech, Inc.",INDUSTRY
NCT00031031,KangLaiTe USA,INDUSTRY
NCT02719431,"Kowa Research Institute, Inc.",INDUSTRY
NCT04365231,"Hospital St. Joseph, Marseille, France",OTHER
NCT01281631,"Neuraltus Pharmaceuticals, Inc.",INDUSTRY
NCT05702931,"Rigshospitalet, Denmark",OTHER
NCT05702931,Aarhus University Hospital,OTHER
NCT05702931,Odense University Hospital,OTHER
NCT06235931,Second Affiliated Hospital of Soochow University,OTHER
NCT00003231,Swiss Cancer Institute,OTHER
NCT01750931,GlaxoSmithKline,INDUSTRY
NCT05109702,"HanAll BioPharma Co., Ltd.",INDUSTRY
NCT05109702,Daewoong Pharmaceutical Co. LTD.,INDUSTRY
NCT04814056,Shanghai Chest Hospital,OTHER
NCT04985656,Takeda,INDUSTRY
NCT00842556,AstraZeneca,INDUSTRY
NCT00842556,Bristol-Myers Squibb,INDUSTRY
NCT02519556,Casa Espirita Terra de Ismael,OTHER
NCT02519556,University of Sao Paulo,OTHER
NCT02551237,UNICANCER,OTHER
NCT04278937,Ain Shams Maternity Hospital,OTHER
NCT06485245,"Cascade Pharmaceuticals, Inc",OTHER
NCT00141037,National Institute of Allergy and Infectious Diseases (NIAID),NIH
NCT00141037,Astellas Pharma Inc,INDUSTRY
NCT00141037,Hoffmann-La Roche,INDUSTRY
NCT01520545,"Piramal Critical Care, Ltd.",INDUSTRY
NCT00735072,"University of California, San Francisco",OTHER
NCT00735072,Pfizer,INDUSTRY
NCT00735072,"amfAR, The Foundation for AIDS Research",OTHER
NCT00735072,Stanford University,OTHER
NCT00735072,Case Western Reserve University,OTHER
NCT00735072,Rush University,OTHER
NCT00326872,National Cancer Institute (NCI),NIH
NCT00691795,Columbia University,OTHER
NCT05389995,Northwestern University,OTHER
NCT00041795,NeoTherapeutics,INDUSTRY
NCT02877095,Adrian Hernandez,OTHER
NCT06464939,"HysensBio Co., Ltd",INDUSTRY
NCT06464939,The Forsyth Institute,OTHER
NCT01063439,Inje University,OTHER
NCT04676139,Mansoura University,OTHER
NCT06513039,Ain Shams University,OTHER
NCT05215977,"Mabwell (Shanghai) Bioscience Co., Ltd.",INDUSTRY
NCT01943877,Rajarajeswari Dental College & Hospital,OTHER
NCT02664077,NSABP Foundation Inc,NETWORK
NCT02664077,Bayer,INDUSTRY
NCT07477977,Sohag University,OTHER
NCT02300077,Washington University School of Medicine,OTHER
NCT07301775,Ahmad Zeeshan Jamil,OTHER
NCT07301775,Sahiwal medical college sahiwal,OTHER_GOV
NCT00203775,University of Connecticut,OTHER
NCT00203775,"Janssen Pharmaceutica N.V., Belgium",INDUSTRY
NCT02170857,Damascus University,OTHER
NCT07012057,National Institute of Arthritis and Musculoskeletal and Skin Diseases (NIAMS),NIH
NCT03395977,Erasme University Hospital,OTHER
NCT03395977,Fonds Erasme,UNKNOWN
NCT03395977,Fonds National de la Recherche Scientifique,OTHER
NCT07493577,"Dr David Hasan, M.D.",OTHER
NCT07493577,National Institutes of Health (NIH),NIH
NCT07493577,National Institute of Neurological Disorders and Stroke (NINDS),NIH
NCT00173875,National Taiwan University Hospital,OTHER
NCT05394857,"Suzhou Suncadia Biopharmaceuticals Co., Ltd.",INDUSTRY
NCT05494957,"Shanghai Pulmonary Hospital, Shanghai, China",OTHER
NCT05494957,Shanghai Public Health Clinical Center,OTHER_GOV
NCT05494957,"No.85 Hospital, Changning, Shanghai, China",OTHER
NCT05494957,Anhui Chest Hospital,OTHER
NCT05494957,"Shanghai Pudong New Area Pulmonary Hospital, China",UNKNOWN
NCT05494957,Huashan Hospital,OTHER
NCT05494957,The Sixth People's Hospital of Zhengzhou,OTHER
NCT01120457,Bristol-Myers Squibb,INDUSTRY
NCT04417101,Chang Gung Memorial Hospital,OTHER
NCT02976701,Dexa Medica Group,INDUSTRY
NCT02976701,Binawaluya Cardiac Hospital,UNKNOWN
NCT01735201,Allergan,INDUSTRY
NCT02273401,Boehringer Ingelheim,INDUSTRY
NCT00313001,Novo Nordisk A/S,INDUSTRY
NCT00366301,Brigham and Women's Hospital,OTHER
NCT00366301,Sanofi,INDUSTRY
NCT03308201,"Tianjin Hemay Pharmaceutical Co., Ltd",INDUSTRY
NCT01839812,Mayo Clinic,OTHER
NCT05070312,AstraZeneca,INDUSTRY
NCT01819012,Konkuk University Medical Center,OTHER
NCT05499312,Chinese University of Hong Kong,OTHER
NCT03113812,Araclon Biotech S.L.,INDUSTRY
NCT03246581,Kindeva Drug Delivery,INDUSTRY
NCT03246581,Simbec Research,INDUSTRY
NCT03246581,3M,INDUSTRY
NCT01027481,Medical University of Vienna,OTHER
NCT01169519,Duke University,OTHER
NCT03961919,Ciceri Fabio,OTHER
NCT03765619,University of Alabama at Birmingham,OTHER
NCT02700919,Mereo BioPharma,INDUSTRY
NCT00815919,Dana-Farber Cancer Institute,OTHER
NCT00815919,"Millennium Pharmaceuticals, Inc.",INDUSTRY
NCT00315328,Jaeb Center for Health Research,OTHER
NCT00315328,National Eye Institute (NEI),NIH
NCT01373528,Ottawa Hospital Research Institute,OTHER
NCT05667428,First Affiliated Hospital Xi'an Jiaotong University,OTHER
NCT00861328,"Traws Pharma, Inc.",INDUSTRY
NCT00096967,"Genentech, Inc.",INDUSTRY
NCT02202200,Assistance Publique - Hôpitaux de Paris,OTHER
NCT06942000,Al-Azhar University,OTHER
NCT06154200,Southern California College of Optometry at Marshall B. Ketchum University,OTHER
NCT00507000,Indian Council of Medical Research,OTHER_GOV
NCT00507000,"Ministry of Science and Technology, India",OTHER_GOV
NCT00637000,Indivior Inc.,INDUSTRY
NCT03413800,Ciusss de L'Est de l'Île de Montréal,OTHER
NCT03413800,Celgene,INDUSTRY
NCT03413800,C3i Center Inc.,UNKNOWN
NCT06647407,"Sanofi Pasteur, a Sanofi Company",INDUSTRY
NCT00003396,"University of Maryland, Baltimore",OTHER
NCT00003396,University of Maryland Greenebaum Cancer Center,OTHER
NCT03827096,"Bioinova, s.r.o.",INDUSTRY
NCT03827096,"University Hospital, Motol",OTHER
NCT07142980,"Jiangsu HengRui Medicine Co., Ltd.",INDUSTRY
NCT03125980,Fudan University,OTHER
NCT00161980,Baxter Healthcare Corporation,INDUSTRY
NCT04100096,"Otsuka Pharmaceutical Development & Commercialization, Inc.",INDUSTRY
NCT06800196,"KinoTeck Therapeutics Co., Ltd",INDUSTRY
NCT01914796,Pfizer,INDUSTRY
NCT05177796,M.D. Anderson Cancer Center,OTHER
NCT05177796,National Cancer Institute (NCI),NIH
NCT02790580,"National University Hospital, Singapore",OTHER
NCT04149379,Norwegian Underwater Intervention (NUI),INDUSTRY
NCT04149379,Western Norway University of Applied Sciences,OTHER
NCT04149379,Helse-Bergen HF,OTHER
NCT00454896,Astellas Pharma Inc,INDUSTRY
NCT02832362,GlaxoSmithKline,INDUSTRY
NCT00853762,EMD Serono,INDUSTRY
NCT00853762,"Merck KGaA, Darmstadt, Germany",INDUSTRY
NCT00506246,B. Braun Melsungen AG,INDUSTRY
NCT00506246,B. Braun Medical International Trading Company Ltd.,INDUSTRY
NCT00506246,"Tigermed Consulting Co., Ltd",INDUSTRY
NCT02250846,"Union Hospital, Tongji Medical College, Huazhong University of Science and Technology",OTHER
NCT05746546,Vanderbilt University Medical Center,OTHER
NCT05746546,National Institute of Mental Health (NIMH),NIH
NCT05746546,"University of North Carolina, Chapel Hill",OTHER
NCT07428746,Emory University,OTHER
NCT07428746,National Institute of Arthritis and Musculoskeletal and Skin Diseases (NIAMS),NIH
NCT06361446,Kafrelsheikh University,OTHER
NCT05302388,Shanghai Institute Of Biological Products,INDUSTRY
NCT05302388,The First Affiliated Hospital of Bengbu Medical University,OTHER
NCT06472388,AC Camargo Cancer Center,OTHER
NCT00981227,Bial - Portela C S.A.,INDUSTRY
NCT01891227,Arbeitsgemeinschaft medikamentoese Tumortherapie,OTHER
NCT05501327,"Scarless Laboratories, Inc.",INDUSTRY
NCT01931527,Washington University School of Medicine,OTHER
NCT06496061,Fayoum University,OTHER
NCT03910361,"Dong-A ST Co., Ltd.",INDUSTRY
NCT06168461,"Anna Stanhewicz, PhD",OTHER
NCT01578161,Seoul National University Hospital,OTHER
NCT01101061,Amgen,INDUSTRY
NCT07509242,"Yohanes Firmansyah, dr, MH, MM",OTHER
NCT03025542,UCB Biopharma SRL,INDUSTRY
NCT03025542,Parexel,INDUSTRY
NCT00459342,National Cancer Institute (NCI),NIH
NCT00082186,Actelion,INDUSTRY
NCT04745273,Acibadem University,OTHER
NCT05269173,Capital Medical University,OTHER
NCT05269173,"Xinjiang Uygur Pharmaceutical Co., Ltd.",INDUSTRY
NCT05222269,Pentixapharm AG,INDUSTRY
NCT04859569,Luye Pharma Group Ltd.,INDUSTRY
NCT01926769,Gachon University Gil Medical Center,OTHER
NCT06241469,Wu Jun,OTHER
NCT04268069,"ORA, Inc.",INDUSTRY
NCT04268069,"Palatin Technologies, Inc",INDUSTRY
NCT06173869,Ferring Pharmaceuticals,INDUSTRY
NCT06840483,BicycleTx Limited,INDUSTRY
NCT01290783,Alchemia Oncology,INDUSTRY
NCT00002583,NCIC Clinical Trials Group,NETWORK
NCT00002583,National Cancer Institute (NCI),NIH
NCT00002583,SWOG Cancer Research Network,NETWORK
NCT00002583,Eastern Cooperative Oncology Group,NETWORK
NCT00002583,Cancer and Leukemia Group B,NETWORK
NCT03731741,Tanta University,OTHER
NCT00000941,National Institute of Allergy and Infectious Diseases (NIAID),NIH
NCT00343941,GlaxoSmithKline,INDUSTRY
NCT00288041,National Cancer Institute (NCI),NIH
NCT02721641,Hoffmann-La Roche,INDUSTRY
NCT07323641,Jonsson Comprehensive Cancer Center,OTHER
NCT07323641,AbbVie,INDUSTRY
NCT02021669,Washington University School of Medicine,OTHER
NCT02021669,"National Heart, Lung, and Blood Institute (NHLBI)",NIH
NCT00093405,Memorial Sloan Kettering Cancer Center,OTHER
NCT00093405,National Cancer Institute (NCI),NIH
NCT00443105,Assaf-Harofeh Medical Center,OTHER_GOV
NCT00924105,Cytos Biotechnology AG,INDUSTRY
NCT06720805,University of Roma La Sapienza,OTHER
NCT01507766,Nanjing University School of Medicine,OTHER
NCT01507766,"Jinling Hospital, China",OTHER
NCT00394966,Schering-Plough,INDUSTRY
NCT00886366,AstraZeneca,INDUSTRY
NCT06696794,Shaogang Wang,OTHER
NCT03067194,Chong Kun Dang Pharmaceutical,INDUSTRY
NCT01263366,"ProCertus BioPharm, Inc",INDUSTRY
NCT01263366,"University of Wisconsin, Madison",OTHER
NCT04041856,Farabi Eye Hospital,OTHER
NCT06091956,Mayo Clinic,OTHER
NCT06091956,Bristol-Myers Squibb,INDUSTRY
NCT01661556,Universidad Autonoma de San Luis Potosí,OTHER
NCT01661556,"Hospital Central ""Dr. Ignacio Morones Prieto""",OTHER
NCT01296256,Grupo Español de Linfomas y Transplante Autólogo de Médula Ósea,OTHER
NCT05686356,The Aurum Institute NPC,OTHER
NCT05686356,Ludwig-Maximilians - University of Munich,OTHER
NCT05686356,Stichting Katholieke Universiteit,OTHER
NCT05686356,Wits Health Consortium (Pty) Ltd,OTHER
NCT05686356,"Instituto Nacional de Saúde, Mozambique",OTHER_GOV
NCT05686356,"National Institute for Medical Research, Tanzania",OTHER_GOV
NCT05686356,University of Stellenbosch,OTHER
NCT05686356,"Sequella, Inc.",INDUSTRY
NCT05686356,Global Alliance for TB Drug Development,OTHER
NCT05849922,Sanofi,INDUSTRY
NCT03675022,Brigham and Women's Hospital,OTHER
NCT01746602,Medical University of Vienna,OTHER
NCT03842202,Novo Nordisk A/S,INDUSTRY
NCT02864602,"University Health Network, Toronto",OTHER
NCT03523702,Montefiore Medical Center,OTHER
NCT03523702,Merck Sharp & Dohme LLC,INDUSTRY
NCT03523702,University of Michigan,OTHER
NCT03523702,New York University,OTHER
NCT03523702,Henry Ford Cancer Institute,UNKNOWN
NCT05345002,"Stephen Bagley, MD, MSCE",OTHER
NCT05345002,Incyte Corporation,INDUSTRY
NCT05345002,Abramson Cancer Center at Penn Medicine,OTHER
NCT06778902,Daping Hospital and the Research Institute of Surgery of the Third Military Medical University,OTHER
NCT01573702,UNC Lineberger Comprehensive Cancer Center,OTHER
NCT01573702,"Astellas Pharma Global Development, Inc.",INDUSTRY
NCT04657302,Hoffmann-La Roche,INDUSTRY
NCT07275853,TCRx Therapeutics Co.Ltd,INDUSTRY
NCT07275853,Chinese Academy of Medical Sciences,OTHER
NCT00979953,"Cubist Pharmaceuticals LLC, a subsidiary of Merck & Co., Inc. (Rahway, New Jersey USA)",INDUSTRY
NCT00979953,Pfizer,INDUSTRY
NCT00969553,Boehringer Ingelheim,INDUSTRY
NCT01313637,GlaxoSmithKline,INDUSTRY
NCT06274853,National Center for Advancing Translational Sciences (NCATS),NIH
NCT06274853,"Leidos Biomedical Research, Inc.",INDUSTRY
NCT06274853,ICON plc,INDUSTRY
NCT03613753,ShengFa Su,OTHER
NCT06602453,"Genentech, Inc.",INDUSTRY
NCT02131753,University of Giessen,OTHER
NCT03143153,Bristol-Myers Squibb,INDUSTRY
NCT03143153,"Ono Pharmaceutical Co., Ltd.",INDUSTRY
NCT05337137,Bristol-Myers Squibb,INDUSTRY
NCT04466137,"Xiamen Amoytop Biotech Co., Ltd.",INDUSTRY
NCT04466137,"Cancer Institute and Hospital, Chinese Academy of Medical Sciences",OTHER
NCT00715637,Antisoma Research,INDUSTRY
NCT06865339,Montefiore Medical Center,OTHER
NCT06865339,Regeneron Pharmaceuticals,INDUSTRY
NCT06865339,Henry Ford Health System,OTHER
NCT06865339,NYU Langone Health,OTHER
NCT06865339,University of Michigan,OTHER
NCT02074839,Institut de Recherches Internationales Servier,OTHER
NCT00868439,"Relypsa, Inc.",INDUSTRY
NCT00868439,"Medpace, Inc.",INDUSTRY
NCT06527677,Antabio,INDUSTRY
NCT06527677,Clinical Research Center Kiel GmbH,OTHER
NCT02196077,"Pearl Therapeutics, Inc.",INDUSTRY
NCT06903273,National Cheng-Kung University Hospital,OTHER
NCT06903273,Kaohsiung Veterans General Hospital.,OTHER
NCT06903273,Chi Mei Medical Hospital,OTHER
NCT02039869,Virginia Commonwealth University,OTHER
NCT02039869,Medical University of South Carolina,OTHER
NCT02039869,Ochsner Health System,OTHER
NCT02033369,New York State Psychiatric Institute,OTHER
NCT02033369,Columbia University,OTHER
NCT02033369,"Research Foundation for Mental Hygiene, Inc.",OTHER
NCT02033369,Mclean Hospital,OTHER
NCT02033369,Icahn School of Medicine at Mount Sinai,OTHER
NCT02033369,National Institute of Mental Health (NIMH),NIH
NCT03065569,University of British Columbia,OTHER
NCT00363883,National Cancer Institute (NCI),NIH
NCT02689869,Ludwig-Maximilians - University of Munich,OTHER
NCT02689869,Hoffmann-La Roche,INDUSTRY
NCT02689869,Janssen-Cilag G.m.b.H,INDUSTRY
NCT05771883,ImmuneOnco Biopharmaceuticals (Shanghai) Inc.,OTHER
NCT02972983,McGill University Health Centre/Research Institute of the McGill University Health Centre,OTHER
NCT07011654,M.D. Anderson Cancer Center,OTHER
NCT07011654,Y-mAbs Therapeutics,INDUSTRY
NCT05270954,Artgen Biotech,OTHER
NCT05270954,Betuvax LLC,UNKNOWN
NCT05270954,CEG BIO LLC,UNKNOWN
NCT03141554,Mundipharma Manufacturing Pte Ltd.,INDUSTRY
NCT03141554,Singapore Polytechnic (SP),UNKNOWN
NCT02435654,Kunming Medical University,OTHER
NCT02435654,National Natural Science Foundation of China,OTHER_GOV
NCT05748054,King Abdullah University Hospital,OTHER
NCT05748054,Jordan University of Science and Technology,OTHER
NCT00388505,Novartis Pharmaceuticals,INDUSTRY
NCT04201405,University of Manchester,OTHER
NCT04201405,Orchard Therapeutics,INDUSTRY
NCT04201405,CTI Clinical Trial and Consulting Services,OTHER
NCT04201405,"University College, London",OTHER
NCT04201405,Great Ormond Street Hospital for Children NHS Foundation Trust,OTHER
NCT04201405,Manchester University NHS Foundation Trust,OTHER_GOV
NCT01047605,Pascoe Pharmazeutische Praeparate GmbH,INDUSTRY
NCT04019041,"Janssen Research & Development, LLC",INDUSTRY
NCT06660394,Longboard Pharmaceuticals,INDUSTRY
NCT04372394,Hutchison Medipharma Limited,INDUSTRY
NCT04052594,Eli Lilly and Company,INDUSTRY
NCT00269594,University of Minnesota,OTHER
NCT05643066,Fujian Provincial Hospital,OTHER
NCT01974622,"Manhattan Eye, Ear & Throat Hospital",OTHER
NCT03383822,"University Health Network, Toronto",OTHER
NCT06593756,Medical University of Vienna,OTHER
NCT06679556,Samson Clinical Operations Pty Ltd,INDUSTRY
NCT07668856,UMC Utrecht,OTHER
NCT07668856,Stichting Epilepsie Instellingen Nederland,OTHER
NCT07668856,Epilepsiecentrum Kempenhaeghe,INDUSTRY
NCT07668856,Erasmus Medical Center,OTHER
NCT07668856,Maastricht University Medical Center,OTHER
NCT07668856,ZonMw: The Netherlands Organisation for Health Research and Development,OTHER
NCT03142256,Desmond Tutu HIV Centre,OTHER
NCT03142256,Bill and Melinda Gates Foundation,OTHER
NCT03142256,National Institute of Mental Health (NIMH),NIH
NCT03142256,University of Washington,OTHER
NCT04442022,Karyopharm Therapeutics Inc,INDUSTRY
NCT01260922,Teva Pharmaceuticals USA,INDUSTRY
NCT05918822,Takeda,INDUSTRY
NCT03058822,Bristol-Myers Squibb,INDUSTRY
NCT04522622,Ditte Hansen,OTHER
NCT04522622,Odense University Hospital,OTHER
NCT04522622,Steno Diabetes Center Copenhagen,OTHER
NCT04522622,"Rigshospitalet, Denmark",OTHER
NCT04522622,Aalborg University Hospital,OTHER
NCT04343222,"University of Wisconsin, Madison",OTHER
NCT00110929,Amgen,INDUSTRY
NCT02675829,Memorial Sloan Kettering Cancer Center,OTHER
NCT02675829,"Genentech, Inc.",INDUSTRY
NCT03243331,Kathy Miller,OTHER
NCT04485702,Melt Pharmaceuticals,INDUSTRY
NCT04485702,Worldwide Clinical Trials,OTHER
NCT00559702,Biogen,INDUSTRY
NCT00559702,Elan Pharmaceuticals,INDUSTRY
NCT01126502,National Cancer Institute (NCI),NIH
NCT00698802,Novo Nordisk A/S,INDUSTRY
NCT07670702,Transcend Therapeutics,INDUSTRY
NCT05884502,Korea University Anam Hospital,OTHER
NCT02053766,"The University of Texas Health Science Center, Houston",OTHER
NCT07698756,"Chengdu Suncadia Medicine Co., Ltd.",INDUSTRY
NCT03284931,Biogen,INDUSTRY
NCT02029456,Ahi Evren Chest and Cardiovascular Surgery Education and Research Hospital,OTHER
NCT03374956,Mayo Clinic,OTHER
NCT03951753,Eli Lilly and Company,INDUSTRY
NCT01962753,"University Hospital, Tours",OTHER
NCT02169453,Bial - Portela C S.A.,INDUSTRY
NCT01394653,Astellas Pharma Inc,INDUSTRY
NCT01420653,"AFT Pharmaceuticals, Ltd.",INDUSTRY
NCT00935753,"University of California, San Diego",OTHER
NCT00935753,BioMarin Pharmaceutical,INDUSTRY
NCT03557437,Shanghai Jiao Tong University School of Medicine,OTHER
NCT00219037,Novartis,INDUSTRY
NCT02973737,"Jiangsu HengRui Medicine Co., Ltd.",INDUSTRY
NCT01077245,"Osel, Inc.",INDUSTRY
NCT05364645,SWOG Cancer Research Network,NETWORK
NCT05364645,National Cancer Institute (NCI),NIH
NCT03951337,Institut Cancerologie de l'Ouest,OTHER
NCT03951337,Fondation ARC,OTHER
NCT06538272,"Ono Pharmaceutical Co., Ltd.",INDUSTRY
NCT01559272,"Janssen Research & Development, LLC",INDUSTRY
NCT04029272,Peking Union Medical College Hospital,OTHER
NCT03587272,Robert Nickel,OTHER
NCT03587272,The Hospital for Sick Children,OTHER
NCT03587272,Levine Children's Hospital,OTHER
NCT03587272,Ann & Robert H Lurie Children's Hospital of Chicago,OTHER
NCT03587272,Nationwide Children's Hospital,OTHER
NCT03587272,Columbia University,OTHER
NCT03587272,Children's Hospital at Montefiore,OTHER
NCT03587272,Alberta Children's Hospital,OTHER
NCT00408772,"University of California, Davis",OTHER
NCT00408772,Sanofi,INDUSTRY
NCT00420472,Hoffmann-La Roche,INDUSTRY
NCT06119672,October 6 University,OTHER
NCT06119672,Cairo University,OTHER
NCT07222072,The Cleveland Clinic,OTHER
NCT02396537,University of Alabama at Birmingham,OTHER
NCT03536637,Dermata Therapeutics,INDUSTRY
NCT07269145,"Chia Tai Tianqing Pharmaceutical Group Co., Ltd.",INDUSTRY
NCT03928145,Hospital de Clinicas de Porto Alegre,OTHER
NCT03928145,Instituto de Cardiologia do Rio Grande do Sul,OTHER
NCT00906945,Washington University School of Medicine,OTHER
NCT00240045,University of Alberta,OTHER
NCT00240045,Novartis,INDUSTRY
NCT06873945,Pfizer,INDUSTRY
NCT04504045,University of Southern Denmark,OTHER
NCT04046445,Amal Therapeutics,INDUSTRY
NCT04046445,Boehringer Ingelheim,INDUSTRY
NCT00969072,GlaxoSmithKline,INDUSTRY
NCT01548872,Baskent University,OTHER
NCT07604272,Northwestern University,OTHER
NCT00087672,M.D. Anderson Cancer Center,OTHER
NCT00087672,Celgene Corporation,INDUSTRY
NCT00004795,National Center for Research Resources (NCRR),NIH
NCT00004795,Northwestern University,OTHER
NCT02610595,Shanghai University of Traditional Chinese Medicine,OTHER
NCT02610595,Fudan University,OTHER
NCT02610595,Ruijin Hospital,OTHER
NCT02610595,Shanghai 6th People's Hospital,OTHER
NCT02610595,"Xinhua Hospital, Shanghai Jiao Tong University School of Medicine",OTHER
NCT02610595,Changhai Hospital,OTHER
NCT02610595,Shanghai Putuo District Center Hospital,OTHER
NCT02610595,ShuGuang Hospital,OTHER
NCT02610595,Shanghai Yueyang Integrated Medicine Hospital,OTHER
NCT02610595,Shanghai Changzheng Hospital,OTHER
NCT02610595,Shanghai Minhang Central Hospital,OTHER
NCT02610595,Zhujiang Hospital,OTHER
NCT02610595,Guangxi Traditional Chinese Medical University,OTHER
NCT02610595,Huashan Hospital,OTHER
NCT02610595,The First Affiliated Hospital of Tianjin University of Traditional Chinese Medicine,OTHER
NCT02610595,Xinqiao Hospital of Chongqing,OTHER
NCT02610595,Guang'anmen Hospital of China Academy of Chinese Medical Sciences,OTHER
NCT02610595,Nanjing University of Traditional Chinese Medicine,OTHER
NCT02610595,Tongji Hospital,OTHER
NCT02610595,Chinese Academy of Sciences,OTHER_GOV
NCT02610595,RenJi Hospital,OTHER
NCT06558695,Saglik Bilimleri Universitesi,OTHER
NCT02905539,Universität des Saarlandes,OTHER
NCT01089439,Assistance Publique - Hôpitaux de Paris,OTHER
NCT01089439,Mallinckrodt,INDUSTRY
NCT00326339,Rigel Pharmaceuticals,INDUSTRY
NCT00497939,"Hospital Authority, Hong Kong",OTHER_GOV
NCT04633239,National Cancer Institute (NCI),NIH
NCT01794039,Mayo Clinic,OTHER
NCT01794039,National Cancer Institute (NCI),NIH
NCT06419439,VA Office of Research and Development,FED
NCT01991977,Mayo Clinic,OTHER
NCT03356977,Pfizer,INDUSTRY
NCT06629077,"University of Wisconsin, Madison",OTHER
NCT06629077,National Institute of Neurological Disorders and Stroke (NINDS),NIH
NCT00413075,Valerio Therapeutics,INDUSTRY
NCT00413075,"Spectrum Pharmaceuticals, Inc",INDUSTRY
NCT00459875,Memorial Sloan Kettering Cancer Center,OTHER
NCT00459875,National Cancer Institute (NCI),NIH
NCT02029157,"Kyowa Kirin Co., Ltd.",INDUSTRY
NCT07703657,Yang Donglin,OTHER
NCT01341457,Eli Lilly and Company,INDUSTRY
NCT04339101,City of Hope Medical Center,OTHER
NCT04339101,National Cancer Institute (NCI),NIH
NCT04545801,Mongi Slim Hospital,OTHER
NCT05623501,University of Southern California,OTHER
NCT07245901,Sun Yat-Sen Memorial Hospital of Sun Yat-Sen University,OTHER
NCT07245901,"Zenith Institute of Medical Sciences, Guangzhou",UNKNOWN
NCT04947501,Memorial Sloan Kettering Cancer Center,OTHER
NCT00788801,Abbott,INDUSTRY
NCT00791401,"Johnson & Johnson Pharmaceutical Research & Development, L.L.C.",INDUSTRY
NCT00119301,Memorial Sloan Kettering Cancer Center,OTHER
NCT00119301,National Cancer Institute (NCI),NIH
NCT02745912,"Orexigen Therapeutics, Inc",INDUSTRY
NCT01431573,New York State Psychiatric Institute,OTHER
NCT00759473,Medical University of South Carolina,OTHER
NCT00759473,National Institute on Drug Abuse (NIDA),NIH
NCT03943173,M.D. Anderson Cancer Center,OTHER
NCT03943173,National Cancer Institute (NCI),NIH
NCT05206773,Sanofi,INDUSTRY
NCT04360473,University of Sao Paulo General Hospital,OTHER
NCT05984173,Ain Shams University,OTHER
NCT00565773,"Allan D Kirk, MD, PhD",OTHER
NCT00565773,Bristol-Myers Squibb,INDUSTRY
NCT00565773,Duke University,OTHER
NCT02791269,Hoffmann-La Roche,INDUSTRY
NCT02331069,Universidad Abierta Interamericana,OTHER
NCT04560569,Frontier Biotechnologies Inc.,INDUSTRY
NCT02038569,LEO Pharma,INDUSTRY
NCT02514954,Adocia,INDUSTRY
NCT00470054,National Cancer Institute (NCI),NIH
NCT04432454,Sermonix Pharmaceuticals Inc.,INDUSTRY
NCT01962454,GlaxoSmithKline,INDUSTRY
NCT04085354,Sohag University,OTHER
NCT07570654,COMPASS Pathways,INDUSTRY
NCT04124705,Allergan,INDUSTRY
NCT04287205,Kanuni Sultan Suleyman Training and Research Hospital,OTHER
NCT02060305,National Taiwan University Hospital,OTHER
NCT05104905,Faron Pharmaceuticals Ltd,INDUSTRY
NCT02432105,Alcon Research,INDUSTRY
NCT06852105,He Eye Hospital,OTHER
NCT03553394,Uppsala University,OTHER
NCT03080805,"Jiangsu HengRui Medicine Co., Ltd.",INDUSTRY
NCT01297894,Mahidol University,OTHER
NCT03174366,Western University of Health Sciences,OTHER
NCT02331251,Western Regional Medical Center,OTHER
NCT04705051,Sanofi,INDUSTRY
NCT01045551,Julian M. Mackay-Wiggan,OTHER
NCT01045551,Celgene Corporation,INDUSTRY
NCT02251951,Hellenic Oncology Research Group,OTHER
NCT05897151,Mahmoud Rashad Ahmed,OTHER
NCT07121751,Dunamenti REK Istenhegyi IVF Center,OTHER
NCT07121751,Dunamenti REK Gyor Clinic,UNKNOWN
NCT07121751,Dunamenti REK Pannon Clinic,UNKNOWN
NCT07121751,Szeged University,OTHER
NCT04154722,Ziauddin University,OTHER
NCT01086722,Fundacion IMIM,OTHER
NCT01086722,Parc de Salut Mar,OTHER
NCT05511922,"KalVista Pharmaceuticals, Ltd.",INDUSTRY
NCT01418729,Hospital Donostia,OTHER
NCT01418729,INSTITUTO BIODONOSTIA,UNKNOWN
NCT06037031,Pfizer,INDUSTRY
NCT03964337,Duke University,OTHER
NCT03964337,Exelixis,INDUSTRY
NCT03235037,Bennett Lavenstein,OTHER
NCT06762145,Xiao-dong Zhuang,OTHER
NCT01386645,Seattle Institute for Biomedical and Clinical Research,OTHER
NCT01386645,VA Puget Sound Health Care System,FED
NCT02616445,Actinogen Medical,INDUSTRY
NCT02616445,Novotech (Australia) Pty Limited,INDUSTRY
NCT02616445,Linear Clinical Research,INDUSTRY
NCT04377945,Bukwang Pharmaceutical,INDUSTRY
NCT06249945,National Taiwan University Hospital,OTHER
NCT06249945,Shin Kong Wu Ho-Su Memorial Hospital,OTHER
NCT07673445,Chongqing Medical University,OTHER
NCT07673445,First Affiliated Hospital of Chongqing Medical University,OTHER
NCT05970172,"Astellas Pharma Global Development, Inc.",INDUSTRY
NCT02032095,Japan Blood Products Organization,INDUSTRY
NCT01108939,Swiss Federal Institute of Technology,OTHER
NCT01108939,European Union,OTHER
NCT02232139,University Medicine Greifswald,OTHER
NCT02232139,"Department of Anesthesiology, Hospital Dresden-Friedrichstadt, Dresden, Germany",UNKNOWN
NCT05185739,"University College, London",OTHER
NCT05185739,Merck Sharp & Dohme LLC,INDUSTRY
NCT02605239,University of Chile,OTHER
NCT06548139,Changchun BCHT Biotechnology Co.,INDUSTRY
NCT06548139,The First Affiliated Hospital of Yunnan University of Traditional Chinese Medicine,UNKNOWN
NCT06548139,Anning City First People's Hospital,UNKNOWN
NCT06548139,Yunnan Central Hospital,UNKNOWN
NCT06548139,"Beijing Contreke Statistical Technology Co., LTD",UNKNOWN
NCT06548139,"Military Science Zhengyuan (Beijing) Pharmaceutical Research Co., LTD",UNKNOWN
NCT00623077,"Masonic Cancer Center, University of Minnesota",OTHER
NCT00168077,CSL Behring,INDUSTRY
NCT03991377,Parc de Salut Mar,OTHER
NCT03991377,Consorci Hospitalari de Vic,OTHER
NCT03991377,Hospital Mutua de Terrassa,OTHER
NCT03991377,Althaia Xarxa Assistencial Universitària de Manresa,OTHER
NCT00249977,University of New Mexico,OTHER
NCT05685277,Pharmtechnology LLC,INDUSTRY
NCT05685277,"Ligand Research, LLC",NETWORK
NCT00223275,University of Texas Southwestern Medical Center,OTHER
NCT00335075,Merck Sharp & Dohme LLC,INDUSTRY
NCT04892875,Jennifer Choe,OTHER
NCT04892875,"Arcus Biosciences, Inc.",INDUSTRY
NCT02112175,Celgene,INDUSTRY
NCT00508157,Bristol-Myers Squibb,INDUSTRY
NCT00508157,Otsuka America Pharmaceutical,INDUSTRY
NCT04423601,"Jiangsu HengRui Medicine Co., Ltd.",INDUSTRY
NCT06797401,Ribocure Pharmaceuticals AB,INDUSTRY
NCT04762901,Wake Forest University Health Sciences,OTHER
NCT04762901,"Tesaro, Inc.",INDUSTRY
NCT01792401,University of Malaya,OTHER
NCT00761501,AstraZeneca,INDUSTRY
NCT01110512,Azidus Brasil,INDUSTRY
NCT03285412,Massachusetts General Hospital,OTHER
NCT03285412,Novartis,INDUSTRY
NCT01236612,Radboud University Medical Center,OTHER
NCT06308419,M.D. Anderson Cancer Center,OTHER
NCT06308419,Aadi Bioscience,UNKNOWN
NCT03406819,The First Affiliated Hospital of Zhengzhou University,OTHER
NCT03406819,Anyang Regional Hospital,OTHER
NCT03406819,Huaihe Hospital of Henan University,OTHER
NCT03406819,The First Affiliated Hospital of Henan University of Science and Technology,OTHER
NCT03406819,Yellow River Sanmenxia hospital,UNKNOWN
NCT03406819,The Peoples' Hospital of Jiaozuo City,OTHER
NCT03406819,Jincheng People's Hospital,OTHER
NCT03406819,The second people's Hospital of Jiyuan,UNKNOWN
NCT03406819,Kaifeng Central Hospital,OTHER
NCT03406819,Lushan People's Hospital,UNKNOWN
NCT03406819,Nanyang Central Hospital,OTHER
NCT03406819,The Second People's Hospital of Pingdingshan,UNKNOWN
NCT03406819,Shenma Medical Group General Hospital,OTHER
NCT03406819,Puyang People's Hospital,UNKNOWN
NCT03406819,Puyang Oilfield General Hospital,OTHER
NCT03406819,The First People's Hospital of Shangqiu,UNKNOWN
NCT03406819,Yanshi People's Hospital,UNKNOWN
NCT03406819,The First People's Hospital of Xinmi,UNKNOWN
NCT03406819,First Affiliated Hospital of Xinjiang Medical University,OTHER
NCT03406819,Xinyang Central Hospital,OTHER
NCT03406819,People's Hospital of Zhengzhou University,OTHER
NCT03406819,Zhengzhou First People's Hospital,UNKNOWN
NCT03406819,"Chinese Academy of Medical Sciences, Fuwai Hospital",OTHER
NCT03406819,Zhengzhou Central Hospital,OTHER
NCT03406819,The 99th Central Hospital of the People's Liberation Army,UNKNOWN
NCT03406819,Zhoukou Central Hospital,OTHER
NCT03406819,The First People's Hospital of Zhumadian,UNKNOWN
NCT03406819,Zhumadian Central Hospital,OTHER
NCT05146219,"TYK Medicines, Inc",INDUSTRY
NCT01764828,Bayer,INDUSTRY
NCT02369965,Frontier Biotechnologies Inc.,INDUSTRY
NCT02218619,"Robin Goland, MD",OTHER
NCT02218619,Juvenile Diabetes Research Foundation,OTHER
NCT07107230,"Janssen Research & Development, LLC",INDUSTRY
NCT00280930,Dana-Farber Cancer Institute,OTHER
NCT00280930,Beth Israel Deaconess Medical Center,OTHER
NCT00280930,Brigham and Women's Hospital,OTHER
NCT00280930,Massachusetts General Hospital,OTHER
NCT02831530,"Gustave Roussy, Cancer Campus, Grand Paris",OTHER
NCT02667730,Canadian Department of National Defence,OTHER_GOV
NCT01030328,Piedmont Healthcare,OTHER
NCT01235728,Merck Sharp & Dohme LLC,INDUSTRY
NCT00356928,Sidney Kimmel Comprehensive Cancer Center at Johns Hopkins,OTHER
NCT00356928,National Cancer Institute (NCI),NIH
NCT04351867,LiNing,OTHER_GOV
NCT01231165,University of Carabobo,OTHER
NCT01231165,Clinical Research Unit at the Docent Institute of Urology,UNKNOWN
NCT01231165,Northern Metropolitan Hospital,UNKNOWN
NCT01231165,Venezuelan Foundation of Heart Failure,OTHER
NCT00299000,BioMarin Pharmaceutical,INDUSTRY
NCT07140900,Amgen,INDUSTRY
NCT06307600,Anhui Provincial Hospital,OTHER_GOV
NCT04693000,"Bangabandhu Sheikh Mujib Medical University, Dhaka, Bangladesh",OTHER
NCT03420300,National Taiwan University Hospital,OTHER
NCT03420300,Merck Sharp & Dohme LLC,INDUSTRY
NCT01630200,LudwLudwig Boltzmann Institute for COPD and Respiratory Epidemiology,NETWORK
NCT01630200,Medical University of Vienna,OTHER
NCT04837807,University of Alabama at Birmingham,OTHER
NCT04837807,Alcon Research,INDUSTRY
NCT00189007,UMC Utrecht,OTHER
NCT00189007,ZonMw: The Netherlands Organisation for Health Research and Development,OTHER
NCT07513207,Boehringer Ingelheim,INDUSTRY
NCT06270407,St. Olavs Hospital,OTHER
NCT06270407,Smerud Medical Research International AS,OTHER
NCT06270407,Sykehuset Asker og Baerum,OTHER
NCT06270407,Oslo University Hospital,OTHER
NCT06270407,Sykehuset Telemark,OTHER_GOV
NCT06270407,Sykehuset Innlandet HF,OTHER
NCT06270407,Molde Hospital,OTHER
NCT06270407,Haukeland University Hospital,OTHER
NCT06270407,Haraldsplass Deaconess Hospital,OTHER
NCT06270407,Helse Stavanger HF,OTHER_GOV
NCT06270407,University Hospital of North Norway,OTHER
NCT06270407,Bodø sykehus,UNKNOWN
NCT06270407,Helsinki University Central Hospital,OTHER
NCT00871507,"Johnson & Johnson Pharmaceutical Research & Development, L.L.C.",INDUSTRY
NCT07127107,Cairo University,OTHER
NCT06709092,Cheng Lei,OTHER
NCT01709292,M.D. Anderson Cancer Center,OTHER
NCT01709292,"Genentech, Inc.",INDUSTRY
NCT04811092,"Acceleron Pharma, Inc., a wholly-owned subsidiary of Merck & Co., Inc., Rahway, NJ USA",INDUSTRY
NCT07483736,Versailles Hospital,OTHER
NCT03365336,Composite Interceptive Med Science,INDUSTRY
NCT01037036,Mati Therapeutics Inc.,INDUSTRY
NCT01037036,QLT Inc.,INDUSTRY
NCT00371254,Bristol-Myers Squibb,INDUSTRY
NCT01351766,"University of Maryland, College Park",OTHER
NCT01351766,National Institutes of Health (NIH),NIH
NCT01351766,National Institute on Drug Abuse (NIDA),NIH
NCT02684266,"Jiangsu HengRui Medicine Co., Ltd.",INDUSTRY
NCT03563066,McMaster University,OTHER
NCT03563066,AstraZeneca,INDUSTRY
NCT03287466,"University College, London",OTHER
NCT03287466,Royal Free Hospital NHS Foundation Trust,OTHER
NCT03287466,University Hospital Southampton NHS Foundation Trust,OTHER
NCT03287466,"National Institute for Health Research, United Kingdom",OTHER_GOV
NCT03287466,Royal Free Charity,UNKNOWN
NCT03381066,Yonsei University,OTHER
NCT06278766,AbbVie,INDUSTRY
NCT06039566,Medical University of South Carolina,OTHER
NCT06431256,"Ironshore Pharmaceuticals and Development, Inc",OTHER
NCT06431256,"Collegium Pharmaceutical, Inc.",INDUSTRY
NCT02688322,Sutep Jaruratanasirikul,OTHER
NCT02688322,Prince of Songkla University,OTHER
NCT00148122,University of Michigan Rogel Cancer Center,OTHER
NCT03676322,"Merck KGaA, Darmstadt, Germany",INDUSTRY
NCT00859222,"Patrick Y. Wen, MD",OTHER
NCT00859222,Brigham and Women's Hospital,OTHER
NCT00859222,Massachusetts General Hospital,OTHER
NCT00859222,Beth Israel Deaconess Medical Center,OTHER
NCT00859222,Northwestern University,OTHER
NCT00859222,University of Virginia,OTHER
NCT00859222,"Genentech, Inc.",INDUSTRY
NCT00859222,Novartis,INDUSTRY
NCT02245022,University of Liverpool,OTHER
NCT02245022,ViiV Healthcare,INDUSTRY
NCT02245022,Makerere University,OTHER
NCT06034002,Incyte Corporation,INDUSTRY
NCT01254331,Hoffmann-La Roche,INDUSTRY
NCT00590031,Memorial Sloan Kettering Cancer Center,OTHER
NCT00668031,Bayer,INDUSTRY
NCT00129831,Novartis,INDUSTRY
NCT00141531,"Spectrum Pharmaceuticals, Inc",INDUSTRY
NCT05803031,Ain Shams University,OTHER
NCT01702831,"University Health Network, Toronto",OTHER
NCT01702831,"Princess Margaret Hospital, Canada",OTHER
NCT01702831,"Otsuka Pharmaceutical Development & Commercialization, Inc.",INDUSTRY
NCT01702831,Celgene Corporation,INDUSTRY
NCT04713631,Sanjay Gandhi Postgraduate Institute of Medical Sciences,OTHER_GOV
NCT04713631,"St George's, University of London",OTHER
NCT07221253,AstraZeneca,INDUSTRY
NCT00293631,POZEN,INDUSTRY
NCT06413537,Spinogenix,INDUSTRY
NCT06413537,Avance Clinical Pty Ltd.,INDUSTRY
NCT01134237,National Taiwan University Hospital,OTHER
NCT02270437,Peking Union Medical College Hospital,OTHER
NCT07610837,AstraZeneca,INDUSTRY
NCT01888237,Mahidol University,OTHER
NCT01888237,"Takeda Pharmaceuticals International, Inc.",INDUSTRY
NCT01100437,Pfizer,INDUSTRY
NCT06531837,Beijing Tiantan Hospital,OTHER
NCT06165237,"Boryung Pharmaceutical Co., Ltd",INDUSTRY
NCT05871437,Fudan University,OTHER
NCT05871437,LinkDoc Technology (Beijing) Co. Ltd.,INDUSTRY
NCT05871437,Huazhong University of Science and Technology,OTHER
NCT03740737,Ferring Pharmaceuticals,INDUSTRY
NCT03836937,Sir Salimullah Medical College Mitford Hospital,OTHER_GOV
NCT03126695,AstraZeneca,INDUSTRY
NCT03126695,Parexel,INDUSTRY
NCT00456495,The New York Eye Cancer Center,OTHER
NCT00456495,"Genentech, Inc.",INDUSTRY
NCT06790095,"University of California, San Francisco",OTHER
NCT06790095,U.S. Army Medical Research and Development Command,FED
NCT00183339,"University of North Carolina, Chapel Hill",OTHER
NCT00183339,National Institute of Mental Health (NIMH),NIH
NCT06640439,Huashan Hospital,OTHER
NCT07067177,Al-Quds University,OTHER
NCT00780377,Vanderbilt University,OTHER
NCT00528177,Ullevaal University Hospital,OTHER
NCT00528177,University of Oslo,OTHER
NCT06227377,Quanta Therapeutics,INDUSTRY
NCT04868175,The University of Hong Kong,OTHER
NCT05688475,Bristol-Myers Squibb,INDUSTRY
NCT02732275,"Daiichi Sankyo Co., Ltd.",INDUSTRY
NCT02732275,Daiichi Sankyo,INDUSTRY
NCT01124175,Teva Pharmaceuticals USA,INDUSTRY
NCT01513057,Dr. Reddy's Laboratories Limited,INDUSTRY
NCT00000857,National Institute of Allergy and Infectious Diseases (NIAID),NIH
NCT00593957,"Hugo W. Moser Research Institute at Kennedy Krieger, Inc.",OTHER
NCT07481357,"Dong-A ST Co., Ltd.",INDUSTRY
NCT01578057,Vanda Pharmaceuticals,INDUSTRY
NCT05524857,Joseph Jurcic,OTHER
NCT05524857,Bristol-Myers Squibb,INDUSTRY
NCT01915901,Biogen,INDUSTRY
NCT02398201,Newcastle-upon-Tyne Hospitals NHS Trust,OTHER
NCT02398201,Newcastle University,OTHER
NCT05932212,Akeso,INDUSTRY
NCT01283412,Huazhong University of Science and Technology,OTHER
NCT00002012,Interferon Sciences,INDUSTRY
NCT02493712,"Holy Stone Healthcare Co., Ltd",INDUSTRY
NCT02493712,inVentiv Health Clinical,OTHER
NCT00888719,JW Pharmaceutical,INDUSTRY
NCT02308319,Samsung Medical Center,OTHER
NCT01044719,Imperial College London,OTHER
NCT02781519,Yale University,OTHER
NCT01866930,Bristol-Myers Squibb,INDUSTRY
NCT00826930,Diffusion Pharmaceuticals Inc,INDUSTRY
NCT03233230,"EMD Serono Research & Development Institute, Inc.",INDUSTRY
NCT03233230,"Merck KGaA, Darmstadt, Germany",INDUSTRY
NCT05384665,Centre Hospitalier Sud Francilien,OTHER
NCT01027065,Cytheris SA,INDUSTRY
NCT05258565,Assiut University,OTHER
NCT05258565,Aswan University Hospital,OTHER
NCT00683865,Bayer,INDUSTRY
NCT02255565,Seattle Children's Hospital,OTHER
NCT02255565,Pfizer,INDUSTRY
NCT04933565,Origo Biopharma,INDUSTRY
NCT00002265,Hoffmann-La Roche,INDUSTRY
NCT01398267,Hoffmann-La Roche,INDUSTRY
NCT02945267,Chinese PLA General Hospital,OTHER
NCT03592667,University of Guadalajara,OTHER
NCT04536467,Beni-Suef University,OTHER
NCT01820767,Ricardo Mouzo Mirco,OTHER
NCT07078500,"Second Affiliated Hospital, School of Medicine, Zhejiang University",OTHER
NCT07078500,The Second Affiliated Hospital of Jiaxing University,OTHER
NCT07078500,Taizhou First People's Hospital,OTHER
NCT07078500,Huzhou Central Hospital,OTHER
NCT07078500,Zhejiang Cancer Hospital,OTHER
NCT07078500,Dongyang People's Hospital,OTHER
NCT07078500,Yuyao People's Hospital,OTHER
NCT07078500,Taizhou Hospital,OTHER
NCT07078500,Shaoxing Central Hospital,OTHER
NCT07078500,Affiliated Hospital of Jiaxing University,OTHER
NCT07078500,Shaoxing People's Hospital,OTHER
NCT07078500,The Central Hospital of Lishui City,OTHER
NCT07078500,Second Affiliated Hospital of Wenzhou Medical University,OTHER
NCT07078500,Ningbo People's Hospital,UNKNOWN
NCT07078500,The People's Hospital of Quzhou,OTHER
NCT07078500,Zhuji People's Hospital of Zhejiang Province,OTHER
NCT07078500,First People's Hospital of Hangzhou,OTHER
NCT02763800,Bial - Portela C S.A.,INDUSTRY
NCT06607900,"Xuanwu Hospital, Beijing",OTHER
NCT02837900,"OrthoTrophix, Inc",INDUSTRY
NCT03619707,American University of Beirut Medical Center,OTHER
NCT00767507,The Medicines Company,INDUSTRY
NCT07303907,"Definium Therapeutics US, Inc.",INDUSTRY
NCT01569828,Novartis Pharmaceuticals,INDUSTRY
NCT03128528,University of Erlangen-Nürnberg Medical School,OTHER
NCT06139328,Boehringer Ingelheim,INDUSTRY
NCT04961528,Assistance Publique - Hôpitaux de Paris,OTHER
NCT04961528,"Ministry of Health, France",OTHER_GOV
NCT07124728,"Syntrillo, Inc",OTHER
NCT01829867,Newron Sweden AB,INDUSTRY
NCT02351700,"St. Joseph's Hospital and Medical Center, Phoenix",OTHER
NCT01125800,Novartis Pharmaceuticals,INDUSTRY
NCT02302092,Takeda,INDUSTRY
NCT00611936,Yale University,OTHER
NCT00611936,US Department of Veterans Affairs,FED
NCT00869336,Tinea Pharmaceuticals,INDUSTRY
NCT00753636,Northwestern University,OTHER
NCT00753636,Northwestern Memorial Hospital,OTHER
NCT04449536,University of Oslo,OTHER
NCT04449536,Oslo University Hospital,OTHER
NCT04449536,University of Oxford,OTHER
NCT06019936,Xi'An Aolitai Pharmaceutical Technology Co Ltd,INDUSTRY
NCT05515536,PTC Therapeutics,INDUSTRY
NCT05764811,National Cheng-Kung University Hospital,OTHER
NCT05539911,"Research Institute of Ophthalmology, Egypt",OTHER
NCT00321854,Boehringer Ingelheim,INDUSTRY
NCT00364741,"Rigshospitalet, Denmark",OTHER
NCT00364741,The Danish Medical Research Council,OTHER
NCT01131741,Seoul National University Hospital,OTHER
NCT00553605,Pfizer,INDUSTRY
NCT00025051,National Cancer Institute (NCI),NIH
NCT02020551,Kayseri Education and Research Hospital,OTHER_GOV
NCT06926751,"Cancer Institute and Hospital, Chinese Academy of Medical Sciences",OTHER
NCT04097756,"Shandong Luoxin Pharmaceutical Group Stock Co., Ltd.",INDUSTRY
NCT03924856,Merck Sharp & Dohme LLC,INDUSTRY
NCT05947851,Merck Sharp & Dohme LLC,INDUSTRY
NCT00110851,Wellstat Therapeutics,INDUSTRY
NCT02643251,BioDelivery Sciences International,INDUSTRY
NCT05375851,Hospital de Clinicas de Porto Alegre,OTHER
NCT00324051,Eli Lilly and Company,INDUSTRY
NCT02712151,Boston Children's Hospital,OTHER
NCT02084251,"PegBio Co., Ltd.",OTHER
NCT00335829,Yale University,OTHER
NCT00335829,National Cancer Institute (NCI),NIH
NCT00335829,Northwestern University,OTHER
NCT00006929,National Cancer Institute (NCI),NIH
NCT01782729,"Janssen-Cilag Ltd.,Thailand",INDUSTRY
NCT00101829,National Institute of Allergy and Infectious Diseases (NIAID),NIH
NCT00101829,Autoimmunity Centers of Excellence,OTHER
NCT01466231,"National Cancer Institute, Slovakia",OTHER_GOV
NCT04302402,Sanjay Gandhi Postgraduate Institute of Medical Sciences,OTHER_GOV
NCT04302402,Institute of Advanced Study in Science and Technology,UNKNOWN
NCT06062602,Presage Biosciences,INDUSTRY
NCT06062602,Takeda,INDUSTRY
NCT00700102,Hoffmann-La Roche,INDUSTRY
NCT00564902,"Chrysantis, Inc.",INDUSTRY
NCT00564902,"Kowa Company, Ltd.",INDUSTRY
NCT00564902,IMAGE TECHNOLOGIES INC.,INDUSTRY
NCT00151502,Pfizer's Upjohn has merged with Mylan to form Viatris Inc.,INDUSTRY
NCT00299702,"Johnson & Johnson Pharmaceutical Research & Development, L.L.C.",INDUSTRY
NCT00299702,"Janssen, LP",INDUSTRY
NCT02591953,Rush University Medical Center,OTHER
NCT02323737,Chinese Academy of Medical Sciences,OTHER
NCT02323737,China-Japan Friendship Hospital,OTHER
NCT02323737,Chinese PLA General Hospital,OTHER
NCT00103272,National Cancer Institute (NCI),NIH
NCT07187895,Sinotau Pharmaceutical Group,INDUSTRY
NCT04286295,Ottawa Heart Institute Research Corporation,OTHER
NCT06279039,"Nanjing First Hospital, Nanjing Medical University",OTHER
NCT01951677,Vaxine Pty Ltd,INDUSTRY
NCT01951677,Flinders Medical Centre,OTHER_GOV
NCT00004939,National Center for Research Resources (NCRR),NIH
NCT00004939,Mayo Clinic,OTHER
NCT01781377,G. d'Annunzio University,OTHER
NCT01781377,Azienda Ospedaliera San Gerardo di Monza,OTHER
NCT03609775,Idorsia Pharmaceuticals Ltd.,INDUSTRY
NCT02712775,Medical University of South Carolina,OTHER
NCT03744975,Mayo Clinic,OTHER
NCT00509275,"Stiefel, a GSK Company",INDUSTRY
NCT00509275,GlaxoSmithKline,INDUSTRY
NCT00363857,GlaxoSmithKline,INDUSTRY
NCT01385657,Regeneron Pharmaceuticals,INDUSTRY
NCT01385657,Sanofi,INDUSTRY
NCT07654257,Virginia Commonwealth University,OTHER
NCT01064557,Gruppo Italiano Malattie EMatologiche dell'Adulto,OTHER
NCT06237257,"Shanghai Shengdi Pharmaceutical Co., Ltd",INDUSTRY
NCT00911157,GlaxoSmithKline,INDUSTRY
NCT06082557,"Cancer Institute and Hospital, Chinese Academy of Medical Sciences",OTHER
NCT04898101,Acerta Pharma BV,INDUSTRY
NCT00186901,St. Jude Children's Research Hospital,OTHER
NCT00397501,OHSU Knight Cancer Institute,OTHER
NCT00397501,National Cancer Institute (NCI),NIH
NCT00766012,AstraZeneca,INDUSTRY
NCT04079712,National Cancer Institute (NCI),NIH
NCT01037881,LEO Pharma,INDUSTRY
NCT05062681,Cairo University,OTHER
NCT03232281,Ipsen,INDUSTRY
NCT07653581,Peking Union Medical College Hospital,OTHER
NCT00783081,"Kowa Research Institute, Inc.",INDUSTRY
NCT06993181,"Dong-A ST Co., Ltd.",INDUSTRY
NCT01122381,US Department of Veterans Affairs,FED
NCT01122381,Thomas Jefferson University,OTHER
NCT01122381,University of Pittsburgh,OTHER
NCT04532281,Zhejiang University,OTHER
NCT04532281,Yake Biotechnology Ltd.,INDUSTRY
NCT07596381,"InxMed (Shanghai) Co., Ltd.",INDUSTRY
NCT07596381,"InxMed (Nanjing) Co., Ltd.",UNKNOWN
NCT04129619,"OrphoMed, Inc.",INDUSTRY
NCT04129619,"PPD Development, LP",INDUSTRY
NCT01428219,University of Michigan Rogel Cancer Center,OTHER
NCT01428219,Exelixis,INDUSTRY
NCT00510419,Pfizer,INDUSTRY
NCT00249119,"Janssen, LP",INDUSTRY
NCT00030719,University of Leicester,OTHER
NCT01722630,Catholic University of the Sacred Heart,OTHER
NCT01965730,University of Pennsylvania,OTHER
NCT06754501,M.D. Anderson Cancer Center,OTHER
NCT06754501,"Genentech, Inc.",INDUSTRY
NCT06754501,Strategic Alliance,UNKNOWN
NCT06514430,Montefiore Medical Center,OTHER
NCT06583330,Beijing Friendship Hospital,OTHER
NCT01753128,Mahidol University,OTHER
NCT07222228,Premier Research,OTHER
NCT07222228,Eunice Kennedy Shriver National Institute of Child Health and Human Development (NICHD),NIH
NCT01401465,"Sumitomo Pharma America, Inc.",INDUSTRY
NCT06175065,"ReAlta Life Sciences, Inc.",INDUSTRY
NCT00375765,GlaxoSmithKline,INDUSTRY
NCT02607865,Novo Nordisk A/S,INDUSTRY
NCT02085265,Sunnybrook Health Sciences Centre,OTHER
NCT02085265,Alzheimer's Drug Discovery Foundation,OTHER
NCT02085265,Weston Brain Institute,OTHER
NCT05523765,"Priovant Therapeutics, Inc.",INDUSTRY
NCT02368665,HK inno.N Corporation,INDUSTRY
NCT05519865,"Chipscreen Biosciences, Ltd.",INDUSTRY
NCT05434065,National Taiwan University Hospital,OTHER
NCT00637065,Royal Brompton & Harefield NHS Foundation Trust,OTHER
NCT00637065,Actelion,INDUSTRY
NCT02506192,Minneapolis Veterans Affairs Medical Center,FED
NCT02506192,United States Department of Defense,FED
NCT00638092,University of Oxford,OTHER
NCT00638092,University of Dundee,OTHER
NCT00638092,"National Institute for Health Research, United Kingdom",OTHER_GOV
NCT00311402,Boehringer Ingelheim,INDUSTRY
NCT01887002,Ono Pharma USA Inc,INDUSTRY
NCT00896402,Northwell Health,OTHER
NCT04297202,The First Affiliated Hospital with Nanjing Medical University,OTHER
NCT04297202,"Jiangsu Hengrui Pharmaceutical Co., Ltd.",INDUSTRY
NCT00429702,University of South Florida,OTHER
NCT00429702,National Cancer Institute (NCI),NIH
NCT06218602,M.D. Anderson Cancer Center,OTHER
NCT01344902,Photocure,INDUSTRY
NCT06462053,Fudan University,OTHER
NCT05879653,Kyoto University Hospital,OTHER
NCT05879653,University of Tsukuba,OTHER
NCT05879653,Osaka Metropolitan University,OTHER
NCT05879653,Kobe City Medical Center General Hospital,UNKNOWN
NCT05879653,Merck Sharp & Dohme LLC,INDUSTRY
NCT05879653,Astellas Pharma Inc,INDUSTRY
NCT01141153,Hospital Universitari Vall d'Hebron Research Institute,OTHER
NCT03416153,University of Michigan Rogel Cancer Center,OTHER
NCT03416153,VA Ann Arbor Healthcare System,FED
NCT03416153,National Cancer Institute (NCI),NIH
NCT07711522,Istanbul Medipol University Hospital,OTHER
NCT00324922,University of Washington,OTHER
NCT02455622,Shire,INDUSTRY
NCT02455622,"Takeda Development Center Americas, Inc.",INDUSTRY
NCT05635851,Simon Fraser University,OTHER
NCT05635851,University of British Columbia,OTHER
NCT03589651,Incyte Corporation,INDUSTRY
NCT02755753,YongChan Lee,OTHER
NCT02755753,"Otsuka Pharmaceutical Co., Ltd.",INDUSTRY
NCT06937853,Ataturk University,OTHER
NCT01813253,"Kuhnil Pharmaceutical Co., Ltd.",INDUSTRY
NCT01813253,"Daiichi Sankyo Co., Ltd.",INDUSTRY
NCT06815653,"University College, London",OTHER
NCT00380653,"Cyclacel Pharmaceuticals, Inc.",INDUSTRY
NCT03224637,Assiut University,OTHER
NCT04857645,Groupe Francophone des Myelodysplasies,OTHER
NCT04857645,"Astex Pharmaceuticals, Inc.",INDUSTRY
NCT01534637,Wake Forest University Health Sciences,OTHER
NCT01534637,National Cancer Institute (NCI),NIH
NCT01534637,Merck Sharp & Dohme LLC,INDUSTRY
NCT02919072,Sintetica SA,INDUSTRY
NCT02919072,Cross Research S.A.,INDUSTRY
NCT01412372,University of Utah,OTHER
NCT01412372,"Shire Human Genetic Therapies, Inc.",INDUSTRY
NCT02107872,Regeneron Pharmaceuticals,INDUSTRY
NCT05965895,Beni-Suef University,OTHER
NCT00830895,Seoul National University Hospital,OTHER
NCT00005595,Northwestern University,OTHER
NCT00005595,National Cancer Institute (NCI),NIH
NCT02672995,National Taiwan University Hospital,OTHER
NCT01812239,Obstetrix Medical Group,INDUSTRY
NCT02606539,Maher elesawi kamel elesawi,OTHER
NCT07340177,Zhejiang Provincial People's Hospital,OTHER
NCT07360977,IRCCS Centro Neurolesi Bonino Pulejo,OTHER
NCT07360977,Fondazione Edmund Mach,OTHER
NCT07360977,Vittore Buzzi Children's Hospital,OTHER
NCT07360977,Azienda Sanitaria Provinciale Ragusa,OTHER
NCT06181175,Azienda Ospedaliero Universitaria Maggiore della Carita,OTHER
NCT00206375,Baylor College of Medicine,OTHER
NCT00206375,Eli Lilly and Company,INDUSTRY
NCT00206375,TAP Pharmaceutical Products Inc.,INDUSTRY
NCT01845675,Peking Union Medical College Hospital,OTHER
NCT02412657,Maisonneuve-Rosemont Hospital,OTHER
NCT03860857,"University of California, Irvine",OTHER
NCT03860857,National Institute on Aging (NIA),NIH
NCT02816957,Tanta University,OTHER
NCT00920257,GlaxoSmithKline,INDUSTRY
NCT00528957,Gilead Sciences,INDUSTRY
NCT01293201,"Magna Pharmaceuticals, Inc.",INDUSTRY
NCT04989101,Hôpital Universitaire Sahloul,OTHER
NCT01189201,Boehringer Ingelheim,INDUSTRY
NCT06081101,McMaster University,OTHER
NCT07051512,Tanta University,OTHER
NCT07198412,Benha University,OTHER
NCT03338881,"Calithera Biosciences, Inc",INDUSTRY
NCT00996281,Takeda,INDUSTRY
NCT00357981,"University of California, San Francisco",OTHER
NCT00357981,"Ortho-McNeil, Inc.",INDUSTRY
NCT05125081,Shanghai Jiao Tong University School of Medicine,OTHER
NCT05125081,Shanghai University of Traditional Chinese Medicine,OTHER
NCT06788912,Merck Sharp & Dohme LLC,INDUSTRY
NCT00471419,Alcon Research,INDUSTRY
NCT01394419,Yonsei University,OTHER
NCT06530719,Jin Ying,OTHER
NCT05726019,University of Sao Paulo General Hospital,OTHER
NCT06699030,Hepatopancreatobiliary Surgery Institute of Gansu Province,OTHER
NCT00729365,Northwestern University,OTHER
NCT00729365,Juvenile Diabetes Research Foundation,OTHER
NCT00729365,National Institute of Diabetes and Digestive and Kidney Diseases (NIDDK),NIH
NCT01485328,Laboratorio Saude Ltda.,INDUSTRY
NCT01485328,Phytopharm Consulting Brazil,NETWORK
NCT03302728,"Peter MacCallum Cancer Centre, Australia",OTHER
NCT06727630,"Zhuhai Yufan Biotechnologies Co., Ltd",INDUSTRY
NCT06302465,Peking University People's Hospital,OTHER
NCT03003065,Chinese University of Hong Kong,OTHER
NCT05775965,University of Calgary,OTHER
NCT05775965,Canadian Institutes of Health Research (CIHR),OTHER_GOV
NCT02358265,"Charite University, Berlin, Germany",OTHER
NCT00839865,Guiyang No.1 People's Hospital,OTHER
NCT00839865,Beijing University of Chinese Medicine,OTHER
NCT00839865,Third Military Medical University,OTHER
NCT02018965,McGill University Health Centre/Research Institute of the McGill University Health Centre,OTHER
NCT02018965,CIHR Canadian HIV Trials Network,NETWORK
NCT00572065,Weill Medical College of Cornell University,OTHER
NCT00514865,Ono Pharma USA Inc,INDUSTRY
NCT00004465,National Institute of Diabetes and Digestive and Kidney Diseases (NIDDK),NIH
NCT00004465,Long Island Jewish Medical Center,OTHER
NCT04045665,Icahn School of Medicine at Mount Sinai,OTHER
NCT04045665,"National Heart, Lung, and Blood Institute (NHLBI)",NIH
NCT04045665,Vanderbilt University Medical Center,OTHER
NCT00280865,AstraZeneca,INDUSTRY
NCT06237465,Yale University,OTHER
NCT00094965,Sanofi,INDUSTRY
NCT00855465,Bayer,INDUSTRY
NCT01332292,GlaxoSmithKline,INDUSTRY
NCT03617536,"Cara Therapeutics, Inc.",INDUSTRY
NCT00002336,Abbott,INDUSTRY
NCT00133536,National Institute of Allergy and Infectious Diseases (NIAID),NIH
NCT01976936,Columbia University,OTHER
NCT01976936,National Institute of Neurological Disorders and Stroke (NINDS),NIH
NCT05707936,Chang Gung Memorial Hospital,OTHER
NCT01610336,Novartis Pharmaceuticals,INDUSTRY
NCT04804111,JW Pharmaceutical,INDUSTRY
NCT00744211,VA Office of Research and Development,FED
NCT00744211,Medical University of South Carolina,OTHER
NCT03415711,VSL Pharmaceuticals,INDUSTRY
NCT03415711,Actial Farmaceutica S.r.l.,INDUSTRY
NCT03289871,Oystershell NV,INDUSTRY
NCT00494871,Bayer,INDUSTRY
NCT00494871,"Janssen R&D, L.L.C.",UNKNOWN
NCT05930171,Menoufia University,OTHER
NCT04093271,LifeSeasons Inc.,INDUSTRY
NCT04093271,KGK Science Inc.,INDUSTRY
NCT06756971,University of Iowa,OTHER
NCT04639271,Shandong Cancer Hospital and Institute,OTHER
NCT06642571,Novo Nordisk A/S,INDUSTRY
NCT00412971,Photocure,INDUSTRY
NCT01061671,University of Minnesota,OTHER
NCT01061671,"National Heart, Lung, and Blood Institute (NHLBI)",NIH
NCT01061671,Canadian Institutes of Health Research (CIHR),OTHER_GOV
NCT01061671,Ottawa Hospital Research Institute,OTHER
NCT00209144,Emory University,OTHER
NCT07515209,Huahui Health,INDUSTRY
NCT02244944,"Gregory Graf, PhD",OTHER
NCT01627834,Dr. Reddy's Laboratories Limited,INDUSTRY
NCT00045734,National Cancer Institute (NCI),NIH
NCT01158534,Case Comprehensive Cancer Center,OTHER
NCT01614964,Tulane University,OTHER
NCT01614964,"University of the Sciences, Techniques and Technologies of Bamako",OTHER
NCT06236009,Takeda,INDUSTRY
NCT06236009,"Takeda Development Center Americas, Inc.",INDUSTRY
NCT03116009,University of Illinois at Chicago,OTHER
NCT02781909,Fundació Institut Germans Trias i Pujol,OTHER
NCT02781909,"National Center for Tuberculosis and Lung Disease, Tbilisi, Georgia",OTHER
NCT05839899,Planned Parenthood League of Massachusetts,OTHER
NCT01938599,AmDerma,INDUSTRY
NCT01220999,Ludwig Institute for Cancer Research,OTHER
NCT01220999,Daiichi Sankyo,INDUSTRY
NCT00236899,Eli Lilly and Company,INDUSTRY
NCT00000699,National Institute of Allergy and Infectious Diseases (NIAID),NIH
NCT04152499,Klus Pharma Inc.,INDUSTRY
NCT06305832,The Affiliated Nanjing Drum Tower Hospital of Nanjing University Medical School,OTHER
NCT02062099,"University Hospital, Tours",OTHER
NCT02951299,Taipei Medical University Hospital,OTHER
NCT04091399,Contipro Pharma a.s.,OTHER
NCT06844799,Hansoh BioMedical R&D Company,INDUSTRY
NCT04536532,"Sunshine Lake Pharma Co., Ltd.",INDUSTRY
NCT02452463,Roswell Park Cancer Institute,OTHER
NCT02452463,National Cancer Institute (NCI),NIH
NCT05249387,Aalborg University,OTHER
NCT00483587,University Medical Center Groningen,OTHER
NCT01046487,Centre Oscar Lambret,OTHER
NCT01593787,Novartis Pharmaceuticals,INDUSTRY
NCT05388487,HighField Biopharmaceuticals Corporation,INDUSTRY
NCT05388487,"Tigermed Consulting Co., Ltd",INDUSTRY
NCT07367087,Dr Muhammad Naveed Shahzad,OTHER
NCT01599793,University of Chicago,OTHER
NCT01599793,Endeavor Health,OTHER
NCT07341893,Damanhour University,OTHER
NCT06149793,University of Minnesota,OTHER
NCT00453193,M.D. Anderson Cancer Center,OTHER
NCT00453193,"Astex Pharmaceuticals, Inc.",INDUSTRY
NCT00453193,Bayer,INDUSTRY
NCT05722093,"Second Affiliated Hospital, School of Medicine, Zhejiang University",OTHER
NCT05722093,The First Affiliated Hospital of Zhejiang Chinese Medical University,OTHER
NCT05722093,Hangzhou Hospital of Traditional Chinese Medicine,OTHER
NCT05722093,Suzhou Hospital of Traditional Chinese Medicine,OTHER
NCT06926621,Vertex Pharmaceuticals Incorporated,INDUSTRY
NCT07626021,"Zhongshan Hospital (Xiamen), Fudan University",OTHER
NCT07074821,Oman Ministry of Health,OTHER_GOV
NCT00022321,Jonsson Comprehensive Cancer Center,OTHER
NCT00022321,National Cancer Institute (NCI),NIH
NCT03193814,"Union Hospital, Tongji Medical College, Huazhong University of Science and Technology",OTHER
NCT05874414,Genfit,INDUSTRY
NCT00567814,"Embera NeuroTherapeutics, Inc.",INDUSTRY
NCT03140514,"University Hospital, Basel, Switzerland",OTHER
NCT02549014,Merck Sharp & Dohme LLC,INDUSTRY
NCT04414514,Milton S. Hershey Medical Center,OTHER
NCT04414514,Incyte Corporation,INDUSTRY
NCT07116616,"ModernaTX, Inc.",INDUSTRY
NCT02228616,Xian-Janssen Pharmaceutical Ltd.,INDUSTRY
NCT03752216,ARCAGY/ GINECO GROUP,OTHER
NCT03752216,"Tesaro, Inc.",INDUSTRY
NCT04984616,Juan D. Maya,OTHER
NCT03563716,"Genentech, Inc.",INDUSTRY
NCT01239706,University of Calgary,OTHER
NCT01239706,Stem Cell Therapeutics Corp.,INDUSTRY
NCT07006506,Memorial Sloan Kettering Cancer Center,OTHER
NCT05004506,Loyola University,OTHER
NCT03018106,Emory University,OTHER
NCT02542306,Hongjia Zhang,OTHER
NCT02542306,Beijing Anzhen Hospital,OTHER
NCT02060006,University of Stellenbosch,OTHER
NCT02060006,University of Pittsburgh,OTHER
NCT00346606,Lotus Pharmaceutical,INDUSTRY
NCT02164006,"TG Therapeutics, Inc.",INDUSTRY
NCT01155206,"University Health Network, Toronto",OTHER
NCT00391404,Chinese University of Hong Kong,OTHER
NCT03824704,pharmaand GmbH,INDUSTRY
NCT03824704,Bristol-Myers Squibb,INDUSTRY
NCT03824704,Foundation Medicine,INDUSTRY
NCT01380184,Merck Sharp & Dohme LLC,INDUSTRY
NCT03323684,Mansoura University,OTHER
NCT05991284,Ziekenhuis Oost-Limburg,OTHER
NCT05991284,Jessa Hospital,OTHER
NCT00183404,Drexel University,OTHER
NCT00183404,National Institute of Mental Health (NIMH),NIH
NCT07369284,Obstetrics & Gynecology Hospital of Fudan University,OTHER
NCT07369284,West China Second University Hospital,OTHER
NCT02680184,Regeneron Pharmaceuticals,INDUSTRY
NCT03591133,"Taisho Pharmaceutical Co., Ltd.",INDUSTRY
NCT00222833,University of Pittsburgh,OTHER
NCT00222833,Bristol-Myers Squibb,INDUSTRY
NCT06208033,Fujian Cancer Hospital,OTHER_GOV
NCT00914433,Syntara,INDUSTRY
NCT02697552,"HUYABIO International, LLC.",INDUSTRY
NCT01111552,"Otsuka Pharmaceutical Development & Commercialization, Inc.",INDUSTRY
NCT01808547,Sun Pharmaceutical Industries Limited,INDUSTRY
NCT01293747,Productos Científicos S. A. de C. V.,INDUSTRY
NCT00301847,National Cancer Institute (NCI),NIH
NCT02657447,Nordic Nanovector,INDUSTRY
NCT02587247,Nantes University Hospital,OTHER
NCT04992949,French Innovative Leukemia Organisation,OTHER
NCT04992949,Acute Leukemia French Association,OTHER
NCT04992949,French Intergroup of Myeloproliferative syndromes,UNKNOWN
NCT05384249,ACELYRIN Inc.,INDUSTRY
NCT05462938,University of Ioannina,OTHER
NCT06561438,Future University in Egypt,OTHER
NCT01820858,Ding Ma,OTHER
NCT01820858,Shandong University,OTHER
NCT01820858,Huazhong University of Science and Technology,OTHER
NCT01820858,Zhejiang University,OTHER
NCT00623558,Seoul National University Hospital,OTHER
NCT00623558,"Clinical Research Center for Solid Tumor, Korea",OTHER
NCT00198848,Johns Hopkins Bloomberg School of Public Health,OTHER
NCT00198848,Centers for Disease Control and Prevention,FED
NCT07512648,Caigang Liu,OTHER
NCT02277548,Abramson Cancer Center at Penn Medicine,OTHER
NCT04042948,Peking University Third Hospital,OTHER
NCT04608448,The University of Texas Health Science Center at San Antonio,OTHER
NCT04608448,National Institute on Aging (NIA),NIH
NCT00162955,Osaka City University,OTHER
NCT00823355,Mundipharma K.K.,INDUSTRY
NCT02626455,Bayer,INDUSTRY
NCT01568034,Bial - Portela C S.A.,INDUSTRY
NCT02433834,"Pearl Therapeutics, Inc.",INDUSTRY
NCT02361034,Glenmark Pharmaceuticals S.A.,INDUSTRY
NCT00360464,Pfizer,INDUSTRY
NCT02961634,MIP Brasil Indústria e Comércio de Produtos Farmacêuticos LTDA,INDUSTRY
NCT02961634,Buranello e Rodrigues Consultoria em Desenvolvimento Farmacêutico Ltda ME,INDUSTRY
NCT00884234,"Revance Therapeutics, Inc.",INDUSTRY
NCT05614934,Alexandria University,OTHER
NCT00407264,"Amsterdam UMC, location VUmc",OTHER
NCT00407264,GlaxoSmithKline,INDUSTRY
NCT00407264,The Netherlands Cancer Institute,OTHER
NCT03785964,"SpringWorks Therapeutics, Inc.",INDUSTRY
NCT02168309,Cedars-Sinai Medical Center,OTHER
NCT02372409,Washington University School of Medicine,OTHER
NCT01656109,The HIV Netherlands Australia Thailand Research Collaboration,OTHER
NCT01656109,"amfAR, The Foundation for AIDS Research",OTHER
NCT01656109,"National Health Security Office, Thailand",OTHER
NCT01656109,The Thai Government Pharmaceutical Organization (GPO),UNKNOWN
NCT02527564,Stanford University,OTHER
NCT02527564,Merck Sharp & Dohme LLC,INDUSTRY
NCT05131464,Keymed Biosciences Co.Ltd,INDUSTRY
NCT02872064,"University College, London",OTHER
NCT04831099,Erasmus Medical Center,OTHER
NCT01105299,Asan Medical Center,OTHER
NCT01105299,HK inno.N Corporation,INDUSTRY
NCT01066299,University of Zurich,OTHER
NCT01066299,University of Basel,OTHER
NCT01066299,University of Freiburg,OTHER
NCT01705899,Ohio State University,OTHER
NCT05859334,National Cancer Institute (NCI),NIH
NCT00167934,Washington University School of Medicine,OTHER
NCT00167934,National Institute of Mental Health (NIMH),NIH
NCT00281632,GlaxoSmithKline,INDUSTRY
NCT01033032,"SCRI Development Innovations, LLC",OTHER
NCT01033032,Celgene,INDUSTRY
NCT03544632,Johns Hopkins University,OTHER
NCT03544632,U.S. Army Medical Research and Development Command,FED
NCT03544632,Armed Forces Institute of Regenerative Medicine,FED
NCT02574832,Northwestern University,OTHER
NCT03473132,Brigham and Women's Hospital,OTHER
NCT03473132,CSL Behring,INDUSTRY
NCT03035032,Astellas Pharma Singapore Pte. Ltd.,INDUSTRY
NCT02334163,Ain Shams University,OTHER
NCT02334163,Al-Azhar University,OTHER
NCT00852163,Baylor Research Institute,OTHER
NCT00852163,"Genzyme, a Sanofi Company",INDUSTRY
NCT01559363,"Kadmon, a Sanofi Company",INDUSTRY
NCT07703163,West China Hospital,OTHER
NCT01424163,Knopp Biosciences,INDUSTRY
NCT01424163,Biogen,INDUSTRY
NCT01078363,Stanford University,OTHER
NCT01078363,VA Palo Alto Health Care System,FED
NCT01078363,Cedars-Sinai Medical Center,OTHER
NCT01846663,"Bausch Health Americas, Inc.",INDUSTRY
NCT02001363,"Chen Wei Ren, MD",OTHER
NCT02620163,Yuhan Corporation,INDUSTRY
NCT00940563,Novartis Pharmaceuticals,INDUSTRY
NCT05384587,Novartis Pharmaceuticals,INDUSTRY
NCT07437287,UNICANCER,OTHER
NCT07437287,Alligator Bioscience AB,INDUSTRY
NCT00882687,Shire,INDUSTRY
NCT07181187,Minghui Pharmaceutical (Hangzhou) Ltd,INDUSTRY
NCT03988387,Columbia University,OTHER
NCT03988387,Impact Research & Development Organization,OTHER
NCT03988387,National Institute of Mental Health (NIMH),NIH
NCT01742793,Yale University,OTHER
NCT01742793,"Peter MacCallum Cancer Centre, Australia",OTHER
NCT06161493,Haider Mahdi,OTHER
NCT06161493,GlaxoSmithKline,INDUSTRY
NCT06161493,Zenith Epigenetics,INDUSTRY
NCT02771093,Takeda,INDUSTRY
NCT00237393,Ralph H. Johnson VA Medical Center,FED
NCT00237393,AstraZeneca,INDUSTRY
NCT06742593,"Suzhou Maximum Bio-tech Co., Ltd.",INDUSTRY
NCT03994393,University of Sydney,OTHER
NCT03994393,AstraZeneca,INDUSTRY
NCT03994393,Australasian Lung Cancer Trials Group,OTHER
NCT07223021,Memorial Sloan Kettering Cancer Center,OTHER
NCT07223021,Princess Maxima Center for Pediatric Oncology,OTHER
NCT06225921,West China Hospital,OTHER
NCT01280214,"HaEmek Medical Center, Israel",OTHER
NCT03530514,Regeneron Pharmaceuticals,INDUSTRY
NCT06036914,Mayo Clinic,OTHER
NCT06025916,Karolinska Institutet,OTHER
NCT06025916,Stockholm South General Hospital,OTHER
NCT06025916,University of Cape Town,OTHER
NCT04176016,"OncoTherapy Science, Inc.",INDUSTRY
NCT00543816,Merck Sharp & Dohme LLC,INDUSTRY
NCT00101816,Bristol-Myers Squibb,INDUSTRY
NCT05386706,Shanghai 10th People's Hospital,OTHER
NCT06329206,"Suzhou Genhouse Bio Co., Ltd.",OTHER
NCT06329206,Zhejiang Cancer Hospital,OTHER
NCT06329206,Henan Cancer Hospital,OTHER_GOV
NCT06329206,Hubei Cancer Hospital,OTHER
NCT06329206,The First Affiliated Hospital of Zhengzhou University,OTHER
NCT04181606,"David N. Proctor, PhD",OTHER
NCT06873906,Ain Shams University,OTHER
NCT06548906,"Gan and Lee Pharmaceuticals, USA",INDUSTRY
NCT01853306,AbbVie,INDUSTRY
NCT03298906,"Janssen Research & Development, LLC",INDUSTRY
NCT03774706,Aswan University Hospital,OTHER
NCT04940104,British University In Egypt,OTHER
NCT03841604,Zambon SpA,INDUSTRY
NCT07581704,Christopher Strouse,OTHER
NCT03577704,Shanghai Henlius Biotech,INDUSTRY
NCT02035904,Fondazione IRCCS Policlinico San Matteo di Pavia,OTHER
NCT05971004,Tiss'You srl,INDUSTRY
NCT00091104,National Institutes of Health Clinical Center (CC),NIH
NCT00091104,National Cancer Institute (NCI),NIH
NCT04485104,Jazz Pharmaceuticals,INDUSTRY
NCT04485104,Jazz Pharmaceuticals Research UK Limited,INDUSTRY
NCT00083304,"Spectrum Pharmaceuticals, Inc",INDUSTRY
NCT05576584,"Fujian Akeylink Biotechnology Co., Ltd.",INDUSTRY
NCT05576584,The First Hospital of Jilin University,OTHER
NCT00152984,Boehringer Ingelheim,INDUSTRY
NCT01674933,University of Glasgow,OTHER
NCT01674933,NHS Research Scotland,OTHER
NCT02865733,Shanghai Jiao Tong University School of Medicine,OTHER
NCT06383533,Zhejiang Cancer Hospital,OTHER
NCT01626833,Assistance Publique - Hôpitaux de Paris,OTHER
NCT01626833,Novo Nordisk A/S,INDUSTRY
NCT00881452,Curemark,INDUSTRY
NCT01590433,Jody Dushay,OTHER
NCT01590433,AstraZeneca,INDUSTRY
NCT03310749,"Stendhal Americas, S.A.",INDUSTRY
NCT03310749,Universidad Nacional Autonoma de Mexico,OTHER
NCT03310749,LG Chem,INDUSTRY
NCT00208949,Emory University,OTHER
NCT05060549,New York State Psychiatric Institute,OTHER
NCT06542549,Anhui Provincial Hospital,OTHER_GOV
NCT06906549,"University Hospital, Strasbourg, France",OTHER
NCT02062749,M.D. Anderson Cancer Center,OTHER
NCT02376049,LEO Pharma,INDUSTRY
NCT07647133,"Shenzhen Salubris Pharmaceuticals Co., Ltd.",INDUSTRY
NCT00405652,Novartis Pharmaceuticals,INDUSTRY
NCT01387464,Sun Pharmaceutical Industries Limited,INDUSTRY
NCT06385964,"Guangdong Hengrui Pharmaceutical Co., Ltd",INDUSTRY
NCT06138964,National Skin Centre,NETWORK
NCT06713564,Integro Theranostics,INDUSTRY
NCT05157464,NYU Langone Health,OTHER
NCT01937364,Essentia Health,OTHER
NCT00092209,Organon and Co,INDUSTRY
NCT04458909,National Cancer Institute (NCI),NIH
NCT04458909,NRG Oncology,OTHER
NCT01485809,Seoul Veterans Hospital,OTHER
NCT02387099,GBG Forschungs GmbH,OTHER
NCT02387099,Novartis,INDUSTRY
NCT02817464,"Teva Branded Pharmaceutical Products R&D, Inc.",INDUSTRY
NCT02817464,FHI 360,OTHER
NCT00895609,Technical University of Munich,OTHER
NCT02902432,China International Medical Foundation,OTHER
NCT02902432,Chinese Society of Clinical Oncology,OTHER
NCT05284032,"Firas El Chaer, MD",OTHER
NCT00964132,"NuRx Pharmaceuticals, Inc.",INDUSTRY
NCT03311932,Neurocrine UK Limited,INDUSTRY
NCT03311932,Simbec Research,INDUSTRY
NCT03311932,Brush Clinical Research Ltd.,INDUSTRY
NCT03311932,Voet Consulting,INDUSTRY
NCT03311932,Bionical-Emas Pharma Ltd,UNKNOWN
NCT03311932,Medical Matters International Ltd,INDUSTRY
NCT03311932,Nichol Pharma Services Ltd.,UNKNOWN
NCT03091699,"Western University, Canada",OTHER
NCT01128699,Vanak Eye Surgery Center,OTHER
NCT05078944,"Shanghai Institute of Acupuncture, Moxibustion and Meridian",OTHER
NCT06830109,Washington University School of Medicine,OTHER
NCT04641299,AstraZeneca,INDUSTRY
NCT00147563,Pfizer,INDUSTRY
NCT06442709,Affiliated Hospital of Nantong University,OTHER
NCT03309163,Xinqiao Hospital of Chongqing,OTHER
NCT02631863,"Shanghai Fudan-Zhangjiang Bio-Pharmaceutical Co., Ltd.",INDUSTRY
NCT03189563,"Dong-A ST Co., Ltd.",INDUSTRY
NCT03193463,"Michael Vogelbaum, MD, PhD",OTHER
NCT03193463,"Infuseon Therapeutics, Inc.",INDUSTRY
NCT00446563,Novartis,INDUSTRY
NCT03041363,Juan Pascual,OTHER
NCT03041363,National Institute of Neurological Disorders and Stroke (NINDS),NIH
NCT02825563,"Chia Tai Tianqing Pharmaceutical Group Co., Ltd.",INDUSTRY
NCT02328963,"University Hospital, Bordeaux",OTHER
NCT02328963,Novartis,INDUSTRY
NCT06313463,Sun Yat-Sen Memorial Hospital of Sun Yat-Sen University,OTHER
NCT04288687,Abramson Cancer Center at Penn Medicine,OTHER
NCT02089087,Novartis Pharmaceuticals,INDUSTRY
NCT02618187,"Seres Therapeutics, Inc.",INDUSTRY
NCT06482593,Institucion Universitaria Colegios de Colombia,OTHER
NCT04193293,SecuraBio,INDUSTRY
NCT00797693,Hawler Medical University,OTHER
NCT00797693,HAWLER Maternity Hospital,UNKNOWN
NCT03473093,Assiut University,OTHER
NCT00835393,Teva Pharmaceuticals USA,INDUSTRY
NCT01898221,The Methodist Hospital Research Institute,OTHER
NCT01898221,National Institutes of Health (NIH),NIH
NCT01898221,"National Heart, Lung, and Blood Institute (NHLBI)",NIH
NCT04478721,Fundación Pública Andaluza para la gestión de la Investigación en Sevilla,OTHER
NCT04478721,Spanish Network for Research in Infectious Diseases,OTHER
NCT04478721,Spanish Clinical Research Network - SCReN,NETWORK
NCT07570121,Indiana University,OTHER
NCT07570121,Indiana Clinical and Translational Sciences Institute,OTHER
NCT02669914,Washington University School of Medicine,OTHER
NCT02669914,AstraZeneca,INDUSTRY
NCT00280514,Medical University of Vienna,OTHER
NCT01362114,Korea Health Industry Development Institute,OTHER_GOV
NCT04271514,"RAPT Therapeutics, Inc.",INDUSTRY
NCT01485614,Merck Sharp & Dohme LLC,INDUSTRY
NCT03312114,University of Texas Southwestern Medical Center,OTHER
NCT03312114,AstraZeneca,INDUSTRY
NCT04320316,University of Alabama at Birmingham,OTHER
NCT04320316,Ultragenyx Pharmaceutical Inc,INDUSTRY
NCT02664116,Scripps Health,OTHER
NCT02664116,Depomed,INDUSTRY
NCT06712316,BioNTech SE,INDUSTRY
NCT06712316,Bristol-Myers Squibb,INDUSTRY
NCT04503616,NYU Langone Health,OTHER
NCT02280616,Dr. Falk Pharma GmbH,INDUSTRY
NCT06873516,"Evommune, Inc.",INDUSTRY
NCT06544616,"Janssen Pharmaceutica N.V., Belgium",INDUSTRY
NCT04009616,Damascus University,OTHER
NCT01290406,Novartis Pharmaceuticals,INDUSTRY
NCT01516606,Andres J. M. Ferreri,OTHER
NCT03225716,Dana-Farber Cancer Institute,OTHER
NCT03225716,Bristol-Myers Squibb,INDUSTRY
NCT04904406,Thomas Benfield,OTHER
NCT01503606,Samsung Medical Center,OTHER
NCT05978206,"National Institute of Geriatrics, Rheumatology and Rehabilitation, Poland",NETWORK
NCT05978206,"Medical Research Agency, Poland",OTHER_GOV
NCT00650806,"Johnson & Johnson Pharmaceutical Research & Development, L.L.C.",INDUSTRY
NCT00550004,SciClone Pharmaceuticals,INDUSTRY
NCT02851004,Takayuki Yoshino,OTHER
NCT02851004,"Sumitomo Pharma Co., Ltd.",INDUSTRY
NCT06301204,Bezmialem Vakif University,OTHER
NCT02678104,Riyadh Colleges of Dentistry and Pharmacy,OTHER
NCT05657704,Fundación de Investigación Biomédica - Hospital Universitario de La Princesa,OTHER
NCT05657704,Hospital Universitario La Paz,OTHER
NCT05657704,Hospital Universitario Ramon y Cajal,OTHER
NCT05657704,Hospital Universitario Fundación Jiménez Díaz,OTHER
NCT05657704,Hospital Universitario San Juan de Alicante,OTHER
NCT05657704,Hospital Universitario de Burgos,OTHER
NCT05657704,"Hospital San Carlos, Madrid",OTHER
NCT05657704,Puerta de Hierro University Hospital,OTHER
NCT06748404,"University of California, San Diego",OTHER
NCT01278004,Royal Marsden NHS Foundation Trust,OTHER
NCT01278004,Imperial College London,OTHER
NCT01671904,"Genentech, Inc.",INDUSTRY
NCT01671904,"AbbVie (prior sponsor, Abbott)",INDUSTRY
NCT02500784,Palo Alto Veterans Institute for Research,OTHER
NCT02500784,Alzheimer's Association,OTHER
NCT02500784,Mylan Inc.,INDUSTRY
NCT01436084,M.D. Anderson Cancer Center,OTHER
NCT01436084,S*BIO,INDUSTRY
NCT05226533,Daewoong Pharmaceutical Co. LTD.,INDUSTRY
NCT03600233,"TaiRx, Inc.",INDUSTRY
NCT02418533,Main Line Fertility Center,OTHER
NCT04297033,Beijing Tiantan Hospital,OTHER
NCT04546633,Novartis Pharmaceuticals,INDUSTRY
NCT04546633,European and Developing Countries Clinical Trials Partnership (EDCTP),OTHER_GOV
NCT07692152,"Cancer Institute and Hospital, Chinese Academy of Medical Sciences",OTHER
NCT00938652,Sanofi,INDUSTRY
NCT01263652,Western Galilee Hospital-Nahariya,OTHER_GOV
NCT02720952,Neurocrine UK Limited,INDUSTRY
NCT02720952,Treatment of Adrenal Insufficiency in Neonates consortium (TAIN),UNKNOWN
NCT01295047,Cardiff University,OTHER
NCT02500147,Columbia University,OTHER
NCT06721247,Zagazig University,OTHER_GOV
NCT02584647,Gulam Manji,OTHER
NCT02584647,Daiichi Sankyo,INDUSTRY
NCT02097238,National Cancer Institute (NCI),NIH
NCT02514538,Fundacio d'Investigacio en Atencio Primaria Jordi Gol i Gurina,OTHER
NCT01516138,Xijing Hospital,OTHER
NCT01361958,Theramex,INDUSTRY
NCT00769158,Bankole Johnson,OTHER
NCT07706348,Assiut University,OTHER
NCT00483158,MerLion Pharmaceuticals GmbH,INDUSTRY
NCT05063058,"Charite University, Berlin, Germany",OTHER
NCT05063058,Max-Planck Institut,UNKNOWN
NCT05063058,Alacris,UNKNOWN
NCT02622958,"Pherin Pharmaceuticals, Inc.",INDUSTRY
NCT00646958,"Melinta Therapeutics, Inc.",INDUSTRY
NCT01755234,Northwestern University,OTHER
NCT03714334,"Clinica Universidad de Navarra, Universidad de Navarra",OTHER
NCT03714334,"DNAtrix, Inc.",INDUSTRY
NCT00703534,AstraZeneca,INDUSTRY
NCT02508064,ViiV Healthcare,INDUSTRY
NCT02508064,GlaxoSmithKline,INDUSTRY
NCT07362264,"Nanjing Sanhome Pharmaceutical, Co., Ltd.",INDUSTRY
NCT06257264,BeiGene,INDUSTRY
NCT02892409,Takeda,INDUSTRY
NCT01038609,"AbbVie (prior sponsor, Abbott)",INDUSTRY
NCT02205099,"SK Life Science, Inc.",INDUSTRY
NCT04195399,Children's Oncology Group,NETWORK
NCT04195399,National Cancer Institute (NCI),NIH
NCT04195399,"SpringWorks Therapeutics, Inc.",INDUSTRY
NCT00383799,Hospital General Universitario Gregorio Marañon,OTHER
NCT05654064,"Children's Hospital Medical Center, Cincinnati",OTHER
NCT00039364,European Organisation for Research and Treatment of Cancer - EORTC,NETWORK
NCT05934409,Université de Sherbrooke,OTHER
NCT05934409,"Institut universitaire de cardiologie et de pneumologie de Québec, University Laval",OTHER
NCT05934409,Centre de recherche du Centre hospitalier universitaire de Sherbrooke,OTHER
NCT00821964,University of Washington,OTHER
NCT00821964,National Cancer Institute (NCI),NIH
NCT02316964,Sumithira Vasu,OTHER
NCT00037609,M.D. Anderson Cancer Center,OTHER
NCT00037609,Cell Pathways,INDUSTRY
NCT01686009,Lions Gate Hospital,OTHER
NCT01686009,North Shore Health Research Foundation,UNKNOWN
NCT06620809,Tongji Hospital,OTHER
NCT06620809,"iRegene Therapeutics Co., Ltd.",INDUSTRY
NCT06936709,Geisinger Clinic,OTHER
NCT06936709,"St. Luke's Hospital, Kansas City, Missouri",OTHER
NCT07391709,Trabzon Kanuni Education and Research Hospital,OTHER
NCT07391709,Karadeniz Technical University,OTHER
NCT05490134,Medical University of South Carolina,OTHER
NCT01923064,Shanghai Zhongshan Hospital,OTHER
NCT00216164,Hoosier Cancer Research Network,OTHER
NCT00216164,Eli Lilly and Company,INDUSTRY
NCT00216164,Walther Cancer Institute,OTHER
NCT00002764,European Organisation for Research and Treatment of Cancer - EORTC,NETWORK
NCT00002764,Eastern Cooperative Oncology Group,NETWORK
NCT00002764,Scandinavian Sarcoma Group,OTHER
NCT00002764,SWOG Cancer Research Network,NETWORK
NCT05503264,Hoffmann-La Roche,INDUSTRY
NCT05503264,Chugai Pharmaceutical,INDUSTRY
NCT06773364,Shanghai East Hospital,OTHER
NCT05646264,Shanghai Mental Health Center,OTHER
NCT05646264,Tianjin Anding Hospital,OTHER
NCT00358163,Dana-Farber Cancer Institute,OTHER
NCT00358163,Novartis Pharmaceuticals,INDUSTRY
NCT00358163,Beth Israel Deaconess Medical Center,OTHER
NCT00358163,Brigham and Women's Hospital,OTHER
NCT00358163,Massachusetts General Hospital,OTHER
NCT00369863,Shahid Beheshti University of Medical Sciences,OTHER
NCT03649763,New York School of Regional Anesthesia,OTHER
NCT03001609,"Hangzhou ACEA Pharmaceutical Research Co., Ltd.",INDUSTRY
NCT04620109,Guangzhou HuiBoRui Biological Pharmaceutical Technology Co. Ltd,INDUSTRY
NCT04620109,Parexel,INDUSTRY
NCT01038063,Liverpool School of Tropical Medicine,OTHER
NCT01038063,Malawi-Liverpool-Wellcome Trust Clinical Research Programme,OTHER
NCT01038063,"National Malaria Control Programme, Malawi",OTHER_GOV
NCT01038063,Research for Equity and Community Health Trust,UNKNOWN
NCT04020263,Pr Bruno LEVY,OTHER
NCT06434363,M.D. Anderson Cancer Center,OTHER
NCT07287163,Praxis Precision Medicines,INDUSTRY
NCT04749563,"IGC Pharma, LLC",INDUSTRY
NCT02342314,Eli Lilly and Company,INDUSTRY
NCT03690414,Hai Yen Eye Care,INDUSTRY
NCT03690414,Brien Holden Vision,INDUSTRY
NCT06510114,"Third Affiliated Hospital, Sun Yat-Sen University",OTHER
NCT02891616,Washington University School of Medicine,OTHER
NCT01070316,"Children's Hospital Medical Center, Cincinnati",OTHER
NCT01070316,Novartis,INDUSTRY
NCT03770416,M.D. Anderson Cancer Center,OTHER
NCT03770416,National Cancer Institute (NCI),NIH
NCT01867216,Eli Lilly and Company,INDUSTRY
NCT02937116,Innovent Biologics (Suzhou) Co. Ltd.,INDUSTRY
NCT05980806,Karyopharm Therapeutics Inc,INDUSTRY
NCT03556384,"Adam Burgoyne, MD, PhD",OTHER
NCT05901584,Second Affiliated Hospital of Zunyi Medical University,OTHER
NCT05901584,Guizhou Provincial People's Hospital,OTHER
NCT05901584,The First People's Hospital of Zunyi,OTHER
NCT05901584,Guizhou Tongren People's Hospital,UNKNOWN
NCT05901584,"The People""s Hospital of Xingyi",UNKNOWN
NCT05901584,The Second Affiliated Hospital of Guizhou Medical University,UNKNOWN
NCT01050933,Queen's University,OTHER
NCT01050933,The Physicians' Services Incorporated Foundation,OTHER
NCT00142233,University Medicine Greifswald,OTHER
NCT01703533,Neuren Pharmaceuticals Limited,INDUSTRY
NCT01703533,Baylor College of Medicine,OTHER
NCT01703533,International Rett Syndrome Foundation,OTHER
NCT02054052,"Haihong Yang, MD, Pricipal investigator",OTHER
NCT00964249,GlaxoSmithKline,INDUSTRY
NCT06699849,CSL Behring,INDUSTRY
NCT05369949,Cliniques universitaires Saint-Luc- Université Catholique de Louvain,OTHER
NCT05358249,Novartis Pharmaceuticals,INDUSTRY
NCT00327249,AmpliMed Corporation,INDUSTRY
NCT07213349,Douglas Mental Health University Institute,OTHER
NCT07213349,Weston Family Foundation,OTHER
NCT00981149,"University of Maryland, Baltimore",OTHER
NCT01061749,National Cancer Institute (NCI),NIH
NCT01434849,Alice K. Gong,OTHER
NCT02572349,Cyclerion Therapeutics,INDUSTRY
NCT01681849,Emory University,OTHER
NCT01681849,National Institute of Mental Health (NIMH),NIH
NCT06874049,Hagar Muhammad Abdulfattah Muhammad,OTHER
NCT01514149,ConjuChem,INDUSTRY
NCT00563849,Sanofi,INDUSTRY
NCT00548249,"Rockwell Medical Technologies, Inc.",INDUSTRY
NCT01320449,University of Aarhus,OTHER
NCT01367249,Bausch & Lomb Incorporated,INDUSTRY
NCT00507949,Rottapharm Spain,INDUSTRY
NCT04444349,Nanjing Medical University,OTHER
NCT04444349,The First Affiliated Hospital with Nanjing Medical University,OTHER
NCT04444349,Beijing Anzhen Hospital,OTHER
NCT04444349,West China Hospital,OTHER
NCT04444349,The First Affiliated Hospital of Guangzhou Medical University,OTHER
NCT01521949,"University of Colorado, Denver",OTHER
NCT00485849,Eli Lilly and Company,INDUSTRY
NCT07436949,Bambusa Therapeutics,INDUSTRY
NCT01739049,Universiti Kebangsaan Malaysia Medical Centre,OTHER
NCT03852849,"National Center for AIDS/STD Control and Prevention, China CDC",OTHER_GOV
NCT03852849,Yunnan Center for Disease Control and Prevention,OTHER
NCT03852849,Yunnan AIDS Care Center,OTHER
NCT01988649,Northwestern University,OTHER
NCT01304849,Cancer Institute WIA,OTHER
NCT00745849,University of Texas Southwestern Medical Center,OTHER
NCT00745849,AstraZeneca,INDUSTRY
NCT05403749,Innovent Biologics (Suzhou) Co. Ltd.,INDUSTRY
NCT01206049,Vejle Hospital,OTHER
NCT01333449,Singapore General Hospital,OTHER
NCT01333449,Johnson & Johnson,INDUSTRY
NCT05380349,Swedish Medical Center,OTHER
NCT04671849,"Jiangsu Simcere Pharmaceutical Co., Ltd.",INDUSTRY
NCT05347849,Beckley Psytech Limited,INDUSTRY
NCT03699449,Yonsei University,OTHER
NCT03699449,AstraZeneca,INDUSTRY
NCT03699449,Samsung Genomic Institute,UNKNOWN
NCT03699449,Seoul National University Hospital,OTHER
NCT03699449,Samsung Medical Center,OTHER
NCT03699449,Korean Gynecologic Oncology Group,OTHER
NCT01420549,Ache Laboratorios Farmaceuticos S.A.,INDUSTRY
NCT00923949,National Cancer Institute (NCI),NIH
NCT00712049,Medical University of Vienna,OTHER
NCT05644249,Vilnius University,OTHER
NCT05644249,Vilnius University Hospital Santaros Klinikos,OTHER
NCT05644249,National Cancer Institute (NCI),NIH
NCT02851849,Ligand Pharmaceuticals,INDUSTRY
NCT00511849,Pfizer,INDUSTRY
NCT07462949,Guangzhou General Hospital of Guangzhou Military Command,OTHER
NCT01356849,"AbbVie (prior sponsor, Abbott)",INDUSTRY
NCT04164238,First Affiliated Hospital of Zhejiang University,OTHER
NCT01423838,Adana Numune Training and Research Hospital,OTHER_GOV
NCT01423838,Kocaeli University,OTHER
NCT01423838,Akdeniz University,OTHER
NCT01423838,Cukurova University,OTHER
NCT01423838,Baskent University,OTHER
NCT01423838,Ankara University,OTHER
NCT01423838,University of Gaziantep,OTHER
NCT01423838,Inonu University,OTHER
NCT01423838,Gaziosmanpasa University,UNKNOWN
NCT01423838,Kahramanmaras Sutcu Imam University,OTHER
NCT00544258,Peplin,INDUSTRY
NCT00437658,AbbVie,INDUSTRY
NCT00616655,"Sumitomo Pharma America, Inc.",INDUSTRY
NCT01790555,Radboud University Medical Center,OTHER
NCT00976755,Swiss Cancer Institute,OTHER
NCT01789255,National Cancer Institute (NCI),NIH
NCT02857244,University of Chicago,OTHER
NCT03507244,The First Hospital of Jilin University,OTHER
NCT01805934,Shanghai Jiao Tong University School of Medicine,OTHER
NCT02604134,Arwa Owais,OTHER
NCT02604134,Delta Dental of Iowa,OTHER
NCT05492734,"Edgewise Therapeutics, Inc.",INDUSTRY
NCT00711464,"University of California, Los Angeles",OTHER
NCT03165864,"Ionis Pharmaceuticals, Inc.",INDUSTRY
NCT04895709,Bristol-Myers Squibb,INDUSTRY
NCT01973309,"OncoMed Pharmaceuticals, Inc.",INDUSTRY
NCT04002934,"Riley Bove, MD",OTHER
NCT02912364,Stanford University,OTHER
NCT02912364,"Sumitomo Pharma America, Inc.",INDUSTRY
NCT03646864,Idorsia Pharmaceuticals Ltd.,INDUSTRY
NCT07444164,Laboratorios Silanes S.A. de C.V.,INDUSTRY
NCT01322464,Jazz Pharmaceuticals,INDUSTRY
NCT01674309,Federation Francophone de Cancerologie Digestive,OTHER
NCT02441244,"University Health Network, Toronto",OTHER
NCT02441244,CIHR Canadian HIV Trials Network,NETWORK
NCT00773344,Bristol-Myers Squibb,INDUSTRY
NCT00296634,National Institute of Allergy and Infectious Diseases (NIAID),NIH
NCT00429234,M.D. Anderson Cancer Center,OTHER
NCT00429234,Bristol-Myers Squibb,INDUSTRY
NCT00746434,AstraZeneca,INDUSTRY
NCT00746434,Fougera Pharmaceuticals Inc.,INDUSTRY
NCT05726734,Shanghai East Hospital,OTHER
NCT00594464,UCB Pharma,INDUSTRY
NCT01296464,"Orion Corporation, Orion Pharma",INDUSTRY
NCT01555632,University of Nebraska,OTHER
NCT01555632,National Cancer Institute (NCI),NIH
NCT04251832,Soraia Azevedo,OTHER
NCT02385032,Daewoong Pharmaceutical Co. LTD.,INDUSTRY
NCT05216432,"Relay Therapeutics, Inc.",INDUSTRY
NCT02620332,King's College London,OTHER
NCT02620332,Guy's and St Thomas' NHS Foundation Trust,OTHER
NCT01896232,Amgen,INDUSTRY
NCT05385432,"University Hospital, Tours",OTHER
NCT00059332,Jeffrey L. Saver,OTHER
NCT00059332,National Institute of Neurological Disorders and Stroke (NINDS),NIH
NCT03578432,University of Arizona,OTHER
NCT03578432,National Cancer Institute (NCI),NIH
NCT03560232,Mercy Health Ohio,OTHER
NCT03194932,St. Jude Children's Research Hospital,OTHER
NCT03194932,Gateway for Cancer Research,OTHER
NCT06837532,Ain Shams University,OTHER
NCT01505998,Dr. Reddy's Laboratories Limited,INDUSTRY
NCT03050164,"Hunan Kelun Pharmaceutical Co., Ltd.",INDUSTRY
NCT01029509,M.D. Anderson Cancer Center,OTHER
NCT01029509,"Otsuka Pharmaceutical Co., Ltd.",INDUSTRY
NCT02841098,Centre Hospitalier St Anne,OTHER
NCT02841098,Hôpitaux Universitaires Paris Ile-de-Franc Ouest,OTHER
NCT04030598,"Ionis Pharmaceuticals, Inc.",INDUSTRY
NCT03801798,Green Cross Corporation,INDUSTRY
NCT01130298,AbbVie,INDUSTRY
NCT07686198,"Goldman, Butterwick, Fitzpatrick and Groff",OTHER
NCT07686198,Rapalogix,UNKNOWN
NCT06583863,Benha University,OTHER
NCT07535463,Memorial Sloan Kettering Cancer Center,OTHER
NCT07535463,Summit Therapeutics,INDUSTRY
NCT04873063,SOFAR S.p.A.,INDUSTRY
NCT05239663,Sun Yat-sen University,OTHER
NCT06647563,Shanghai Ninth People's Hospital Affiliated to Shanghai Jiao Tong University,OTHER
NCT01929863,GlaxoSmithKline,INDUSTRY
NCT01929863,Elite Research Institute,UNKNOWN
NCT06687993,Centre Hospitalier St Anne,OTHER
NCT06687993,Université Paris Cité,OTHER
NCT06687993,"Institut National de la Santé Et de la Recherche Médicale, France",OTHER_GOV
NCT00896493,Stanford University,OTHER
NCT07064993,Arzu Esen Tekeli,OTHER
NCT02100293,Seoul National University Hospital,OTHER
NCT06528093,Boehringer Ingelheim,INDUSTRY
NCT02232893,Tsumura USA,INDUSTRY
NCT02232893,Cato Research,INDUSTRY
NCT00589693,"Johnson & Johnson Pharmaceutical Research & Development, L.L.C.",INDUSTRY
NCT02450214,University of Chile,OTHER
NCT01971814,"University of California, San Francisco",OTHER
NCT07635914,"CSPC Zhongnuo Pharmaceutical (Shijiazhuang) Co., Ltd.",INDUSTRY
NCT02134314,Cedars-Sinai Medical Center,OTHER
NCT05970016,"Beijing Tide Pharmaceutical Co., Ltd",INDUSTRY
NCT01314716,Gilead Sciences,INDUSTRY
NCT02150616,University of Zurich,OTHER
NCT01988116,University of Alabama at Birmingham,OTHER
NCT00287716,"Genentech, Inc.",INDUSTRY
NCT02019706,National Institute of Diabetes and Digestive and Kidney Diseases (NIDDK),NIH
NCT00005906,"National Heart, Lung, and Blood Institute (NHLBI)",NIH
NCT04410406,Washington University School of Medicine,OTHER
NCT04410406,Case Western Reserve University,OTHER
NCT04410406,Centre Suisse de Recherches Scientifiques en Cote d'Ivoire,OTHER
NCT02128906,Christopher Wilke,OTHER
NCT01660906,Bristol-Myers Squibb,INDUSTRY
NCT05658484,Biogen,INDUSTRY
NCT02345733,Prof. Arie Levine,OTHER_GOV
NCT02493933,Kasr El Aini Hospital,OTHER
NCT02279433,Nuvation Bio Inc.,INDUSTRY
NCT02279433,AnHeart Therapeutics Inc.,INDUSTRY
NCT05190133,Korea United Pharm. Inc.,INDUSTRY
NCT04245033,"National Institute for Medical Research, Tanzania",OTHER_GOV
NCT04245033,National Malaria Control Program,OTHER
NCT02811133,"Ronald M. Glick, MD",OTHER
NCT02811133,The Fine Foundation,UNKNOWN
NCT02811133,Jarrow Formulas Inc,INDUSTRY
NCT00615433,"Sumitomo Pharma America, Inc.",INDUSTRY
NCT01141049,New York State Psychiatric Institute,OTHER
NCT03163849,Assiut University,OTHER
NCT06716749,Carilion Clinic,OTHER
NCT06834347,Sanofi,INDUSTRY
NCT06834347,Regeneron Pharmaceuticals,INDUSTRY
NCT05939947,Alentis Therapeutics AG,INDUSTRY
NCT02316249,Northwell Health,OTHER
NCT04333147,GlaxoSmithKline,INDUSTRY
NCT04333147,IQVIA Pty Ltd,INDUSTRY
NCT05206149,A.O.U. Città della Salute e della Scienza,OTHER
NCT06070649,Yale University,OTHER
NCT06070649,National Institute on Alcohol Abuse and Alcoholism (NIAAA),NIH
NCT05134649,AbbVie,INDUSTRY
NCT07048249,"Children's Hospital Medical Center, Cincinnati",OTHER
NCT00465452,University of Toledo,OTHER
NCT02564952,Jazz Pharmaceuticals,INDUSTRY
NCT03866252,"University Hospital, Basel, Switzerland",OTHER
NCT03866252,Department of Psychiatry Basel (UPK Basel; Prof. Dr. med. Stefan Borgwardt),UNKNOWN
NCT04156347,"Targeted Therapy Technologies, LLC",INDUSTRY
NCT01972347,Melanoma Institute Australia,OTHER
NCT00674947,Biogen,INDUSTRY
NCT02386449,Ferring Pharmaceuticals,INDUSTRY
NCT04601038,Johns Hopkins University,OTHER
NCT04601038,Private Philanthropic Funds,OTHER
NCT06513338,Peking University First Hospital,OTHER
NCT06768138,"Central Hospital, Nancy, France",OTHER
NCT03909334,Xiuning Le,OTHER
NCT03909334,M.D. Anderson Cancer Center,OTHER
NCT03909334,Eli Lilly and Company,INDUSTRY
NCT00950534,Sanofi,INDUSTRY
NCT07689344,"Institute of Dermatology, Thailand",OTHER_GOV
NCT02865434,Navidea Biopharmaceuticals,INDUSTRY
NCT07631364,Assistance Publique - Hôpitaux de Paris,OTHER
NCT05753644,Peking University People's Hospital,OTHER
NCT06398444,Sinotau Pharmaceutical Group,INDUSTRY
NCT02694809,Northwestern University,OTHER
NCT02694809,National Cancer Institute (NCI),NIH
NCT02694809,Pfizer,INDUSTRY
NCT02694809,University of Chicago,OTHER
NCT02694809,"University of California, San Francisco",OTHER
NCT03815344,Antonios Likourezos,OTHER
NCT04044534,VA Connecticut Healthcare System,FED
NCT06177964,Darell Bigner,OTHER
NCT06177964,"Istari Oncology, Inc.",INDUSTRY
NCT04035564,"Hospital del Niño ""Dr. Federico Gomez Santos""",OTHER
NCT02583009,Amorepacific Corporation,INDUSTRY
NCT04315909,Mashhad University of Medical Sciences,OTHER
NCT01181609,Hoffmann-La Roche,INDUSTRY
NCT03980509,Medical University of South Carolina,OTHER
NCT04040309,Lithuanian University of Health Sciences,OTHER
NCT04481009,"Eucure (Beijing) Biopharma Co., Ltd",INDUSTRY
NCT01403064,CSL Behring,INDUSTRY
NCT01154764,"CrystalGenomics, Inc.",INDUSTRY
NCT05188664,LaNova Australia Pty Limited,INDUSTRY
NCT05527899,Tufts University,OTHER
NCT05527899,"National Heart, Lung, and Blood Institute (NHLBI)",NIH
NCT02626299,University of Kansas Medical Center,OTHER
NCT02626299,University of Cincinnati,OTHER
NCT02626299,Ohio State University,OTHER
NCT02626299,Nationwide Children's Hospital,OTHER
NCT01982799,University of Minnesota,OTHER
NCT03056599,Presage Biosciences,INDUSTRY
NCT03056599,Fred Hutchinson Cancer Center,OTHER
NCT03056599,University of Washington,OTHER
NCT03056599,Northwell Health,OTHER
NCT03056599,Oregon Health and Science University,OTHER
NCT01620099,Università degli Studi di Ferrara,OTHER
NCT01620099,Chiesi Farmaceutici S.p.A.,INDUSTRY
NCT02247232,Zeria Pharmaceutical,INDUSTRY
NCT00050232,Avanir Pharmaceuticals,INDUSTRY
NCT02091999,"Astellas Pharma Global Development, Inc.",INDUSTRY
NCT02091999,Seagen Inc.,INDUSTRY
NCT02517099,Imperial College London,OTHER
NCT02517099,"National Institute for Health Research, United Kingdom",OTHER_GOV
NCT00010699,National Center for Complementary and Integrative Health (NCCIH),NIH
NCT00010699,Office of Dietary Supplements (ODS),NIH
NCT06904599,Hospital Universitario Dr. Jose E. Gonzalez,OTHER
NCT06904599,Marisa Romero Martínez,UNKNOWN
NCT06904599,Dr. José Carlos Jaime Perez,UNKNOWN
NCT06904599,Dr. David Gómez Almaguer,UNKNOWN
NCT06904599,Dra. Consuelo Mancias Guerra,UNKNOWN
NCT06904599,Dr. Andrés Gómez de León,UNKNOWN
NCT06904599,Dra. Olga Graciela Catú Rodríguez,UNKNOWN
NCT06904599,Dra. Perla Colunga Pedraza,UNKNOWN
NCT06904599,Dra. Michelle Morcos Sandino,UNKNOWN
NCT07208799,Nishtar Medical University,OTHER
NCT00124332,Sanofi,INDUSTRY
NCT07323732,Memorial Sloan Kettering Cancer Center,OTHER
NCT01403363,Meir Medical Center,OTHER
NCT02683863,Multiple Sclerosis Center of Northeastern New York,OTHER
NCT02683863,Biogen,INDUSTRY
NCT02915263,Beth Israel Deaconess Medical Center,OTHER
NCT02915263,"Grifols Biologicals, LLC",INDUSTRY
NCT02352987,"Bangabandhu Sheikh Mujib Medical University, Dhaka, Bangladesh",OTHER
NCT07183787,Sidra Salman,OTHER
NCT01233687,Ahmad Tarhini,OTHER
NCT01233687,Amgen,INDUSTRY
NCT02267187,University of Pittsburgh,OTHER
NCT02267187,United States Department of Defense,FED
NCT01071187,Johannes Gutenberg University Mainz,OTHER
NCT01071187,Pfizer,INDUSTRY
NCT02713893,Aziende Chimiche Riunite Angelini Francesco S.p.A,INDUSTRY
NCT02713893,Cross Research S.A.,INDUSTRY
NCT06431893,"Travere Therapeutics, Inc.",INDUSTRY
NCT00901693,Alcon Research,INDUSTRY
NCT03211793,UMC Utrecht,OTHER
NCT03211793,ZonMw: The Netherlands Organisation for Health Research and Development,OTHER
NCT02211521,Samsung Medical Center,OTHER
NCT07089121,Cartesian Therapeutics,INDUSTRY
NCT02578121,University of Arkansas,OTHER
NCT04251221,Yale University,OTHER
NCT04251221,National Institute on Alcohol Abuse and Alcoholism (NIAAA),NIH
NCT01811121,Hospices Civils de Lyon,OTHER
NCT02151721,Kanazawa University,OTHER
NCT03735121,Hoffmann-La Roche,INDUSTRY
NCT00775814,Takeda,INDUSTRY
NCT05540184,Beni-Suef University,OTHER
NCT05540184,Cairo University,OTHER
NCT02023684,"The Baruch Padeh Medical Center, Poriya",OTHER_GOV
NCT01494233,Lexicon Pharmaceuticals,INDUSTRY
NCT00000333,National Institute on Drug Abuse (NIDA),NIH
NCT00000333,Washington D.C. Veterans Affairs Medical Center,FED
NCT01061333,Merck Sharp & Dohme LLC,INDUSTRY
NCT01965652,Shionogi,INDUSTRY
NCT01557452,Italfarmaco,INDUSTRY
NCT01557452,Parexel,INDUSTRY
NCT05024552,H. Lee Moffitt Cancer Center and Research Institute,OTHER
NCT05024552,Jazz Pharmaceuticals,INDUSTRY
NCT00308347,Organon and Co,INDUSTRY
NCT02923947,AstraZeneca,INDUSTRY
NCT02923947,"Quintiles, Inc.",INDUSTRY
NCT00446147,Asan Medical Center,OTHER
NCT05326347,"Otsuka Pharmaceutical Co., Ltd.",INDUSTRY
NCT02327247,Ranbaxy Laboratories Limited,INDUSTRY
NCT05621447,"Taiho Pharmaceutical Co., Ltd.",INDUSTRY
NCT06453447,University of British Columbia,OTHER
NCT06453447,Canadian Orthopaedic Foundation,OTHER
NCT04600947,"Taizhou HoudeAoke Biomedical Co., Ltd.",INDUSTRY
NCT06371638,Udayana University,OTHER
NCT00002038,Pfizer,INDUSTRY
NCT01917058,Columbia University,OTHER
NCT04182958,"Otsuka Pharmaceutical Co., Ltd.",INDUSTRY
NCT00429858,Andrew Ko,OTHER
NCT00429858,Eli Lilly and Company,INDUSTRY
NCT00429858,"Taiho Pharmaceutical Co., Ltd.",INDUSTRY
NCT07610148,"Jiangsu HengRui Medicine Co., Ltd.",INDUSTRY
NCT04200248,Ribomic USA Inc,INDUSTRY
NCT06055348,"Biocity Biopharmaceutics Co., Ltd.",INDUSTRY
NCT02083055,Mahidol University,OTHER
NCT03338855,AstraZeneca,INDUSTRY
NCT02980926,Henry Ford Health System,OTHER
NCT04091126,GlaxoSmithKline,INDUSTRY
NCT01309126,"HiberCell, Inc.",INDUSTRY
NCT06756126,Akeso,INDUSTRY
NCT03642626,"Masonic Cancer Center, University of Minnesota",OTHER
NCT00444626,"Genzyme, a Sanofi Company",INDUSTRY
NCT00444626,"Mentor Worldwide, LLC",INDUSTRY
NCT05968326,"Genentech, Inc.",INDUSTRY
NCT05968326,BioNTech SE,INDUSTRY
NCT02724878,Dana-Farber Cancer Institute,OTHER
NCT02724878,"Genentech, Inc.",INDUSTRY
NCT05816785,"University of Wisconsin, Madison",OTHER
NCT05816785,National Cancer Institute (NCI),NIH
NCT04086485,National Cancer Institute (NCI),NIH
NCT00110344,Bayer,INDUSTRY
NCT04942834,Ruijin Hospital,OTHER
NCT05266534,Wael Elbanna Clinic,OTHER
NCT01278134,Hoffmann-La Roche,INDUSTRY
NCT01267734,Seoul National University Hospital,OTHER
NCT01267734,Boston Scientific Corporation,INDUSTRY
NCT00603434,University of Cincinnati,OTHER
NCT00603434,National Institute on Drug Abuse (NIDA),NIH
NCT00292734,Sanofi,INDUSTRY
NCT06556134,Centre Hospitalier Hassan II - Fès,OTHER
NCT03320434,"ORA, Inc.",INDUSTRY
NCT02756364,"Calithera Biosciences, Inc",INDUSTRY
NCT04856644,Kaohsiung Veterans General Hospital.,OTHER
NCT04856644,National Taiwan University,OTHER
NCT04856644,"Taipei Veterans General Hospital, Taiwan",OTHER_GOV
NCT04856644,Chang Gung Memorial Hospital,OTHER
NCT04856644,"Centers for Disease Control, Taiwan",OTHER_GOV
NCT05222334,Tanta University,OTHER
NCT00287664,Hospital Clinic of Barcelona,OTHER
NCT00287664,Grant from Education Ministery from 2001-2004.,UNKNOWN
NCT05314764,Hartford Hospital,OTHER
NCT05314764,Shionogi Inc.,INDUSTRY
NCT05314764,"Keystone Bioanalytical, Inc.",UNKNOWN
NCT05314764,Indiana University Health Methodist Hospital,OTHER
NCT05314764,University of Pittsburgh Medical Center,OTHER
NCT05314764,University of Texas,OTHER
NCT01309009,Menarini Group,INDUSTRY
NCT05488509,Washington State University,OTHER
NCT06437899,Hospital LKH Hochsteiermark - Leoben,OTHER
NCT06597799,"Monte Rosa Therapeutics, Inc",INDUSTRY
NCT01375699,Virginia Commonwealth University,OTHER
NCT06990399,Kodiak Sciences Inc,INDUSTRY
NCT07108699,"Haisco Pharmaceutical Group Co., Ltd.",INDUSTRY
NCT05009199,Invicro,OTHER
NCT02410499,Takeda,INDUSTRY
NCT02500199,"Hengrui Therapeutics, Inc.",INDUSTRY
NCT07676799,Istanbul Medipol University Hospital,OTHER
NCT06575699,Duke University,OTHER
NCT00091299,Jonsson Comprehensive Cancer Center,OTHER
NCT00091299,Novartis Pharmaceuticals,INDUSTRY
NCT00303199,Alaunos Therapeutics,INDUSTRY
NCT03796598,VA Office of Research and Development,FED
NCT06490198,Chang Gung Memorial Hospital,OTHER
NCT00480298,"University Hospital, Ghent",OTHER
NCT00057798,Roswell Park Cancer Institute,OTHER
NCT00453063,Organon and Co,INDUSTRY
NCT01706263,"Stiefel, a GSK Company",INDUSTRY
NCT01706263,GlaxoSmithKline,INDUSTRY
NCT07189793,First Affiliated Hospital of Wenzhou Medical University,OTHER
NCT06920693,Generate Biomedicines,INDUSTRY
NCT02054793,"Emmanuel Antonarakis, MD",OTHER
NCT02054793,"Millennium Pharmaceuticals, Inc.",INDUSTRY
NCT01919593,Thammasat University,OTHER
NCT06794593,Odense University Hospital,OTHER
NCT04353193,Juan A. Arnaiz,OTHER
NCT07235293,Kahr Bio Australia Pty Ltd,INDUSTRY
NCT07235293,Novotech (Australia) Pty Limited,INDUSTRY
NCT03594487,Jeffrey Gelfand,OTHER
NCT05436093,Peking University Cancer Hospital & Institute,OTHER
NCT03037593,University of Minnesota,OTHER
NCT06477406,Mclean Hospital,OTHER
NCT06477406,Massachusetts Life Sciences Center,UNKNOWN
NCT02474706,"Central Hospital, Nancy, France",OTHER
NCT06235606,The University of Hong Kong,OTHER
NCT04371406,Assistance Publique - Hôpitaux de Paris,OTHER
NCT04327206,Murdoch Childrens Research Institute,OTHER
NCT04327206,Royal Children's Hospital,OTHER
NCT04327206,Bill and Melinda Gates Foundation,OTHER
NCT05741606,Tabriz University of Medical Sciences,OTHER
NCT06541704,Regeneron Pharmaceuticals,INDUSTRY
NCT00436904,Mayo Clinic,OTHER
NCT00436904,National Cancer Institute (NCI),NIH
NCT07542704,Kumquat Biosciences Inc.,INDUSTRY
NCT07542704,Worldwide Clinical Trials,OTHER
NCT02120404,Assistance Publique - Hôpitaux de Paris,OTHER
NCT02120404,Baxter Healthcare Corporation,INDUSTRY
NCT05462704,Women and Infants Hospital of Rhode Island,OTHER
NCT05462704,Hasbro Children's Hospital,OTHER
NCT05462704,University of Michigan,OTHER
NCT05462704,Washington University School of Medicine,OTHER
NCT05462704,University of Utah,OTHER
NCT05462704,University of Alabama at Birmingham,OTHER
NCT05462704,Oregon Health and Science University,OTHER
NCT05462704,GNP Research at Heme-on-Call,UNKNOWN
NCT04398004,Hellenic Institute for the Study of Sepsis,OTHER
NCT00884104,KYU-SUNG LEE,OTHER
NCT00884104,"Astellas Pharma Korea, Inc.",INDUSTRY
NCT05872204,Universitaire Ziekenhuizen KU Leuven,OTHER
NCT05872204,Kom Op Tegen Kanker,OTHER
NCT05872204,Eli Lilly and Company,INDUSTRY
NCT05872204,European Network of Gynaecological Oncological Trial Groups (ENGOT),OTHER
NCT07241104,AstraZeneca,INDUSTRY
NCT01497704,Elevar Therapeutics,INDUSTRY
NCT01497704,"Bukwang Pharmaceutical, Co., Ltd.",INDUSTRY
NCT02409004,PTC Therapeutics,INDUSTRY
NCT00035984,AstraZeneca,INDUSTRY
NCT03977233,UNC Lineberger Comprehensive Cancer Center,OTHER
NCT00211133,"Johnson & Johnson Pharmaceutical Research & Development, L.L.C.",INDUSTRY
NCT00103233,SWOG Cancer Research Network,NETWORK
NCT00103233,National Cancer Institute (NCI),NIH
NCT01769833,Pusan National University Hospital,OTHER
NCT01249833,Trial Management Group Inc.,NETWORK
NCT01249833,Hoffmann-La Roche,INDUSTRY
NCT06895733,Tianjin Medical University Second Hospital,OTHER
NCT01244633,Psyadon Pharma,INDUSTRY
NCT00295633,AstraZeneca,INDUSTRY
NCT00362752,Unity Health Toronto,OTHER
NCT00362752,University of Toronto,OTHER
NCT01354652,Asan Medical Center,OTHER
NCT06504147,Oncoinvent Solutions AS,INDUSTRY
NCT00761449,Nordic MDS Group,NETWORK
NCT06042049,AstraZeneca,INDUSTRY
NCT06042049,IQVIA Pty Ltd,INDUSTRY
NCT02466347,Intech Biopharm Ltd.,INDUSTRY
NCT03693547,"Beijing Biostar Pharmaceuticals Co., Ltd.",INDUSTRY
NCT03693547,Chengdu Biostar Pharmaceuticals,INDUSTRY
NCT06823349,Jehan George Sadek,OTHER
NCT03023449,Steven Messe,OTHER
NCT03023449,Mallinckrodt,INDUSTRY
NCT00593138,Massachusetts General Hospital,OTHER
NCT01286038,H. Lee Moffitt Cancer Center and Research Institute,OTHER
NCT01286038,GlaxoSmithKline,INDUSTRY
NCT02285738,Case Comprehensive Cancer Center,OTHER
NCT01718938,Theravance Biopharma,INDUSTRY
NCT01718938,Alfasigma S.p.A.,INDUSTRY
NCT00654758,AbbVie,INDUSTRY
NCT01044238,"University of California, Los Angeles",OTHER
NCT00542958,"Nippon Kayaku Co., Ltd.",INDUSTRY
NCT02869438,AstraZeneca,INDUSTRY
NCT04051255,"University of Campinas, Brazil",OTHER
NCT00911248,PTC Therapeutics,INDUSTRY
NCT00911248,United States Department of Defense,FED
NCT04345848,"University Hospital, Geneva",OTHER
NCT00152048,Allergan,INDUSTRY
NCT02581748,Shanghai Henlius Biotech,INDUSTRY
NCT02768948,Centre Hospitalier Universitaire de Nice,OTHER
NCT01797848,Bristol-Myers Squibb,INDUSTRY
NCT00356226,CHU de Charleroi,OTHER
NCT00057226,GlaxoSmithKline,INDUSTRY
NCT07144826,Ohio State University Comprehensive Cancer Center,OTHER
NCT07144826,Doris Duke Charitable Foundation,OTHER
NCT07144826,Ovarian Cancer Research Alliance,UNKNOWN
NCT07144826,United States Department of Defense,FED
NCT02689726,Genticel,INDUSTRY
NCT02689726,"PPD Development, LP",INDUSTRY
NCT04984226,"University of California, Davis",OTHER
NCT04984226,Vanderbilt University Medical Center,OTHER
NCT04984226,National Institute of Diabetes and Digestive and Kidney Diseases (NIDDK),NIH
NCT01771978,"University Hospital, Strasbourg, France",OTHER
NCT05305885,The First Hospital of Jilin University,OTHER
NCT05305885,The Second Hospital of Hebei Medical University,OTHER
NCT05305885,Second Affiliated Hospital of Guangzhou Medical University,OTHER
NCT05305885,Affiliated Hospital of Guangdong Medical University,OTHER
NCT05305885,Guangdong 999 Brain Hospital,OTHER
NCT05305885,Wuxi People's Hospital,OTHER
NCT05305885,"Huizhou Third People's Hospital, Guangzhou Medical University",OTHER
NCT05305885,Panjin Liaoyou Gem Flower Hospital,UNKNOWN
NCT00264485,"Alza Corporation, DE, USA",INDUSTRY
NCT00264485,"PriCara, Unit of Ortho-McNeil, Inc.",INDUSTRY
NCT07420985,Valenta Pharm JSC,INDUSTRY
NCT00807885,Baxter Healthcare Corporation,INDUSTRY
NCT00807885,Halozyme Therapeutics,INDUSTRY
NCT03317743,"Idience Co., Ltd.",INDUSTRY
NCT03317743,IlDong Pharmaceutical Co Ltd,INDUSTRY
NCT03317743,National OncoVenture,OTHER
NCT02987543,AstraZeneca,INDUSTRY
NCT02987543,Merck Sharp & Dohme LLC,INDUSTRY
NCT02987543,Foundation Medicine,INDUSTRY
NCT02987543,"Myriad Genetics, Inc.",INDUSTRY
NCT04589832,"Arkadiusz Z. Dudek, MD",OTHER
NCT04589832,HealthPartners Institute Regions Cancer Care Center,OTHER
NCT04589832,"Vanquish Oncology, Inc.",INDUSTRY
NCT04589832,"Genentech, Inc.",INDUSTRY
NCT04589832,Midwest Melanoma Partnership,OTHER
NCT03937999,Montefiore Medical Center,OTHER
NCT03937999,Merck Sharp & Dohme LLC,INDUSTRY
NCT01324544,Purdue Pharma LP,INDUSTRY
NCT03743298,"Aivita Biomedical, Inc.",INDUSTRY
NCT02255734,"Yung Shin Pharm. Ind. Co., Ltd.",INDUSTRY
NCT03856164,University of Texas Southwestern Medical Center,OTHER
NCT00654498,Boehringer Ingelheim,INDUSTRY
NCT01078298,Pfizer,INDUSTRY
NCT02066298,Milton S. Hershey Medical Center,OTHER
NCT02066298,"National Heart, Lung, and Blood Institute (NHLBI)",NIH
NCT03891498,Cairo University,OTHER
NCT03033498,AbbVie,INDUSTRY
NCT06670898,"Nippon Shinyaku Co., Ltd.",INDUSTRY
NCT01712009,Amgen,INDUSTRY
NCT00434109,H. Lee Moffitt Cancer Center and Research Institute,OTHER
NCT00434109,Pfizer,INDUSTRY
NCT00399698,Ohio State University,OTHER
NCT01695863,Rush University Medical Center,OTHER
NCT04528563,Hamilton Health Sciences Corporation,OTHER
NCT05875493,"Allist Pharmaceuticals, Inc.",INDUSTRY
NCT04679493,NP Therapeutics,OTHER
NCT01738893,GlaxoSmithKline,INDUSTRY
NCT00006014,National Cancer Institute (NCI),NIH
NCT06690814,"Fundación FLS de Lucha Contra el Sida, las Enfermedades Infecciosas y la Promoción de la Salud y la Ciencia",OTHER
NCT06690814,"The Royal Botanic Gardens, Kew",UNKNOWN
NCT04060914,Beijing Anzhen Hospital,OTHER
NCT03667014,"University of California, San Francisco",OTHER
NCT03667014,Regeneron Pharmaceuticals,INDUSTRY
NCT04055116,Geisinger Clinic,OTHER
NCT04762316,"Trieu, Nguyen Thi, M.D.",INDIV
NCT01154816,Children's Oncology Group,NETWORK
NCT01154816,National Cancer Institute (NCI),NIH
NCT05066516,Korea University Anam Hospital,OTHER
NCT03598816,Washington University School of Medicine,OTHER
NCT03598816,MedImmune LLC,INDUSTRY
NCT03275116,Maastricht University Medical Center,OTHER
NCT03275116,Center for Integrated Rehabilitation and Organ Failure Horn,OTHER
NCT03275116,AstraZeneca,INDUSTRY
NCT06804616,University of Lahore,OTHER
NCT03045406,"Fadoi Foundation, Italy",OTHER
NCT03045406,University Of Perugia,OTHER
NCT02487706,"Fundación FLS de Lucha Contra el Sida, las Enfermedades Infecciosas y la Promoción de la Salud y la Ciencia",OTHER
NCT05193604,"Chia Tai Tianqing Pharmaceutical Group Nanjing Shunxin Pharmaceutical Co., Ltd.",INDUSTRY
NCT07144904,Baylor College of Medicine,OTHER
NCT05150704,Niguarda Hospital,OTHER
NCT05150704,"Ministry of Health, Italy",OTHER_GOV
NCT05150704,Istituto Di Ricerche Farmacologiche Mario Negri,OTHER
NCT05150704,University of Milano Bicocca,OTHER
NCT05150704,Regione Lombardia,OTHER
NCT00737204,New York State Psychiatric Institute,OTHER
NCT00737204,National Institute of Mental Health (NIMH),NIH
NCT07116304,Oman Medical Speciality Board,OTHER_GOV
NCT04420104,Aydin Adnan Menderes University,OTHER
NCT06731504,Duke University,OTHER
NCT02445404,Samsung Medical Center,OTHER
NCT00125684,Alberta Health services,OTHER
NCT00125684,Tom Baker Cancer Centre,OTHER
NCT03184584,Liminal BioSciences Ltd.,INDUSTRY
NCT07455084,"Otsuka Pharmaceutical Development & Commercialization, Inc.",INDUSTRY
NCT01341184,National Institute of Allergy and Infectious Diseases (NIAID),NIH
NCT01670084,Mayo Clinic,OTHER
NCT00220584,Stanford University,OTHER
NCT03933384,Taichung Veterans General Hospital,OTHER
NCT04570384,"Asklepion Pharmaceuticals, LLC",INDUSTRY
NCT05516784,Universiti Sains Malaysia,OTHER
NCT00246584,Novartis,INDUSTRY
NCT07478484,Jing Zhou,OTHER
NCT00663884,JW Pharmaceutical,INDUSTRY
NCT03718884,Eli Lilly and Company,INDUSTRY
NCT03341884,"Genentech, Inc.",INDUSTRY
NCT06697184,BeOne Medicines,INDUSTRY
NCT00857584,AstraZeneca,INDUSTRY
NCT03705884,University of Edinburgh,OTHER
NCT03558984,PolyPid Ltd.,INDUSTRY
NCT02966184,Norton Healthcare,OTHER
NCT03168984,UCB Biopharma S.P.R.L.,INDUSTRY
NCT04566484,International Vaccine Institute,OTHER
NCT02723084,AbbVie,INDUSTRY
NCT04251533,Novartis Pharmaceuticals,INDUSTRY
NCT00885833,The Korean Society of Pediatric Hematology Oncology,NETWORK
NCT01057433,"Kowa Research Institute, Inc.",INDUSTRY
NCT06672133,Jinming Yu,OTHER
NCT03550352,McGill University Health Centre/Research Institute of the McGill University Health Centre,OTHER
NCT03550352,Tilray,INDUSTRY
NCT03550352,CIHR Canadian HIV Trials Network,NETWORK
NCT03550352,Université du Québec a Montréal,OTHER
NCT03550352,Centre de Recherche du Centre Hospitalier de l'Université de Montréal,OTHER
NCT00000952,National Institute of Allergy and Infectious Diseases (NIAID),NIH
NCT00000952,Eunice Kennedy Shriver National Institute of Child Health and Human Development (NICHD),NIH
NCT05468047,Integrative Psychiatry Institute,OTHER
NCT04610047,"Emergo Therapeutics, Inc.",INDUSTRY
NCT01013649,National Cancer Institute (NCI),NIH
NCT01013649,NRG Oncology,OTHER
NCT04525638,Fundación de investigación HM,OTHER
NCT04525638,"Syntax for Science, S.L",INDUSTRY
NCT06294548,University of Alabama at Birmingham,OTHER
NCT03574948,"University Hospital, Ghent",OTHER
NCT02274558,Neurocrine Biosciences,INDUSTRY
NCT02871648,Brigham and Women's Hospital,OTHER
NCT06656455,American University of Beirut Medical Center,OTHER
NCT02305355,"Kuhnil Pharmaceutical Co., Ltd.",INDUSTRY
NCT07189455,"Suzhou Zelgen Biopharmaceuticals Co.,Ltd",INDUSTRY
NCT01231126,Maternidade Escola Assis Chateaubriand,OTHER
NCT04956926,"Shanghai Junshi Bioscience Co., Ltd.",OTHER
NCT00764426,European Research Advisory Board,OTHER
NCT04693026,M Abdur Rahim Medical College and Hospital,OTHER_GOV
NCT04693026,First Affiliated Hospital Xi'an Jiaotong University,OTHER
NCT00685178,Johns Hopkins University,OTHER
NCT00685178,National Institute on Drug Abuse (NIDA),NIH
NCT00937534,"Boryung Pharmaceutical Co., Ltd",INDUSTRY
NCT00937534,Kyungpook National University Hospital,OTHER
NCT00937534,Seoul National University Hospital,OTHER
NCT04055844,"Masonic Cancer Center, University of Minnesota",OTHER
NCT04055844,Incyte Corporation,INDUSTRY
NCT02593734,University of Ghana Medical School,OTHER
NCT07492134,Vanderbilt University Medical Center,OTHER
NCT07492134,National Institute of Diabetes and Digestive and Kidney Diseases (NIDDK),NIH
NCT04608734,Nourhan M.Aly,OTHER
NCT04608734,Alexandria University,OTHER
NCT01460134,Celldex Therapeutics,INDUSTRY
NCT02164734,Albany Medical College,OTHER
NCT02164734,University of Rochester,OTHER
NCT02164734,ONY,INDUSTRY
NCT01847664,Dr. Falk Pharma GmbH,INDUSTRY
NCT01002664,"Health Ever Bio-Tech Co., Ltd.",INDUSTRY
NCT04299464,Hoffmann-La Roche,INDUSTRY
NCT04798209,Idorsia Pharmaceuticals Ltd.,INDUSTRY
NCT01049009,Emory University,OTHER
NCT01049009,Forest Laboratories,INDUSTRY
NCT02766244,Texas Tech University Health Sciences Center,OTHER
NCT00193544,"SCRI Development Innovations, LLC",OTHER
NCT00193544,CTI BioPharma,INDUSTRY
NCT03398434,Novartis Pharmaceuticals,INDUSTRY
NCT07436234,Akeso,INDUSTRY
NCT02424734,Pfizer,INDUSTRY
NCT02424734,PRA Health Sciences,INDUSTRY
NCT06469164,BioNTech SE,INDUSTRY
NCT00740064,"Denver Infectious Disease Consultants, PLLC",OTHER
NCT00740064,GlaxoSmithKline,INDUSTRY
NCT01094964,Cancer Research Campaign Clinical Trials Centre,OTHER
NCT03941964,AbbVie,INDUSTRY
NCT05030064,Third Military Medical University,OTHER
NCT04455464,"Institute of Liver and Biliary Sciences, India",OTHER
NCT05741164,Emory University,OTHER
NCT05741164,National Cancer Institute (NCI),NIH
NCT00734864,Annick Desjardins,OTHER
NCT00734864,Bristol-Myers Squibb,INDUSTRY
NCT06030609,King Chulalongkorn Memorial Hospital,OTHER
NCT05414864,University of Sao Paulo,OTHER
NCT05414864,Takeda,INDUSTRY
NCT06493864,"Sichuan Baili Pharmaceutical Co., Ltd.",INDUSTRY
NCT06493864,"Baili-Bio (Chengdu) Pharmaceutical Co., Ltd.",INDUSTRY
NCT01247909,Kamuzu University of Health Sciences,OTHER
NCT05205109,Antengene Therapeutics Limited,INDUSTRY
NCT05205109,Merck Sharp & Dohme LLC,INDUSTRY
NCT01188798,St. Jude Children's Research Hospital,OTHER
NCT01257698,Mid Atlantic Retina,OTHER
NCT05620498,Tianjin Medical University Cancer Institute and Hospital,OTHER
NCT00394498,University of Ottawa,OTHER
NCT00394498,Canadian Institutes of Health Research (CIHR),OTHER_GOV
NCT05038098,M.D. Anderson Cancer Center,OTHER
NCT05885763,Vifor Fresenius Medical Care Renal Pharma,INDUSTRY
NCT05885763,"Tigermed Consulting Co., Ltd",INDUSTRY
NCT03368963,Emory University,OTHER
NCT03368963,"Taiho Oncology, Inc.",INDUSTRY
NCT03368963,Ipsen,INDUSTRY
NCT02614963,Shandong University,OTHER
NCT02614963,Linyi People's Hospital,OTHER
NCT02614963,Taian City Central Hospital,OTHER
NCT02614963,"Qingdao Eastsea Pharmaceutical Co., Ltd.",INDUSTRY
NCT00583063,University of Chicago,OTHER
NCT00583063,Pfizer,INDUSTRY
NCT03415763,LI XIN-XIANG,OTHER
NCT02094963,Seung-Jung Park,OTHER
NCT02094963,"CardioVascular Research Foundation, Korea",OTHER
NCT03608163,Albert Einstein College of Medicine,OTHER
NCT03608163,National Institute of Diabetes and Digestive and Kidney Diseases (NIDDK),NIH
NCT04072887,Novartis Pharmaceuticals,INDUSTRY
NCT01095887,Mayo Clinic,OTHER
NCT01095887,"Alexion Pharmaceuticals, Inc.",INDUSTRY
NCT00041587,INSYS Therapeutics Inc,INDUSTRY
NCT02217787,Pfizer,INDUSTRY
NCT06893887,Nanjing Tianyinshan Hospital,OTHER
NCT04698187,Regeneron Pharmaceuticals,INDUSTRY
NCT04698187,Bristol-Myers Squibb,INDUSTRY
NCT00288093,National Cancer Institute (NCI),NIH
NCT02664493,Samsung Medical Center,OTHER
NCT00801021,Biomedical Development Corporation,INDUSTRY
NCT00801021,National Institute of Diabetes and Digestive and Kidney Diseases (NIDDK),NIH
NCT00801021,Baylor College of Medicine,OTHER
NCT00386321,Chulalongkorn University,OTHER
NCT00386321,Bayer,INDUSTRY
NCT01548521,"University Hospital, Toulouse",OTHER
NCT02565121,St. Olavs Hospital,OTHER
NCT02565121,Norwegian University of Science and Technology,OTHER
NCT06394414,"MediLink Therapeutics (Suzhou) Co., Ltd.",INDUSTRY
NCT06020014,AstraZeneca,INDUSTRY
NCT02107014,University of Alabama at Birmingham,OTHER
NCT02107014,Stanford University,OTHER
NCT01473316,"Genentech, Inc.",INDUSTRY
NCT06376916,Wake Forest University Health Sciences,OTHER
NCT03670316,University of Alabama at Birmingham,OTHER
NCT03670316,University of Washington,OTHER
NCT03670316,Harvard University,OTHER
NCT03670316,National Institute on Drug Abuse (NIDA),NIH
NCT04112316,University of Pennsylvania,OTHER
NCT04112316,"National Heart, Lung, and Blood Institute (NHLBI)",NIH
NCT00773916,Federal University of Rio Grande do Sul,OTHER
NCT00773916,Conselho Nacional de Desenvolvimento Científico e Tecnológico,OTHER_GOV
NCT00773916,Hospital de Clinicas de Porto Alegre,OTHER
NCT03749616,University of Missouri-Columbia,OTHER
NCT00003406,Cancer Treatment Centers of America,OTHER
NCT04268706,Tessa Therapeutics,INDUSTRY
NCT03891706,"Guangzhou FineImmune Biotechnology Co., LTD.",INDUSTRY
NCT03891706,Sun Yat-Sen University Cancer Center,OTHER
NCT06814106,Merck Sharp & Dohme LLC,INDUSTRY
NCT07226206,Hoffmann-La Roche,INDUSTRY
NCT01000506,GlaxoSmithKline,INDUSTRY
NCT01170104,Chung-Ang University,OTHER
NCT01170104,Gyeongsang National University Hospital,OTHER
NCT00000704,National Institute of Allergy and Infectious Diseases (NIAID),NIH
NCT01955304,Hutchison Medipharma Limited,INDUSTRY
NCT04634604,Jaeb Center for Health Research,OTHER
NCT04634604,Pediatric Eye Disease Investigator Group,NETWORK
NCT04634604,National Eye Institute (NEI),NIH
NCT06041204,Muhamed Ahmed Abdelmoaty Muhamed Alhagrasy,OTHER
NCT03641404,"National University Hospital, Singapore",OTHER
NCT03641404,National University of Singapore,OTHER
NCT03641404,"National University Health System, Singapore",OTHER
NCT05864404,Yonsei University,OTHER
NCT00735904,Pfizer,INDUSTRY
NCT01548404,Regeneron Pharmaceuticals,INDUSTRY
NCT01548404,Sanofi,INDUSTRY
NCT05096884,Hackensack Meridian Health,OTHER
NCT06863584,"Second Affiliated Hospital, School of Medicine, Zhejiang University",OTHER
NCT06017284,Fudan University,OTHER
NCT04961684,Oystershell NV,INDUSTRY
NCT00000504,"National Heart, Lung, and Blood Institute (NHLBI)",NIH
NCT04237584,MANA RBM,OTHER
NCT04237584,Bayer,INDUSTRY
NCT04237584,Carolina Urologic Research Center,OTHER
NCT04237584,Tulane University,OTHER
NCT04237584,Barbara Ann Karmanos Cancer Institute,OTHER
NCT04886284,Todd C. Lee MD MPH FIDSA,OTHER
NCT02170584,Boehringer Ingelheim,INDUSTRY
NCT05821933,"RemeGen Co., Ltd.",INDUSTRY
NCT07704333,National Institutes of Health Clinical Center (CC),NIH
NCT03243552,"University of California, Los Angeles",OTHER
NCT03243552,Eunice Kennedy Shriver National Institute of Child Health and Human Development (NICHD),NIH
NCT00356252,Tufts University,OTHER
NCT00356252,BASF,INDUSTRY
NCT03919552,"Nanfang Hospital, Southern Medical University",OTHER
NCT02050152,State University of New York at Buffalo,OTHER
NCT02172352,Boehringer Ingelheim,INDUSTRY
NCT03877952,Corcept Therapeutics,INDUSTRY
NCT04226352,Johns Hopkins University,OTHER
NCT05006352,Denali Therapeutics Inc.,INDUSTRY
NCT00356447,Bayer,INDUSTRY
NCT01391052,Scott and White Hospital & Clinic,OTHER
NCT00673452,Eli Lilly and Company,INDUSTRY
NCT00673452,Boehringer Ingelheim,INDUSTRY
NCT00591357,Michael E. DeBakey VA Medical Center,FED
NCT06940557,Universiti Putra Malaysia,OTHER
NCT06940557,BREGO Life Sciences Sdn Bhd,INDUSTRY
NCT04014101,Shanghai Zhongshan Hospital,OTHER
NCT01298401,Radiation Therapy Oncology Group,NETWORK
NCT01298401,National Cancer Institute (NCI),NIH
NCT01298401,NRG Oncology,OTHER
NCT07421401,"Boryung Pharmaceutical Co., Ltd",INDUSTRY
NCT02214901,Boehringer Ingelheim,INDUSTRY
NCT00357201,Laboratoires Thea,INDUSTRY
NCT01183312,Lynn Marie Trotti,OTHER
NCT01183312,Georgia Research Alliance,OTHER
NCT05096312,"East Avenue Medical Center, Philippines",OTHER_GOV
NCT04760912,Clinical Hospital Centre Zagreb,OTHER
NCT00824512,Ipsen,INDUSTRY
NCT00377819,Amgen,INDUSTRY
NCT00320619,"National Heart, Lung, and Blood Institute (NHLBI)",NIH
NCT01404819,Centre Hospitalier Universitaire de Nīmes,OTHER
NCT02966730,Memorial Sloan Kettering Cancer Center,OTHER
NCT02966730,Fox Chase Cancer Center,OTHER
NCT02966730,Pharmacyclics LLC.,INDUSTRY
NCT00160628,UCB Pharma,INDUSTRY
NCT01772719,University of Louisville,OTHER
NCT01772719,James Graham Brown Cancer Center,OTHER
NCT03988530,"Repurposed Therapeutics, Inc.",INDUSTRY
NCT06639230,Assiut University,OTHER
NCT06393530,Poznan University of Medical Sciences,OTHER
NCT06920901,"Apogee Therapeutics, Inc.",INDUSTRY
NCT00630812,Syntara,INDUSTRY
NCT00630812,ethica Clinical Research Inc.,INDUSTRY
NCT00630812,"Europe: KasaConsult bvba, Hoegaarden, Belgium",INDUSTRY
NCT00630812,Resolution Latin America,OTHER
NCT05257512,Shouyao Holdings (Beijing) Co. LTD,OTHER
NCT04693312,Assiut University,OTHER
NCT07128212,Suzhou Municipal Hospital of Anhui Province,OTHER
NCT00615381,Northwestern University,OTHER
NCT04493281,Shionogi,INDUSTRY
NCT03916081,"Arcutis Biotherapeutics, Inc.",INDUSTRY
NCT03501381,Roberto Pili,OTHER
NCT03501381,Indiana University,OTHER
NCT03501381,Syndax Pharmaceuticals,INDUSTRY
NCT03501381,"Clinigen, Inc.",INDUSTRY
NCT00684567,Merck Sharp & Dohme LLC,INDUSTRY
NCT00151567,Rennes University Hospital,OTHER
NCT00151567,"Ministry of Health, France",OTHER_GOV
NCT00151567,Yamanouchi,UNKNOWN
NCT00566267,Merck Sharp & Dohme LLC,INDUSTRY
NCT00494767,GlaxoSmithKline,INDUSTRY
NCT06027567,Rigmor Højland Jensen,OTHER
NCT06027567,"Rigshospitalet, Denmark",OTHER
NCT06027567,Odense University Hospital,OTHER
NCT06027567,University of Copenhagen,OTHER
NCT00265967,Sanofi,INDUSTRY
NCT00265967,Bristol-Myers Squibb,INDUSTRY
NCT02074800,"Centocor, Inc.",INDUSTRY
NCT01865500,Ataturk University,OTHER
NCT00100607,Novartis Pharmaceuticals,INDUSTRY
NCT03112707,"Humanitas Hospital, Italy",OTHER
NCT07197307,Universität Münster,OTHER
NCT07197307,AbbVie,INDUSTRY
NCT07197307,"Sobi, Inc.",INDUSTRY
NCT03301207,"Janssen Research & Development, LLC",INDUSTRY
NCT03385200,RWTH Aachen University,OTHER
NCT03385200,Univ.-Prof. Dr. med. F. Kiessling,UNKNOWN
NCT06136507,"Hangzhou Gensciences Biopharmaceutical Co., Ltd.",INDUSTRY
NCT07294092,Keith M Vogt,OTHER
NCT07294092,National Institute of General Medical Sciences (NIGMS),NIH
NCT05279092,Yale University,OTHER
NCT05279092,Department of Anesthesiology Faculty Development Fund,UNKNOWN
NCT06560892,"RESnTEC, Institute of Research",OTHER
NCT06560892,Bahawal Victoria Hospital,UNKNOWN
NCT05222971,Asan Medical Center,OTHER
NCT04465071,Guy's and St Thomas' NHS Foundation Trust,OTHER
NCT04465071,"City, University of London",OTHER
NCT04465071,King's College London,OTHER
NCT03729271,University of Michigan,OTHER
NCT03729271,"Commonwealth Diagnostics International, Inc.",UNKNOWN
NCT02258971,Boehringer Ingelheim,INDUSTRY
NCT00506571,"National Cancer Center, Korea",OTHER_GOV
NCT01766336,"OPKO Health, Inc.",INDUSTRY
NCT01766336,Elan Pharmaceuticals,INDUSTRY
NCT05551936,Vaishalee Kenkre,OTHER
NCT05551936,"Epizyme, Inc.",INDUSTRY
NCT05551936,"University of Wisconsin, Madison",OTHER
NCT03268811,Shire,INDUSTRY
NCT03268811,Takeda,INDUSTRY
NCT02784171,Canadian Cancer Trials Group,NETWORK
NCT02784171,"National Cancer Institute, Naples",OTHER
NCT02784171,Merck Sharp & Dohme LLC,INDUSTRY
NCT02784171,Intergroupe Francophone de Cancerologie Thoracique,OTHER
NCT02070471,LG Life Sciences,INDUSTRY
NCT00745771,IDEA AG,INDUSTRY
NCT00140244,Beth Israel Deaconess Medical Center,OTHER
NCT00140244,National Institute of Diabetes and Digestive and Kidney Diseases (NIDDK),NIH
NCT00140244,Amgen,INDUSTRY
NCT00904462,"Endo USA Inc., a Keenova Therapeutics Company",INDUSTRY
NCT02662062,Australian and New Zealand Urogenital and Prostate Cancer Trials Group,OTHER
NCT02662062,"Peter MacCallum Cancer Centre, Australia",OTHER
NCT05226546,Centre Hospitalier Universitaire Saint Pierre,OTHER
NCT01617746,University of Glasgow,OTHER
NCT01617746,NHS Greater Glasgow and Clyde,OTHER
NCT06954246,"Qilu Pharmaceutical Co., Ltd.",INDUSTRY
NCT04374188,Diaa Eldin Taha Ramadan Mohamed,OTHER
NCT01388088,Erling Bjerregaard Pedersen,OTHER
NCT06922903,"Yunhe Pharmaceutical (Tianjin) Co., Ltd",OTHER
NCT00402103,Novartis,INDUSTRY
NCT00378703,National Cancer Institute (NCI),NIH
NCT00679627,"Janssen Research & Development, LLC",INDUSTRY
NCT02500927,Astellas Pharma Inc,INDUSTRY
NCT02549027,Merck Sharp & Dohme LLC,INDUSTRY
NCT01362361,Martin-Luther-Universität Halle-Wittenberg,OTHER
NCT01362361,GALMED GmbH,OTHER
NCT01791842,Hospices Civils de Lyon,OTHER
NCT02201342,Mezzion Pharma Co. Ltd,INDUSTRY
NCT02201342,"National Heart, Lung, and Blood Institute (NHLBI)",NIH
NCT02201342,Pediatric Heart Network,OTHER
NCT06925386,Universitas Padjadjaran,OTHER
NCT06925386,PT. Prodia Stem Cell Indonesia,INDUSTRY
NCT06925386,B-Crobes Laboratory (M) Sdn Bhd,UNKNOWN
NCT03063086,Novartis Pharmaceuticals,INDUSTRY
NCT00157586,Mario Negri Institute for Pharmacological Research,OTHER
NCT04482270,"Astellas Pharma Global Development, Inc.",INDUSTRY
NCT05971173,The University of Texas Health Science Center at San Antonio,OTHER
NCT06358573,Swiss Cancer Institute,OTHER
NCT04421469,Fujian Cancer Hospital,OTHER_GOV
NCT04421469,Zhejiang Cancer Hospital,OTHER
NCT04421469,Jiangxi Provincial Cancer Hospital,OTHER
NCT02292069,Dr. Reddy's Laboratories Limited,INDUSTRY
NCT05116969,Heat Biologics,INDUSTRY
NCT02593383,Lee's Pharmaceutical Limited,INDUSTRY
NCT04131283,Semmelweis University,OTHER
NCT01948583,Derming SRL,OTHER
NCT06791083,First Affiliated Hospital of Fujian Medical University,OTHER
NCT00343083,"University of Maryland, Baltimore",OTHER
NCT00343083,Bristol-Myers Squibb,INDUSTRY
NCT04746183,University of Liverpool,OTHER
NCT04746183,Liverpool School of Tropical Medicine,OTHER
NCT04746183,Royal Liverpool University Hospital,OTHER_GOV
NCT04746183,University of Cambridge,OTHER
NCT07245069,University Medical Centre Ljubljana,OTHER
NCT02398669,Eisai Inc.,INDUSTRY
NCT00060905,Abbott,INDUSTRY
NCT02221505,Novartis Pharmaceuticals,INDUSTRY
NCT00078494,National Institutes of Health Clinical Center (CC),NIH
NCT03996694,BioDelivery Sciences International,INDUSTRY
NCT03996694,PRA Health Sciences,INDUSTRY
NCT05169866,Beijing Anzhen Hospital,OTHER
NCT05480566,Hasselt University,OTHER
NCT04603066,Washington University School of Medicine,OTHER
NCT03429556,Allergan,INDUSTRY
NCT04772456,"University of Maryland, Baltimore",OTHER
NCT02129556,ETOP IBCSG Partners Foundation,NETWORK
NCT02129556,Breast International Group,OTHER
NCT01491022,University of Miami,OTHER
NCT01491022,Acorda Therapeutics,INDUSTRY
NCT00769522,German CLL Study Group,OTHER
NCT00769522,Roche Pharma AG,INDUSTRY
NCT00769522,Mundipharma Pte Ltd.,INDUSTRY
NCT02302456,"University Hospital, Angers",OTHER_GOV
NCT02302456,"Institut National de la Santé Et de la Recherche Médicale, France",OTHER_GOV
NCT00968422,Abbott,INDUSTRY
NCT02690922,Tongji Hospital,OTHER
NCT05778422,Federal University of São Paulo,OTHER
NCT07584031,Tianjin Medical University Cancer Institute and Hospital,OTHER
NCT01591031,University of Rostock,OTHER
NCT01614431,University of Sao Paulo,OTHER
NCT01614431,Fundação de Amparo à Pesquisa do Estado de São Paulo,OTHER_GOV
NCT06833931,PepGen Inc,INDUSTRY
NCT01643031,Rabin Medical Center,OTHER
NCT01643031,Tel Aviv Medical Center,OTHER
NCT01643031,Sheba Medical Center,OTHER_GOV
NCT01643031,Meir Medical Center,OTHER
NCT01643031,Rambam Health Care Campus,OTHER
NCT00822731,Samsung Medical Center,OTHER
NCT01727531,Main Line Health,OTHER
NCT01009931,"Rutgers, The State University of New Jersey",OTHER
NCT01009931,Rutgers Cancer Institute of New Jersey,OTHER
NCT01009931,National Cancer Institute (NCI),NIH
NCT01009931,"Biosuccess Biotech Co., Ltd.",INDUSTRY
NCT04124731,Shanghai Chest Hospital,OTHER
NCT02740231,Bone Therapeutics S.A,INDUSTRY
NCT03843931,Marius Henriksen,OTHER
NCT03361631,"Central Hospital, Nancy, France",OTHER
NCT01971853,"University of Colorado, Denver",OTHER
NCT04328753,University of Baghdad,OTHER
NCT01084551,"Otsuka Pharmaceutical Co., Ltd.",INDUSTRY
NCT00171951,Novartis Pharmaceuticals,INDUSTRY
NCT01901653,Stemcentrx,INDUSTRY
NCT02502253,Johns Hopkins University,OTHER
NCT02502253,Icahn School of Medicine at Mount Sinai,OTHER
NCT05467553,National Taiwan University Hospital,OTHER
NCT05467553,PharmaEssentia,INDUSTRY
NCT01960153,Massachusetts General Hospital,OTHER
NCT01960153,"National Heart, Lung, and Blood Institute (NHLBI)",NIH
NCT01960153,Carelon Research,OTHER
NCT07470853,"Whitehawk Therapeutics, Inc.",INDUSTRY
NCT07470853,Catalyst Pharmaceutical Research,INDUSTRY
NCT03100253,Mario Negri Institute for Pharmacological Research,OTHER
NCT01451853,"Sound Pharmaceuticals, Incorporated",INDUSTRY
NCT01451853,VA Puget Sound Health Care System,FED
NCT03098953,Bausch & Lomb Incorporated,INDUSTRY
NCT02902653,Oihane Lapuente Ocamica,OTHER_GOV
NCT00745953,University of Texas Southwestern Medical Center,OTHER
NCT00745953,Novartis Pharmaceuticals,INDUSTRY
NCT02698553,GlaxoSmithKline,INDUSTRY
NCT00193245,"SCRI Development Innovations, LLC",OTHER
NCT00193245,AstraZeneca,INDUSTRY
NCT00193245,Aventis Pharmaceuticals,INDUSTRY
NCT00193245,GlaxoSmithKline,INDUSTRY
NCT03280745,"Insel Gruppe AG, University Hospital Bern",OTHER
NCT05155345,Hoffmann-La Roche,INDUSTRY
NCT07115745,"Juno Therapeutics, Inc., a Bristol-Myers Squibb Company",INDUSTRY
NCT00416845,Novartis,INDUSTRY
NCT05595772,Minia University,OTHER
NCT03431272,University of Alabama at Birmingham,OTHER
NCT03431272,Shire,INDUSTRY
NCT00822172,Colorado Prevention Center,OTHER
NCT00822172,"Otsuka Pharmaceutical Co., Ltd.",INDUSTRY
NCT01577472,"University Hospital, Basel, Switzerland",OTHER
NCT04181372,The First Affiliated Hospital of Guangzhou Medical University,OTHER
NCT01790295,John Mascarenhas,OTHER
NCT01790295,Myeloproliferative Disorders-Research Consortium,NETWORK
NCT01790295,National Cancer Institute (NCI),NIH
NCT01790295,Incyte Corporation,INDUSTRY
NCT01790295,Novartis,INDUSTRY
NCT02098772,Dr. F. Köhler Chemie GmbH,INDUSTRY
NCT00931372,Sanofi,INDUSTRY
NCT00931372,"Profil GmbH, Neuss, Germany",UNKNOWN
NCT06972472,Eli Lilly and Company,INDUSTRY
NCT04969172,"Eli Sprecher, MD",OTHER_GOV
NCT04969172,OBCTCD24 Ltd,UNKNOWN
NCT00328172,Boehringer Ingelheim,INDUSTRY
NCT00373672,Northwestern University,OTHER
NCT00373672,National Alliance for Research on Schizophrenia and Depression,OTHER
NCT00373672,Cephalon,INDUSTRY
NCT02570672,The University of Texas Health Science Center at San Antonio,OTHER
NCT02570672,National Institute on Aging (NIA),NIH
NCT03384095,Erin Newton,OTHER
NCT03384095,Indiana University,OTHER
NCT03384095,NOW Foods,OTHER
NCT03700359,The First Affiliated Hospital of Guangzhou Medical University,OTHER
NCT01556659,Academisch Medisch Centrum - Universiteit van Amsterdam (AMC-UvA),OTHER
NCT01556659,VU University of Amsterdam,OTHER
NCT01556659,Erasmus Medical Center,OTHER
NCT04087759,"Janssen Research & Development, LLC",INDUSTRY
NCT04040959,"University of Colorado, Denver",OTHER
NCT04040959,National Institute of Diabetes and Digestive and Kidney Diseases (NIDDK),NIH
NCT03902080,Urovant Sciences GmbH,INDUSTRY
NCT02734680,"Cancer Institute and Hospital, Chinese Academy of Medical Sciences",OTHER
NCT00955279,"Centocor, Inc.",INDUSTRY
NCT02302079,Astellas Pharma Europe B.V.,INDUSTRY
NCT05329779,Brigham and Women's Hospital,OTHER
NCT00037479,National Institute of Neurological Disorders and Stroke (NINDS),NIH
NCT00055679,UNICANCER,OTHER
NCT04111159,"Sichuan Haisco Pharmaceutical Group Co., Ltd",INDUSTRY
NCT00436059,Vejle Hospital,OTHER
NCT00436059,Odense University Hospital,OTHER
NCT00403559,Dermatology Specialists Research,OTHER
NCT00403559,Novartis,INDUSTRY
NCT03440359,Eastern Virginia Medical School,OTHER
NCT03440359,Watson Pharmaceuticals,INDUSTRY
NCT05874180,Dong Wha Pharmaceutical Co. Ltd.,INDUSTRY
NCT00588380,Mayo Clinic,OTHER
NCT00588380,Merck Sharp & Dohme LLC,INDUSTRY
NCT03682380,"Janssen Research & Development, LLC",INDUSTRY
NCT00219180,Novartis,INDUSTRY
NCT04094896,Guangdong Provincial People's Hospital,OTHER
NCT00276796,Gynecologic Oncology Group,NETWORK
NCT00276796,National Cancer Institute (NCI),NIH
NCT01447862,Medical University of Vienna,OTHER
NCT04935762,"CuraSen Therapeutics, Inc.",INDUSTRY
NCT02005562,Hoffmann-La Roche,INDUSTRY
NCT00454662,COLM Study Research Organization,OTHER
NCT00454662,Japan Heart Foundation,OTHER
NCT03215446,Centre Hospitalier Universitaire Dijon,OTHER
NCT04305327,LEO Pharma,INDUSTRY
NCT01195727,Bristol-Myers Squibb,INDUSTRY
NCT01195727,Pfizer,INDUSTRY
NCT00003327,Theradex,INDUSTRY
NCT01510288,"Amsterdam UMC, location VUmc",OTHER
NCT01510288,Cell Genesys,INDUSTRY
NCT01510288,Medarex,INDUSTRY
NCT02580188,Seoul National University Bundang Hospital,OTHER
NCT07570888,University of British Columbia,OTHER
NCT07570888,Boehringer Ingelheim,INDUSTRY
NCT04647903,"Vallon Pharmaceuticals, Inc.",INDUSTRY
NCT00115427,Amgen,INDUSTRY
NCT05663827,Yi-Lun Wang,OTHER
NCT05910827,Hummingbird Bioscience,INDUSTRY
NCT05910827,"Merck KGaA, Darmstadt, Germany",INDUSTRY
NCT03579927,M.D. Anderson Cancer Center,OTHER
NCT03579927,National Cancer Institute (NCI),NIH
NCT00001027,National Institute of Allergy and Infectious Diseases (NIAID),NIH
NCT00001027,Fujisawa Pharmaceutical Co,INDUSTRY
NCT05969561,National Taiwan University Hospital,OTHER
NCT01943461,"Merck KGaA, Darmstadt, Germany",INDUSTRY
NCT00563342,"University Hospital, Clermont-Ferrand",OTHER
NCT03587142,Johns Hopkins Bloomberg School of Public Health,OTHER
NCT03587142,National Institute of Diabetes and Digestive and Kidney Diseases (NIDDK),NIH
NCT03587142,"Texas Tech University Health Sciences Center, El Paso",OTHER
NCT03587142,Johns Hopkins University,OTHER
NCT03587142,Temple University,OTHER
NCT03587142,University of Louisville,OTHER
NCT03587142,Wake Forest University,OTHER
NCT03587142,Massachusetts General Hospital,OTHER
NCT01543386,"University Hospital, Clermont-Ferrand",OTHER
NCT01543386,"Institut National de Recherche pour l'Agriculture, l'Alimentation et l'Environnement",OTHER
NCT01543386,Association Régionale de Cardiologie d'Auvergne,UNKNOWN
NCT01543386,ARDEC Association de Recherche de Développement et d'Enseignement de la Cardiologie,UNKNOWN
NCT06353386,Merck Sharp & Dohme LLC,INDUSTRY
NCT06353386,"Orion Corporation, Orion Pharma",INDUSTRY
NCT01344070,King Faisal Specialist Hospital & Research Center,OTHER
NCT01344070,Saudi National Comprehensive Plan for Science & Technology,UNKNOWN
NCT03600870,Mayo Clinic,OTHER
NCT01650870,Benaroya Research Institute,OTHER
NCT01650870,Virginia Mason Hospital/Medical Center,OTHER
NCT01650870,Cumberland Pharmaceuticals,INDUSTRY
NCT06612970,"Shanghai Huaota Biopharmaceutical Co., Ltd.",INDUSTRY
NCT02065570,AbbVie,INDUSTRY
NCT04605770,Yonsei University,OTHER
NCT06432673,Atrogi AB,INDUSTRY
NCT00992173,"Molecular Insight Pharmaceuticals, Inc.",INDUSTRY
NCT07592273,AbbVie,INDUSTRY
NCT05127473,Novo Nordisk A/S,INDUSTRY
NCT00656773,"University Hospital, Toulouse",OTHER
NCT00507169,Salvat,INDUSTRY
NCT01322269,HemaQuest Pharmaceuticals Inc.,INDUSTRY
NCT00566969,Yale University,OTHER
NCT00566969,National Institute on Drug Abuse (NIDA),NIH
NCT06543069,"Cancer Institute and Hospital, Chinese Academy of Medical Sciences",OTHER
NCT06319469,Beni-Suef University,OTHER
NCT03260569,University of Cincinnati,OTHER
NCT07218341,Eli Lilly and Company,INDUSTRY
NCT05780541,National Institute of Allergy and Infectious Diseases (NIAID),NIH
NCT05780541,International Network for Strategic Initiatives in Global HIV Trials (INSIGHT),NETWORK
NCT05780541,University of Copenhagen,OTHER
NCT05780541,Medical Research Council,OTHER_GOV
NCT05780541,Kirby Institute,OTHER_GOV
NCT05780541,Washington D.C. Veterans Affairs Medical Center,FED
NCT05780541,Advancing Clinical Therapeutics Globally for HIV/AIDS and Other Infections,NETWORK
NCT05780541,"National Heart, Lung, and Blood Institute (NHLBI)",NIH
NCT05780541,US Department of Veterans Affairs,FED
NCT05780541,Prevention and Early Treatment of Acute Lung Injury,OTHER
NCT05780541,Cardiothoracic Surgical Trials Network,OTHER
NCT05780541,Pfizer,INDUSTRY
NCT05780541,University of Minnesota,OTHER
NCT02834754,Marc Schwartz,OTHER
NCT02834754,Takeda,INDUSTRY
NCT00685854,National Eye Institute (NEI),NIH
NCT02971254,Asklepieion Voulas General Hospital,OTHER_GOV
NCT06923605,Future University in Egypt,OTHER
NCT01165905,"Traws Pharma, Inc.",INDUSTRY
NCT00002105,Sequus Pharmaceuticals,INDUSTRY
NCT02548494,Chattanooga-Hamilton County Hospital Authority,OTHER
NCT06209294,Xiaohua Wu,OTHER
NCT00172094,Shire,INDUSTRY
NCT06757894,Sun Yat-sen University,OTHER
NCT06757894,Gansu Cancer Hospital,OTHER
NCT06757894,Ganzhou Cancer Hospital,UNKNOWN
NCT06757894,"Fifth Affiliated Hospital, Sun Yat-Sen University",OTHER
NCT06757894,Fifth Affiliated Hospital of Guangzhou Medical University,OTHER
NCT05711394,AbbVie,INDUSTRY
NCT01015794,Bayside Health,OTHER_GOV
NCT04417894,Regeneron Pharmaceuticals,INDUSTRY
NCT04417894,Sanofi,INDUSTRY
NCT00417794,University of Oklahoma,OTHER
NCT00417794,"Mark L. Wolraich, M.D.",UNKNOWN
NCT00417794,Eli Lilly and Company,INDUSTRY
NCT00675922,"The University of Texas Medical Branch, Galveston",OTHER
NCT07097922,He Eye Hospital,OTHER
NCT00363766,Eli Lilly and Company,INDUSTRY
NCT05068856,"Shanghai Hengrui Pharmaceutical Co., Ltd.",INDUSTRY
NCT00598156,Lund University Hospital,OTHER
NCT00598156,Hoffmann-La Roche,INDUSTRY
NCT05742022,"Institute of Biomedical Chemistry, Russia",OTHER
NCT06225622,Shanghai Zhongshan Hospital,OTHER
NCT06225622,"CSPC Ouyi Pharmaceutical Co., Ltd.",INDUSTRY
NCT02758522,Hospital Universitario Dr. Jose E. Gonzalez,OTHER
NCT00206622,Bayer,INDUSTRY
NCT05279651,Jagiellonian University,OTHER
NCT05279651,Population Health Research Institute,OTHER
NCT05279651,Vanderbilt University Medical Center,OTHER
NCT00049751,Abbott,INDUSTRY
NCT07124351,Cedars-Sinai Medical Center,OTHER
NCT07124351,"On Target Laboratories, LLC",INDUSTRY
NCT00801151,Institut Claudius Regaud,OTHER
NCT00801151,Merck Sharp & Dohme LLC,INDUSTRY
NCT00490451,Eli Lilly and Company,INDUSTRY
NCT01118351,Case Comprehensive Cancer Center,OTHER
NCT01118351,Pfizer,INDUSTRY
NCT07553351,"Kexing Biopharm Co., Ltd.",INDUSTRY
NCT05846451,Washington State University,OTHER
NCT05846451,National Center for Complementary and Integrative Health (NCCIH),NIH
NCT02064829,"Sorrento Therapeutics, Inc.",INDUSTRY
NCT03678129,King's College London,OTHER
NCT06896929,"Children Hospital and Institute of Child Health, Lahore",OTHER
NCT04150029,Novartis Pharmaceuticals,INDUSTRY
NCT02421029,"Mt. Sinai Medical Center, Miami",OTHER
NCT05737329,"Federal State Budget Institution Research Center for Obstetrics, Gynecology and Perinatology Ministry of Healthcare",OTHER_GOV
NCT00387920,National Cancer Institute (NCI),NIH
NCT03520920,BeiGene,INDUSTRY
NCT02647320,Daiichi Sankyo,INDUSTRY
NCT02278120,Novartis Pharmaceuticals,INDUSTRY
NCT00003982,European Organisation for Research and Treatment of Cancer - EORTC,NETWORK
NCT00678782,University of Padova,OTHER
NCT00678782,Wyeth is now a wholly owned subsidiary of Pfizer,INDUSTRY
NCT00678782,Azienda Ospedaliera di Padova,OTHER
NCT00845182,The University of Texas Health Science Center at San Antonio,OTHER
NCT02420782,Astellas Pharma Europe B.V.,INDUSTRY
NCT02460224,Novartis Pharmaceuticals,INDUSTRY
NCT02623959,M.D. Anderson Cancer Center,OTHER
NCT00553059,M.D. Anderson Cancer Center,OTHER
NCT00553059,National Cancer Institute (NCI),NIH
NCT00553059,Solvay Pharmaceuticals,INDUSTRY
NCT02285959,Global Neurosciences Institute,OTHER
NCT00092859,Merck Sharp & Dohme LLC,INDUSTRY
NCT01923480,Baxter Healthcare Corporation,INDUSTRY
NCT00710580,"AbbVie (prior sponsor, Abbott)",INDUSTRY
NCT00710580,Paragon Biomedical,INDUSTRY
NCT01845779,Centre Hospitalier Universitaire de Besancon,OTHER
NCT02625480,"Kite, A Gilead Company",INDUSTRY
NCT05638880,Mostafa Bahaa,OTHER
NCT05638880,Tanta University,OTHER
NCT01627379,AIO-Studien-gGmbH,OTHER
NCT01627379,Amgen,INDUSTRY
NCT01627379,Assign Data Management and Biostatistics GmbH,OTHER
NCT01627379,Assign Clinical Research GmbH,OTHER
NCT01516879,Amgen,INDUSTRY
NCT04768179,Makerere University,OTHER
NCT04768179,"Ministry of Health, Uganda",OTHER_GOV
NCT04768179,Mbarara University of Science and Technology,OTHER
NCT04768179,Joint Clinical Research Center,OTHER
NCT02681679,Sun Yat-sen University,OTHER
NCT02681679,"Ministry of Health, China",OTHER_GOV
NCT03346096,Sheba Medical Center,OTHER_GOV
NCT06706362,Ohio State University,OTHER
NCT04498962,Jingqing Hu,OTHER
NCT04937062,Weill Medical College of Cornell University,OTHER
NCT04937062,Children's Hospital Colorado,OTHER
NCT04937062,SLC6A1 Connect,UNKNOWN
NCT04937062,STXBP1 Foundation,UNKNOWN
NCT04937062,Clara Inspired,UNKNOWN
NCT04937062,University of Pennsylvania Orphan Disease Center,UNKNOWN
NCT04937062,Horizon Therapeutics,UNKNOWN
NCT01785446,Tianjin Medical University General Hospital,OTHER
NCT01785446,Shehzaad Joomye,UNKNOWN
NCT01785446,Haiyun Wang,UNKNOWN
NCT01785446,Donglai Yan,UNKNOWN
NCT00779246,Christiana Care Health Services,OTHER
NCT00779246,"Sage Products, Inc.",INDUSTRY
NCT00424346,Novartis,INDUSTRY
NCT00601588,Roxane Laboratories,INDUSTRY
NCT04929288,Jessica Weafer,OTHER
NCT04929288,National Institute on Alcohol Abuse and Alcoholism (NIAAA),NIH
NCT06251388,West China Second University Hospital,OTHER
NCT06251388,Afﬁliated Hospital of North Sichuan Medical College,OTHER
NCT06251388,The Affiliated Hospital Of Southwest Medical University,OTHER
NCT03516903,University of Sao Paulo,OTHER
NCT03516903,Fundação de Amparo à Pesquisa do Estado de São Paulo,OTHER_GOV
NCT00487903,Point Biomedical,INDUSTRY
NCT06952803,AstraZeneca,INDUSTRY
NCT06952803,Parexel,INDUSTRY
NCT03090503,Fundación Marques de Valdecilla,OTHER
NCT03090503,Centro de Investigación Biomédica en Red de Salud Mental,NETWORK
NCT03090503,Instituto de Investigación Marqués de Valdecilla,OTHER
NCT01100203,Lene Boesby,OTHER
NCT01100203,"Rigshospitalet, Denmark",OTHER
NCT01868503,Stanford University,OTHER
NCT01868503,National Cancer Institute (NCI),NIH
NCT03827603,Eugene Nikitin,OTHER
NCT03428503,Pamukkale University,OTHER
NCT00963703,University of Manitoba,OTHER
NCT00963703,Hoffmann-La Roche,INDUSTRY
NCT02859727,Pharming Technologies B.V.,INDUSTRY
NCT00237627,UNC Lineberger Comprehensive Cancer Center,OTHER
NCT00237627,National Cancer Institute (NCI),NIH
NCT02508870,Hoffmann-La Roche,INDUSTRY
NCT00270270,"Johnson & Johnson Pharmaceutical Research & Development, L.L.C.",INDUSTRY
NCT03283670,Washington University School of Medicine,OTHER
NCT03283670,Brain & Behavior Research Foundation,OTHER
NCT00584870,Pfizer,INDUSTRY
NCT05280470,Daiichi Sankyo,INDUSTRY
NCT05280470,Merck Sharp & Dohme LLC,INDUSTRY
NCT01350570,Chengdu University of Traditional Chinese Medicine,OTHER
NCT01350570,Guang'anmen Hospital of China Academy of Chinese Medical Sciences,OTHER
NCT01732770,Amgen,INDUSTRY
NCT04497870,Baylor College of Medicine,OTHER
NCT03357770,Peking University People's Hospital,OTHER
NCT00054873,Chiron Corporation,INDUSTRY
NCT05241873,Blueprint Medicines Corporation,INDUSTRY
NCT06301373,Sun Yat-Sen Memorial Hospital of Sun Yat-Sen University,OTHER
NCT01613183,China Academy of Chinese Medical Sciences,OTHER
NCT01115673,"McNeil Consumer Healthcare Division of McNEIL-PPC, Inc.",INDUSTRY
NCT03487783,Otsuka Beijing Research Institute,INDUSTRY
NCT01590641,Gilead Sciences,INDUSTRY
NCT05803941,Novartis Pharmaceuticals,INDUSTRY
NCT07302841,Tianjin Medical University Cancer Institute and Hospital,OTHER
NCT01842841,Shire,INDUSTRY
NCT01842841,"Quintiles, Inc.",INDUSTRY
NCT00988741,"ArQule, Inc., a subsidiary of Merck Sharp & Dohme LLC, a subsidiary of Merck & Co., Inc. (Rahway, NJ USA)",INDUSTRY
NCT01967641,New York State Psychiatric Institute,OTHER
NCT05801354,University of Health Sciences Lahore,OTHER
NCT05801354,Lahore General Hospital,OTHER_GOV
NCT07566754,Douglas Kwon,OTHER
NCT07566754,Massachusetts General Hospital,OTHER
NCT07566754,Bill and Melinda Gates Foundation,OTHER
NCT00581854,"University of Wisconsin, Madison",OTHER
NCT00327054,Aga Khan University,OTHER
NCT00382954,University of Kentucky,OTHER
NCT00382954,National Institutes of Health (NIH),NIH
NCT07657754,First Affiliated Hospital of Wannan Medical College,OTHER
NCT07657754,The First Affiliated Hospital of Bengbu Medical University,OTHER
NCT02665754,Gachon University Gil Medical Center,OTHER
NCT02665754,Korea Research Foundation,OTHER
NCT06841705,"Shilpa Grover, MD, MPH",OTHER
NCT06841705,Dana-Farber/Brigham and Women's Cancer Center,OTHER
NCT06841705,Takeda,INDUSTRY
NCT01307605,Swiss Cancer Institute,OTHER
NCT07285005,Kaken Pharmaceutical,INDUSTRY
NCT01169805,Yonsei University,OTHER
NCT00791505,University of Monastir,OTHER
NCT01546805,St. Joseph's Healthcare Hamilton,OTHER
NCT01395394,Emory University,OTHER
NCT00820794,Pfizer,INDUSTRY
NCT00136994,Pfizer's Upjohn has merged with Mylan to form Viatris Inc.,INDUSTRY
NCT02994394,"Otsuka Pharmaceutical Co., Ltd.",INDUSTRY
NCT00259766,AstraZeneca,INDUSTRY
NCT05535166,St. Jude Children's Research Hospital,OTHER
NCT05535166,National Cancer Institute (NCI),NIH
NCT03716856,First Affiliated Hospital of Zhejiang University,OTHER
NCT03716856,"CARsgen Therapeutics Co., Ltd.",INDUSTRY
NCT01403922,AstraZeneca,INDUSTRY
NCT00040456,Baylor College of Medicine,OTHER
NCT00040456,Boston Children's Hospital,OTHER
NCT00686556,"Masonic Cancer Center, University of Minnesota",OTHER
NCT01660256,"Otsuka Pharmaceutical Co., Ltd.",INDUSTRY
NCT05980156,"University of Maryland, Baltimore",OTHER
NCT05980156,Kamuzu University of Health Sciences,OTHER
NCT05980156,Doris Duke Charitable Foundation,OTHER
NCT01158222,Case Comprehensive Cancer Center,OTHER
NCT02053922,Ain Shams University,OTHER
NCT00940056,Region Örebro County,OTHER
NCT00940056,Medtronic,INDUSTRY
NCT01088256,Ruhr University of Bochum,OTHER
NCT02082522,Concordia Laboratories Inc.,INDUSTRY
NCT00757731,Pierre Fabre Medicament,INDUSTRY
NCT07662720,Glycyx Therapeutics,INDUSTRY
NCT07662720,National Cancer Institute (NCI),NIH
NCT07662720,Emory University,OTHER
NCT07662720,University of Pittsburgh,OTHER
NCT05886920,"D3 Bio (Wuxi) Co., Ltd",INDUSTRY
NCT00618982,Bayer,INDUSTRY
NCT03933982,Chinese Academy of Medical Sciences,OTHER
NCT02328482,Bioblast Pharma Ltd.,INDUSTRY
NCT01029782,Kelowna General Hospital,OTHER_GOV
NCT01029782,Canadian Society of Hospital Pharmacists,OTHER
NCT01029782,"Capital Health, Canada",OTHER
NCT01029782,"Interior Health Authority, Canada",UNKNOWN
NCT06728982,Minia University,OTHER
NCT01749982,Columbia University,OTHER
NCT06552182,"Huons Co., Ltd.",INDUSTRY
NCT02857582,Per Hellström,OTHER
NCT02857582,Karolinska Institutet,OTHER
NCT02857582,Region Gävleborg,OTHER
NCT01577524,"Attabib, Najmedden, M.D.",INDIV
NCT05260359,dsm-firmenich Switzerland AG,INDUSTRY
NCT04230759,Goethe University,OTHER
NCT06911359,David Grant U.S. Air Force Medical Center,FED
NCT07576959,National Taiwan University Hospital,OTHER
NCT01347580,AstraZeneca,INDUSTRY
NCT03933280,Menoufia University,OTHER
NCT00624780,Pfizer's Upjohn has merged with Mylan to form Viatris Inc.,INDUSTRY
NCT00944996,Tirat Carmel Mental Health Center,OTHER_GOV
NCT00944996,University of Michigan,OTHER
NCT00944996,Ariel University,OTHER
NCT00944996,"The Nazareth Hospital, Israel",OTHER
NCT02813096,Guangxi Medical University,OTHER
NCT02147262,University Medical Centre Ljubljana,OTHER
NCT02147262,"University of Ljubljana School of Medicine, Slovenia",OTHER
NCT02147262,Medical University of Vienna,OTHER
NCT02147262,Harvard University,OTHER
NCT00388362,Stanford University,OTHER
NCT04085562,Alexandria University,OTHER
NCT04085562,Damanhour University,OTHER
NCT03950362,Institut Paoli-Calmettes,OTHER
NCT07456046,"D3 Bio (Wuxi) Co., Ltd",INDUSTRY
NCT00003446,Grupo Oncologico Cooperativo del Sur,OTHER
NCT03941288,Mayo Clinic,OTHER
NCT03941288,National Institute of Diabetes and Digestive and Kidney Diseases (NIDDK),NIH
NCT07545746,UNC Lineberger Comprehensive Cancer Center,OTHER
NCT07545746,National Cancer Institute (NCI),NIH
NCT07545746,UNC Department of Obstetrics and Gynecology,UNKNOWN
NCT04112303,Gilead Sciences,INDUSTRY
NCT05102903,"Boryung Pharmaceutical Co., Ltd",INDUSTRY
NCT06732388,National Cancer Institute (NCI),NIH
NCT06447688,Mersin Medicalpark Hastanesi,OTHER
NCT01796327,Pfizer,INDUSTRY
NCT06393361,Chinese PLA General Hospital,OTHER
NCT06750861,"Cancer Institute and Hospital, Chinese Academy of Medical Sciences",OTHER
NCT03236961,Turku University Hospital,OTHER_GOV
NCT03236961,Oulu University Hospital,OTHER
NCT03236961,Tampere University Hospital,OTHER
NCT03236961,Kuopio University Hospital,OTHER
NCT03236961,Mikkeli Central Hospital,OTHER
NCT03236961,Lapland Central Hospital,UNKNOWN
NCT03236961,Jyväskylä Central Hospital,OTHER
NCT03236961,Satakunta Central Hospital,OTHER
NCT03236961,Seinajoki Central Hospital,OTHER
NCT01689142,Sanofi,INDUSTRY
NCT01740986,"SamA Pharmaceutical Co., Ltd",INDUSTRY
NCT03859986,"Ralexar Therapeutics, Inc.",INDUSTRY
NCT00486486,Aristotle University Of Thessaloniki,OTHER
NCT00811070,Pfizer,INDUSTRY
NCT01779570,Chinese University of Hong Kong,OTHER
NCT04491370,New York Medical College,OTHER
NCT00453973,Affymax,INDUSTRY
NCT03586973,Takeda,INDUSTRY
NCT02251873,Boehringer Ingelheim,INDUSTRY
NCT06510673,Cairo University,OTHER
NCT06510673,Suez University,OTHER
NCT06510673,Badr University,OTHER
NCT06510673,Helwan University,OTHER
NCT00364273,GlaxoSmithKline,INDUSTRY
NCT02269969,Sandra Walker,OTHER
NCT07154069,Sun Yat-sen University,OTHER
NCT00518583,Aptium Oncology Research Network,NETWORK
NCT00518583,"Ortho Biotech Products, L.P.",INDUSTRY
NCT05862883,"Research Institute of Virology, Ministry of Health of the Republic of Uzbekistan",OTHER_GOV
NCT01565083,Hoffmann-La Roche,INDUSTRY
NCT04635241,Australian National University,OTHER
NCT04635241,Helwan University,OTHER
NCT04635241,"Clinica San Camilo, Argentina",OTHER
NCT04635241,Frederick Health,OTHER
NCT04635241,Dr Cipto Mangunkusumo General Hospital,OTHER
NCT04635241,"Dr. Moewardi General Hospital, Surakarta, Indonesia",OTHER
NCT04635241,University of Sao Paulo,OTHER
NCT04635241,St James Connolly Memorial Hospital,OTHER
NCT04635241,University College Hospital Galway,OTHER
NCT04635241,Beaumont Hospital,OTHER
NCT02820454,"University Hospital, Grenoble",OTHER
NCT02820454,NH TherAguix SAS,OTHER
NCT05914454,Azienda Sanitaria-Universitaria Integrata di Udine,OTHER
NCT05914454,University of Udine,OTHER
NCT02456454,Nationwide Children's Hospital,OTHER
NCT02456454,Stanley Medical Research Institute,OTHER
NCT04968054,Gangnam Severance Hospital,OTHER
NCT00201305,"National Health Research Institutes, Taiwan",OTHER
NCT00201305,Chang Gung Memorial Hospital,OTHER
NCT00201305,Changhua Christian Hospital,OTHER
NCT00201305,China Medical University Hospital,OTHER
NCT00201305,Mackay Memorial Hospital,OTHER
NCT00201305,Chi Mei Medical Hospital,OTHER
NCT00201305,"Taipei Veterans General Hospital, Taiwan",OTHER_GOV
NCT00201305,National Cheng-Kung University Hospital,OTHER
NCT00201305,National Taiwan University Hospital,OTHER
NCT02900105,KK Women's and Children's Hospital,OTHER_GOV
NCT05929794,University of Iowa,OTHER
NCT05565794,Institut für Klinische Krebsforschung IKF GmbH at Krankenhaus Nordwest,OTHER
NCT05565794,Incyte Biosciences International Sàrl,INDUSTRY
NCT04770194,Shin Poong Pharmaceutical Co. Ltd.,INDUSTRY
NCT03276494,Ohio State University,OTHER
NCT07263594,DualityBio Inc.,INDUSTRY
NCT07263594,GlaxoSmithKline,INDUSTRY
NCT04233294,Chinese PLA General Hospital,OTHER
NCT00045994,"Synvista Therapeutics, Inc",INDUSTRY
NCT04657666,Jazz Pharmaceuticals,INDUSTRY
NCT02209766,AstraZeneca,INDUSTRY
NCT02351856,Pfizer,INDUSTRY
NCT06004856,"Beijing InnoCare Pharma Tech Co., Ltd.",INDUSTRY
NCT00426556,Novartis Pharmaceuticals,INDUSTRY
NCT01514422,Icahn School of Medicine at Mount Sinai,OTHER
NCT00226122,University of Aarhus,OTHER
NCT07426822,Maryam Lustberg,OTHER
NCT07426822,AstraZeneca,INDUSTRY
NCT07705022,University of Michigan,OTHER
NCT07705022,National Institute of General Medical Sciences (NIGMS),NIH
NCT06337422,International Bio service,NETWORK
NCT04399122,59th Medical Wing,FED
NCT00416351,Memorial Sloan Kettering Cancer Center,OTHER
NCT00416351,National Cancer Institute (NCI),NIH
NCT00416351,University of Rochester,OTHER
NCT00416351,The Cleveland Clinic,OTHER
NCT05309629,"Qilu Pharmaceutical Co., Ltd.",INDUSTRY
NCT03587129,First Affiliated Hospital of Harbin Medical University,OTHER
NCT00641329,"Addrenex Pharmaceuticals, Inc.",INDUSTRY
NCT01785329,Sanofi,INDUSTRY
NCT01785329,Regeneron Pharmaceuticals,INDUSTRY
NCT00003131,Pfizer,INDUSTRY
NCT02513329,Northwestern University,OTHER
NCT02513329,University of Illinois at Chicago,OTHER
NCT06656429,Muhammad Aamir Latif,OTHER
NCT00301002,The Guenther Dermatology Research Centre,OTHER
NCT00301002,Biogen,INDUSTRY
NCT00004402,FDA Office of Orphan Products Development,FED
NCT00004402,Medical University of South Carolina,OTHER
NCT05651802,Zhejiang Cancer Hospital,OTHER
NCT05651802,Sun Yat-sen University,OTHER
NCT05651802,"First Affiliated Hospital, Sun Yat-Sen University",OTHER
NCT04143802,Eli Lilly and Company,INDUSTRY
NCT06023602,"Northwest Women's and Children's Hospital, Xi'an, Shaanxi",OTHER
NCT06760702,Aurigene Discovery Technologies Limited,INDUSTRY
NCT03685253,"University of Maryland, Baltimore",OTHER
NCT03685253,US Department of Veterans Affairs,FED
NCT02159196,Academisch Medisch Centrum - Universiteit van Amsterdam (AMC-UvA),OTHER
NCT02159196,ZonMw: The Netherlands Organisation for Health Research and Development,OTHER
NCT07057596,Grupo Español Multidisciplinar de Melanoma,OTHER
NCT02820896,"Genentech, Inc.",INDUSTRY
NCT01861496,Allarity Therapeutics,INDUSTRY
NCT00005996,Jonsson Comprehensive Cancer Center,OTHER
NCT00005996,National Cancer Institute (NCI),NIH
NCT00803179,"University of Massachusetts, Worcester",OTHER
NCT01935479,Asahi Kasei Therapeutics Corporation,INDUSTRY
NCT03131479,Novartis Pharmaceuticals,INDUSTRY
NCT06202079,"Gan and Lee Pharmaceuticals, USA",INDUSTRY
NCT00636896,"Neuropsychiatric Research Institute, Fargo, North Dakota",OTHER
NCT00636896,Eli Lilly and Company,INDUSTRY
NCT00636896,University of North Dakota,OTHER
NCT00907959,Bionovo,INDUSTRY
NCT05324059,Laboratorios Silanes S.A. de C.V.,INDUSTRY
NCT06918080,Ain Shams University,OTHER
NCT00080080,Point Therapeutics,INDUSTRY
NCT05343780,Natural Wellness Egypt,INDUSTRY
NCT05343780,Ain Shams University,OTHER
NCT05343780,National Hepatology & Tropical Medicine Research Institute,OTHER_GOV
NCT05365880,University of Utah,OTHER
NCT07094880,Bangladesh Medical University,OTHER
NCT03591380,"University of Wisconsin, Madison",OTHER
NCT03591380,GlaxoSmithKline,INDUSTRY
NCT03591380,American College of Surgeons,OTHER
NCT06081179,University of Zurich,OTHER
NCT00258479,"Catherine Martin, MD",OTHER
NCT00258479,National Institute on Drug Abuse (NIDA),NIH
NCT07585279,Hebei Medical University Fourth Hospital,OTHER
NCT05840679,"Armed Forces Institute of Dentistry, Pakistan",OTHER
NCT00401479,GlaxoSmithKline,INDUSTRY
NCT04478279,Sapience Therapeutics,INDUSTRY
NCT05078879,National Institute of Allergy and Infectious Diseases (NIAID),NIH
NCT07470879,Pfizer,INDUSTRY
NCT05965479,University of Southampton,OTHER
NCT05965479,AstraZeneca,INDUSTRY
NCT05965479,"Natera, Inc.",INDUSTRY
NCT00333996,Allergan,INDUSTRY
NCT01008696,"Janssen Korea, Ltd., Korea",INDUSTRY
NCT07469462,University of Reading,OTHER
NCT07469462,"eBeauty Ltd Innopure, Regus House, Cardiff Gate Business Park, Malthouse Avenue, Cardiff, CF23 8RU",UNKNOWN
NCT05191862,"Genovate Biotechnology Co., Ltd.,",INDUSTRY
NCT04839562,Massachusetts General Hospital,OTHER
NCT03298646,Ain Shams University,OTHER
NCT00832546,TorreyPines Therapeutics,INDUSTRY
NCT05100446,"Unidade Local de Saúde do Alto Ave, EPE",OTHER
NCT06365788,Universitaire Ziekenhuizen KU Leuven,OTHER
NCT06365788,Kom Op Tegen Kanker,OTHER
NCT06365788,Eli Lilly and Company,INDUSTRY
NCT06365788,Teva Pharma,INDUSTRY
NCT02322788,AstraZeneca,INDUSTRY
NCT02392546,Ferring Pharmaceuticals,INDUSTRY
NCT00607646,"University of Maryland, Baltimore",OTHER
NCT00607646,National Institute of Diabetes and Digestive and Kidney Diseases (NIDDK),NIH
NCT00815646,Duke University,OTHER
NCT00815646,Divers Alert Network,NETWORK
NCT06308588,M.D. Anderson Cancer Center,OTHER
NCT06308588,Novartis Pharmaceuticals,INDUSTRY
NCT00669903,AstraZeneca,INDUSTRY
NCT05517603,"AnnJi Pharmaceutical Co., Ltd.",INDUSTRY
NCT00000588,Case Western Reserve University,OTHER
NCT00000588,"National Heart, Lung, and Blood Institute (NHLBI)",NIH
NCT02502903,"Bioverativ, a Sanofi company",INDUSTRY
NCT02502903,Celerion Clinical Research GmbH,UNKNOWN
NCT02502903,Assign Data Management and Biostatistics GmbH,OTHER
NCT02502903,ABF Pharmaceutical Services GmbH,INDUSTRY
NCT02502903,Quest Diagnostics-Nichols Insitute,INDUSTRY
NCT02502903,Covance,INDUSTRY
NCT02502903,PPD Laboratories - Virginia,UNKNOWN
NCT02502903,"Softworld Inc. - Cambridge, MA",UNKNOWN
NCT01307488,Fundacion SEIMC-GESIDA,OTHER
NCT01307488,Bristol-Myers Squibb,INDUSTRY
NCT00861588,Chinese University of Hong Kong,OTHER
NCT00861588,"School of Pharmacy, CUHK",UNKNOWN
NCT02439788,Baylor College of Medicine,OTHER
NCT02439788,"Center for Cell and Gene Therapy, Baylor College of Medicine",OTHER
NCT02439788,Alex's Lemonade Stand Foundation,INDUSTRY
NCT03137303,University of Illinois at Chicago,OTHER
NCT03137303,Agency for Healthcare Research and Quality (AHRQ),FED
NCT04503603,Takeda,INDUSTRY
NCT04503603,"Takeda Development Center Americas, Inc.",INDUSTRY
NCT01663103,"University of Colorado, Denver",OTHER
NCT04298203,University of Minnesota,OTHER
NCT07346742,Olawumi Olajide,OTHER
NCT00001561,National Cancer Institute (NCI),NIH
NCT06325761,Shouyao Holdings (Beijing) Co. LTD,OTHER
NCT03833661,"EMD Serono Research & Development Institute, Inc.",INDUSTRY
NCT03833661,"Merck KGaA, Darmstadt, Germany",INDUSTRY
NCT03308942,"Tesaro, Inc.",INDUSTRY
NCT01482286,Pennington Biomedical Research Center,OTHER
NCT01482286,Eunice Kennedy Shriver National Institute of Child Health and Human Development (NICHD),NIH
NCT04092686,"Otsuka Pharmaceutical Development & Commercialization, Inc.",INDUSTRY
NCT02890173,"Daiichi Sankyo Co., Ltd.",INDUSTRY
NCT06881173,"Cheng, yu-ting",OTHER
NCT01711073,"Proteonomix, Inc.",INDUSTRY
NCT01711073,University of Medicine and Dentistry of New Jersey,OTHER
NCT01711073,Numoda,INDUSTRY
NCT00851773,Novo Nordisk A/S,INDUSTRY
NCT02062073,Dr. Reddy's Laboratories Limited,INDUSTRY
NCT02062073,"TKL Research, Inc.",INDUSTRY
NCT02062073,Accelovance,INDUSTRY
NCT06647069,Sanofi,INDUSTRY
NCT00408369,"Immtech Pharmaceuticals, Inc",INDUSTRY
NCT01961583,Asan Medical Center,OTHER
NCT01961583,GE Healthcare,INDUSTRY
NCT05689983,Washington University School of Medicine,OTHER
NCT05689983,National Institutes of Health (NIH),NIH
NCT05689983,National Center for Advancing Translational Sciences (NCATS),NIH
NCT01736683,Merck Sharp & Dohme LLC,INDUSTRY
NCT03277183,VA Office of Research and Development,FED
NCT00004083,NYU Langone Health,OTHER
NCT00004083,National Cancer Institute (NCI),NIH
NCT01049841,Memorial Sloan Kettering Cancer Center,OTHER
NCT01049841,"University of Wisconsin, Madison",OTHER
NCT01049841,Duke University,OTHER
NCT01049841,NATL COMP CA NETWORK,UNKNOWN
NCT01049841,Pfizer,INDUSTRY
NCT01049841,AEterna Zentaris,INDUSTRY
NCT02195154,Chang Gung Memorial Hospital,OTHER
NCT02195154,"National Science and Technology Council, Taiwan",OTHER_GOV
NCT00206154,AstraZeneca,INDUSTRY
NCT01404754,Resilient Pharmaceuticals,INDUSTRY
NCT00343005,National Institute of Allergy and Infectious Diseases (NIAID),NIH
NCT05254405,Donald Jeffrey Newport,OTHER
NCT05254405,Sage Therapeutics,INDUSTRY
NCT01570205,Xigen SA,INDUSTRY
NCT00983905,"Mutual Pharmaceutical Company, Inc.",INDUSTRY
NCT05767905,Pfizer,INDUSTRY
NCT05202405,Addpharma Inc.,INDUSTRY
NCT02086994,khalid abd aziz mohamed,OTHER
NCT03355794,"Children's Hospital Medical Center, Cincinnati",OTHER
NCT03355794,Novartis,INDUSTRY
NCT01201694,M.D. Anderson Cancer Center,OTHER
NCT01201694,Gateway for Cancer Research,OTHER
NCT01201694,"Theravalues, Inc.",INDUSTRY
NCT03531294,Greater Houston Retina Research,OTHER
NCT03531294,Regeneron Pharmaceuticals,INDUSTRY
NCT03531294,The Cleveland Clinic,OTHER
NCT06512194,Charles Raison,OTHER
NCT06512194,Usona Institute,OTHER
NCT06512194,Tiny Blue Dot Foundation,OTHER
NCT06512194,Steadman Philippon Research Institute,OTHER
NCT06512194,Emory University,OTHER
NCT01891994,"National Heart, Lung, and Blood Institute (NHLBI)",NIH
NCT00507494,Technische Universität Dresden,OTHER
NCT02759666,Atridia Pty Ltd.,INDUSTRY
NCT00002766,Memorial Sloan Kettering Cancer Center,OTHER
NCT00002766,National Cancer Institute (NCI),NIH
NCT02177266,Mayo Clinic,OTHER
NCT00441922,Hellenic Oncology Research Group,OTHER
NCT00441922,University Hospital of Crete,OTHER
NCT00512122,KU Leuven,OTHER
NCT00512122,"Fund for Scientific Research, Flanders, Belgium",OTHER
NCT00512122,Baxter Healthcare Corporation,INDUSTRY
NCT07545122,Context Therapeutics Inc.,INDUSTRY
NCT00825422,"University Hospital, Bordeaux",OTHER
NCT01076322,"Taiwan Otsuka Pharm. Co., Ltd",INDUSTRY
NCT02932722,Seoul National University Hospital,OTHER
NCT07439822,Outcomes'10,NETWORK
NCT03035422,"Association for Training, Education, and Research in Hematology, Immunology, and Transplantation",OTHER
NCT00054522,Roswell Park Cancer Institute,OTHER
NCT07159451,"Gustave Roussy, Cancer Campus, Grand Paris",OTHER
NCT07159451,Menarini Group,INDUSTRY
NCT07038629,Tianjin Medical University Cancer Institute and Hospital,OTHER
NCT07038629,Shanxi Province Cancer Hospital,OTHER
NCT07038629,"Cancer Institute and Hospital, Chinese Academy of Medical Sciences",OTHER
NCT01388829,Pfizer,INDUSTRY
NCT02499029,Medical University of South Carolina,OTHER
NCT06924229,Sohag University,OTHER
NCT00378729,Assistance Publique - Hôpitaux de Paris,OTHER
NCT00378729,Hopital Antoine Beclere,OTHER
NCT00378729,Hôpital Jean Verdier,OTHER
NCT00378729,Jean Rostand Intercommoned Hospital,UNKNOWN
NCT00378729,"Centre Hospitalier Universitaire, Amiens",OTHER
NCT00378729,"University Hospital, Caen",OTHER
NCT00378729,"University Hospital, Clermont-Ferrand",OTHER
NCT00378729,Lille Hospital : Jeanne de Flandre Hospital,UNKNOWN
NCT00378729,"University Hospital, Strasbourg, France",OTHER
NCT00378729,"CMCO SIHCUS, Schiltingheim",OTHER
NCT00378729,Study and research center of sterility (Lyon),UNKNOWN
NCT03926559,Augusta University,OTHER
NCT01768559,Sanofi,INDUSTRY
NCT01250379,Hoffmann-La Roche,INDUSTRY
NCT01189279,Allergan,INDUSTRY
NCT07057479,Eurofarma Laboratorios S.A.,INDUSTRY
NCT07266779,Humanis Saglık Anonim Sirketi,INDUSTRY
NCT02607696,Biolab Sanus Farmaceutica,INDUSTRY
NCT04571996,"Orion Corporation, Orion Pharma",INDUSTRY
NCT03785496,Yonsei University,OTHER
NCT07347496,The First Affiliated Hospital of Xinxiang Medical College,OTHER
NCT06289062,Tongji Hospital,OTHER
NCT06289062,Sun Yat-Sen Memorial Hospital of Sun Yat-Sen University,OTHER
NCT06289062,Women's Hospital School Of Medicine Zhejiang University,OTHER
NCT06289062,Third Military Medical University,OTHER
NCT06289062,Beijing Friendship Hospital,OTHER
NCT06289062,Sichuan Cancer Hospital and Research Institute,OTHER
NCT06289062,Tianjin Medical University,OTHER
NCT06289062,West China Second University Hospital,OTHER
NCT06289062,Xiangya Hospital of Central South University,OTHER
NCT06289062,Qilu Hospital of Shandong University,OTHER
NCT06289062,Gansu Cancer Hospital,OTHER
NCT06289062,Zhejiang Cancer Hospital,OTHER
NCT06289062,Shengjing Hospital,OTHER
NCT06289062,Anhui Provincial Cancer Hospital,OTHER
NCT00049062,The University of Texas Health Science Center at San Antonio,OTHER
NCT06151262,The Affiliated Nanjing Drum Tower Hospital of Nanjing University Medical School,OTHER
NCT02873962,Dana-Farber Cancer Institute,OTHER
NCT02873962,Bristol-Myers Squibb,INDUSTRY
NCT02873962,"Clovis Oncology, Inc.",INDUSTRY
NCT02872246,Bayer,INDUSTRY
NCT05769946,"Ganzhou Hemay Pharmaceutical Co., Ltd",INDUSTRY
NCT04147546,"Institut de Recherche en Sciences de la Sante, Burkina Faso",OTHER_GOV
NCT04147546,European and Developing Countries Clinical Trials Partnership (EDCTP),OTHER_GOV
NCT04108546,University of Thessaly,OTHER
NCT05362188,Al-Azhar University,OTHER
NCT06360588,National Cancer Institute (NCI),NIH
NCT02600988,Fundación Pública Andaluza para la gestión de la Investigación en Sevilla,OTHER
NCT01685827,Drugs for Neglected Diseases,OTHER
NCT04034927,National Cancer Institute (NCI),NIH
NCT04034927,NRG Oncology,OTHER
NCT04193527,GE Healthcare,INDUSTRY
NCT04193527,"PPD Development, LP",INDUSTRY
NCT04977427,Baylor Research Institute,OTHER
NCT03210961,Pfizer,INDUSTRY
NCT05048342,Novartis Pharmaceuticals,INDUSTRY
NCT02470442,Seoul National University Hospital,OTHER
NCT03100942,Gilead Sciences,INDUSTRY
NCT03100942,Lakefront Biotherapeutics NV,INDUSTRY
NCT03100942,"Ono Pharmaceutical Co., Ltd.",INDUSTRY
NCT05476042,Shahid Beheshti University of Medical Sciences,OTHER
NCT02860286,"Epizyme, Inc.",INDUSTRY
NCT00014586,European Organisation for Research and Treatment of Cancer - EORTC,NETWORK
NCT00138086,Lymphoma Study Association,OTHER
NCT00598442,Affymax,INDUSTRY
NCT00598442,Takeda,INDUSTRY
NCT03298542,"Janssen Research & Development, LLC",INDUSTRY
NCT04660786,Alexandria University,OTHER
NCT07217873,Columbia University,OTHER
NCT07217873,Association for the Advancement of Blood & Biotherapies,UNKNOWN
NCT01742273,RWTH Aachen University,OTHER
NCT00652873,"Par Pharmaceutical, Inc.",INDUSTRY
NCT00652873,Anapharm,INDUSTRY
NCT05080569,UMC Utrecht,OTHER
NCT02779569,The First Affiliated Hospital with Nanjing Medical University,OTHER
NCT02437669,Columbia University,OTHER
NCT01951183,Hoffmann-La Roche,INDUSTRY
NCT07413354,Tongji Hospital,OTHER
NCT02947854,PCI Biotech AS,INDUSTRY
NCT05353205,"Jiangsu Hansoh Pharmaceutical Co., Ltd.",INDUSTRY
NCT01241669,Eisai Inc.,INDUSTRY
NCT05349669,Anthea Hospital Bari,OTHER
NCT00267683,Novo Nordisk A/S,INDUSTRY
NCT07110883,"CSPC Megalith Biopharmaceutical Co.,Ltd.",INDUSTRY
NCT00480766,Organon and Co,INDUSTRY
NCT02673866,Daiichi Sankyo,INDUSTRY
NCT06324266,"Jinling Hospital, China",OTHER
NCT05162066,BioCryst Pharmaceuticals,INDUSTRY
NCT05563766,VA Office of Research and Development,FED
NCT05563766,Durham VA Health Care System,FED
NCT05563766,VA Palo Alto Health Care System,FED
NCT05563766,Portland VA Medical Center,FED
NCT05563766,VA Puget Sound Health Care System,FED
NCT05563766,Michael E. DeBakey VA Medical Center,FED
NCT05563766,VA Boston Healthcare System,FED
NCT05563766,North Texas Veterans Healthcare System,FED
NCT05563766,VA Ann Arbor Healthcare System,FED
NCT00688766,"Infinity Pharmaceuticals, Inc.",INDUSTRY
NCT00688766,MedImmune LLC,INDUSTRY
NCT00688766,AstraZeneca,INDUSTRY
NCT05277766,"University Hospital, Ghent",OTHER
NCT05277766,Kom Op Tegen Kanker,OTHER
NCT05277766,University Ghent,OTHER
NCT03260166,Second Xiangya Hospital of Central South University,OTHER
NCT03260166,National Natural Science Foundation of China,OTHER_GOV
NCT03260166,Hunan Provincial Natural Science Foundation of China,UNKNOWN
NCT03260166,National Key Clinical Specialty Construction Project of China,UNKNOWN
NCT05060666,Infectopharm Arzneimittel GmbH,INDUSTRY
NCT05060666,Gesellschaft für Therapieforschung mbH,INDUSTRY
NCT00493766,Novartis Pharmaceuticals,INDUSTRY
NCT02006966,Yonsei University,OTHER
NCT07656766,Peking University People's Hospital,OTHER
NCT00279266,Loma Linda University,OTHER
NCT04540666,The University of Hong Kong,OTHER
NCT06147856,"ModernaTX, Inc.",INDUSTRY
NCT02719756,"Research Clinical Centre of the Russian Railways, JSC",OTHER
NCT00394056,GlaxoSmithKline,INDUSTRY
NCT03034356,VA Office of Research and Development,FED
NCT02971956,Dana-Farber Cancer Institute,OTHER
NCT02971956,Merck Sharp & Dohme LLC,INDUSTRY
NCT01067222,Bioprojet,OTHER
NCT00634751,"University of Wisconsin, Madison",OTHER
NCT00634751,Bayer,INDUSTRY
NCT00634751,Sanofi,INDUSTRY
NCT02963051,"Daniel George, MD",OTHER
NCT02963051,Give 1 For Dad Campaign,UNKNOWN
NCT02963051,The V Foundation for Cancer Research,OTHER
NCT02963051,Peter Michael Foundation,UNKNOWN
NCT02963051,Cantex Pharmaceuticals,INDUSTRY
NCT01349751,Mahidol University,OTHER
NCT04811651,General Hospital of Shenyang Military Region,OTHER
NCT02426229,Medical University of South Carolina,OTHER
NCT02426229,National Institute of Arthritis and Musculoskeletal and Skin Diseases (NIAMS),NIH
NCT05198531,"Chia Tai Tianqing Pharmaceutical Group Co., Ltd.",INDUSTRY
NCT03751631,Eyenovia Inc.,INDUSTRY
NCT04882631,Pyramid Biosciences,INDUSTRY
NCT03602131,Sichuan University,OTHER
NCT02215031,Boehringer Ingelheim,INDUSTRY
NCT01397331,Sheba Medical Center,OTHER_GOV
NCT01100931,National Cancer Institute (NCI),NIH
NCT04389931,Universidad Nacional Andres Bello,OTHER
NCT00569231,University of Arkansas,OTHER
NCT00569231,"Allermed Laboratories, Inc.",INDUSTRY
NCT05827653,Axoltis Pharma,INDUSTRY
NCT05827653,"Centre for Human Drug Research, Netherlands",OTHER
NCT04415853,"Sunshine Lake Pharma Co., Ltd.",INDUSTRY
NCT07300553,Assistance Publique - Hôpitaux de Paris,OTHER
NCT07300553,INSERMUMR938,UNKNOWN
NCT07300553,CRB SAT APHP.SU Saint-Antoine hospital,UNKNOWN
NCT00547053,Boston Children's Hospital,OTHER
NCT00547053,Cystic Fibrosis Foundation,OTHER
NCT00548145,Osaka University,OTHER
NCT00548145,"Kowa Company, Ltd.",INDUSTRY
NCT06708845,Miltenyi Biomedicine GmbH,INDUSTRY
NCT01274637,Ottawa Hospital Research Institute,OTHER
NCT01274637,Canadian Institutes of Health Research (CIHR),OTHER_GOV
NCT01723345,Shiraz University of Medical Sciences,OTHER
NCT01723345,Shahid Beheshti University of Medical Sciences,OTHER
NCT06057545,"University Hospital, Essen",OTHER
NCT03906045,AstraZeneca,INDUSTRY
NCT03906045,Simbec Research,INDUSTRY
NCT01619345,Novo Nordisk A/S,INDUSTRY
NCT02378545,University Hospital Plymouth NHS Trust,OTHER
NCT06442462,Spinogenix,INDUSTRY
NCT00181662,Massachusetts General Hospital,OTHER
NCT01674062,Hoffmann-La Roche,INDUSTRY
NCT04532346,Children's Hospital of Fudan University,OTHER
NCT03852446,NewLink Genetics Corporation,INDUSTRY
NCT00749788,Akros Pharma Inc.,INDUSTRY
NCT02192203,GlaxoSmithKline,INDUSTRY
NCT00001903,National Institute of Allergy and Infectious Diseases (NIAID),NIH
NCT02423603,Queen Mary University of London,OTHER
NCT02423603,AstraZeneca,INDUSTRY
NCT02423603,Cancer Research UK,OTHER
NCT03987503,"University of California, San Francisco",OTHER
NCT03987503,Gilead Sciences,INDUSTRY
NCT00264888,PTC Therapeutics,INDUSTRY
NCT00264888,Muscular Dystrophy Association,OTHER
NCT01530503,IRCCS San Raffaele,OTHER
NCT01530503,Regione Lombardia,OTHER
NCT05011227,Eye & ENT Hospital of Fudan University,OTHER
NCT05011227,Chinese Academy of Medical Sciences,OTHER
NCT06463327,TC Biopharm,INDUSTRY
NCT02630927,"Agios Pharmaceuticals, Inc.",INDUSTRY
NCT01868061,Hoffmann-La Roche,INDUSTRY
NCT02174861,Amgen,INDUSTRY
NCT00157261,Boehringer Ingelheim,INDUSTRY
NCT06293742,Eccogene,INDUSTRY
NCT01193842,National Cancer Institute (NCI),NIH
NCT07460986,MedSIR,OTHER
NCT07460986,Faron Pharmaceuticals Ltd,INDUSTRY
NCT00143286,Pfizer,INDUSTRY
NCT05002686,Ruijin Hospital,OTHER
NCT05243186,Ariel University,OTHER
NCT05243186,"Maccabi Healthcare Services, Israel",OTHER
NCT03503786,"National Cancer Institute, Naples",OTHER
NCT00206570,Bayside Health,OTHER_GOV
NCT00206570,National Alliance for Research on Schizophrenia and Depression,OTHER
NCT00206570,Stanley Medical Research Institute,OTHER
NCT00206570,"National Health and Medical Research Council, Australia",OTHER
NCT01584570,Yonsei University,OTHER
NCT04122170,"SFJ Pharmaceuticals, Inc.",INDUSTRY
NCT07555470,"Institute of Hematology & Blood Diseases Hospital, China",OTHER
NCT00392470,Centre Hospitalier Universitaire Vaudois,OTHER
NCT04235270,"Janssen Research & Development, LLC",INDUSTRY
NCT07536373,Shin Kong Wu Ho-Su Memorial Hospital,OTHER
NCT07536373,National Taiwan University Hospital,OTHER
NCT07536373,Chi Mei Medical Hospital,OTHER
NCT07536373,"Taipei Veterans General Hospital, Taiwan",OTHER_GOV
NCT07536373,Chang Gung Memorial Hospital,OTHER
NCT00994773,"Bader, Ted, M.D.",INDIV
NCT00931073,Pfizer,INDUSTRY
NCT00931073,"Medivation, Inc.",INDUSTRY
NCT01793883,Biota Scientific Management Pty Ltd,INDUSTRY
NCT01793883,Department of Health and Human Services,FED
NCT07647783,InnovStone Therapeutics Limited,INDUSTRY
NCT06085183,Prove pharm,INDUSTRY
NCT01344083,Laboratoires Thea,INDUSTRY
NCT03614741,Tampere University Hospital,OTHER
NCT00819741,Novo Nordisk A/S,INDUSTRY
NCT01871441,Sidney Kimmel Comprehensive Cancer Center at Thomas Jefferson University,OTHER
NCT02453841,Richard Cartabuke,OTHER
NCT05281341,Alexandria University,OTHER
NCT00641641,Kirby Institute,OTHER_GOV
NCT00641641,Merck Sharp & Dohme LLC,INDUSTRY
NCT00529841,Baylor College of Medicine,OTHER
NCT02143141,Wake Forest University Health Sciences,OTHER
NCT00453141,The Cooper Health System,OTHER
NCT03401541,Boston University,OTHER
NCT01325441,"Sumitomo Pharma America, Inc.",INDUSTRY
NCT01302041,Astellas Pharma Inc,INDUSTRY
NCT01302041,"Medivation, Inc.",INDUSTRY
NCT04199741,Memorial Sloan Kettering Cancer Center,OTHER
NCT05865041,ASLAN Pharmaceuticals,OTHER
NCT01429441,ThromboGenics,INDUSTRY
NCT07679841,Centre Leon Berard,OTHER
NCT07228741,St. Jude Children's Research Hospital,OTHER
NCT00823641,Imperial College London,OTHER
NCT00823641,Medical Research Council,OTHER_GOV
NCT00165841,Eisai Inc.,INDUSTRY
NCT00001854,National Institute of Diabetes and Digestive and Kidney Diseases (NIDDK),NIH
NCT00376454,GlaxoSmithKline,INDUSTRY
NCT01536041,Ono Pharma USA Inc,INDUSTRY
NCT01536041,"Ono Pharmaceutical Co., Ltd.",INDUSTRY
NCT02548741,University of Arizona,OTHER
NCT00484341,AGC Biologics S.p.A.,INDUSTRY
NCT04865705,West China Hospital,OTHER
NCT03303105,"Otsuka Pharmaceutical Co., Ltd.",INDUSTRY
NCT00135005,Novartis Pharmaceuticals,INDUSTRY
NCT00193505,"SCRI Development Innovations, LLC",OTHER
NCT00193505,Biogen,INDUSTRY
NCT07608705,"Shandong Suncadia Medicine Co., Ltd.",INDUSTRY
NCT03105505,Barzilai Medical Center,OTHER
NCT01702194,Glycyx Therapeutics,INDUSTRY
NCT02076594,Gruppo Italiano per lo studio dei Carcinomi dell'Apparato Digerente,OTHER
NCT02076594,Regione Lombardia,OTHER
NCT05180851,Shanghai Fengxian District Central Hospital,OTHER
NCT05180851,"Shanghai Yuansong Biotechnology Co., LTD",UNKNOWN
NCT04294056,"Haisco Pharmaceutical Group Co., Ltd.",INDUSTRY
NCT00177866,University of Pittsburgh,OTHER
NCT00177866,Shadyside Hospital Foundation,OTHER
NCT00177866,Pfizer,INDUSTRY
NCT00782951,Merck Sharp & Dohme LLC,INDUSTRY
NCT00751751,"Daiichi Sankyo Europe, GmbH, a Daiichi Sankyo Company",INDUSTRY
NCT01014351,"SCRI Development Innovations, LLC",OTHER
NCT01014351,Novartis,INDUSTRY
NCT03076151,"University Hospital, Limoges",OTHER
NCT00039351,European Organisation for Research and Treatment of Cancer - EORTC,NETWORK
NCT06358651,"VistaGen Therapeutics, Inc.",INDUSTRY
NCT01475851,GlaxoSmithKline,INDUSTRY
NCT00123851,Dana-Farber Cancer Institute,OTHER
NCT00123851,Sanofi-Synthelabo,INDUSTRY
NCT00123851,OSI Pharmaceuticals,INDUSTRY
NCT00123851,Hoffmann-La Roche,INDUSTRY
NCT00123851,"Genentech, Inc.",INDUSTRY
NCT00123851,Massachusetts General Hospital,OTHER
NCT00123851,Beth Israel Deaconess Medical Center,OTHER
NCT03243851,Yong-Kil Hong,OTHER
NCT03243851,"Saint Vincent's Hospital, Korea",OTHER
NCT03243851,Incheon St.Mary's Hospital,OTHER
NCT03243851,"National Cancer Center, Korea",OTHER_GOV
NCT03243851,Konkuk University Hospital,OTHER
NCT03243851,Seoul National University Bundang Hospital,OTHER
NCT03243851,Samsung Medical Center,OTHER
NCT03243851,Seoul National University Hospital,OTHER
NCT03243851,Asan Medical Center,OTHER
NCT03243851,Ajou University School of Medicine,OTHER
NCT03243851,Severance Hospital,OTHER
NCT03243851,Chonnam National University Hospital,OTHER
NCT03243851,Seoul St. Mary's Hospital,OTHER
NCT00919451,London School of Hygiene and Tropical Medicine,OTHER
NCT00919451,Homes and Hospitals of St Giles,OTHER
NCT00919451,"Alert Hospital, Ethiopia",OTHER
NCT00919451,"Armauer Hansen Research Institute, Ethiopia",OTHER
NCT05288166,Eli Lilly and Company,INDUSTRY
NCT02063802,Laboratorios Silanes S.A. de C.V.,INDUSTRY
NCT02063802,Hospital General de Mexico,OTHER_GOV
NCT02578602,University of Southern California,OTHER
NCT02578602,National Cancer Institute (NCI),NIH
NCT04775602,Istituto Romagnolo per lo Studio dei Tumori Dino Amadori IRST S.r.l. IRCCS,OTHER
NCT04791202,Christine M. Kleinert Institute for Hand and Microsurgery,OTHER
NCT04791202,"Kleinert, Kutz and Associates",OTHER
NCT00264602,Dana-Farber Cancer Institute,OTHER
NCT00264602,Brigham and Women's Hospital,OTHER
NCT00264602,Beth Israel Deaconess Medical Center,OTHER
NCT00264602,Massachusetts General Hospital,OTHER
NCT07333937,Xijing Hospital,OTHER
NCT02391337,University of Birmingham,OTHER
NCT06732245,"Biomed Industries, Inc.",INDUSTRY
NCT06732245,Bioneurals Ltd,UNKNOWN
NCT01014637,Pierre Fabre Dermo Cosmetique,INDUSTRY
NCT01014637,Quanta Medical,INDUSTRY
NCT00198237,Indiana University,OTHER
NCT00198237,Aventis Pharmaceuticals,INDUSTRY
NCT04243837,PureTech,INDUSTRY
NCT04243837,Novotech (Australia) Pty Limited,INDUSTRY
NCT05799495,Pfizer,INDUSTRY
NCT00272662,Affymax,INDUSTRY
NCT02961946,Massachusetts General Hospital,OTHER
NCT03992846,"Kissei Pharmaceutical Co., Ltd.",INDUSTRY
NCT00006388,Radiation Therapy Oncology Group,NETWORK
NCT00006388,National Cancer Institute (NCI),NIH
NCT00130403,Sanofi,INDUSTRY
NCT00130403,Procter and Gamble,INDUSTRY
NCT05502146,Mersin University,OTHER
NCT00156546,University of Padova,OTHER
NCT00156546,Regione Veneto,OTHER
NCT00156546,IL Sogno di Stefano,OTHER
NCT00998088,Sanquin Research & Blood Bank Divisions,OTHER
NCT00998088,ZonMw: The Netherlands Organisation for Health Research and Development,OTHER
NCT00998088,Roche BV Netherlands,UNKNOWN
NCT00998088,Haemonetics Corporation,INDUSTRY
NCT00929903,National Cancer Institute (NCI),NIH
NCT02071927,"Calithera Biosciences, Inc",INDUSTRY
NCT02811627,University of Missouri-Columbia,OTHER
NCT03416127,University of Guadalajara,OTHER
NCT01030861,National Institute of Diabetes and Digestive and Kidney Diseases (NIDDK),NIH
NCT01030861,National Institute of Allergy and Infectious Diseases (NIAID),NIH
NCT01030861,Eunice Kennedy Shriver National Institute of Child Health and Human Development (NICHD),NIH
NCT01030861,National Center for Research Resources (NCRR),NIH
NCT01030861,Juvenile Diabetes Research Foundation,OTHER
NCT01030861,American Diabetes Association,OTHER
NCT02092961,AstraZeneca,INDUSTRY
NCT00763061,Alcon Research,INDUSTRY
NCT02800161,Consorcio Centro de Investigación Biomédica en Red (CIBER),OTHER_GOV
NCT02800161,Stanley Medical Research Institute,OTHER
NCT07214142,The First Affiliated Hospital of University of Science and Technology of China,OTHER
NCT03657342,Zambon SpA,INDUSTRY
NCT04506242,"Cancer Institute and Hospital, Chinese Academy of Medical Sciences",OTHER
NCT05173142,Hutchison Medipharma Limited,INDUSTRY
NCT00485342,Hospices Civils de Lyon,OTHER
NCT01145586,Eurofarma Laboratorios S.A.,INDUSTRY
NCT06890286,"Boryung Pharmaceutical Co., Ltd",INDUSTRY
NCT06846086,Tanta University,OTHER
NCT02557386,Pontificia Universidad Catolica de Chile,OTHER
NCT00385970,"Multicenter Clinical Study Group of Osaka, Colorectal Cancer Treatment Group",OTHER
NCT01808573,"Puma Biotechnology, Inc.",INDUSTRY
NCT05672173,City of Hope Medical Center,OTHER
NCT05672173,National Cancer Institute (NCI),NIH
NCT05843669,American Health Research,OTHER
NCT05843669,Vitaccess Ltd,INDUSTRY
NCT03117569,Kirby Institute,OTHER_GOV
NCT05878769,Hoffmann-La Roche,INDUSTRY
NCT00423683,Northwell Health,OTHER
NCT00423683,GlaxoSmithKline,INDUSTRY
NCT04744883,Rush University Medical Center,OTHER
NCT04744883,Vanderbilt University Medical Center,OTHER
NCT03398941,Chengfeng Wang,OTHER
NCT07044141,Lahore General Hospital,OTHER_GOV
NCT00276354,Ipsen,INDUSTRY
NCT07518654,Michel Duval,OTHER
NCT07518654,Héma-Québec,OTHER
NCT07518654,ExCellThera inc.,INDUSTRY
NCT07518654,Centre C3i,UNKNOWN
NCT03614273,Maulana Azad Medical College,OTHER
NCT00434473,Anthera Pharmaceuticals,INDUSTRY
NCT07315373,Peking University People's Hospital,OTHER
NCT01039805,GlaxoSmithKline,INDUSTRY
NCT05680805,"Bangabandhu Sheikh Mujib Medical University, Dhaka, Bangladesh",OTHER
NCT05680805,University of Dhaka,OTHER
NCT00126269,"Gustave Roussy, Cancer Campus, Grand Paris",OTHER
NCT05717569,Ain Shams University,OTHER
NCT00026169,National Cancer Institute (NCI),NIH
NCT06947083,H. Lee Moffitt Cancer Center and Research Institute,OTHER
NCT06947083,Pfizer,INDUSTRY
NCT07707505,Medipol University,OTHER
NCT07707505,Başakşehir Çam & Sakura City Hospital,OTHER_GOV
NCT07707505,Istanbul Medipol University Hospital,OTHER
NCT04912505,"University Hospital, Toulouse",OTHER
NCT02282605,Destiny Pharma Plc,INDUSTRY
NCT06061094,Goethe University,OTHER
NCT06061094,Deutsche Leukämie- & Lymphom-Hilfe,UNKNOWN
NCT06061094,German Federal Ministry of Education and Research,OTHER_GOV
NCT07069166,University of Pavia,OTHER
NCT05857566,Response Pharmaceuticals,INDUSTRY
NCT04037566,Xijing Hospital,OTHER
NCT04037566,"Xi'An Yufan Biotechnology Co.,Ltd",UNKNOWN
NCT02867566,Innovent Biologics (Suzhou) Co. Ltd.,INDUSTRY
NCT00127166,Organon and Co,INDUSTRY
NCT02065466,University of Arizona,OTHER
NCT07184866,"Institute of Liver and Biliary Sciences, India",OTHER
NCT03834766,"Tris Pharma, Inc.",INDUSTRY
NCT03834766,Premier Research,OTHER
NCT06790966,PDS Biotechnology Corp.,INDUSTRY
NCT06217822,Bayer,INDUSTRY
NCT05141422,"Jiangsu HengRui Medicine Co., Ltd.",INDUSTRY
NCT06284122,The Lymphoma Academic Research Organisation,OTHER
NCT06284122,Lymphoma Study Association,OTHER
NCT06284122,Swiss Cancer Institute,OTHER
NCT06284122,Grupo Español de Linfomas y Transplante Autólogo de Médula Ósea,OTHER
NCT04890522,Sun Yat-sen University,OTHER
NCT04890522,"Shanghai Junshi Bioscience Co., Ltd.",OTHER
NCT03197922,Emory University,OTHER
NCT03197922,United States Department of Defense,FED
NCT04910022,Nerviano Medical Sciences,INDUSTRY
NCT03164122,Assistance Publique Hopitaux De Marseille,OTHER
NCT00001951,Eunice Kennedy Shriver National Institute of Child Health and Human Development (NICHD),NIH
NCT05124951,Beijing Tiantan Hospital,OTHER
NCT03488251,"Molecular Templates, Inc.",INDUSTRY
NCT01147029,Cancer Research UK,OTHER
NCT03428529,"Instituto Nacional de Cancer, Brazil",OTHER_GOV
NCT04509102,"University of California, Los Angeles",OTHER
NCT00660231,"University College, London",OTHER
NCT00496431,Italfarmaco,INDUSTRY
NCT04880031,GlaxoSmithKline,INDUSTRY
NCT00060931,GlaxoSmithKline,INDUSTRY
NCT01468831,National Eye Institute (NEI),NIH
NCT01264731,University of Virginia,OTHER
NCT05246631,Indonesia University,OTHER
NCT02371031,Washington University School of Medicine,OTHER
NCT06534502,Azurity Pharmaceuticals,INDUSTRY
NCT00822302,"St George's, University of London",OTHER
NCT04579302,"National Cancer Institute, Egypt",OTHER
NCT02650102,Shanxi Medical University,OTHER
NCT04142502,Ajou University School of Medicine,OTHER
NCT04142502,"Ilsung Pharmaceuticals CO.,LTD.",UNKNOWN
NCT03292302,"Eloxx Pharmaceuticals, Inc.",INDUSTRY
NCT03292302,"SGS Life Sciences, a division of SGS Belgium NV",OTHER
NCT00384202,Astellas Pharma Inc,INDUSTRY
NCT03081702,"University Health Network, Toronto",OTHER
NCT02369302,Daewoong Pharmaceutical Co. LTD.,INDUSTRY
NCT00418002,Novartis,INDUSTRY
NCT05862402,Phramongkutklao College of Medicine and Hospital,OTHER
NCT05862402,Silpakorn University,OTHER
NCT01025102,Bent Gymoese Jorgensen,OTHER
NCT06414902,M.D. Anderson Cancer Center,OTHER
NCT04185402,"University of California, San Francisco",OTHER
NCT04185402,Programme National de Santé Oculaire (PNSO),UNKNOWN
NCT04185402,National Eye Institute (NEI),NIH
NCT02890602,Kosin University Gospel Hospital,OTHER
NCT07439653,"TORL Biotherapeutics, LLC",INDUSTRY
NCT06338553,Vanderbilt University Medical Center,OTHER
NCT06338553,National Institute of Diabetes and Digestive and Kidney Diseases (NIDDK),NIH
NCT01355302,Eisai Inc.,INDUSTRY
NCT01355302,"Quintiles, Inc.",INDUSTRY
NCT01843153,Kreiskrankenhaus Dormagen,OTHER
NCT06322953,Walton Centre NHS Foundation Trust,OTHER
NCT06322953,University of Liverpool,OTHER
NCT06322953,"National Institute for Health Research, United Kingdom",OTHER_GOV
NCT06322953,University Hospital Plymouth NHS Trust,OTHER
NCT00002953,Medical Research Council,OTHER_GOV
NCT00457353,Sanofi,INDUSTRY
NCT02123953,Takeda,INDUSTRY
NCT00635037,Federal University of São Paulo,OTHER
NCT05969327,Ain Shams University,OTHER
NCT07036861,Berlin-Chemie AG Menarini Group,INDUSTRY
NCT01006161,Merck Sharp & Dohme LLC,INDUSTRY
NCT01069042,National Cheng-Kung University Hospital,OTHER
NCT00715442,M.D. Anderson Cancer Center,OTHER
NCT00715442,Pfizer,INDUSTRY
NCT00461942,"Xuanwu Hospital, Beijing",OTHER
NCT00461942,"Ministry of Health, China",OTHER_GOV
NCT00461942,Michael J. Fox Foundation for Parkinson's Research,OTHER
NCT00325442,United Therapeutics,INDUSTRY
NCT00811642,Merck Sharp & Dohme LLC,INDUSTRY
NCT01369186,Medical University of Vienna,OTHER
NCT01681186,Eli Lilly and Company,INDUSTRY
NCT03742986,NYU Langone Health,OTHER
NCT06051786,Synmosa Biopharma Corp.,INDUSTRY
NCT05838573,Central South University,OTHER
NCT05838573,Shandong Mental Health Center,OTHER
NCT05838573,The Second People's Hospital of Dali Bai Autonomous Prefecture,UNKNOWN
NCT05838573,The Third people's Hospital of Jiangyin,UNKNOWN
NCT01274273,University of Aarhus,OTHER
NCT01274273,Danish Renal Cancer Study Group,NETWORK
NCT01700673,Sidney Kimmel Comprehensive Cancer Center at Johns Hopkins,OTHER
NCT01700673,National Cancer Institute (NCI),NIH
NCT02175069,Paracelsus Medical University,OTHER
NCT00132769,Merck Sharp & Dohme LLC,INDUSTRY
NCT00257283,Pronova BioPharma,INDUSTRY
NCT00257283,Danish Heart Foundation,OTHER
NCT00257283,The Danish Kidney Association,OTHER
NCT00257283,North Denmark Region,OTHER_GOV
NCT00271583,University of Pittsburgh,OTHER
NCT00271583,Eunice Kennedy Shriver National Institute of Child Health and Human Development (NICHD),NIH
NCT04828083,Rhode Island Hospital,OTHER
NCT07419841,Compass Therapeutics,INDUSTRY
NCT01809041,Sun Yat-sen University,OTHER
NCT01809041,"First Affiliated Hospital, Sun Yat-Sen University",OTHER
NCT01809041,"Third Affiliated Hospital, Sun Yat-Sen University",OTHER
NCT01809041,"Huaqiao Hospital in Guangzhou, China",OTHER
NCT01809041,First People's Hospital of Foshan,OTHER
NCT01809041,"Nanfang Hospital, Southern Medical University",OTHER
NCT01809041,"Guangdong Provincial People's Hospital, China",UNKNOWN
NCT01809041,Baxter (China) Investment Co. Ltd.,INDUSTRY
NCT06231641,Centre Integre Universitaire de Sante et Services Sociaux du Nord de l'ile de Montreal,OTHER
NCT06288841,Tianjin Medical University General Hospital,OTHER
NCT05421741,Wake Forest University Health Sciences,OTHER
NCT00035854,Pfizer,INDUSTRY
NCT03268954,Takeda,INDUSTRY
NCT03268954,"Takeda Development Center Americas, Inc.",INDUSTRY
NCT00331305,Duke University,OTHER
NCT00331305,National Institute of Mental Health (NIMH),NIH
NCT00002305,Pfizer,INDUSTRY
NCT06718205,The First Affiliated Hospital of Zhengzhou University,OTHER
NCT01323205,"Janssen Research & Development, LLC",INDUSTRY
NCT01007994,Northwell Health,OTHER
NCT01007994,Children's Hospital of Philadelphia,OTHER
NCT01225094,London Health Sciences Centre Research Institute OR Lawson Research Institute of St. Joseph's,OTHER
NCT01225094,Canadian Institutes of Health Research (CIHR),OTHER_GOV
NCT01491594,Duke University,OTHER
NCT01491594,GlaxoSmithKline,INDUSTRY
NCT07357766,Novo Nordisk A/S,INDUSTRY
NCT02815566,"University Health Network, Toronto",OTHER
NCT02815566,University of Modena and Reggio Emilia,OTHER
NCT02815566,"San Raffaele University Hospital, Italy",OTHER
NCT02815566,Gilead Sciences,INDUSTRY
NCT02815566,CIHR Canadian HIV Trials Network,NETWORK
NCT00812266,Danish Oncological Lung Cancer Group,OTHER
NCT05648266,Universitätsklinikum Hamburg-Eppendorf,OTHER
NCT03275454,"Bioverativ, a Sanofi company",INDUSTRY
NCT03384654,"Janssen Research & Development, LLC",INDUSTRY
NCT00324805,National Cancer Institute (NCI),NIH
NCT00324805,Cancer and Leukemia Group B,NETWORK
NCT00324805,NCIC Clinical Trials Group,NETWORK
NCT00324805,North Central Cancer Treatment Group,NETWORK
NCT00324805,SWOG Cancer Research Network,NETWORK
NCT03780894,Banc de Sang i Teixits,OTHER
NCT00927394,Novartis,INDUSTRY
NCT00099294,Threshold Pharmaceuticals,INDUSTRY
NCT00099294,"PPD Development, LP",INDUSTRY
NCT03332329,Qin Ning,OTHER
NCT04806529,Seqirus,INDUSTRY
NCT01855529,Centre Jean Perrin,OTHER
NCT01955629,Sanofi,INDUSTRY
NCT01955629,Regeneron Pharmaceuticals,INDUSTRY
NCT00003129,Eastern Cooperative Oncology Group,NETWORK
NCT00003129,National Cancer Institute (NCI),NIH
NCT01559129,Celgene,INDUSTRY
NCT02640729,Axovant Sciences Ltd.,INDUSTRY
NCT04865029,Tulane University,OTHER
NCT00145002,Japan Clinical Oncology Group,OTHER
NCT00145002,"Ministry of Health, Labour and Welfare, Japan",OTHER_GOV
NCT04500002,Aswan University Hospital,OTHER
NCT00914602,"XenoPort, Inc.",INDUSTRY
NCT02425202,University of Manitoba,OTHER
NCT00119002,University of Utah,OTHER
NCT00119002,Children's Hospital of Philadelphia,OTHER
NCT00119002,Children's Hospital of Michigan,OTHER
NCT00119002,"Children's Hospital Medical Center, Cincinnati",OTHER
NCT00119002,Washington University School of Medicine,OTHER
NCT00119002,Columbia University,OTHER
NCT00119002,Children's National Research Institute,OTHER
NCT00119002,Helen DeVos Children's Hospital,OTHER
NCT00119002,Women & Children's Hospital of Buffalo,OTHER
NCT00119002,University of Rochester,OTHER
NCT00119002,NYU Langone Health,OTHER
NCT00119002,Hurley Medical Center,OTHER
NCT00119002,Boston Children's Hospital,OTHER
NCT00119002,University of Maryland,OTHER
NCT00119002,Johns Hopkins University,OTHER
NCT00119002,Howard County General Hospital,UNKNOWN
NCT00119002,"University of California, Davis",OTHER
NCT03655002,City of Hope Medical Center,OTHER
NCT03655002,National Cancer Institute (NCI),NIH
NCT05740202,"Shanghai Hengrui Pharmaceutical Co., Ltd.",INDUSTRY
NCT00837902,Vanderbilt University,OTHER
NCT00837902,"National Heart, Lung, and Blood Institute (NHLBI)",NIH
NCT00837902,National Center for Research Resources (NCRR),NIH
NCT05420402,Jiaxiang Chen,OTHER
NCT02094053,"Eisai Co., Ltd.",INDUSTRY
NCT03705351,Providence Health & Services,OTHER
NCT03705351,"University of California, San Francisco",OTHER
NCT03705351,NovoCure Ltd.,INDUSTRY
NCT03392051,Akcea Therapeutics,INDUSTRY
NCT00064051,Vion Pharmaceuticals,INDUSTRY
NCT05215951,AstraZeneca,INDUSTRY
NCT05767229,"Institute of Liver and Biliary Sciences, India",OTHER
NCT06003829,Pfizer,INDUSTRY
NCT00890929,Stanford University,OTHER
NCT00890929,Celgene Corporation,INDUSTRY
NCT02762929,Heron Therapeutics,INDUSTRY
NCT04736329,Cairo University,OTHER
NCT01821729,Massachusetts General Hospital,OTHER
NCT01821729,National Cancer Institute (NCI),NIH
NCT01481129,National Cancer Institute (NCI),NIH
NCT04858529,Guangdong Provincial People's Hospital,OTHER
NCT04855929,Anaveon AG,INDUSTRY
NCT02848729,Mallinckrodt,INDUSTRY
NCT01593735,Merck Sharp & Dohme LLC,INDUSTRY
NCT04560725,Peking University Cancer Hospital & Institute,OTHER
NCT06733025,Vastra Gotaland Region,OTHER_GOV
NCT06733025,Promobilia Foundation,OTHER
NCT05470725,AstraZeneca,INDUSTRY
NCT01981408,Eli Lilly and Company,INDUSTRY
NCT00117117,Amgen,INDUSTRY
NCT02663089,Theravance Biopharma,INDUSTRY
NCT02663089,Hammersmith Medicines Research,OTHER
NCT02663089,GlaxoSmithKline,INDUSTRY
NCT00239889,Novartis,INDUSTRY
NCT00784368,Janssen Pharmaceutical K.K.,INDUSTRY
NCT00565968,Duke University,OTHER
NCT00565968,National Cancer Institute (NCI),NIH
NCT07167368,Haiyan Pan,OTHER
NCT06246968,Memorial Sloan Kettering Cancer Center,OTHER
NCT01524068,University of Pittsburgh,OTHER
NCT04797468,Shanghai Henlius Biotech,INDUSTRY
NCT04924868,Hospital General Universitario de Alicante,OTHER
NCT04924868,Instituto de Salud Carlos III,OTHER_GOV
NCT07209189,Sidney Kimmel Comprehensive Cancer Center at Johns Hopkins,OTHER
NCT07209189,"Coherus Oncology, Inc.",INDUSTRY
NCT01342289,Sidney Kimmel Comprehensive Cancer Center at Johns Hopkins,OTHER
NCT04007289,Assistance Publique - Hôpitaux de Paris,OTHER
NCT00316550,Avera Pharmaceuticals,INDUSTRY
NCT00316550,"University of California, Los Angeles",OTHER
NCT05822050,The First Hospital of Jilin University,OTHER
NCT04557150,Hoffmann-La Roche,INDUSTRY
NCT06059391,City of Hope Medical Center,OTHER
NCT06059391,National Cancer Institute (NCI),NIH
NCT01378091,Columbia University,OTHER
NCT01378091,Celgene Corporation,INDUSTRY
NCT02320474,Poitiers University Hospital,OTHER
NCT01771874,"University Hospital, Basel, Switzerland",OTHER
NCT00131118,Novartis Pharmaceuticals,INDUSTRY
NCT04055818,"EpiDestiny, Inc.",INDUSTRY
NCT04055818,National Institutes of Health (NIH),NIH
NCT04055818,"National Heart, Lung, and Blood Institute (NHLBI)",NIH
NCT07421518,AdventHealth Translational Research Institute,OTHER
NCT03627390,Meabco A/S,INDUSTRY
NCT03627390,Meddoc,OTHER
NCT03627390,Norwegian University of Life Sciences,OTHER
NCT02059590,"Astellas Pharma Global Development, Inc.",INDUSTRY
NCT02059590,Basilea Pharmaceutica International Ltd,INDUSTRY
NCT05676697,"Institute of Hematology & Blood Diseases Hospital, China",OTHER
NCT05676697,YL-Pharma,UNKNOWN
NCT07066397,TriArm Therapeutics (Taiwan) Limited,INDUSTRY
NCT07695597,"CSPC Zhongnuo Pharmaceutical (Shijiazhuang) Co., Ltd.",INDUSTRY
NCT01473797,Assistance Publique - Hôpitaux de Paris,OTHER
NCT07289997,Hebei Medical University Fourth Hospital,OTHER
NCT01482897,Nantes University Hospital,OTHER
NCT01293097,Peking University First Hospital,OTHER
NCT01373710,Institut Curie,OTHER
NCT01373710,Hoffmann-La Roche,INDUSTRY
NCT01373710,Centre Leon Berard,OTHER
NCT01373710,Groupe Hospitalier Pitie-Salpetriere,OTHER
NCT01373710,Centre Oscar Lambret,OTHER
NCT01373710,Centre Francois Baclesse,OTHER
NCT01373710,Institut Bergonié,OTHER
NCT01373710,"University Hospital, Toulouse",OTHER
NCT01373710,Institut du Cancer de Montpellier - Val d'Aurelle,OTHER
NCT01373710,"University Hospital, Grenoble",OTHER
NCT00029510,National Center for Complementary and Integrative Health (NCCIH),NIH
NCT06251310,"SpringWorks Therapeutics, Inc., a healthcare company of Merck KGaA, Darmstadt, Germany",INDUSTRY
NCT00146913,Hospices Civils de Lyon,OTHER
NCT05025813,Queensland Health,OTHER_GOV
NCT05025813,Merck Sharp & Dohme LLC,INDUSTRY
NCT02741713,Wake Forest University Health Sciences,OTHER
NCT07547813,"Almirall, S.A.",INDUSTRY
NCT02385760,"Celtaxsys, Inc.",OTHER
NCT02385760,Clinical Network Services (CNS) Pty Ltd,INDUSTRY
NCT02385760,Celtaxsys Aus Pty Limited,INDUSTRY
NCT05638620,"Jonathann Kuo, MD",OTHER
NCT00244920,OHSU Knight Cancer Institute,OTHER
NCT00244920,National Cancer Institute (NCI),NIH
NCT02782520,"University Hospital, Grenoble",OTHER
NCT00912782,Emory University,OTHER
NCT01817582,Bausch & Lomb Incorporated,INDUSTRY
NCT01817582,"Synteract, Inc.",INDUSTRY
NCT06401824,Maastricht University Medical Center,OTHER
NCT06401824,Gilead Sciences,INDUSTRY
NCT00179023,Vanderbilt University,OTHER
NCT02210559,Kyntra Bio,INDUSTRY
NCT01065259,Peking University,OTHER
NCT02250859,Vyne Therapeutics Inc.,INDUSTRY
NCT00562159,ALK-Abelló A/S,INDUSTRY
NCT02859480,Korea University Anam Hospital,OTHER
NCT02859480,"Samjin Pharmaceutical Co., Ltd.",INDUSTRY
NCT06784479,Dan Liu,OTHER
NCT06411379,MoonLake Immunotherapeutics AG,INDUSTRY
NCT01300780,Eloisa Andrade de Paula,OTHER
NCT01300780,Universidade Estadual de Ponta Grossa,OTHER
NCT01300780,Fundação Araucária,OTHER
NCT01128296,Amer Zureikat,OTHER
NCT01128296,National Institutes of Health (NIH),NIH
NCT05574296,Boston Children's Hospital,OTHER
NCT01544296,"Kyowa Kirin Co., Ltd.",INDUSTRY
NCT03717896,Beth Israel Deaconess Medical Center,OTHER
NCT03717896,National Institute of Diabetes and Digestive and Kidney Diseases (NIDDK),NIH
NCT00467779,"Genentech, Inc.",INDUSTRY
NCT00540696,Amgen,INDUSTRY
NCT01884896,IPCA Laboratories Ltd.,INDUSTRY
NCT00830362,Medical University of South Carolina,OTHER
NCT00830362,National Institute on Drug Abuse (NIDA),NIH
NCT01245062,GlaxoSmithKline,INDUSTRY
NCT01879462,GlaxoSmithKline,INDUSTRY
NCT00579046,Assistance Publique - Hôpitaux de Paris,OTHER
NCT00441246,Adams Respiratory Therapeutics,INDUSTRY
NCT06504446,Nocion Therapeutics,INDUSTRY
NCT06504446,IQVIA Pty Ltd,INDUSTRY
NCT01970046,"Jiangsu HengRui Medicine Co., Ltd.",INDUSTRY
NCT05634746,"Ellodi Pharmaceuticals, LP",INDUSTRY
NCT02421588,PharmaMar,INDUSTRY
NCT05626803,Vaxart,INDUSTRY
NCT02359227,Capricor Inc.,INDUSTRY
NCT00483327,NYU Langone Health,OTHER
NCT00060242,Case Comprehensive Cancer Center,OTHER
NCT00060242,National Cancer Institute (NCI),NIH
NCT04272242,National Institute of Allergy and Infectious Diseases (NIAID),NIH
NCT04272242,ViiV Healthcare,INDUSTRY
NCT02446886,Weill Medical College of Cornell University,OTHER
NCT02446886,Mallinckrodt,INDUSTRY
NCT04004117,McGill University Health Centre/Research Institute of the McGill University Health Centre,OTHER
NCT04004117,Canadian Institutes of Health Research (CIHR),OTHER_GOV
NCT04004117,"Royal University Hospital, Saskatoon",OTHER
NCT06372717,Apollo Therapeutics Ltd,INDUSTRY
NCT01294540,Eisai Inc.,INDUSTRY
NCT06491940,"RESnTEC, Institute of Research",OTHER
NCT00675740,University of Leipzig,OTHER
NCT04951440,Peking University Third Hospital,OTHER
NCT04951440,Capital Medical University,OTHER
NCT07070440,Dizal Pharmaceuticals,INDUSTRY
NCT00102440,Takeda,INDUSTRY
NCT01062568,"University of California, San Diego",OTHER
NCT02764268,"Jiangsu HengRui Medicine Co., Ltd.",INDUSTRY
NCT05224050,"Rutgers, The State University of New Jersey",OTHER
NCT05224050,National Institute on Drug Abuse (NIDA),NIH
NCT07549750,"Helixon Biotechnology (Suzhou) Co., Ltd",INDUSTRY
NCT07555691,Juan Jiao,OTHER
NCT01192191,GlaxoSmithKline,INDUSTRY
NCT02081391,Grünenthal GmbH,INDUSTRY
NCT02081391,Depomed,INDUSTRY
NCT06100874,Adrienne G. Waks,OTHER
NCT06100874,Gilead Sciences,INDUSTRY
NCT00018174,US Department of Veterans Affairs,FED
NCT00018174,Eli Lilly and Company,INDUSTRY
NCT00380718,Eli Lilly and Company,INDUSTRY
NCT04655118,"Telios Pharma, Inc.",INDUSTRY
NCT01197118,Huazhong University of Science and Technology,OTHER
NCT03156790,medac GmbH,INDUSTRY
NCT03156790,Syneos Health,OTHER
NCT05985590,Bristol-Myers Squibb,INDUSTRY
NCT05019690,Fujian Cancer Hospital,OTHER_GOV
NCT03568890,Centre de Recherche de l'Institut Universitaire de Cardiologie et de Pneumologie de Quebec,OTHER
NCT04896697,"Xilio Development, Inc.",INDUSTRY
NCT04896697,Hoffmann-La Roche,INDUSTRY
NCT03062397,"Jeil Pharmaceutical Co., Ltd.",INDUSTRY
NCT05483010,Washington University School of Medicine,OTHER
NCT00955513,Novartis,INDUSTRY
NCT00213213,The Hospital for Sick Children,OTHER
NCT00213213,Canadian Institutes of Health Research (CIHR),OTHER_GOV
NCT01212913,Sanofi,INDUSTRY
NCT06641960,Damascus University,OTHER
NCT05881720,Damanhour University,OTHER
NCT05881720,Tanta University,OTHER
NCT06807320,Shaheed Zulfiqar Ali Bhutto Medical University,OTHER
NCT07450482,"Joincare Pharmaceutical Group Industry Co., Ltd",INDUSTRY
NCT07450482,Livzon Pharmaceutical Group Inc.,INDUSTRY
NCT00002082,Pfizer,INDUSTRY
NCT01554982,Keryx Biopharmaceuticals,INDUSTRY
NCT00041782,M.D. Anderson Cancer Center,OTHER
NCT00041782,Brookdale University Hospital Medical Center,OTHER
NCT00041782,Josephine Ford Cancer Center,OTHER
NCT04233424,PolyPid Ltd.,INDUSTRY
NCT03812523,Southeastern Regional Medical Center,OTHER
NCT05197023,"Shanghai Hengrui Pharmaceutical Co., Ltd.",INDUSTRY
NCT04163523,BeiGene,INDUSTRY
NCT02815059,University of Utah,OTHER
NCT02815059,"Janssen, LP",INDUSTRY
NCT00126659,National Cancer Institute (NCI),NIH
NCT04857359,Addex Pharma S.A.,INDUSTRY
NCT02740959,Taipei Medical University,OTHER
NCT01434459,Emory University,OTHER
NCT05940259,Peking University First Hospital,OTHER
NCT07459959,Johns Hopkins University,OTHER
NCT07459959,National Institutes of Health (NIH),NIH
NCT04563559,Duke University,OTHER
NCT04563559,"Ocular Therapeutix, Inc.",INDUSTRY
NCT01640080,"Janssen Research & Development, LLC",INDUSTRY
NCT01738880,Yonsei University,OTHER
NCT00004580,Abbott,INDUSTRY
NCT00212680,Ono Pharma USA Inc,INDUSTRY
NCT06983080,Centre hospitalier de l'Université de Montréal (CHUM),OTHER
NCT01670162,Tennessee Retina,OTHER
NCT01670162,Regeneron Pharmaceuticals,INDUSTRY
NCT03822962,University of Nebraska,OTHER
NCT05914662,"Institute of Hematology & Blood Diseases Hospital, China",OTHER
NCT03436862,"SCRI Development Innovations, LLC",OTHER
NCT03436862,Bristol-Myers Squibb,INDUSTRY
NCT02172846,Washington University School of Medicine,OTHER
NCT02652546,National Institute of Allergy and Infectious Diseases (NIAID),NIH
NCT03829046,Robert Rosenson,OTHER
NCT03829046,Amgen,INDUSTRY
NCT03829046,University of Toronto,OTHER
NCT03829046,University of Michigan,OTHER
NCT02757703,Kaohsiung Veterans General Hospital.,OTHER
NCT06543303,"BioTheraVision, Inc.",INDUSTRY
NCT01349803,"Pearl Therapeutics, Inc.",INDUSTRY
NCT00846703,Sun Yat-sen University,OTHER
NCT05700903,"University of Colorado, Denver",OTHER
NCT04664803,Korea United Pharm. Inc.,INDUSTRY
NCT06415903,"Chia Tai Tianqing Pharmaceutical Group Co., Ltd.",INDUSTRY
NCT03813303,Federal University of Minas Gerais,OTHER
NCT02042027,University of Utah,OTHER
NCT01463670,Memorial Sloan Kettering Cancer Center,OTHER
NCT01463670,Montefiore Medical Center,OTHER
NCT01463670,State University of New York - Downstate Medical Center,OTHER
NCT01463670,University of Rochester,OTHER
NCT01463670,Weill Medical College of Cornell University,OTHER
NCT01463670,Stamford Hospital,OTHER
NCT01463670,Columbia University,OTHER
NCT01463670,State University of New York - Upstate Medical University,OTHER
NCT02511561,"Otonomy, Inc.",INDUSTRY
NCT05584761,The First Affiliated Hospital with Nanjing Medical University,OTHER
NCT02512861,Children's Hospitals and Clinics of Minnesota,OTHER
NCT00377442,Hoffmann-La Roche,INDUSTRY
NCT07513142,Andrews Research & Education Foundation,OTHER
NCT00968942,"Revance Therapeutics, Inc.",INDUSTRY
NCT00313586,National Cancer Institute (NCI),NIH
NCT02359942,Seoul National University Bundang Hospital,OTHER
NCT02283242,University of Sao Paulo,OTHER
NCT02283242,University of Nove de Julho,OTHER
NCT02283242,Feinstein Institute for Medical Research,OTHER
NCT04017442,Icahn School of Medicine at Mount Sinai,OTHER
NCT07063342,Bristol-Myers Squibb,INDUSTRY
NCT00229970,Organon and Co,INDUSTRY
NCT03408470,Theravance Biopharma,INDUSTRY
NCT01475370,"Otsuka Pharmaceutical Co., Ltd.",INDUSTRY
NCT03474770,"Supernus Pharmaceuticals, Inc.",INDUSTRY
NCT00109070,"Genentech, Inc.",INDUSTRY
NCT00002070,Schering-Plough,INDUSTRY
NCT00068770,Sidney Kimmel Comprehensive Cancer Center at Johns Hopkins,OTHER
NCT00068770,National Cancer Institute (NCI),NIH
NCT05029973,Tianjin Medical University Cancer Institute and Hospital,OTHER
NCT00541073,Centre Oscar Lambret,OTHER
NCT01127269,Sanofi,INDUSTRY
NCT03462069,Sanofi,INDUSTRY
NCT01301469,B. Braun Melsungen AG,INDUSTRY
NCT05236569,Indonesia University,OTHER
NCT00001083,National Institute of Allergy and Infectious Diseases (NIAID),NIH
NCT00922441,"Boryung Pharmaceutical Co., Ltd",INDUSTRY
NCT00922441,Seoul National University Hospital,OTHER
NCT00922441,Kyungpook National University Hospital,OTHER
NCT00922441,Catholic Medical Center,OTHER
NCT00922441,Inje University,OTHER
NCT00922441,Chonnam National University Hospital,OTHER
NCT07550517,Sidney Kimmel Comprehensive Cancer Center at Johns Hopkins,OTHER
NCT07550517,Novartis Pharmaceuticals,INDUSTRY
NCT01355289,Eisai Inc.,INDUSTRY
NCT05005689,Liverpool University Hospitals NHS Foundation Trust,OTHER_GOV
NCT03266640,New York Medical College,OTHER
NCT03266640,Children's Hospital of Philadelphia,OTHER
NCT03266640,Medical College of Wisconsin,OTHER
NCT03266640,Nationwide Children's Hospital,OTHER
NCT03266640,Johns Hopkins University,OTHER
NCT03266640,"University of California, San Francisco",OTHER
NCT03266640,Washington University School of Medicine,OTHER
NCT03266640,Indiana University,OTHER
NCT03266640,Children's Hospital Los Angeles,OTHER
NCT02009540,Mr HD Flood,OTHER
NCT03937440,Yonsei University,OTHER
NCT02367040,Bayer,INDUSTRY
NCT00019968,National Institutes of Health Clinical Center (CC),NIH
NCT03709550,Roswell Park Cancer Institute,OTHER
NCT01537250,"TaiGen Biotechnology Co., Ltd.",INDUSTRY
NCT00566150,Yale University,OTHER
NCT00566150,Stanley Medical Research Institute,OTHER
NCT05799391,Chinese University of Hong Kong,OTHER
NCT00306891,AstraZeneca,INDUSTRY
NCT00792818,Mahidol University,OTHER
NCT00792818,National Research Council of Thailand,OTHER_GOV
NCT01854918,Amgen,INDUSTRY
NCT01429818,Laboratorios Silanes S.A. de C.V.,INDUSTRY
NCT01528618,Sun Yat-sen University,OTHER
NCT05023018,"Neonc Technologies, Inc.",INDUSTRY
NCT06568718,NPO Petrovax,INDUSTRY
NCT00638690,"Cougar Biotechnology, Inc.",INDUSTRY
NCT02835118,Merck Sharp & Dohme LLC,INDUSTRY
NCT04626518,Merck Sharp & Dohme LLC,INDUSTRY
NCT07396090,"Cancer Institute and Hospital, Chinese Academy of Medical Sciences",OTHER
NCT05291390,"Armaceutica, Inc.",INDUSTRY
NCT05291390,Uganda Cancer Institute,OTHER
NCT05291390,"African Center for Cancer Research and End of Life Care (ACREOL), Rwanda",UNKNOWN
NCT05291390,Ifakara Health Research and Development Centre,OTHER
NCT05291390,"Dalal Jamm Hospital, Dakar, Senegal",OTHER
NCT04465097,"First Affiliated Hospital, Sun Yat-Sen University",OTHER
NCT03014297,"Lowell Anthony, MD",OTHER
NCT05220410,Sheppard Pratt Health System,OTHER
NCT05220410,COMPASS Pathways,INDUSTRY
NCT02105610,Università Vita-Salute San Raffaele,OTHER
NCT00394810,"CASI pharmaceuticals, Inc.",INDUSTRY
NCT01683513,AZ Jan Palfijn Gent,OTHER
NCT01683513,Onze Lieve Vrouw Hospital,OTHER
NCT03505710,Daiichi Sankyo,INDUSTRY
NCT03505710,"Daiichi Sankyo Co., Ltd.",INDUSTRY
NCT03505710,AstraZeneca,INDUSTRY
NCT04305210,Chang Gung Memorial Hospital,OTHER
NCT00390013,Colleen Stockdale,OTHER
NCT03475160,Benha University,OTHER
NCT02162160,Karolinska Institutet,OTHER
NCT00979160,Federico II University,OTHER
NCT00979160,University of Bologna,OTHER
NCT04972760,Assistance Publique - Hôpitaux de Paris,OTHER
NCT00248313,Wyeth is now a wholly owned subsidiary of Pfizer,INDUSTRY
NCT00572260,Duke University,OTHER
NCT00572260,"Cubist Pharmaceuticals LLC, a subsidiary of Merck & Co., Inc. (Rahway, New Jersey USA)",INDUSTRY
NCT07337460,Northern Jiangsu People's Hospital,OTHER
NCT03021460,Mayo Clinic,OTHER
NCT00151320,Weill Medical College of Cornell University,OTHER
NCT00151320,"Millennium Pharmaceuticals, Inc.",INDUSTRY
NCT07669220,"Sixth Affiliated Hospital, Sun Yat-sen University",OTHER
NCT07669220,Junshi Biosciences,UNKNOWN
NCT06357520,AstraZeneca,INDUSTRY
NCT03011320,Endocyte,INDUSTRY
NCT01935882,London School of Hygiene and Tropical Medicine,OTHER
NCT01935882,Radboud University Medical Center,OTHER
NCT01935882,Centre national de recherche et de formation sur le paludisme,OTHER_GOV
NCT03475524,Assiut University,OTHER
NCT07481682,Tanta University,OTHER
NCT02938923,Washington University School of Medicine,OTHER
NCT02938923,"University of Maryland, Baltimore",OTHER
NCT02938923,"University of Colorado, Denver",OTHER
NCT02938923,"The University of Texas Medical Branch, Galveston",OTHER
NCT02938923,Johns Hopkins University,OTHER
NCT02938923,Harvard University,OTHER
NCT02938923,University of Connecticut,OTHER
NCT02938923,University of Utah,OTHER
NCT02938923,University of Pittsburgh Medical Center,OTHER
NCT01009359,Bayer,INDUSTRY
NCT05806359,Bristol-Myers Squibb,INDUSTRY
NCT05624359,Beijing Tiantan Hospital,OTHER
NCT00841659,Teva Pharmaceuticals USA,INDUSTRY
NCT00003159,Medical Research Council,OTHER_GOV
NCT00003159,European Organisation for Research and Treatment of Cancer - EORTC,NETWORK
NCT00749359,GlaxoSmithKline,INDUSTRY
NCT00016159,Memorial Sloan Kettering Cancer Center,OTHER
NCT00016159,National Cancer Institute (NCI),NIH
NCT01243359,National Cancer Institute (NCI),NIH
NCT02264080,Boehringer Ingelheim,INDUSTRY
NCT00483080,AGC Biologics S.p.A.,INDUSTRY
NCT07146880,National Taiwan University Hospital,OTHER
NCT07146880,Stanford University,OTHER
NCT06685679,Ain Shams University,OTHER
NCT00760279,Eunice Kennedy Shriver National Institute of Child Health and Human Development (NICHD),NIH
NCT00760279,Pediatric Pharmacology Research Units Network,NETWORK
NCT00760279,Children's Hospital of Michigan,OTHER
NCT07203079,Stanford University,OTHER
NCT03973879,Darell Bigner,OTHER
NCT03973879,"Istari Oncology, Inc.",INDUSTRY
NCT03973879,"Genentech, Inc.",INDUSTRY
NCT02122679,Emory University,OTHER
NCT00195780,Abbott,INDUSTRY
NCT07167862,"University of California, Irvine",OTHER
NCT00419562,National Institute of Diabetes and Digestive and Kidney Diseases (NIDDK),NIH
NCT00419562,Eunice Kennedy Shriver National Institute of Child Health and Human Development (NICHD),NIH
NCT00419562,National Institute of Allergy and Infectious Diseases (NIAID),NIH
NCT00419562,National Center for Research Resources (NCRR),NIH
NCT00419562,American Diabetes Association,OTHER
NCT00419562,Juvenile Diabetes Research Foundation,OTHER
NCT01306162,Boehringer Ingelheim,INDUSTRY
NCT04302662,AzurRx SAS,INDUSTRY
NCT06134362,ViiV Healthcare,INDUSTRY
NCT06134362,GlaxoSmithKline,INDUSTRY
NCT06134362,"PPD Development, LP",INDUSTRY
NCT00087646,Hoffmann-La Roche,INDUSTRY
NCT03817346,Gabather AB,INDUSTRY
NCT03817346,Smerud Medical Research International AS,OTHER
NCT02356588,"Talphera, Inc",INDUSTRY
NCT05263388,Ferring Pharmaceuticals,INDUSTRY
NCT04601688,He Eye Hospital,OTHER
NCT01908803,Alcon Research,INDUSTRY
NCT05422703,Cairo University,OTHER
NCT07173127,"University Hospital, Geneva",OTHER
NCT02798627,University of Pennsylvania,OTHER
NCT02798627,Saniona,INDUSTRY
NCT02798627,The Dana Foundation,OTHER
NCT02861261,Shanghai Jiao Tong University School of Medicine,OTHER
NCT01445561,"National Heart, Lung, and Blood Institute (NHLBI)",NIH
NCT06980961,Science Valley Research Institute,OTHER
NCT02371161,Fondazione Italiana Linfomi - ETS,OTHER
NCT06774261,Helse Stavanger HF,OTHER_GOV
NCT06774261,Helse Fonna,OTHER
NCT06774261,St. Olavs Hospital,OTHER
NCT06774261,University Hospital of North Norway,OTHER
NCT06774261,University of Exeter,OTHER
NCT06774261,National Institutes of Health (NIH),NIH
NCT00000142,Johns Hopkins Bloomberg School of Public Health,OTHER
NCT00000142,Baylor College of Medicine,OTHER
NCT00000142,Johns Hopkins University,OTHER
NCT00000142,Louisiana State University Health Sciences Center in New Orleans,OTHER
NCT00000142,Icahn School of Medicine at Mount Sinai,OTHER
NCT00000142,New Jersey Medical School,OTHER
NCT00000142,NYU Langone Health,OTHER
NCT00000142,Northwestern University,OTHER
NCT00000142,"University of California, Los Angeles",OTHER
NCT00000142,"University of California, San Diego",OTHER
NCT00000142,"University of California, San Francisco",OTHER
NCT00000142,University of Miami,OTHER
NCT00000142,"University of North Carolina, Chapel Hill",OTHER
NCT00000142,University of South Florida,OTHER
NCT05076786,Peking Union Medical College Hospital,OTHER
NCT05076786,The First Affiliated Hospital of Xiamen University,OTHER
NCT05076786,Harbin Medical University,OTHER
NCT06674486,"Sichuan Huiyu Pharmaceutical Co., Ltd",INDUSTRY
NCT06674486,Henan (Zhengzhou) Zhonghui Cardiovascular Hospital,UNKNOWN
NCT06674486,"Changsha Duxact Biotechnology Co., Ltd",UNKNOWN
NCT06674486,"Suzhou Guochen Biotechnology Co., Ltd.",UNKNOWN
NCT05018286,VectivBio AG,INDUSTRY
NCT01031186,GlaxoSmithKline,INDUSTRY
NCT02940886,Pharmacosmos A/S,INDUSTRY
NCT06468670,Fujian Cancer Hospital,OTHER_GOV
NCT02239770,Milton S. Hershey Medical Center,OTHER
NCT03216473,Medy-Tox,INDUSTRY
NCT04868773,"University of California, Irvine",OTHER
NCT05972473,Innovent Biologics (Suzhou) Co. Ltd.,INDUSTRY
NCT06838273,"Sichuan Baili Pharmaceutical Co., Ltd.",INDUSTRY
NCT06838273,"Baili-Bio (Chengdu) Pharmaceutical Co., Ltd.",INDUSTRY
NCT00973973,AbbVie,INDUSTRY
NCT03901469,Zenith Epigenetics,INDUSTRY
NCT03901469,Pfizer,INDUSTRY
NCT03901469,"Newsoara Biopharma Co., Ltd.",INDUSTRY
NCT00138983,UMC Utrecht,OTHER
NCT00138983,Dutch Health Care Insurance Board,OTHER
NCT00415883,Novartis,INDUSTRY
NCT01386541,Nycomed,INDUSTRY
NCT05553041,Children's Hospital of Philadelphia,OTHER
NCT05553041,Blue Earth Diagnostics,INDUSTRY
NCT05553041,Dragon Master Foundation,UNKNOWN
NCT03126760,Mallinckrodt ARD LLC,INDUSTRY
NCT02374060,JHSPH Center for Clinical Trials,OTHER
NCT02374060,National Eye Institute (NEI),NIH
NCT00040560,Copharos,INDUSTRY
NCT00132860,Odense University Hospital,OTHER
NCT00335920,University Hospital Tuebingen,OTHER
NCT03476460,Hospital Universitario Ramon y Cajal,OTHER
NCT03476460,Instituto de Salud Carlos III,OTHER_GOV
NCT03476460,"Ministerio de Sanidad, Servicios Sociales e Igualdad",OTHER_GOV
NCT01343082,"Santen Pharmaceutical Co., Ltd.",INDUSTRY
NCT05278182,"Chinese Academy of Medical Sciences, Fuwai Hospital",OTHER
NCT04983160,Maimónides Biomedical Research Institute of Córdoba,OTHER
NCT02108782,Academic and Community Cancer Research United,OTHER
NCT02108782,National Cancer Institute (NCI),NIH
NCT00880282,National Cancer Institute (NCI),NIH
NCT01076582,Bayer,INDUSTRY
NCT04792424,Chulalongkorn University,OTHER
NCT01087424,Lymphoma Study Association,OTHER
NCT05118724,AIO-Studien-gGmbH,OTHER
NCT05118724,Roche Pharma AG,INDUSTRY
NCT05118724,Immodulon Therapeutics Ltd,INDUSTRY
NCT01288924,Chiang Mai University,OTHER
NCT01434524,Kochi University,OTHER
NCT05598723,Naval Medical Center Camp Lejeune,FED
NCT00546923,Wyeth is now a wholly owned subsidiary of Pfizer,INDUSTRY
NCT01854723,Providence Health & Services,OTHER
NCT03616223,Frequency Therapeutics,INDUSTRY
NCT06222723,Bernhard Nocht Institute for Tropical Medicine,OTHER_GOV
NCT03348423,Baudax Bio,INDUSTRY
NCT03752723,"Genexine, Inc.",INDUSTRY
NCT03752723,Merck Sharp & Dohme LLC,INDUSTRY
NCT04879823,"David Chi, MD",OTHER
NCT03592823,First Affiliated Hospital of Harbin Medical University,OTHER
NCT04051723,Beijing Tiantan Hospital,OTHER
NCT04051723,Beijing Children's Hospital,OTHER
NCT05256823,Lai Wei,OTHER
NCT00715559,Icahn School of Medicine at Mount Sinai,OTHER
NCT05238896,Assistance Publique - Hôpitaux de Paris,OTHER
NCT02822196,"The University of Texas Health Science Center, Houston",OTHER
NCT02822196,Memorial Hermann Hospital,OTHER
NCT00001959,National Institute of Diabetes and Digestive and Kidney Diseases (NIDDK),NIH
NCT00563459,"SK Life Science, Inc.",INDUSTRY
NCT03515980,Bristol-Myers Squibb,INDUSTRY
NCT03775096,"Michele Tagliati, MD",OTHER
NCT05923996,Assiut University,OTHER
NCT04566796,Alexandria University,OTHER
NCT01598480,"Bio-medical Carbon Technology Co., Ltd.",INDUSTRY
NCT01598480,National Taiwan University Hospital,OTHER
NCT03229980,Assiut University,OTHER
NCT00681980,University of Sao Paulo,OTHER
NCT06676696,Hospital Universitari Vall d'Hebron Research Institute,OTHER
NCT00652262,Bayer,INDUSTRY
NCT02704546,Sheba Medical Center,OTHER_GOV
NCT01749046,Valexfarm,INDUSTRY
NCT00088946,Jonsson Comprehensive Cancer Center,OTHER
NCT00088946,National Cancer Institute (NCI),NIH
NCT03157388,University of Aarhus,OTHER
NCT00254488,Weill Medical College of Cornell University,OTHER
NCT00254488,National Institute of Mental Health (NIMH),NIH
NCT02187588,Boehringer Ingelheim,INDUSTRY
NCT04159688,Yale University,OTHER
NCT04159688,National Institute on Alcohol Abuse and Alcoholism (NIAAA),NIH
NCT02220088,Sun Yat-sen University,OTHER
NCT02220088,Kaiping Central Hospital,OTHER
NCT02220088,Guangzhou No.12 People's Hospital,OTHER_GOV
NCT00420303,Wyeth is now a wholly owned subsidiary of Pfizer,INDUSTRY
NCT03070327,Memorial Sloan Kettering Cancer Center,OTHER
NCT03070327,"Juno Therapeutics, Inc., a Bristol-Myers Squibb Company",INDUSTRY
NCT01054027,Georgetown University,OTHER
NCT02122627,"Amsterdam UMC, location VUmc",OTHER
NCT02122627,Leiden University Medical Center,OTHER
NCT02122627,Radboud University Medical Center,OTHER
NCT05012761,"Shanghai SIMR Biotechnology Co., Ltd.",INDUSTRY
NCT06059261,Chongqing University Cancer Hospital,OTHER
NCT01425242,"Amsterdam UMC, location VUmc",OTHER
NCT01425242,Novartis,INDUSTRY
NCT04356742,"Dong-A ST Co., Ltd.",INDUSTRY
NCT01246986,Eli Lilly and Company,INDUSTRY
NCT06369870,Algemeen Ziekenhuis Maria Middelares,OTHER
NCT04556370,General Hospital of Ningxia Medical University,OTHER
NCT05536570,"King, David, MD",INDIV
NCT05536570,MERZ PHARMA,UNKNOWN
NCT00687570,Karolinska Institutet,OTHER
NCT05525286,SOTIO Biotech a.s.,INDUSTRY
NCT04802070,Prof. Franca Fagioli,OTHER
NCT04387773,Oregon Health and Science University,OTHER
NCT04387773,"Adamas Pharmaceuticals, Inc.",INDUSTRY
NCT06539273,Yeditepe University Hospital,OTHER
NCT06141473,Sanofi,INDUSTRY
NCT06835569,"Alterome Therapeutics, Inc.",INDUSTRY
NCT01281969,National Institute of Mental Health (NIMH),NIH
NCT02948569,University of Missouri-Columbia,OTHER
NCT02948569,Sagimet Biosciences Inc.,INDUSTRY
NCT02623569,Xintong Pharmacy Company,OTHER
NCT00049283,National Cancer Institute (NCI),NIH
NCT05970783,"Beijing Konruns Pharmaceutical Co., Ltd.",INDUSTRY
NCT05628883,H. Lee Moffitt Cancer Center and Research Institute,OTHER
NCT05628883,"Turnstone Biologics, Corp.",INDUSTRY
NCT00099541,Novartis Pharmaceuticals,INDUSTRY
NCT01918241,"Hangzhou Jiuyuan Gene Engineering Co. Ltd.,",INDUSTRY
NCT01918241,"Cancer Institute and Hospital, Chinese Academy of Medical Sciences",OTHER
NCT01918241,Peking University Cancer Hospital & Institute,OTHER
NCT01918241,"Second Affiliated Hospital, School of Medicine, Zhejiang University",OTHER
NCT01918241,Jiangsu Cancer Institute & Hospital,OTHER
NCT01918241,The First Affiliated Hospital with Nanjing Medical University,OTHER
NCT01918241,Wuhan TongJi Hospital,OTHER
NCT01918241,The Affiliated Hospital of Inner Mongolia Medical University,OTHER
NCT01918241,Shandong Cancer Hospital and Institute,OTHER
NCT01918241,Changsha Central Hospital,OTHER
NCT01918241,Yangzhou No.1 People's Hospital,OTHER
NCT01918241,Subei People's Hospital of Jiangsu Province,OTHER
NCT01118741,Sidney Kimmel Comprehensive Cancer Center at Johns Hopkins,OTHER
NCT02975141,PD Dr. med. Volker Heinemann,OTHER
NCT02975141,Technical University of Munich,OTHER
NCT02975141,University of Cologne,OTHER
NCT01580683,Regional Hospital of Scranton,OTHER
NCT00151983,Noven Therapeutics,INDUSTRY
NCT00151983,"Noven Pharmaceuticals, Inc.",INDUSTRY
NCT00720083,Radiation Therapy Oncology Group,NETWORK
NCT00720083,National Cancer Institute (NCI),NIH
NCT04795583,University of Alberta,OTHER
NCT07483983,"Gustave Roussy, Cancer Campus, Grand Paris",OTHER
NCT07483983,Astellas Pharma Inc,INDUSTRY
NCT06184841,Peking University Cancer Hospital & Institute,OTHER
NCT06184841,Innovent Biologics (Suzhou) Co. Ltd.,INDUSTRY
NCT01760954,AbbVie,INDUSTRY
NCT01848054,Orexo AB,INDUSTRY
NCT01848054,Worldwide Clinical Trials,OTHER
NCT05301205,Cairo University,OTHER
NCT01266005,Bukwang Pharmaceutical,INDUSTRY
NCT04148105,Henry Ford Health System,OTHER
NCT00802594,"Immtech Pharmaceuticals, Inc",INDUSTRY
NCT00802594,Bill and Melinda Gates Foundation,OTHER
NCT00889694,Sun Yat-sen University,OTHER
NCT01586494,"Johnson & Johnson Pharmaceutical Research & Development, L.L.C.",INDUSTRY
NCT00346294,Amgen,INDUSTRY
NCT00346294,Immunex Corporation,INDUSTRY
NCT00712166,Gilead Sciences,INDUSTRY
NCT01711866,UCB BIOSCIENCES GmbH,INDUSTRY
NCT01711866,"Otsuka Pharmaceutical Co., Ltd.",INDUSTRY
NCT00020566,University of Leicester,OTHER
NCT00020566,National Cancer Institute (NCI),NIH
NCT00020566,Children's Cancer and Leukaemia Group,OTHER
NCT00020566,Societe Francaise Oncologie Pediatrique,OTHER
NCT00020566,European Organisation for Research and Treatment of Cancer - EORTC,NETWORK
NCT00020566,German Society for Pediatric Oncology and Hematology GPOH gGmbH,OTHER
NCT00020566,Gesellschaft fur Padiatrische Onkologie und Hamatologie - Austria,OTHER
NCT00020566,Swiss Cancer Institute,OTHER
NCT00020566,EBMT Solid Tumors Working Party,OTHER
NCT00020566,Children's Oncology Group,NETWORK
NCT04316351,Guangzhou Institute of Respiratory Disease,OTHER
NCT04316351,"Shanghai Junshi Bioscience Co., Ltd.",OTHER
NCT04185051,"Janssen Research & Development, LLC",INDUSTRY
NCT05817851,Centre Hospitalier de Bethune,NETWORK
NCT05817851,Centre Hospitalier Intercommunal de Toulon La Seyne sur Mer,OTHER
NCT05817851,"University Hospital, Lille",OTHER
NCT03523351,Memorial Sloan Kettering Cancer Center,OTHER
NCT00695851,Memorial Sloan Kettering Cancer Center,OTHER
NCT00695851,"Ambrilia Biopharma, Inc.",INDUSTRY
NCT06194851,VA Office of Research and Development,FED
NCT01101451,GOG Foundation,NETWORK
NCT01101451,National Cancer Institute (NCI),NIH
NCT00232635,Arrow Therapeutics,INDUSTRY
NCT06057935,Memorial Sloan Kettering Cancer Center,OTHER
NCT06424717,"EMD Serono Research & Development Institute, Inc.",INDUSTRY
NCT06424717,"Merck KGaA, Darmstadt, Germany",INDUSTRY
NCT00040417,Baylor College of Medicine,OTHER
NCT00040417,The Methodist Hospital Research Institute,OTHER
NCT00003317,Alliance for Clinical Trials in Oncology,OTHER
NCT00003317,National Cancer Institute (NCI),NIH
NCT01213017,Oklahoma Medical Research Foundation,OTHER
NCT01213017,UCB Pharma,INDUSTRY
NCT01545817,Novartis Pharmaceuticals,INDUSTRY
NCT03497117,"University of North Carolina, Chapel Hill",OTHER
NCT03497117,National Institute of Diabetes and Digestive and Kidney Diseases (NIDDK),NIH
NCT00220740,Grifols Therapeutics LLC,INDUSTRY
NCT03868540,Boehringer Ingelheim,INDUSTRY
NCT04548440,Sun Yat-Sen University Cancer Center,OTHER
NCT04548440,Innovent Biologics (Suzhou) Co. Ltd.,INDUSTRY
NCT04548440,CSPC Pharmaceutical Group Limited,INDUSTRY
NCT03295240,Memorial Sloan Kettering Cancer Center,OTHER
NCT00146640,"Merck KGaA, Darmstadt, Germany",INDUSTRY
NCT04727840,Brigham and Women's Hospital,OTHER
NCT06065540,Novo Nordisk A/S,INDUSTRY
NCT04176250,Gates Medical Research Institute,OTHER
NCT03929250,Oregon Health and Science University,OTHER
NCT01957150,GlaxoSmithKline,INDUSTRY
NCT00796250,Merck Sharp & Dohme LLC,INDUSTRY
NCT00657618,U.S. Army Medical Research and Development Command,FED
NCT00657618,Walter Reed Army Medical Center,FED
NCT06601218,"Shanna Babalonis, PhD",OTHER
NCT06537518,Benha University,OTHER
NCT00070018,SWOG Cancer Research Network,NETWORK
NCT00070018,National Cancer Institute (NCI),NIH
NCT04001218,Aalborg University,OTHER
NCT04001218,The Danish Rheumatism Association,OTHER
NCT03446690,University of Alabama at Birmingham,OTHER
NCT00171990,Novartis,INDUSTRY
NCT01889290,University of Zurich,OTHER
NCT03380390,"Aclaris Therapeutics, Inc.",INDUSTRY
NCT02131597,M.D. Anderson Cancer Center,OTHER
NCT02131597,National Cancer Institute (NCI),NIH
NCT00877097,Kuopio University Hospital,OTHER
NCT01200797,National Cancer Institute (NCI),NIH
NCT06192797,Tongji Hospital,OTHER
NCT04254913,Shionogi,INDUSTRY
NCT06113913,Belgian Inflammatory Bowel Disease Research and Development (BIRD) VZW,OTHER
NCT06113913,Celltrion,INDUSTRY
NCT06588413,Augusta University,OTHER
NCT00387413,GlaxoSmithKline,INDUSTRY
NCT05835713,Samsung Medical Center,OTHER
NCT03998813,Centre Hospitalier Departemental Vendee,OTHER
NCT01146613,National Institute on Alcohol Abuse and Alcoholism (NIAAA),NIH
NCT07226713,Medical College of Wisconsin,OTHER
NCT04075513,Sanofi,INDUSTRY
NCT01881113,"Aciex Therapeutics, Inc.",INDUSTRY
NCT00261560,Johnson & Johnson Consumer and Personal Products Worldwide,INDUSTRY
NCT00733720,National Institute on Drug Abuse (NIDA),NIH
NCT02308020,Eli Lilly and Company,INDUSTRY
NCT05937282,Menoufia University,OTHER
NCT02610582,STZ eyetrial,OTHER
NCT02610582,University Hospital Tuebingen,OTHER
NCT02610582,Ludwig-Maximilians - University of Munich,OTHER
NCT03659682,Oslo University Hospital,OTHER
NCT03250182,"Pearl Therapeutics, Inc.",INDUSTRY
NCT02691182,"Supernus Pharmaceuticals, Inc.",INDUSTRY
NCT00961259,"Mutual Pharmaceutical Company, Inc.",INDUSTRY
NCT04489459,Al-Azhar University,OTHER
NCT02252796,West Virginia University,OTHER
NCT00056459,Novartis,INDUSTRY
NCT00056459,Bayer,INDUSTRY
NCT04500496,Aswan University Hospital,OTHER
NCT04712396,AstraZeneca,INDUSTRY
NCT04712396,Parexel,INDUSTRY
NCT01455896,Intarcia Therapeutics,INDUSTRY
NCT00327379,Bayer,INDUSTRY
NCT00171080,Novartis,INDUSTRY
NCT00856596,Jamaica Hospital Medical Center,OTHER
NCT00856596,Johnson & Johnson,INDUSTRY
NCT05916196,Abramson Cancer Center at Penn Medicine,OTHER
NCT03054896,Dana-Farber Cancer Institute,OTHER
NCT03054896,"Genentech, Inc.",INDUSTRY
NCT03120962,"Second Affiliated Hospital, School of Medicine, Zhejiang University",OTHER
NCT01103388,M.D. Anderson Cancer Center,OTHER
NCT01103388,"Genentech, Inc.",INDUSTRY
NCT01579188,"Kael-GemVax Co., Ltd.",INDUSTRY
NCT01579188,"Quintiles, Inc.",INDUSTRY
NCT03523988,University of Washington,OTHER
NCT00613288,University of Aarhus,OTHER
NCT03419403,AbbVie,INDUSTRY
NCT00612703,"ArQule, Inc., a subsidiary of Merck Sharp & Dohme LLC, a subsidiary of Merck & Co., Inc. (Rahway, NJ USA)",INDUSTRY
NCT02363127,Instituto Bernabeu,OTHER
NCT03262727,Bristol-Myers Squibb,INDUSTRY
NCT03698227,Institut für Klinische Krebsforschung IKF GmbH at Krankenhaus Nordwest,OTHER
NCT04362527,"University Hospital, Angers",OTHER_GOV
NCT04019561,MedImmune LLC,INDUSTRY
NCT00812461,H. Lundbeck A/S,INDUSTRY
NCT07448142,Sun Yat-sen University,OTHER
NCT01872442,Poitiers University Hospital,OTHER
NCT02358161,Academisch Medisch Centrum - Universiteit van Amsterdam (AMC-UvA),OTHER
NCT02358161,Novartis,INDUSTRY
NCT02358161,Celgene Corporation,INDUSTRY
NCT01357161,Merck Sharp & Dohme LLC,INDUSTRY
NCT02952586,Pfizer,INDUSTRY
NCT00891670,Gyeongsang National University Hospital,OTHER
NCT01567670,Lightlake Sinclair Ltd.,OTHER
NCT01633970,"Genentech, Inc.",INDUSTRY
NCT01197170,M.D. Anderson Cancer Center,OTHER
NCT01530373,University of Arkansas,OTHER
NCT07013773,Beijing Tiantan Hospital,OTHER
NCT07013773,"Neurodawn Pharmaceutical Co., Ltd.",INDUSTRY
NCT02949973,Aurinia Pharmaceuticals Inc.,INDUSTRY
NCT00238173,OHSU Knight Cancer Institute,OTHER
NCT00238173,National Cancer Institute (NCI),NIH
NCT02115360,Tanta University,OTHER
NCT02462720,Boston Scientific Corporation,INDUSTRY
NCT04350320,Fundacion para la Formacion e Investigacion Sanitarias de la Region de Murcia,OTHER
NCT02479620,"Mercator MedSystems, Inc.",INDUSTRY
NCT00577720,Warner Chilcott,INDUSTRY
NCT02193282,National Cancer Institute (NCI),NIH
NCT00728923,New York State Psychiatric Institute,OTHER
NCT01424423,GlaxoSmithKline,INDUSTRY
NCT02149524,"Samsung Bioepis Co., Ltd.",INDUSTRY
NCT02531724,Sahlgrenska University Hospital,OTHER
NCT06690723,University Malaysia Sarawak,OTHER
NCT01758523,UConn Health,OTHER
NCT01758523,National Institute on Alcohol Abuse and Alcoholism (NIAAA),NIH
NCT03895359,London Health Sciences Centre Research Institute OR Lawson Research Institute of St. Joseph's,OTHER
NCT03895359,CancerCare Manitoba,OTHER
NCT03307759,"Peter MacCallum Cancer Centre, Australia",OTHER
NCT07346859,Biopharma Plasma LLC,INDUSTRY
NCT03686059,Benha University,OTHER
NCT03679780,The University of Texas at Arlington,OTHER
NCT05075980,Mayo Clinic,OTHER
NCT04162379,Mansoura University,OTHER
NCT01054196,Weill Medical College of Cornell University,OTHER
NCT01054196,Celgene,INDUSTRY
NCT06204796,Fayoum University,OTHER
NCT02235480,"Almirall, S.A.",INDUSTRY
NCT07624279,"American Society of Pain and Neuroscience, Inc.",OTHER
NCT07624279,National Football League,OTHER
NCT02881762,"University of Maryland, Baltimore",OTHER
NCT02881762,ViiV Healthcare,INDUSTRY
NCT00673062,Merck Sharp & Dohme LLC,INDUSTRY
NCT03449446,Gilead Sciences,INDUSTRY
NCT00069888,Sanofi,INDUSTRY
NCT01286103,"Johnson & Johnson Pharmaceutical Research & Development, L.L.C.",INDUSTRY
NCT03743662,Memorial Sloan Kettering Cancer Center,OTHER
NCT01762462,Bristol-Myers Squibb,INDUSTRY
NCT00449046,GlaxoSmithKline,INDUSTRY
NCT05660746,"Children's Hospital Medical Center, Cincinnati",OTHER
NCT05660746,National Institute of Diabetes and Digestive and Kidney Diseases (NIDDK),NIH
NCT05660746,"Janssen Scientific Affairs, LLC",INDUSTRY
NCT03206788,University of Miami,OTHER
NCT03206788,University of Alabama at Birmingham,OTHER
NCT03206788,"Children's Hospital Medical Center, Cincinnati",OTHER
NCT03206788,University of Kansas Medical Center,OTHER
NCT03206788,Cystic Fibrosis Foundation,OTHER
NCT01568203,Amgen,INDUSTRY
NCT01576003,"Children's Hospital Medical Center, Cincinnati",OTHER
NCT01576003,National Institute of Diabetes and Digestive and Kidney Diseases (NIDDK),NIH
NCT01576003,"Emmaus Medical, Inc.",INDUSTRY
NCT01576003,University of Michigan,OTHER
NCT01576003,Emory University,OTHER
NCT01576003,"University of Colorado, Denver",OTHER
NCT06157827,"Nanjing Leads Biolabs Co.,Ltd",INDUSTRY
NCT05529927,Parnassia Addiction Research Centre,OTHER
NCT05529927,Leiden University Medical Center,OTHER
NCT05529927,Academisch Medisch Centrum - Universiteit van Amsterdam (AMC-UvA),OTHER
NCT05529927,Radboud University Medical Center,OTHER
NCT05529927,The Netherlands Cancer Institute,OTHER
NCT05529927,Het Zwarte Gat,UNKNOWN
NCT07190027,First Affiliated Hospital of Wenzhou Medical University,OTHER
NCT00896961,National Cancer Institute (NCI),NIH
NCT01466361,GlaxoSmithKline,INDUSTRY
NCT02202161,GlaxoSmithKline,INDUSTRY
NCT00197886,Herlev Hospital,OTHER
NCT07549386,Laboratorios Liomont,INDUSTRY
NCT07549386,EPIC Research CRO,INDUSTRY
NCT06423170,Sun Yat-Sen Memorial Hospital of Sun Yat-Sen University,OTHER
NCT04790370,Boston Scientific Corporation,INDUSTRY
NCT04790370,"National PERT Consortium, Inc.",UNKNOWN
NCT04790370,University Medical Center Mainz,OTHER
NCT06269770,University of Thessaly,OTHER
NCT05874570,Shanghai Jiao Tong University School of Medicine,OTHER
NCT05670470,"Taejoon Pharmaceutical Co., Ltd.",INDUSTRY
NCT02217670,Disphar International B.V.,INDUSTRY
NCT05387070,"Visen Pharmaceuticals (Shanghai) Co., Ltd.",INDUSTRY
NCT03640273,Thammasat University,OTHER
NCT04958473,Tianjin Medical University Second Hospital,OTHER
NCT02628769,Imperial College London,OTHER
NCT02628769,"Melinta Therapeutics, Inc.",INDUSTRY
NCT03750383,"Enanta Pharmaceuticals, Inc",INDUSTRY
NCT03750383,Pharmaceutical Research Associates,OTHER
NCT02005783,Shanghai Jiao Tong University School of Medicine,OTHER
NCT03262441,Fred Hutchinson Cancer Center,OTHER
NCT03262441,University of Washington,OTHER
NCT03460041,Hagar hassanein refaee,OTHER
NCT03460041,Cairo University,OTHER
NCT05688241,"University Hospital, Basel, Switzerland",OTHER
NCT04397341,China Medical University Hospital,OTHER
NCT02053454,Alnylam Pharmaceuticals,INDUSTRY
NCT05186454,Sohag University,OTHER
NCT00515554,University of Cologne,OTHER
NCT01767454,GlaxoSmithKline,INDUSTRY
NCT03885154,Kimberly S Jones,OTHER
NCT01726205,Attikon Hospital,OTHER
NCT05050305,Dana-Farber Cancer Institute,OTHER
NCT05050305,Bristol-Myers Squibb,INDUSTRY
NCT01250405,Laval University,OTHER
NCT01250405,Amgen,INDUSTRY
NCT04935294,"Alexion Pharmaceuticals, Inc.",INDUSTRY
NCT04935294,"Achillion, a wholly owned subsidiary of Alexion",INDUSTRY
NCT03633994,The Christ Hospital,OTHER
NCT00252694,AstraZeneca,INDUSTRY
NCT00252694,Takeda,INDUSTRY
NCT04234594,"Qilu Pharmaceutical Co., Ltd.",INDUSTRY
NCT01813994,Yonsei University,OTHER
NCT06198894,Zheng Liu,OTHER
NCT00383994,M.D. Anderson Cancer Center,OTHER
NCT00383994,"Bayer Healthcare Pharmaceuticals, Inc./Bayer Schering Pharma",INDUSTRY
NCT00430066,Niguarda Hospital,OTHER
NCT00248066,"Sarepta Therapeutics, Inc.",INDUSTRY
NCT00248066,Baim Institute for Clinical Research,OTHER
NCT02937766,"AMAG Pharmaceuticals, Inc.",INDUSTRY
NCT00375960,Vernalis (R&D) Ltd,INDUSTRY
NCT00375960,Cita NeuroPharmaceuticals,INDUSTRY
NCT01023360,National Taiwan University Hospital,OTHER
NCT01023360,Haemonetics Corporation,INDUSTRY
NCT00002520,Eastern Cooperative Oncology Group,NETWORK
NCT00002520,National Cancer Institute (NCI),NIH
NCT05447520,Noha Mansour,OTHER
NCT00715520,Emory University,OTHER
NCT00715520,National Institutes of Health (NIH),NIH
NCT00715520,National Institute of Neurological Disorders and Stroke (NINDS),NIH
NCT06700720,"Beijing Inno Medicine Co., Ltd.",INDUSTRY
NCT00742820,Fresenius Medical Care North America,INDUSTRY
NCT00191724,Eli Lilly and Company,INDUSTRY
NCT00945724,International Extranodal Lymphoma Study Group (IELSG),OTHER
NCT01563523,Novo Nordisk A/S,INDUSTRY
NCT03246724,Boston Medical Center,OTHER
NCT04700423,Jennifer Keiser,OTHER
NCT04700423,Public Health Laboratory Ivo de Carneri,OTHER
NCT04544059,"Nanfang Hospital, Southern Medical University",OTHER
NCT02872259,Haukeland University Hospital,OTHER
NCT02872259,BerGenBio ASA,INDUSTRY
NCT00282659,Hartford Hospital,OTHER
NCT00376480,Dana-Farber Cancer Institute,OTHER
NCT00376480,National Cancer Institute (NCI),NIH
NCT00376480,National Institute of Allergy and Infectious Diseases (NIAID),NIH
NCT06954480,Queen Mary University of London,OTHER
NCT06954480,AstraZeneca,INDUSTRY
NCT07541079,"Genentech, Inc.",INDUSTRY
NCT03862079,M.D. Anderson Cancer Center,OTHER
NCT03862079,National Cancer Institute (NCI),NIH
NCT02370680,"New Haven Pharmaceuticals, Inc.",INDUSTRY
NCT01750580,Bristol-Myers Squibb,INDUSTRY
NCT02576080,Assistance Publique Hopitaux De Marseille,OTHER
NCT00138580,Novartis,INDUSTRY
NCT03908580,Medy-Tox,INDUSTRY
NCT04016779,"Supernus Pharmaceuticals, Inc.",INDUSTRY
NCT07334496,Gan & Lee Pharmaceuticals.,INDUSTRY
NCT01657162,"Radius Health, Inc.",INDUSTRY
NCT01376362,National Eye Institute (NEI),NIH
NCT01563562,Biogen,INDUSTRY
NCT01745588,Memorial Sloan Kettering Cancer Center,OTHER
NCT01745588,Celgene Corporation,INDUSTRY
NCT01745588,Weill Medical College of Cornell University,OTHER
NCT01745588,North Shore University Hospital,OTHER
NCT01745588,Rutgers Cancer Institute of New Jersey,OTHER
NCT01745588,State University of New York - Upstate Medical University,OTHER
NCT01147588,AstraZeneca,INDUSTRY
NCT01389388,Diakonhjemmet Hospital,OTHER
NCT04204603,Chong Kun Dang Pharmaceutical,INDUSTRY
NCT04211103,Fondazione Policlinico Universitario Agostino Gemelli IRCCS,OTHER
NCT04211103,Merck Sharp & Dohme LLC,INDUSTRY
NCT02855203,"Peter MacCallum Cancer Centre, Australia",OTHER
NCT01700803,Assiut University,OTHER
NCT02591888,TriHealth Inc.,OTHER
NCT01742988,"Curis, Inc.",INDUSTRY
NCT01742988,The Leukemia and Lymphoma Society,OTHER
NCT02704403,Genfit,INDUSTRY
NCT00005603,Children's Oncology Group,NETWORK
NCT00005603,National Cancer Institute (NCI),NIH
NCT00885703,National Institute of Allergy and Infectious Diseases (NIAID),NIH
NCT01925703,"University of North Carolina, Chapel Hill",OTHER
NCT04911127,"University of California, Los Angeles",OTHER
NCT05286827,National Cancer Institute (NCI),NIH
NCT02588027,"University of California, San Francisco",OTHER
NCT07058727,Cukurova University,OTHER
NCT05429827,National Cheng-Kung University Hospital,OTHER
NCT02213861,TetraLogic Pharmaceuticals,INDUSTRY
NCT04871061,Cigli Regional Training Hospital,OTHER
NCT02154061,Emory University,OTHER
NCT01100242,New Mexico Cancer Research Alliance,OTHER
NCT00706342,Rigel Pharmaceuticals,INDUSTRY
NCT02176642,Duke University,OTHER
NCT02176642,"Society of Urodynamics, Female Pelvic Medicine & Urogenital Reconstruction",OTHER
NCT05199142,Syndesi Therapeutics,INDUSTRY
NCT07517042,Shanghai Zhongshan Hospital,OTHER
NCT03299842,"Zogenix International Limited, Inc., a subsidiary of Zogenix, Inc.",INDUSTRY
NCT00825786,The Cleveland Clinic,OTHER
NCT06349486,Kaohsiung Medical University,OTHER
NCT02624986,Hoffmann-La Roche,INDUSTRY
NCT02022670,"University of Colorado, Boulder",OTHER
NCT02022670,TheraVasc Inc.,INDUSTRY
NCT04263870,Sichuan University,OTHER
NCT06684470,Mayo Clinic,OTHER
NCT03160573,"Rowpar Pharmaceuticals, Inc.",INDUSTRY
NCT03160573,"University Health Resources Group, Inc.",OTHER
NCT02644473,Albert Einstein College of Medicine,OTHER
NCT03218969,"William Ondo, MD",OTHER
NCT03218969,Restless Legs Syndrome Foundation,UNKNOWN
NCT04920383,"Alpine Immune Sciences, Inc.",INDUSTRY
NCT04920383,Merck Sharp & Dohme LLC,INDUSTRY
NCT03792269,The Affiliated Nanjing Drum Tower Hospital of Nanjing University Medical School,OTHER
NCT00102869,University Hospital Muenster,OTHER
NCT00102869,German Federal Ministry of Education and Research,OTHER_GOV
NCT02154269,Hospital Sao Rafael,OTHER
NCT01480869,Institut du Cancer de Montpellier - Val d'Aurelle,OTHER
NCT01665183,Polaris Group,INDUSTRY
NCT00489983,Eli Lilly and Company,INDUSTRY
NCT01628783,Jesper Ekelund,OTHER
NCT01628783,Academy of Finland,OTHER
NCT02353741,Xinqiao Hospital of Chongqing,OTHER
NCT03168841,Western University of Health Sciences,OTHER
NCT01204554,Oslo University Hospital,OTHER
NCT00106054,Pfizer,INDUSTRY
NCT03304054,"Catalyst Pharmaceuticals, Inc.",INDUSTRY
NCT06897605,Mansoura University,OTHER
NCT07113054,Hyewon Chung,OTHER
NCT00583154,Braintree Laboratories,INDUSTRY
NCT05748405,Aelis Farma,INDUSTRY
NCT05748405,European Commission,OTHER
NCT07067905,Chinese PLA General Hospital,OTHER
NCT07067905,Sinotau Pharmaceutical Group,INDUSTRY
NCT00778505,Hopital Foch,OTHER
NCT05375305,"Jiangsu HengRui Medicine Co., Ltd.",INDUSTRY
NCT00010205,National Cancer Institute (NCI),NIH
NCT02406794,University of Malaga,OTHER
NCT05985694,Advagene Biopharma Co. Ltd.,INDUSTRY
NCT05985694,Taipei Medical University Hospital,OTHER
NCT02976194,Pusan National University Hospital,OTHER
NCT02976194,Novartis,INDUSTRY
NCT04274894,AbbVie,INDUSTRY
NCT03393494,Padagis LLC,INDUSTRY
NCT00003694,National Cancer Institute (NCI),NIH
NCT07375966,General Hospital of Shenyang Military Region,OTHER
NCT00181922,Massachusetts General Hospital,OTHER
NCT00181922,Pfizer,INDUSTRY
NCT03787017,Handok Inc.,INDUSTRY
NCT00091689,Pfizer,INDUSTRY
NCT03631017,Memorial Sloan Kettering Cancer Center,OTHER
NCT01796717,Tianjin Medical University Cancer Institute and Hospital,OTHER
NCT01796717,Pfizer,INDUSTRY
NCT05471440,Erasmus Medical Center,OTHER
NCT05471440,ZonMw: The Netherlands Organisation for Health Research and Development,OTHER
NCT05471440,Leiden University Medical Center,OTHER
NCT05471440,University Medical Center Groningen,OTHER
NCT05471440,Academisch Medisch Centrum - Universiteit van Amsterdam (AMC-UvA),OTHER
NCT04233840,National Taiwan University Hospital,OTHER
NCT04233840,PharmaEssentia,INDUSTRY
NCT07001540,Fudan University,OTHER
NCT07001540,Fujian Cancer Hospital,OTHER_GOV
NCT00220168,Royal Marsden NHS Foundation Trust,OTHER
NCT01027689,Pfizer's Upjohn has merged with Mylan to form Viatris Inc.,INDUSTRY
NCT02825940,Hoffmann-La Roche,INDUSTRY
NCT06186440,Zhongnan Hospital,OTHER
NCT06409689,Tongji Hospital,OTHER
NCT05595889,Fujian Cancer Hospital,OTHER_GOV
NCT05745350,Xiaorong Dong,OTHER
NCT05910450,Cassiopea SpA,INDUSTRY
NCT05910450,Ergomed PLC,NETWORK
NCT05910450,Pharmapace Inc,UNKNOWN
NCT05910450,Canfield Scientific Inc.,INDUSTRY
NCT05910450,ICON Clinical Research,INDUSTRY
NCT05547750,The Third People's Hospital of Chengdu,OTHER
NCT05547750,Afﬁliated Hospital of North Sichuan Medical College,OTHER
NCT00411450,Amgen,INDUSTRY
NCT01160991,"Central Institute of Mental Health, Mannheim",OTHER
NCT01160991,Sanofi,INDUSTRY
NCT02518191,Xiangyun Zong,OTHER
NCT02518191,Zhejiang Cancer Hospital,OTHER
NCT01802450,PETHEMA Foundation,OTHER
NCT01802450,Dynamic Solutions,INDUSTRY
NCT01802450,Bristol-Myers Squibb,INDUSTRY
NCT00326391,"McNeil Consumer & Specialty Pharmaceuticals, a Division of McNeil-PPC, Inc.",INDUSTRY
NCT03706274,CytomX Therapeutics,INDUSTRY
NCT02680574,Akebia Therapeutics,INDUSTRY
NCT05394818,"Suzhou Suncadia Biopharmaceuticals Co., Ltd.",INDUSTRY
NCT02910518,Sanofi,INDUSTRY
NCT06783790,"Institute of Hematology & Blood Diseases Hospital, China",OTHER
NCT03237390,Mayo Clinic,OTHER
NCT03237390,National Cancer Institute (NCI),NIH
NCT06067490,"Nanjing RegeneCore Biotech Co., Ltd.",INDUSTRY
NCT06447090,"Institute of Hematology & Blood Diseases Hospital, China",OTHER
NCT01722097,Herlev Hospital,OTHER
NCT04621097,Cairo University,OTHER
NCT02352597,Cairo University,OTHER
NCT06665997,University of Pennsylvania,OTHER
NCT06665997,"National Heart, Lung, and Blood Institute (NHLBI)",NIH
NCT06665997,Emory University,OTHER
NCT06665997,Children's Hospital of Philadelphia,OTHER
NCT00636610,"Genentech, Inc.",INDUSTRY
NCT05310110,Chang Gung Memorial Hospital,OTHER
NCT05558410,Vertex Pharmaceuticals Incorporated,INDUSTRY
NCT04218110,"Professional Disposables International, Inc.",INDUSTRY
NCT04090710,Ontario Clinical Oncology Group (OCOG),OTHER
NCT04090710,Bristol-Myers Squibb,INDUSTRY
NCT04090710,Hamilton Health Sciences Corporation,OTHER
NCT05835310,AstraZeneca,INDUSTRY
NCT00416520,Tanabe Pharma Corporation,INDUSTRY
NCT00654420,Merck Sharp & Dohme LLC,INDUSTRY
NCT01742520,Sheba Medical Center,OTHER_GOV
NCT02450682,Mayo Clinic,OTHER
NCT02450682,Bristol-Myers Squibb,INDUSTRY
NCT01534182,Novartis Pharmaceuticals,INDUSTRY
NCT02117024,Heat Biologics,INDUSTRY
NCT04168723,MedDay Pharmaceuticals SA,INDUSTRY
NCT04168723,Parexel,INDUSTRY
NCT04168723,ERT: Clinical Trial Technology Solutions,OTHER
NCT04457323,Neutec Ar-Ge San ve Tic A.Ş,INDUSTRY
NCT07193459,"Hangzhou Zhongmei Huadong Pharmaceutical Co., Ltd.",INDUSTRY
NCT00742859,Portola Pharmaceuticals,INDUSTRY
NCT03870880,Rovi Pharmaceuticals Laboratories,INDUSTRY
NCT03926780,The Young Investigator Group of Cardiovascular Research,NETWORK
NCT02698280,Huashan Hospital,OTHER
NCT02290080,Karolinska Institutet,OTHER
NCT02290080,"University Hospital, Linkoeping",OTHER
NCT05009680,Galecto Biotech AB,INDUSTRY
NCT05009680,Comac Medical,INDUSTRY
NCT06772779,Merck Sharp & Dohme LLC,INDUSTRY
NCT00211679,Minneapolis Veterans Affairs Medical Center,FED
NCT00211679,Allergan,INDUSTRY
NCT00211679,Center for Veterans Research and Education,OTHER
NCT00171379,Novartis,INDUSTRY
NCT00618579,ThromboGenics,INDUSTRY
NCT00618579,BioInvent International AB,INDUSTRY
NCT06024096,Emory University,OTHER
NCT02236962,Bayside Health,OTHER_GOV
NCT02236962,Baker Heart and Diabetes Institute,OTHER
NCT02236962,The Alfred,OTHER
NCT04619862,University of British Columbia,OTHER
NCT04619862,Canadian Institutes of Health Research (CIHR),OTHER_GOV
NCT04619862,Child-Bright Network,OTHER
NCT04619862,BC Children's Hospital Research Institute,OTHER
NCT01949662,M.D. Anderson Cancer Center,OTHER
NCT01949662,National Cancer Institute (NCI),NIH
NCT00733746,Alliance for Clinical Trials in Oncology,OTHER
NCT00733746,National Cancer Institute (NCI),NIH
NCT00733746,OSI Pharmaceuticals,INDUSTRY
NCT00733746,Astellas Pharma Inc,INDUSTRY
NCT01096446,OSF Healthcare System,OTHER
NCT02556346,"Molecular Templates, Inc.",INDUSTRY
NCT02702388,Eisai Inc.,INDUSTRY
NCT02702388,Merck Sharp & Dohme LLC,INDUSTRY
NCT07533227,Hua Jiang,OTHER
NCT05778461,"Institute of Liver and Biliary Sciences, India",OTHER
NCT02707861,TaiMed Biologics Inc.,INDUSTRY
NCT02707861,Westat,OTHER
NCT00362661,University of Zurich,OTHER
NCT05315661,Samsung Medical Center,OTHER
NCT02150161,Clinica Santa Maria,OTHER
NCT06514261,National Cancer Institute (NCI),NIH
NCT05110742,M.D. Anderson Cancer Center,OTHER
NCT01304342,University of Athens,OTHER
NCT01078142,"Georg Hess, MD",OTHER
NCT01078142,Wyeth is now a wholly owned subsidiary of Pfizer,INDUSTRY
NCT01078142,Mundipharma Pte Ltd.,INDUSTRY
NCT00004686,The Cleveland Clinic,OTHER
NCT03010670,KU Leuven,OTHER
NCT03010670,The Branco Weiss Fellowship,OTHER
NCT03010670,Research Foundation Flanders,OTHER
NCT01000870,Institute for Neurodegenerative Disorders,OTHER
NCT05201170,"Palatin Technologies, Inc",INDUSTRY
NCT04878770,Erasmus Medical Center,OTHER
NCT04878770,ZonMw: The Netherlands Organisation for Health Research and Development,OTHER
NCT03936270,Latin American Cooperative Oncology Group,OTHER
NCT03936270,Pfizer,INDUSTRY
NCT03681470,Icahn School of Medicine at Mount Sinai,OTHER
NCT02259361,Sheba Medical Center,OTHER_GOV
NCT01982942,MediciNova,INDUSTRY
NCT01982942,National Institutes of Health (NIH),NIH
NCT01982942,National Institute of Neurological Disorders and Stroke (NINDS),NIH
NCT01982942,National Multiple Sclerosis Society,OTHER
NCT00284986,"Mesoblast, Inc.",INDUSTRY
NCT01040286,Dexcel Pharma Technologies Ltd.,INDUSTRY
NCT03948386,Thomas Jefferson University,OTHER
NCT02246270,University of Oklahoma,OTHER
NCT01266135,Novartis Pharmaceuticals,INDUSTRY
NCT02740335,Octapharma,INDUSTRY
NCT06724835,"Shenzhen Celconta Life Science Co., Ltd.",INDUSTRY
NCT04325035,Windtree Therapeutics,INDUSTRY
NCT04325035,"Momentum Research, Inc.",INDUSTRY
NCT05032235,"Jiangsu HengRui Medicine Co., Ltd.",INDUSTRY
NCT01640535,Hanmi Pharmaceutical Company Limited,INDUSTRY
NCT03937635,ECOG-ACRIN Cancer Research Group,NETWORK
NCT03937635,National Cancer Institute (NCI),NIH
NCT03398135,AbbVie,INDUSTRY
NCT06713135,Santhera Pharmaceuticals,INDUSTRY
NCT04373317,VA Office of Research and Development,FED
NCT05614817,Connect Biopharm LLC,INDUSTRY
NCT00212017,"National Cerebral and Cardiovascular Center, Japan",OTHER
NCT00212017,"Ministry of Health, Labour and Welfare, Japan",OTHER_GOV
NCT04477317,Cairo University,OTHER
NCT04742517,Astellas Pharma Europe B.V.,INDUSTRY
NCT03808740,Vanderbilt University Medical Center,OTHER
NCT00557440,Novartis,INDUSTRY
NCT06565689,Excyte Biopharma Ltd,INDUSTRY
NCT06045689,Bristol-Myers Squibb,INDUSTRY
NCT01021189,AstraZeneca,INDUSTRY
NCT07626489,Beijing Tiantan Hospital,OTHER
NCT04372589,University of Manitoba,OTHER
NCT04372589,"University Health Network, Toronto",OTHER
NCT07229768,Yan Xing,OTHER
NCT01489189,Jaeb Center for Health Research,OTHER
NCT01489189,National Eye Institute (NEI),NIH
NCT01489189,"Genentech, Inc.",INDUSTRY
NCT06560268,Cukurova University,OTHER
NCT06157450,"Guangdong Raynovent Biotech Co., Ltd",INDUSTRY
NCT04195074,"Third Affiliated Hospital, Sun Yat-Sen University",OTHER
NCT03676374,Universitaire Ziekenhuizen KU Leuven,OTHER
NCT02768974,Protalix,INDUSTRY
NCT03831191,Eli Lilly and Company,INDUSTRY
NCT01013818,Human Genome Sciences Inc.,INDUSTRY
NCT00318474,"St. Joseph's Hospital and Medical Center, Phoenix",OTHER
NCT04408118,MedSIR,OTHER
NCT04408118,Hoffmann-La Roche,INDUSTRY
NCT05874518,Liuzhou Maternity and Child Healthcare Hospital,OTHER
NCT02647918,Lexicon Pharmaceuticals,INDUSTRY
NCT00143390,Pfizer,INDUSTRY
NCT05549297,Immunocore Ltd,INDUSTRY
NCT01706510,"Rapid City Regional Hospital, Inc",OTHER
NCT01706510,AstraZeneca,INDUSTRY
NCT01283997,M.D. Anderson Cancer Center,OTHER
NCT01283997,National Cancer Institute (NCI),NIH
NCT04570410,The First Affiliated Hospital with Nanjing Medical University,OTHER
NCT01177410,"Bausch Health Americas, Inc.",INDUSTRY
NCT04890613,"Senhwa Biosciences, Inc.",INDUSTRY
NCT02072213,GL Pharm Tech Corporation,INDUSTRY
NCT02419313,Yale University,OTHER
NCT00656513,Radiation Therapy Oncology Group,NETWORK
NCT00656513,National Cancer Institute (NCI),NIH
NCT00656513,NRG Oncology,OTHER
NCT04760860,Qiang Zhang,OTHER
NCT04860960,"Cyclo Therapeutics, Inc.",INDUSTRY
NCT00108420,US Department of Veterans Affairs,FED
NCT00911820,Dana-Farber Cancer Institute,OTHER
NCT00911820,Massachusetts General Hospital,OTHER
NCT00911820,"SCRI Development Innovations, LLC",OTHER
NCT00911820,Texas Oncology Cancer Center,INDUSTRY
NCT00911820,"Genentech, Inc.",INDUSTRY
NCT04799782,Wayne State University,OTHER
NCT00531882,University Hospitals Cleveland Medical Center,OTHER
NCT04901923,Acerta Pharma BV,INDUSTRY
NCT03207724,"Andrew Hendifar, MD",OTHER
NCT03207724,Ipsen,INDUSTRY
NCT03207724,"Janssen Research & Development, LLC",INDUSTRY
NCT01208324,"University of Colorado, Denver",OTHER
NCT01208324,National Institute of Mental Health (NIMH),NIH
NCT01208324,University of Pennsylvania,OTHER
NCT01125124,University of Sao Paulo General Hospital,OTHER
NCT02736123,University of Pittsburgh,OTHER
NCT02736123,Bristol-Myers Squibb,INDUSTRY
NCT03462459,"University of Wisconsin, Madison",OTHER
NCT03462459,Medical College of Wisconsin,OTHER
NCT03462459,Agency for Healthcare Research and Quality (AHRQ),FED
NCT03462459,Henry Ford Hospital,OTHER
NCT03462459,Mayo Clinic,OTHER
NCT07462559,Helsinki University Central Hospital,OTHER
NCT07462559,University of Helsinki,OTHER
NCT07475559,"Jiangsu Alphamab Biopharmaceuticals Co., Ltd",INDUSTRY
NCT02966080,University of Arizona,OTHER
NCT04220996,H. Lundbeck A/S,INDUSTRY
NCT04241380,Guangdong Provincial People's Hospital,OTHER
NCT07058779,"Shenyang Sunshine Pharmaceutical Co., LTD.",INDUSTRY
NCT02061280,Nemours Children's Clinic,OTHER
NCT02061280,"National Heart, Lung, and Blood Institute (NHLBI)",NIH
NCT03423979,Urotronic Inc.,INDUSTRY
NCT00255879,"University of California, San Diego",OTHER
NCT00255879,National Institute of Mental Health (NIMH),NIH
NCT07082179,Jiangsu Cancer Institute & Hospital,OTHER
NCT01152996,Takeda,INDUSTRY
NCT00005596,Children's Oncology Group,NETWORK
NCT00005596,National Cancer Institute (NCI),NIH
NCT00002096,Hoffmann-La Roche,INDUSTRY
NCT00597896,Northwell Health,OTHER
NCT00597896,Stanley Medical Research Institute,OTHER
NCT01484496,"Human Genome Sciences Inc., a GSK Company",INDUSTRY
NCT01484496,GlaxoSmithKline,INDUSTRY
NCT05537896,West Virginia University,OTHER
NCT00000896,National Institute of Allergy and Infectious Diseases (NIAID),NIH
NCT00462696,Institut Bergonié,OTHER
NCT02878096,"Sanwa Kagaku Kenkyusho Co., Ltd.",INDUSTRY
NCT07022496,Ain Shams University,OTHER
NCT00044889,"Genzyme, a Sanofi Company",INDUSTRY
NCT06773117,"Tasly Pharmaceutical Group Co., Ltd",INDUSTRY
NCT00856817,Radboud University Medical Center,OTHER
NCT00856817,Dutch Diabetes Research Foundation,OTHER
NCT05519917,Huashan Hospital,OTHER
NCT05519917,Boehringer Ingelheim,INDUSTRY
NCT00361868,Solvay Pharmaceuticals,INDUSTRY
NCT01542268,Hospital Universitario de Canarias,OTHER
NCT00684268,Medical University of Vienna,OTHER
NCT04720768,"Peter MacCallum Cancer Centre, Australia",OTHER
NCT02603068,United Therapeutics,INDUSTRY
NCT05586568,"Xuanzhu Biopharmaceutical Co., Ltd.",INDUSTRY
NCT04226950,"Institute of Hematology & Blood Diseases Hospital, China",OTHER
NCT01862250,Johns Hopkins University,OTHER
NCT01862250,University of Maryland,OTHER
NCT00471991,Bayer,INDUSTRY
NCT01543074,Texas A&M University,OTHER
NCT02711891,Rush University Medical Center,OTHER
NCT03671174,RenJi Hospital,OTHER
NCT03671174,The First Affiliated Hospital of Anhui Medical University,OTHER
NCT03671174,"China-Japan Union Hospital, Jilin University",OTHER
NCT03671174,Wuxi No. 2 People's Hospital,OTHER
NCT03671174,The First Affiliated Hospital with Nanjing Medical University,OTHER
NCT03671174,Xiangya Hospital of Central South University,OTHER
NCT03204318,Myovant Sciences GmbH,INDUSTRY
NCT00353418,Hoffmann-La Roche,INDUSTRY
NCT00734890,National Institutes of Health Clinical Center (CC),NIH
NCT00734890,National Cancer Institute (NCI),NIH
NCT07194590,"University of Colorado, Denver",OTHER
NCT07194590,"National Heart, Lung, and Blood Institute (NHLBI)",NIH
NCT00699790,Bristol-Myers Squibb,INDUSTRY
NCT03093090,Yale University,OTHER
NCT07545590,Eli Lilly and Company,INDUSTRY
NCT04909697,Sichuan Provincial People's Hospital,OTHER
NCT01820897,JOSE MANUEL ARREOLA GUERRA,OTHER
NCT01820897,Instituto Nacional de Ciencias Medicas y Nutricion Salvador Zubiran,OTHER
NCT07443397,"Cancer Institute and Hospital, Chinese Academy of Medical Sciences",OTHER
NCT03737110,"Kiniksa Pharmaceuticals (UK), Ltd.",INDUSTRY
NCT02192710,Hospices Civils de Lyon,OTHER
NCT03590613,GlaxoSmithKline,INDUSTRY
NCT00153660,Chinese University of Hong Kong,OTHER
NCT00303810,Universitätsklinikum Hamburg-Eppendorf,OTHER
NCT00650910,GlaxoSmithKline,INDUSTRY
NCT07028710,"University Hospital, Montpellier",OTHER
NCT01484210,Elpen Pharmaceutical Co. Inc.,INDUSTRY
NCT04555213,Noxopharm Limited,INDUSTRY
NCT00004213,Vion Pharmaceuticals,INDUSTRY
NCT06627413,"Intra-Cellular Therapies, Inc.",INDUSTRY
NCT00452660,Wolfson Medical Center,OTHER_GOV
NCT00452660,Hadassah Medical Organization,OTHER
NCT00452660,Tel-Aviv Sourasky Medical Center,OTHER_GOV
NCT00452660,Sheba Medical Center,OTHER_GOV
NCT00452660,Soroka University Medical Center,OTHER
NCT04387760,Royal College of Surgeons in Ireland - Medical University of Bahrain,OTHER
NCT04387760,Ebrahim Khalil Kanoo Community Medical Center,UNKNOWN
NCT04387760,Hereditary blood Disorder Centre - Salmaniya Medical Complex,UNKNOWN
NCT04387760,"Mohammed Bin Khalifa Bin Sulman Al Khalifa Cardiac Centre, Awali",UNKNOWN
NCT04387760,Jidhafs COVID-19 Centre,UNKNOWN
NCT04387760,Sitra FICU,UNKNOWN
NCT04387760,Salmaniya Medical Complex- 6th Floor,UNKNOWN
NCT04387760,Salmaniya Medical Complex- Helipad,UNKNOWN
NCT01850420,"Innovative Med Concepts, LLC",INDUSTRY
NCT04294160,Novartis Pharmaceuticals,INDUSTRY
NCT06223360,Alzheimer's Disease Cooperative Study (ADCS),OTHER
NCT06223360,Weill Cornell Medicine (WCM),UNKNOWN
NCT06223360,National Institute on Aging (NIA),NIH
NCT00402220,Bayside Health,OTHER_GOV
NCT00402220,"National Health and Medical Research Council, Australia",OTHER
NCT03454620,Green Cross Corporation,INDUSTRY
NCT03467620,University of Illinois at Chicago,OTHER
NCT00446420,Melbourne Health,OTHER
NCT01522820,Roswell Park Cancer Institute,OTHER
NCT01522820,National Cancer Institute (NCI),NIH
NCT00949182,"Rutgers, The State University of New Jersey",OTHER
NCT03774082,Novartis Pharmaceuticals,INDUSTRY
NCT06449482,"Institute of Hematology & Blood Diseases Hospital, China",OTHER
NCT00738582,Morphotek,INDUSTRY
NCT01641224,University of Minnesota,OTHER
NCT01456624,Asan Medical Center,OTHER
NCT00358423,Johns Hopkins University,OTHER
NCT00358423,Eyetech Pharmaceuticals,INDUSTRY
NCT00096382,National Institutes of Health Clinical Center (CC),NIH
NCT00096382,National Cancer Institute (NCI),NIH
NCT06710782,Tanta University,OTHER
NCT05013424,Allergan,INDUSTRY
NCT05407324,Corcept Therapeutics,INDUSTRY
NCT00223223,University of Texas Southwestern Medical Center,OTHER
NCT00223223,UCB Pharma,INDUSTRY
NCT01619423,Egetis Therapeutics,INDUSTRY
NCT01619423,Pharma Consulting Group AB,INDUSTRY
NCT03881423,Wahba bakhet,OTHER
NCT03881423,Elite medical center,UNKNOWN
NCT00827359,Beth Israel Deaconess Medical Center,OTHER
NCT00827359,Dana-Farber Cancer Institute,OTHER
NCT00827359,Duke University,OTHER
NCT00827359,Novartis,INDUSTRY
NCT04762459,Chinese Academy of Medical Sciences,OTHER
NCT04762459,"Jiangsu Hansoh Pharmaceutical Co., Ltd.",INDUSTRY
NCT04762459,"GeneCast Biotechnology Co., Ltd.",INDUSTRY
NCT06826859,Thomas Jefferson University,OTHER
NCT06826859,Eunice Kennedy Shriver National Institute of Child Health and Human Development (NICHD),NIH
NCT00359359,Bayer,INDUSTRY
NCT04464759,"Ravi Amaravadi, MD",OTHER
NCT04464759,Bristol-Myers Squibb,INDUSTRY
NCT00570180,"University Health Network, Toronto",OTHER
NCT00570180,"Princess Margaret Hospital, Canada",OTHER
NCT00570180,"Ortho Biotech, Inc.",INDUSTRY
NCT03109080,Institut Curie,OTHER
NCT03109080,AstraZeneca,INDUSTRY
NCT00935480,Centre Hospitalier Intercommunal de Toulon La Seyne sur Mer,OTHER
NCT00935480,Merck Sharp & Dohme LLC,INDUSTRY
NCT00935480,Abbott,INDUSTRY
NCT03340779,"Central Hospital, Nancy, France",OTHER
NCT05752279,The George Institute,OTHER
NCT02460679,PTC Therapeutics,INDUSTRY
NCT03540979,Meir Medical Center,OTHER
NCT00484679,University of Minnesota,OTHER
NCT00484679,National Alopecia Areata Foundation,OTHER
NCT03283696,Eli Lilly and Company,INDUSTRY
NCT04409262,Hoffmann-La Roche,INDUSTRY
NCT04409262,Gilead Sciences,INDUSTRY
NCT01451762,Northwestern University,OTHER
NCT01469988,University of Alberta,OTHER
NCT03439488,Alios Biopharma Inc.,INDUSTRY
NCT07522788,Hayatabad Medical Complex,OTHER_GOV
NCT04163588,Policlinico Casilino ASL RMB,OTHER
NCT04163588,"Umberto I Hospital, Nocera Inferiore",OTHER
NCT04163588,IRCCS San Raffaele,OTHER
NCT03856788,Icahn School of Medicine at Mount Sinai,OTHER
NCT06272903,Mohammed Bin Rashid University of Medicine and Health Sciences,OTHER
NCT01757327,Washington University School of Medicine,OTHER
NCT06911242,"Arisan Therapeutics, Inc.",INDUSTRY
NCT00051142,Alcon Research,INDUSTRY
NCT07056842,"Vincentage Pharma Co., Ltd",INDUSTRY
NCT00585442,University of Utah,OTHER
NCT05949008,"University of California, Los Angeles",OTHER
NCT03891108,Bristol-Myers Squibb,INDUSTRY
NCT02362035,Acerta Pharma BV,INDUSTRY
NCT02362035,Merck Sharp & Dohme LLC,INDUSTRY
NCT03158935,"University Health Network, Toronto",OTHER
NCT03158935,Merck Sharp & Dohme LLC,INDUSTRY
NCT01198535,National Cancer Institute (NCI),NIH
NCT03175835,Chong Kun Dang Pharmaceutical,INDUSTRY
NCT04231435,Celgene,INDUSTRY
NCT04231435,"Impact Biomedicines, Inc., a wholly owned subsidiary of Celgene Corporation",INDUSTRY
NCT07629635,Columbia University,OTHER
NCT07629635,Occlutech International AB,INDUSTRY
NCT07629635,W.L.Gore & Associates,INDUSTRY
NCT00033735,Eisai Inc.,INDUSTRY
NCT00195676,Abbott,INDUSTRY
NCT00116376,Novartis Pharmaceuticals,INDUSTRY
NCT04359017,Washington University School of Medicine,OTHER
NCT05742789,Astana Medical University,OTHER
NCT06024889,Johannes Grand,OTHER
NCT06731868,Luye Pharma Group Ltd.,INDUSTRY
NCT05797168,AstraZeneca,INDUSTRY
NCT05218668,Woolsey Pharmaceuticals,INDUSTRY
NCT04615468,"Chia Tai Tianqing Pharmaceutical Group Co., Ltd.",INDUSTRY
NCT00681668,AstraZeneca,INDUSTRY
NCT01292668,Roswell Park Cancer Institute,OTHER
NCT01292668,National Cancer Institute (NCI),NIH
NCT02092168,Bial - Portela C S.A.,INDUSTRY
NCT05210868,"Beijing InnoCare Pharma Tech Co., Ltd.",INDUSTRY
NCT06592768,"Jasper Therapeutics, Inc.",INDUSTRY
NCT07085468,Eli Lilly and Company,INDUSTRY
NCT00191568,Eli Lilly and Company,INDUSTRY
NCT02201368,Maria Luz Couce Pico,OTHER
NCT02201368,Fundación Ramón Domínguez,OTHER
NCT01119768,AstraZeneca,INDUSTRY
NCT02863068,caterina P minniti,OTHER
NCT02863068,Duke University,OTHER
NCT01737268,Astellas Pharma Inc,INDUSTRY
NCT04197050,RenJi Hospital,OTHER
NCT07437950,National Cancer Institute (NCI),NIH
NCT02289950,Eisai Inc.,INDUSTRY
NCT06591091,University of Illinois at Chicago,OTHER
NCT06591091,Cures Within Reach,OTHER
NCT01355991,James J. Peters Veterans Affairs Medical Center,FED
NCT01355991,Kessler Institute for Rehabilitation,INDUSTRY
NCT06165991,Yongtao Sun,OTHER
NCT00906191,Wyeth is now a wholly owned subsidiary of Pfizer,INDUSTRY
NCT00369174,National Cancer Institute (NCI),NIH
NCT01587118,"Lori Davis, MD",OTHER
NCT01587118,Merck Sharp & Dohme LLC,INDUSTRY
NCT01587118,Forest Laboratories,INDUSTRY
NCT03089918,"Janssen Research & Development, LLC",INDUSTRY
NCT02722018,"Genentech, Inc.",INDUSTRY
NCT01958918,Novartis Pharmaceuticals,INDUSTRY
NCT06860490,Fudan University,OTHER
NCT01956890,National Taiwan University Hospital,OTHER
NCT02082197,AbbVie,INDUSTRY
NCT01776697,"Daewon Pharmaceutical Co., Ltd.",INDUSTRY
NCT00714597,Sanofi,INDUSTRY
NCT04422210,Hoffmann-La Roche,INDUSTRY
NCT03491410,Centro Hospitalar Lisboa Ocidental,OTHER_GOV
NCT00099060,National Cancer Institute (NCI),NIH
NCT00099060,NCIC Clinical Trials Group,NETWORK
NCT03548220,"Agios Pharmaceuticals, Inc.",INDUSTRY
NCT01843920,"Jason Hsu, MD",OTHER
NCT03832582,Assistance Publique - Hôpitaux de Paris,OTHER
NCT02065882,Biotest,INDUSTRY
NCT02065882,ICON plc,INDUSTRY
NCT02065882,Phoenix Clinical Research,OTHER
NCT02065882,Accovion GmbH,INDUSTRY
NCT03108924,Merck Sharp & Dohme LLC,INDUSTRY
NCT00563823,Cambridge University Hospitals NHS Foundation Trust,OTHER
NCT05178823,Semmelweis University,OTHER
NCT05103423,"Staidson (Beijing) Biopharmaceuticals Co., Ltd",INDUSTRY
NCT01950923,Wake Forest University Health Sciences,OTHER
NCT01950923,National Cancer Institute (NCI),NIH
NCT00470223,UNICANCER,OTHER
NCT00470223,Novartis,INDUSTRY
NCT00470223,Chugai Pharmaceutical,INDUSTRY
NCT00470223,"National Cancer Institute, France",OTHER_GOV
NCT00470223,SFCE,UNKNOWN
NCT00470223,"Ligue contre le cancer, France",OTHER
NCT04294459,Sanofi,INDUSTRY
NCT06060080,Yao Liu,OTHER
NCT00389480,Arno Therapeutics,INDUSTRY
NCT00389480,University of Kentucky,OTHER
NCT00389480,"Arch Medical Services Inc., DBA The Center for Cancer Care and Research",INDUSTRY
NCT04276480,"University Hospital, Bordeaux",OTHER
NCT04848480,Novo Nordisk A/S,INDUSTRY
NCT04230980,Weill Medical College of Cornell University,OTHER
NCT00657579,"Santen Pharmaceutical Co., Ltd.",INDUSTRY
NCT00536679,GlaxoSmithKline,INDUSTRY
NCT01711879,"University of Colorado, Denver",OTHER
NCT06789679,"Cancer Institute and Hospital, Chinese Academy of Medical Sciences",OTHER
NCT02254096,Boehringer Ingelheim,INDUSTRY
NCT00439062,Nazilli State Hospital,OTHER
NCT06550362,Loma Linda University,OTHER
NCT03245762,University of Florida,OTHER
NCT03245762,Prader-Willi Syndrome Association,OTHER
NCT01477762,Emory University,OTHER
NCT01477762,National Institute of Mental Health (NIMH),NIH
NCT02704962,Kaohsiung Kai-Suan Psychiatric Hospital,OTHER_GOV
NCT02704962,"Department of Health, Executive Yuan, R.O.C. (Taiwan)",OTHER_GOV
NCT01531062,Indonesia University,OTHER
NCT01371162,Hoffmann-La Roche,INDUSTRY
NCT04356846,The First Affiliated Hospital with Nanjing Medical University,OTHER
NCT04356846,Guangzhou Lupeng Pharmaceutical Company LTD.,INDUSTRY
NCT04356846,Newave Pharmaceutical Inc,INDUSTRY
NCT01388946,University of Athens,OTHER
NCT00936546,"University Hospital, Ghent",OTHER
NCT01232946,Indiana University,OTHER
NCT01232946,Novo Nordisk A/S,INDUSTRY
NCT00397046,"Puma Biotechnology, Inc.",INDUSTRY
NCT05303688,TC Erciyes University,OTHER
NCT04327388,Sanofi,INDUSTRY
NCT04327388,Regeneron Pharmaceuticals,INDUSTRY
NCT01215344,Vanderbilt-Ingram Cancer Center,OTHER
NCT07585734,"Institute of Hematology & Blood Diseases Hospital, China",OTHER
NCT00449709,GlaxoSmithKline,INDUSTRY
NCT02445599,University of Debrecen,OTHER
NCT01503632,Children's Oncology Group,NETWORK
NCT01503632,National Cancer Institute (NCI),NIH
NCT00888732,University of Aarhus,OTHER
NCT00888732,Novo Nordisk A/S,INDUSTRY
NCT04294732,Bozyaka Training and Research Hospital,OTHER
NCT00870532,"National Cancer Centre, Singapore",OTHER
NCT00048932,Bristol-Myers Squibb,INDUSTRY
NCT05243693,"National Cancer Center, Korea",OTHER_GOV
NCT02652793,Judit Pich,OTHER
NCT02652793,Fundacion Clinic per a la Recerca Biomédica,OTHER
NCT01901393,Cumberland Pharmaceuticals,INDUSTRY
NCT00093093,"Bausch Health Americas, Inc.",INDUSTRY
NCT02920593,Stony Brook University,OTHER
NCT05590793,Ipsen,INDUSTRY
NCT07187193,"Cancer Institute and Hospital, Chinese Academy of Medical Sciences",OTHER
NCT05737693,Yale University,OTHER
NCT05737693,National Institute of Mental Health (NIMH),NIH
NCT07651293,Imperial College Healthcare NHS Trust,OTHER
NCT07651293,University of Oxford,OTHER
NCT07595393,Amckaus PTY LTD.,INDUSTRY
NCT07595393,Novotech (Australia) Pty Limited,INDUSTRY
NCT02641821,Peking University First Hospital,OTHER
NCT02641821,Bayer,INDUSTRY
NCT00528021,Boston Scientific Corporation,INDUSTRY
NCT05498714,Renmin Hospital of Wuhan University,OTHER
NCT00491114,Eli Lilly and Company,INDUSTRY
NCT01354314,Johns Hopkins University,OTHER
NCT01354314,National Institute of Mental Health (NIMH),NIH
NCT03516214,University of Cologne,OTHER
NCT03674814,University of Chicago,OTHER
NCT03674814,Corcept Therapeutics,INDUSTRY
NCT03674814,National Cancer Institute (NCI),NIH
NCT02958514,Peking University Third Hospital,OTHER
NCT04819516,"Second Affiliated Hospital, School of Medicine, Zhejiang University",OTHER
NCT00783016,Seoul National University Hospital,OTHER
NCT01565616,Emory University,OTHER
NCT01565616,National Institutes of Health (NIH),NIH
NCT01565616,"National Heart, Lung, and Blood Institute (NHLBI)",NIH
NCT00853216,Mallinckrodt,INDUSTRY
NCT02379416,National Cancer Institute (NCI),NIH
NCT01655316,Tehran University of Medical Sciences,OTHER
NCT02878616,Novartis Pharmaceuticals,INDUSTRY
NCT04303416,"Pujol, Aurora, M.D.",INDIV
NCT06375616,Shen Lei,OTHER
NCT05433116,Universität des Saarlandes,OTHER
NCT02668016,Imperial College London,OTHER
NCT01004406,VA Office of Research and Development,FED
NCT03417206,Medical University of Silesia,OTHER
NCT07046806,Institute for Asthma and Allergy,NETWORK
NCT01549106,SecuraBio,INDUSTRY
NCT04576806,Karolinska Institutet,OTHER
NCT04576806,Danderyd Hospital,OTHER
NCT04576806,Stockholm South General Hospital,OTHER
NCT02483104,AbbVie,INDUSTRY
NCT00274404,University of Minnesota,OTHER
NCT00274404,Minnesota Medical Foundation,OTHER
NCT00274404,Hoffmann-La Roche,INDUSTRY
NCT05376904,"Shanghai Hengrui Pharmaceutical Co., Ltd.",INDUSTRY
NCT06258304,"GigaGen, Inc.",INDUSTRY
NCT06258304,National Cancer Institute (NCI),NIH
NCT06218004,Hairong Liu,OTHER
NCT06092684,"Chengdu Brilliant Pharmaceutical Co., Ltd.",INDUSTRY
NCT01710033,Pfizer,INDUSTRY
NCT06066333,Memorial Sloan Kettering Cancer Center,OTHER
NCT04672252,NYU Langone Health,OTHER
NCT04672252,Orcosa Inc.,INDUSTRY
NCT02796352,Ahmad Tarhini,OTHER
NCT02796352,Prometheus Laboratories,INDUSTRY
NCT03460652,Zevra Therapeutics,INDUSTRY
NCT03242252,Lexicon Pharmaceuticals,INDUSTRY
NCT03242252,Sanofi,INDUSTRY
NCT00864747,Actavis Inc.,INDUSTRY
NCT01760447,Merck Sharp & Dohme LLC,INDUSTRY
NCT01791647,Catholic University of the Sacred Heart,OTHER
NCT06441747,Australasian Gastro-Intestinal Trials Group,NETWORK
NCT06441747,Wayne Elphinstone Research Fund,UNKNOWN
NCT06441747,AstraZeneca,INDUSTRY
NCT03779347,Centre de Recherche Médicale de Lambaréné,OTHER
NCT03779347,Universität Tübingen,OTHER
NCT00788749,University of Dundee,OTHER
NCT00788749,Chief Scientist Office of the Scottish Government,OTHER_GOV
NCT00788749,NHS Tayside,OTHER_GOV
NCT02959749,Qingdao Central Hospital,OTHER
NCT00003238,"University of Wisconsin, Madison",OTHER
NCT00003238,National Cancer Institute (NCI),NIH
NCT03549338,Symphogen A/S,INDUSTRY
NCT04989855,Sun Yat-sen University,OTHER
NCT00259155,Cedars-Sinai Medical Center,OTHER
NCT00259155,University of Chicago,OTHER
NCT00259155,"Bausch Health Americas, Inc.",INDUSTRY
NCT00802555,"ArQule, Inc., a subsidiary of Merck Sharp & Dohme LLC, a subsidiary of Merck & Co., Inc. (Rahway, NJ USA)",INDUSTRY
NCT00022555,National Cancer Institute (NCI),NIH
NCT06275555,Xiaotong Hou,OTHER
NCT07706855,"Beijing Gene Key Life Technology Co., Ltd",INDUSTRY
NCT03423355,University Hospital Tuebingen,OTHER
NCT06932926,Cairo University,OTHER
NCT00768326,H. Lundbeck A/S,INDUSTRY
NCT06206278,LianBio LLC,INDUSTRY
NCT01747278,Peking Union Medical College Hospital,OTHER
NCT00547885,Norwegian University of Science and Technology,OTHER
NCT00172185,Shire,INDUSTRY
NCT06850285,Shanxi Bethune Hospital,OTHER
NCT04342585,National University of Malaysia,OTHER
NCT00237185,Novartis Pharmaceuticals,INDUSTRY
NCT03569085,Kathirvel Subramaniam,OTHER
NCT04430985,Dorte Nielsen,OTHER
NCT04430985,Danish Cancer Society,OTHER
NCT02264015,Boehringer Ingelheim,INDUSTRY
NCT06581315,Sun Yat-Sen Memorial Hospital of Sun Yat-Sen University,OTHER
NCT00542035,Pfizer,INDUSTRY
NCT04557735,"Alexion Pharmaceuticals, Inc.",INDUSTRY
NCT04315935,"Jiangsu Hengrui Pharmaceutical Co., Ltd.",INDUSTRY
NCT03027635,Nina Kimer,OTHER
NCT06612476,Ningbo No. 1 Hospital,OTHER
NCT02445976,Innocrin Pharmaceutical,INDUSTRY
NCT02445976,Prostate Cancer Foundation,OTHER
NCT02445976,Prostate Cancer Clinical Trials Consortium,OTHER
NCT00415376,Northwestern University,OTHER
NCT00415376,National Cancer Institute (NCI),NIH
NCT06447376,Taylor Brooks,OTHER
NCT06447376,Genmab,INDUSTRY
NCT06447376,AbbVie,INDUSTRY
NCT06447376,RECORDATI GROUP,INDUSTRY
NCT07263776,Capital Medical University,OTHER
NCT03067376,Corcept Therapeutics,INDUSTRY
NCT03818776,Case Comprehensive Cancer Center,OTHER
NCT05124717,"Joint Stock Company ""Farmak""",INDUSTRY
NCT00505817,"Instituto Valenciano de Infertilidad, IVI VALENCIA",OTHER
NCT04556617,Opna Bio LLC,INDUSTRY
NCT07484217,"Axsome Therapeutics, Inc.",INDUSTRY
NCT02314117,Eli Lilly and Company,INDUSTRY
NCT03314740,Mario Negri Institute for Pharmacological Research,OTHER
NCT03314740,AstraZeneca,INDUSTRY
NCT01233609,Foundation Fighting Blindness,OTHER
NCT01233609,United States Department of Defense,FED
NCT01732809,Hexsel Dermatology Clinic,OTHER
NCT02629809,M.D. Anderson Cancer Center,OTHER
NCT00257309,Spanish Society of Cardiology,OTHER
NCT00257309,Fondo de Investigacion Sanitaria,OTHER
NCT00257309,Sanofi,INDUSTRY
NCT00257309,Cordis US Corp.,INDUSTRY
NCT00257309,Medtronic,INDUSTRY
NCT00257309,Guidant Corporation,INDUSTRY
NCT00257309,Boston Scientific Corporation,INDUSTRY
NCT00317499,Amgen,INDUSTRY
NCT00317499,Immunex Corporation,INDUSTRY
NCT05306899,"University Health Network, Toronto",OTHER
NCT05306899,The Canadian Pain Society,OTHER
NCT05306899,Pfizer,INDUSTRY
NCT01422499,"National Center for Tumor Diseases, Heidelberg",OTHER
NCT01422499,University Hospital Heidelberg,OTHER
NCT01422499,Merck Sharp & Dohme LLC,INDUSTRY
NCT00559299,GlaxoSmithKline,INDUSTRY
NCT04430699,Massachusetts General Hospital,OTHER
NCT04430699,Merck Sharp & Dohme LLC,INDUSTRY
NCT00001399,"National Heart, Lung, and Blood Institute (NHLBI)",NIH
NCT02433899,Universidade Federal Fluminense,OTHER
NCT00269399,"Bausch Health Americas, Inc.",INDUSTRY
NCT06642909,"BioRay Pharmaceutical Co., Ltd.",INDUSTRY
NCT06600698,Milton S. Hershey Medical Center,OTHER
NCT03348098,Tianjin Medical University Cancer Institute and Hospital,OTHER
NCT07257198,Montreal Heart Institute,OTHER
NCT02837198,"Fuji Yakuhin Co., Ltd.",INDUSTRY
