study_id,title,status,phase,enrollment
NCT01042717,Study of the Best Timing for Plerixafor in Autologous Hematopoietic Stem Cell Collection,UNKNOWN,NA,10.0
NCT04941040,Opioid Free VS Opioid Anesthesia for Craniotomies,COMPLETED,PHASE1,60.0
NCT05883540,Lysergic Acid Diethylamide (LSD) in Palliative Care,RECRUITING,PHASE2,60.0
NCT00171717,Conversion From Tacrolimus to Cyclosporine Microemulsion in Liver Transplant Patients With New Onset Diabetes After the 3rd Month Post-transplant,COMPLETED,PHASE4,39.0
NCT00022217,Cisplatin-Epinephrine Injectable Gel Plus Paclitaxel and Carboplatin in Treating Patients With Recurrent Head and Neck Cancer,UNKNOWN,PHASE2,
NCT01714089,Proof of Concept Study Evaluating RNS60 in the Treatment of Relapsing Remitting Multiple Sclerosis,WITHDRAWN,PHASE2,0.0
NCT04099589,Neoadjuvant Treatment of Upper Urinary and Muscular Invasive Bladder Urothelial Carcinoma,UNKNOWN,PHASE2,64.0
NCT00116389,Trial of Talabostat and Gemcitabine in Patients With Stage IV Adenocarcinoma of the Pancreas,TERMINATED,PHASE2,60.0
NCT03063489,"Evaluation of the Safety, Systemic Pharmacokinetics, and Tolerability",COMPLETED,PHASE1,15.0
NCT01231750,Efficacy of Topical Capsaicin Cream for Stable Angina,TERMINATED,PHASE3,7.0
NCT03745950,UTOLA: UTerin OLAparib,COMPLETED,PHASE2,147.0
NCT02336750,Adding Mirtazapine to Dexamethasone and Aprepitant for Delayed Emesis,COMPLETED,PHASE3,212.0
NCT00704691,"Lenalidomide Therapy for Patients With Relapsed and/or Refractory, Peripheral T-Cell Lymphomas",TERMINATED,EARLY_PHASE1,1.0
NCT07325591,Efficacy and Safety of Tazbentetol in ALS Participants,NOT_YET_RECRUITING,PHASE2,430.0
NCT05862974,A Dose-escalation Study of LPM3480392 in Chinese Healthy Subjects,COMPLETED,PHASE1,80.0
NCT02342691,Safety and Preliminary Efficacy of Lipoxin Analog BLXA4-ME Oral Rinse for the Treatment of Gingivitis,COMPLETED,PHASE1,127.0
NCT05631574,"Study of Covalent Menin Inhibitor BMF-219 in Adult Patients With KRAS Driven Non-Small Cell Lung Cancer, Pancreatic Cancer, and Colorectal Cancer",TERMINATED,PHASE1,13.0
NCT06473974,"Open-label, Single-arm, Proof of Concept Study in Subjects with Mild-to-moderate Facial Hyperpigmentation",WITHDRAWN,PHASE2,0.0
NCT02021474,"A Multicenter, Randomized, Double-blind, Placebo-controlled Trial to Assess the Efficacy and Safety of Subcutaneous AGX-201 for Migraine Prophylaxis",UNKNOWN,PHASE2,130.0
NCT00425074,"Pharmacodynamic-pharmacokinetic Trial, of Slow Release ASA, in the Platelet Functionalism.",COMPLETED,PHASE1,50.0
NCT00046774,Monoclonal Antibody Treatment for Systemic Lupus Erythematosus,COMPLETED,PHASE1,23.0
NCT00620074,"Study to Test the Combination of Voriconazole and Anidulafungin in Patients Who Have, or Are Thought to Have, Invasive Aspergillosis and Who Are Unable to Take a Common Antifungal Therapy (Polyene)",TERMINATED,PHASE4,6.0
NCT01874574,Intra-articular Corticosteroid Injection Compared With Single-Shot Hyaluronic Acid for Treatment of Osteoarthritis Knee,COMPLETED,PHASE4,100.0
NCT02577718,Safety and Effectiveness of Novel Nitroglycerin Based Catheter Lock Solution,COMPLETED,PHASE1,60.0
NCT00441818,Safety and Efficacy Study of TNX-650 to Treat Refractory Hodgkin's Lymphoma,UNKNOWN,PHASE1,59.0
NCT05323890,Tislelizumab Combined With Neoadjuvant Radiotherapy and Chemotherapy for Resectable Esophageal Squamous Cell Carcinoma.,UNKNOWN,PHASE2,15.0
NCT02710890,Study to Investigate Safety and Tolerability of Intravenous Lacosamide in Children.,COMPLETED,PHASE2,103.0
NCT00130390,Study of Nitazoxanide Tablets in the Treatment of Mild to Moderate Active Crohn's Disease,TERMINATED,PHASE2,98.0
NCT00649090,A Study to Evaluate the Safety of Adjuvant Treatment With Exemestane Following Previous Treatment With Tamoxifen in Postmenopausal Women With Estrogen Sensitive Primary Breast Cancer,COMPLETED,PHASE4,1549.0
NCT07334197,Effect of Melatonin on Left Ventricular Reverse Remodeling and Inflammation in Peripartum Cardiomyopathy,NOT_YET_RECRUITING,NA,25.0
NCT00593697,The Synergism Or Long Duration (SOLD) Study,COMPLETED,PHASE3,2168.0
NCT00845897,Botulinum Toxin Effects on Plantar Ulcer Recurrence,COMPLETED,NA,17.0
NCT03603197,BP-C1 in Short-term Treatment of Thai Patients With Metastatic Breast Cancer,COMPLETED,PHASE2,38.0
NCT06383897,Phase 1 Study in Healthy Participants and Participants With Kidney Dysfunction,UNKNOWN,PHASE1,116.0
NCT03059797,Study of Anlotinib in Patients With Small Cell Lung Cancer (ALTER1202),COMPLETED,PHASE2,120.0
NCT03876210,Study to Compare the Safety and Pharmacokinetics of PK101 With Coadministration of the Two Separate Drugs,COMPLETED,PHASE1,47.0
NCT01063010,Pilot Study of Bevacizumab (Avastin) in Patients With Septic Shock,WITHDRAWN,NA,0.0
NCT01388413,Safety and Efficacy of a Weekly Oral Cyclic Antibiotic Programme in the Prevention of Urinary Tract Infection on Neurological Bladder,COMPLETED,PHASE4,45.0
NCT00488813,Study of Antibiotic Utilization Measures and Control of ESBLs in China,COMPLETED,PHASE4,300.0
NCT05950113,CART-BCMA/CS1 in Treating Patients With Relapsed or Refractory Multiple Myeloma,WITHDRAWN,PHASE1,0.0
NCT02047513,Neoadjuvant Plus Adjuvant or Only Adjuvant Nab- Paclitaxel Plus Gemcitabine for Resectable Pancreatic Cancer,COMPLETED,PHASE2,127.0
NCT04613960,Magnesium Treating Subarachnoid Hemorrhage Vasospasm,UNKNOWN,PHASE2,200.0
NCT03034460,Efficacy and Safety of CD5024 1% in Acne Vulgaris,COMPLETED,PHASE2,70.0
NCT04209660,Lenvatinib and Pembrolizumab in People With Advanced Adenoid Cystic Carcinoma and Other Salivary Gland Cancers,ACTIVE_NOT_RECRUITING,PHASE2,64.0
NCT03122860,A Study Evaluating the Safety and Efficacy of SM04690 for the Treatment of Moderately to Severely Symptomatic Knee Osteoarthritis,COMPLETED,PHASE2,700.0
NCT02296320,Study of the Efficacy and Safety of MEDI4893,COMPLETED,PHASE2,213.0
NCT00762320,Comparison of Liquid Kaletra and Low Dose Kaletra Tablets,COMPLETED,NA,8.0
NCT00997282,A Study of OPC-262 in Patients With Type 2 Diabetes,COMPLETED,PHASE2,255.0
NCT02981082,Dimethyl Fumarate (DMF) in Systemic Sclerosis-Associated Pulmonary Arterial Hypertension,TERMINATED,PHASE1,6.0
NCT06617182,Efficacy and Safety of Thalidomide Combined With Glutamine in the Treatment of Radiation Intestinal Injury.,RECRUITING,PHASE2,150.0
NCT00451724,Intranasal Ketamine for Procedural Sedation in Pediatric Laceration Repair,COMPLETED,PHASE2,45.0
NCT07484724,A Study Evaluating the Safety and Efficacy of JS212 Combination Therapy in Patients With Advanced Esophageal Squamous Cell Carcinoma,RECRUITING,PHASE2,280.0
NCT02678923,"MDCO-216 Infusions Leading to Changes in Atherosclerosis: A Novel Therapy in Development to Improve Cardiovascular Outcomes - Proof of Concept Intravascular Ultrasound (IVUS), Lipids, and Other Surrogate Biomarkers Trial",COMPLETED,PHASE1,126.0
NCT01677923,Obesity in Children and Adolescents: Associated Risks and Early Intervention,COMPLETED,PHASE3,182.0
NCT03499223,A Study to Evaluate THR-317 and Ranibizumab Combination Treatment for Diabetic Macular Oedema (DME),COMPLETED,PHASE2,70.0
NCT02562859,Oral Bioavailability of Solid Formulation of GLPG1837 With and Without Food,COMPLETED,PHASE1,12.0
NCT06692959,A Phase II Trial of Neoadjuvant PD-1 Vaccine PD1-Vaxx in Operable MSI High Colorectal Cancer,TERMINATED,PHASE2,3.0
NCT01216696,Ipilimumab in Patients With Advanced Melanoma and Spontaneous Preexisting Immune Response to NY-ESO-1,COMPLETED,PHASE2,25.0
NCT00891696,Nutritional and Contractile Regulation of Muscle Growth,COMPLETED,PHASE1,144.0
NCT00726180,"Use of Trastuzumab to Induce Increased ER Expression in ER-negative/Low, Her-2/Neu Positive Breast Cancer",TERMINATED,PHASE1,1.0
NCT04456296,A Study of the Effect of Testosterone Replacement Therapy on Blood Pressure in Adult Male Participants With Hypogonadism,COMPLETED,PHASE4,673.0
NCT04953780,2157GCCC:Phase 1 of Calaspargase Pegol-mknl W/ Cytarabine and Idarubicin in Newly Dx AML,ACTIVE_NOT_RECRUITING,PHASE1,6.0
NCT05327296,Efficacy and Safety of Inhaled Isoflurane Delivered Via the Sedaconda ACD-S Compared to Intravenous Propofol for Sedation of Mechanically Ventilated Intensive Care Unit Adult Patients (INSPiRE-ICU2),COMPLETED,PHASE3,282.0
NCT07504796,ctDNA-guided Addition of Ipilimumab to Patients Receiving Nivolumab and Relatlimab,RECRUITING,PHASE4,90.0
NCT05472896,TACE With Dicycloplatin(TP21) in Unresectable HCC,UNKNOWN,PHASE3,332.0
NCT03945279,"A Study to Evaluate the Safety, Tolerability, Pharmacokinetics, and Pharmacodynamics of BIIB100 Administered Orally to Adults With Amyotrophic Lateral Sclerosis",COMPLETED,PHASE1,49.0
NCT06274879,Safety of Biliary Intraductal Radiofrequency Ablation in Patients With Unresectable Extrahepatic Biliary Tract Cancer,RECRUITING,PHASE2,36.0
NCT04211896,Anlotinib Combined With Nivolumab for Non-Small Cell Lung Cancer,UNKNOWN,PHASE2,70.0
NCT06133062,Atezolizumab and Bevacizumab With Proton Radiotherapy for Unresectable Hepatocellular Carcinoma,RECRUITING,PHASE2,45.0
NCT00658762,A 10-week Study Evaluating the Efficacy and Safety of PD 0332334 for the Treatment of Generalized Anxiety Disorder (3),TERMINATED,PHASE3,286.0
NCT04744662,ONL1204 Ophthalmic Solution in Patients With Geographic Atrophy Associated With Age-related Macular Degeneration,COMPLETED,PHASE1,28.0
NCT03968146,Erector Spinae Plane Block in Scoliotic Adolescents,COMPLETED,PHASE2,30.0
NCT03466346,SMART-DAPPER: Leveraging the Depression And Primary-care Partnership for Effectiveness-implementation Research Project,COMPLETED,NA,2162.0
NCT04976088,Clinical Trial With Diclofenac Sodium Medicated Plaster in Patients With Impact Injuries of the Limbs,COMPLETED,PHASE3,214.0
NCT00646503,Prospective Exploratory Study to Evaluate the Safety and Efficacy of Telbivudine in the Fifth Year of Treatment in Chinese Patients With Compensated Chronic Hepatitis B,COMPLETED,PHASE4,150.0
NCT01365403,A Study on The Effect of Multiple Dose Carbamazepine on Single Dose Pharmacokinetics of RO4917838 in Healthy Volunteers,COMPLETED,PHASE1,16.0
NCT06204003,Cannabinoids for Pain Management and Neuroprotection From Concussion,COMPLETED,PHASE1,34.0
NCT00811603,Trial Comparing the Optimal Timing of Antibiotic Prophylaxis at the Time of Cesarean Delivery,COMPLETED,PHASE3,50.0
NCT06224127,Treating Stress and Anxiety in Individuals With Alcohol Use Disorder (AUD),UNKNOWN,PHASE1,36.0
NCT01730027,A Study to Evaluate Efficacy and Safety of ADC3680 in Subjects With Inadequately-Controlled Asthma,COMPLETED,PHASE2,248.0
NCT03465527,Pre-phase Treatment Before R-CHOP Chemotherapy in Elderly Patients With Newly Diagnosed DLBCL,COMPLETED,PHASE2,37.0
NCT05990127,A Study of AK104/Tislelizumab With Chemotherapy as First-line Treatment in PD-L1 TPS < 1% Non-small Cell Lung Cancer,NOT_YET_RECRUITING,PHASE3,642.0
NCT03379727,Study to Assess the Safety and Efficacy of Midostaurin (PKC412) in Combination With Standard Chemotherapy During Induction and Consolidation Followed by 12 Months of Maintenance Monotherapy in Patients With Newly-diagnosed FMS-like Tyrosine 3 (FLT3) Kinase Receptor-mutated Acute Myeloid Leukemia.,COMPLETED,PHASE3,301.0
NCT02569827,Celgosivir or Modipafant as Treatment for Adult Participants With Uncomplicated Dengue Fever in Singapore,WITHDRAWN,PHASE1,0.0
NCT00916227,A Study of ARRY-614 in Patients With Low or Intermediate-1 Risk Myelodysplastic Syndrome,COMPLETED,PHASE1,45.0
NCT01728961,Pharmacology of Antimalarial Therapy With or Without Antiretroviral Therapy,TERMINATED,PHASE4,19.0
NCT01856361,Ramipril for the Treatment of Oligospermia,TERMINATED,NA,2.0
NCT05866861,A Study in Participants With Mild-to-moderate Systemic Lupus Erythematosus,COMPLETED,PHASE1,40.0
NCT05628961,"Study of Single Oral Doses of HOPO 14-1 Evaluating Safety, Tolerability, Pharmacokinetics",COMPLETED,PHASE1,42.0
NCT01679561,Intralipid Therapy for Recurrent Implantation Failure and Recurrent Miscarriages: Is it a Hope or Myth?A Randomized Clinical Trial,WITHDRAWN,PHASE4,0.0
NCT00773461,A Study of Tocilizumab in Combination With DMARD Therapy in Patients With Active Rheumatoid Arthritis.,COMPLETED,PHASE3,209.0
NCT00424242,Pemetrexed Disodium in the Cerebrospinal Fluid of Patients With Leptomeningeal Metastases,COMPLETED,EARLY_PHASE1,15.0
NCT04060342,GB1275 Monotherapy and in Combination With an Anti-PD1 Antibody in Patients With Specified Advanced Solid Tumors or in Combination With Standard of Care in Patients With Metastatic Pancreatic Adenocarcinoma,TERMINATED,PHASE1,61.0
NCT03891342,Effect of Fluid Challenge on Glycocalyx,COMPLETED,NA,120.0
NCT05933642,Diuretic Efficacy of Aminophylline and Furosemide Combination vs Furosemide Alone in Critically Ill Adults,UNKNOWN,PHASE2,132.0
NCT06361186,Proximod Pharmacokinetics In Healthy Subjects,COMPLETED,PHASE1,134.0
NCT05004142,"Study of Efficacy, Safety, and Pharmacokinetics of FCN-437c in Combination With Fulvestrant or Letrozole+Goserelin",UNKNOWN,PHASE2,70.0
NCT01353742,Lamivudine and Adefovir Dipivoxil Fixed Dose Combination,COMPLETED,PHASE1,40.0
NCT03771586,"A Study to Assess the Electrophysiology, Safety, Tolerability, and Pharmacokinetics of SAGE-718 Using a Ketamine Challenge in Healthy Subjects",COMPLETED,PHASE1,22.0
NCT01805570,Rapid Activity of Platelet Inhibitor Drugs Study 2,COMPLETED,PHASE4,50.0
NCT00621686,Bevacizumab and Sorafenib in Treating Patients With Recurrent Glioblastoma Multiforme,COMPLETED,PHASE2,54.0
NCT05228470,A Study of Elranatamab (PF-06863135) in Chinese Participants With Refractory Multiple Myeloma.,COMPLETED,PHASE2,39.0
NCT03733470,Hypoxic Pulmonary Vasoconstriction Pilot Study,COMPLETED,PHASE4,22.0
NCT03545373,Accuracy and Consequences of Using Trial-of-antibiotics for TB Diagnosis (ACT-TB Study),COMPLETED,PHASE3,1583.0
NCT01985373,Pharmacokinetics and Safety of IVIG Nanogam 100 mg/ml,COMPLETED,PHASE3,23.0
NCT05748873,Promising ROd-cone DYstrophy Gene therapY,ACTIVE_NOT_RECRUITING,PHASE1,33.0
NCT01833273,Dose Evaluation Safety STudy IN Individuals With Astrocytoma Taking PolyMVA,COMPLETED,PHASE1,13.0
NCT00234169,A Study of Peripheral Blood Progenitor Cells Mobilisation (PBPC) With VTP195183 Plus Granulocyte-Colony Stimulating Factor (G-CSF) Compared to Mobilisation With G-CSF Alone,COMPLETED,PHASE1,30.0
NCT01254383,Pharmacokinetics Of Sildenafil Orally Disintegrating Tablet Formulation Versus To Viagra® Oral Tablet.,COMPLETED,PHASE1,36.0
NCT00818883,Efficacy and Safety of Azilsartan Medoxomil and Chlorthalidone in Participants With Moderate to Severe Hypertension,COMPLETED,PHASE3,609.0
NCT04203641,L-DOS47 Plus Doxorubicin in Advanced Pancreatic Cancer,TERMINATED,PHASE1,28.0
NCT05819541,Treating Exacerbations of Asthma With Oral Montelukast in Children,COMPLETED,PHASE2,90.0
NCT00095641,S0225 Capecitabine in Treating Patients Who Have Undergone Surgery for Locally Recurrent or Persistent Head and Neck Cancer,WITHDRAWN,PHASE2,0.0
NCT00852241,Rejuvenation of the Lower Eyelid Using a Combination of Two Hyaluronic Acid Fillers - a Pilot Study,COMPLETED,PHASE4,18.0
NCT03421041,Study of Value of Dexamethasone Used in Ovulation Induction,WITHDRAWN,NA,0.0
NCT02938741,ATG Based Conditioning Regimen in HLA Related HSCT for Aggressive T-cell Tumors,UNKNOWN,PHASE4,130.0
NCT00189241,A Study to Evaluate Effectiveness of Imiquimod 5% Cream in Superficial Basal Cell Carcinoma,COMPLETED,PHASE3,160.0
NCT00247741,Spinal Anesthesia With Articaine and Lidocaine for Outpatient Surgery.,COMPLETED,PHASE3,80.0
NCT00367341,Imaging Predictors of Treatment Response in Depression,COMPLETED,NA,82.0
NCT00857454,A Trial to Evaluate the Ongoing Skin Safety of Testosterone MD-Lotion Formulations,COMPLETED,PHASE3,71.0
NCT04704154,A Trial to Learn Whether Regorafenib in Combination With Nivolumab Can Improve Tumor Responses and How Safe it is for Participants With Solid Tumors,COMPLETED,PHASE2,175.0
NCT04302454,Androgen Deprivation Therapy for Oligo-recurrent Prostate Cancer in Addition to radioTherapy,ACTIVE_NOT_RECRUITING,PHASE3,280.0
NCT03002805,"CBT-1® in Combination With Doxorubicin in Patients With Metastatic, Unresectable Sarcomas Who Previously Progressed on Doxorubicin",UNKNOWN,PHASE1,46.0
NCT00235105,D2E7-Early AS,UNKNOWN,PHASE2,46.0
NCT01419405,Pregabalin and Remifentanil - Analgesia and Ventilation,COMPLETED,PHASE4,12.0
NCT00003505,Antineoplaston Therapy in Treating Patients With Primary Central Nervous System Lymphoma,WITHDRAWN,PHASE2,0.0
NCT01745354,Immunostimulatory CpG SD-101 + RT in Recurrent/Progressive Lymphoma After Allogeneic Hematopoietic Cell Transplantation (HCT),TERMINATED,PHASE1,6.0
NCT05346354,Efficacy and Safety Study of Ravulizumab IV in Pediatric Participants With NMOSD,ACTIVE_NOT_RECRUITING,PHASE2,12.0
NCT05693454,Local Wound Anesthesia in Spine Surgery,COMPLETED,NA,150.0
NCT05351905,Improving Pain Disability With the Use of Oral Cannabinoids,COMPLETED,NA,51.0
NCT01679405,BIBW 2992 as add-on to Gem/Cis in Advanced Biliary Tract Cancer,TERMINATED,PHASE1,9.0
NCT07101705,"An Open-label, Single-arm Clinical Study to Evaluate the Safety and Preliminary Efficacy of OriV508 Injection in Treating Relapsed/Refractory Hematological Malignancies",RECRUITING,EARLY_PHASE1,40.0
NCT00103194,Lapatinib Ditosylate in Treating Patients With a Rising PSA Indicating Recurrent Prostate Cancer,COMPLETED,PHASE2,49.0
NCT07615283,Adebrelimab Combined With SHR2554 in Relapsed/Refractory PTCL and NK/T-Cell Lymphoma,NOT_YET_RECRUITING,PHASE1,40.0
NCT05823441,Effect of Oxytocin Nasal Inhalation on Empathy Analgesia,COMPLETED,PHASE4,120.0
NCT05108766,A Phase Ⅲ Study to Evaluate Tildrakizumab in the Treatment of Chinese Subjects With Moderate to Severe Plaquetype Psoriasis,COMPLETED,PHASE3,220.0
NCT04359966,Prospective Randomised Trial of First and Second Line Treatments of RCT of First and Second Line H Pylori Treatments in Slovenia,UNKNOWN,NA,560.0
NCT00690066,PROCHYMAL® (Human Adult Stem Cells) for the Treatment of Recently Diagnosed Type 1 Diabetes Mellitus (T1DM),COMPLETED,PHASE2,63.0
NCT01880866,(-)-Epicatechin and Pulmonary Arterial Hypertension,WITHDRAWN,PHASE1,0.0
NCT05158166,DaxibotulinumtoxinA Injection for Treatment of Adductor Spasmodic Dysphonia,COMPLETED,PHASE1,22.0
NCT06567366,CAR T-cell Therapy in Combination With Glofitamab for Relapsed/Refractory Large B-Cell Lymphoma With High-Risk Prognostic Factors,NOT_YET_RECRUITING,PHASE2,45.0
NCT00648466,Fasting Study of Sumatriptan Succinate Tablets 100 mg to Imitrex® Tablets 100 mg,COMPLETED,PHASE1,55.0
NCT02771366,The Efficient Brain Study,COMPLETED,PHASE2,30.0
NCT02736266,Neoadjuvant Pembrolizumab for Muscle-invasive Urothelial Bladder Carcinoma,COMPLETED,PHASE2,174.0
NCT00575302,Study of Optimal Posology of Gonadotrophins in Patients With Insufficient Ovarian Response Due to Age,WITHDRAWN,PHASE4,400.0
NCT02809131,Perioperative Antibiotic Therapy to Prevent Cardiac Implantable Electronic Device Infections.,COMPLETED,PHASE3,1010.0
NCT03876002,Evaluation of Microglial Activation in ALS With [18F]PBR06 (Peripheral Benzodiazepine Receptor-06) PET,COMPLETED,PHASE1,23.0
NCT01490931,Intranasal Ketorolac for Postsurgical Pain in Dental Implant Patients,COMPLETED,PHASE4,28.0
NCT07079631,"A Clinical Study to Test if an Investigational Treatment Called BNT314 When Used in Combination With Another Investigational Treatment Pumitamig (BNT327) and Chemotherapy, is Beneficial and Safe for Patients With Advanced Colorectal Cancer",RECRUITING,PHASE1,482.0
NCT02312531,Prevention for Mother-to-infant Transmission of HBV,COMPLETED,NA,28.0
NCT00207831,Trial Testing Ftorafur (UFT) Associated With Neoadjuvant Radiotherapy Versus Radiotherapy Alone in Rectal Adenocarcinoma,TERMINATED,PHASE3,219.0
NCT01448902,A Study Of The Effects Of OC000459 In Subjects Known To Suffer From Grass Pollen Induced Allergic Rhinitis,COMPLETED,PHASE2,36.0
NCT02839902,Exploratory Study of the Effects of Omega-3-acid Ethyl Esters on the Lipid and Lipoprotein Profile in the Blood,COMPLETED,PHASE4,53.0
NCT03165253,The Effects of a Synbiotic Addition on Eradication Therapy of Helicobacter Pylori Infection in Children,COMPLETED,NA,69.0
NCT00322153,A Study of the Safety and Efficacy of Memantine in Moderate to Severe Alzheimer's Disease,COMPLETED,PHASE3,677.0
NCT00002253,"A Multicenter Placebo-Controlled Double Blind Study to Evaluate the Efficacy and Safety of Sandostatin ( SMS 201-995 ) in Patients With Acquired Immunodeficiency Related Diarrhea Who Were Either ""Responders"" or ""Non-Responders"" in a Prior Placebo-Controlled Double-Blind Sandostatin Study.",COMPLETED,NA,
NCT01718353,"Early Switch From First-Line Docetaxel/Prednisone to Cabazitaxel/Prednisone and the Opposite Sequence, Exploring Molecular Markers in Men With Metastatic Castration-Resistant Prostate Cancer (mCRPC)",COMPLETED,PHASE2,63.0
NCT03214731,Efficacy and Safety of Artesunate Plus Standard of Care in Active Lupus Nephritis,UNKNOWN,PHASE4,90.0
NCT01310231,A Trial of Standard Chemotherapy With Metformin (vs Placebo) in Women With Metastatic Breast Cancer,COMPLETED,PHASE2,40.0
NCT04062331,Transcranial Magnetic Stimulation (TMS) in Multiple Sclerosis,UNKNOWN,PHASE1,90.0
NCT04275453,Comparison of the Short-Term Effect of Dietary Carbohydrate Restriction Versus Exogenous Ketone Supplementation on Myocardial Glucose Suppression and Timing to Achieve a State of Ketosis Using FDG PET/CT Serial Imaging,RECRUITING,PHASE1,20.0
NCT01568853,A Prospective Study of The Complement Depletion in Patients With Severe Abdominal Sepsis,COMPLETED,NA,75.0
NCT03205553,Direct Peritoneal Resuscitation in Gastroschisis,TERMINATED,PHASE1,3.0
NCT03092453,Dendritic Cell Vaccination in Patients With Advanced Melanoma,COMPLETED,PHASE1,5.0
NCT02773537,Motor-Sparing Peripheral Nerve Blockade Facilitates Mobility Post Total Knee Arthroplasty: A Randomized Controlled Trial,COMPLETED,NA,75.0
NCT03361345,Topical 5% Tranexamic Acid as a Treatment for Postinflammatory Hyperpigmentation Due to Acne Vulgaris,WITHDRAWN,PHASE2,0.0
NCT05632445,Apixaban vs Dual Antiplatet Therapy Study After Left Atrial Appendage Occlosure (ADALA),COMPLETED,PHASE4,160.0
NCT00692445,TC-5214 as add-on the Treatment of Major Depressive Disorder,COMPLETED,PHASE2,574.0
NCT05716945,The OPTIMISE Study,RECRUITING,PHASE4,342.0
NCT00804245,C-11 Choline PET-CT Scan in Finding Metastases in Patients With Newly Diagnosed High-Risk Prostate Cancer,COMPLETED,PHASE1,18.0
NCT03698045,Safety and Tolerability of PRO-143 Ophthalmic Solution in Healthy Volunteers.,WITHDRAWN,PHASE1,0.0
NCT02076672,Investigation of the Anti-Cancer Activity of Artichoke Extract in an Asbestos-Exposed Population,COMPLETED,PHASE2,3.0
NCT02027272,Eclampsia and Posterior Reversible Encephalopathy Syndrome (PRES):,TERMINATED,NA,1.0
NCT00471237,A Phase II Study Evaluating SB-751689 in Post-Menopausal Women With Osteoporosis.,TERMINATED,PHASE2,564.0
NCT01031472,A Study to Assess Relative Bioavailability and Food Effect of New Formulations of GSK2248761,COMPLETED,PHASE1,24.0
NCT01336972,Short-term Renal Hemodynamic Effects of Tolvaptan in Subjects With Autosomal Dominant Polycystic Kidney Disease (ADPKD),COMPLETED,PHASE2,29.0
NCT06771245,A Phase III Clinical Trial Evaluating the Efficacy and Safety of Valsartan/Levamlodipine (SYH9056) Tablets In Hypertensive Patients,NOT_YET_RECRUITING,PHASE3,606.0
NCT02788045,"Safety, Tolerability and Immunogenicity Study of Different Vaccine Regimens of Trivalent Ad26.Mos.HIV or Tetravalent Ad26.Mos4.HIV Along With Clade C Glycoprotein (gp)140 in Healthy Human Immunodeficiency Virus (HIV)-Uninfected Adults",COMPLETED,PHASE1,201.0
NCT02583672,Role of Oxidative Stress and Inflammation in Type 1 Gaucher Disease (GD1),COMPLETED,PHASE2,33.0
NCT03970772,Mini-Dose Glucagon to Treat Fasting-induced Hypoglycemia During Ramadan,COMPLETED,NA,20.0
NCT04804072,INTEGRA: A Vanguard Study of Health Service Delivery in a Mobile Health Delivery Unit,COMPLETED,NA,447.0
NCT00757172,"Panitumumab, Docetaxel, Cisplatin, Radiation Therapy, and Surgery in Treating Patients With Newly Diagnosed, Locally Advanced Esophageal Cancer or Cancer of the Gastroesophageal Junction",COMPLETED,PHASE2,70.0
NCT00925639,Effects of the Concentrated Extract of Soy on Coagulation Factors After Menopause,UNKNOWN,PHASE3,84.0
NCT02822339,Sun Protection Factor Assay,COMPLETED,NA,5.0
NCT02059239,Bendamustine Bridge to Autologous or Allogeneic Transplant for Relapsed/Refractory Lymphoma,COMPLETED,PHASE1,34.0
NCT01608139,"Study of Curcumin, Vorinostat, and Sorafenib",WITHDRAWN,PHASE1,0.0
NCT03906539,Effect of Virgin Coconut Oil (VCO) on Cardiometabolic Parameters in Patients With Dyslipidemia,COMPLETED,PHASE4,150.0
NCT01469377,Safety and Efficacy of Cariprazine as an Adjunctive to Antidepressant Therapy in Major Depressive Disorder,COMPLETED,PHASE2,819.0
NCT05109377,Endocan Level in Patients With Erectile Dysfunction and Relationship With Tadalafil Treatment,UNKNOWN,NA,90.0
NCT01854177,Differentiating the Effects of Substance P and Beta-endorphin,COMPLETED,NA,10.0
NCT06978777,Effect of Caffeine on Cold-stimulated Brown Adipose Tissue Activity,RECRUITING,NA,12.0
NCT00835575,"15 mg Mirtazapine Orally Disintegrating Tablets, Fasting",COMPLETED,PHASE1,32.0
NCT03552575,The Effects of Sacubitril/Valsartan Compared to Valsartan on LV Remodelling in Asymptomatic LV Systolic Dysfunction After MI,COMPLETED,PHASE3,93.0
NCT02678975,Disulfiram in Recurrent Glioblastoma,COMPLETED,PHASE2,88.0
NCT01070875,Partial Thromboplastin Time During the First 24 Hours of Antithrombotic Prophylaxis Using Unfractionated Heparin (UFH),COMPLETED,NA,53.0
NCT04596475,Prevention of Transmission of Hepatitis C Virus (HCV) From HCV-Viremic Organ Donor,COMPLETED,PHASE1,12.0
NCT01011257,Studying the Efficacy of Aspirin & Clopidogrel in Healthy Subjects With Stable Coronary Artery Disease.,WITHDRAWN,PHASE4,0.0
NCT01789957,Extension Study for 2993-112,COMPLETED,PHASE3,225.0
NCT04423757,A Home-based Study Using Mobile Technology to Test Whether BI 1358894 is Effective in People With Depression,TERMINATED,PHASE2,45.0
NCT06701357,CR-CHOP+X in Previously Untreated DEL,RECRUITING,PHASE2,49.0
NCT06828757,Clinical Study of Nanocrystalline Megestrol in Malnourished Patients With First-Line Non-Small Cell Lung Cancer,NOT_YET_RECRUITING,PHASE3,94.0
NCT04426357,A Study to Evaluate the Effect of Renal Impairment on JNJ-64417184 and Its Two Minor Metabolites JNJ-68294291 and JNJ-65201526 in Adult Participants,TERMINATED,PHASE1,6.0
NCT02237157,A Dose Escalation Safety Study of Locally-Delivered Gemcitabine in Pancreatic Cancer,COMPLETED,PHASE1,20.0
NCT07272057,SGLT2 Inhibitors and Survival in Lung Cancer Patients With Diabetes,NOT_YET_RECRUITING,NA,200.0
NCT07346157,Liothyronine in Combination With BIT Regimen for Medulloblastoma With or Without Minimal Residual Disease,NOT_YET_RECRUITING,PHASE1,69.0
NCT00772057,Beta-blockers for Prevention Of Growth Of Small Esophageal Varices In Cirrhosis: An Randomized Controlled Trial (RCT),COMPLETED,NA,164.0
NCT05134857,The Zonisamide and Reinforcement for Reducing Alcohol Use (ZARRA) Study,ACTIVE_NOT_RECRUITING,PHASE2,205.0
NCT03972657,A Trial to Find Out if REGN5678 (Nezastomig) is Safe and How Well it Works Alone or in Combination With Cemiplimab for Adult Participants With Metastatic Castration-Resistant Prostate Cancer and Other Tumors,RECRUITING,PHASE1,345.0
NCT04887857,"A Study to Assess Safety and Tolerability of CC-486 (ONUREG®, Oral Azacitidine) in Combination Therapy in Participants With Acute Myeloid Leukemia (AML)",COMPLETED,PHASE1,6.0
NCT00475657,Pemetrexed and Cisplatin as Treatment in Small Cell Lung Cancer,TERMINATED,PHASE2,5.0
NCT04304157,Median Effective Dose of Dexmedetomidine in Elective Upper Limb Lidocaine Intravenous Regional Anesthesia,COMPLETED,PHASE4,81.0
NCT03499457,Penicillin Allergy in Shfayim Clinic,UNKNOWN,NA,100.0
NCT06070857,"Study of the Safety, Tolerability, and Pharmacokinetics of LV232 Capsules in Chinese Healthy Volunteers",COMPLETED,PHASE1,81.0
NCT02537457,Bioequivalence Study of Rivaroxaban,COMPLETED,PHASE1,40.0
NCT03717701,Metformin and Esomeprazole in Treatment of Early Onset Preeclampsia,UNKNOWN,NA,120.0
NCT02118012,"Evaluation of Safety, Tolerability, and Antiviral Activity of Chlorcyclizine HCl in Patients With Chronic Hepatitis C",COMPLETED,PHASE1,24.0
NCT03840512,An Open Label Study of Multiple Doses of Cannabidiol in the Prevention of Acute Graft-Versus-Host Disease (GVHD),UNKNOWN,PHASE2,36.0
NCT03727412,Post Implantation Syndrome and Administration on NSAIDs in Patients Undergoing EVAR for AAA,UNKNOWN,NA,186.0
NCT01310101,Ofatumumab Added to Dexamethasone in Subjects With Relapsed or Refractory Chronic Lymphocytic Leukemia,COMPLETED,PHASE2,33.0
NCT05123781,Fasting Bioequivalence Study of 2 Metformin 1000 mg Prolonged Release Tablets in 28 Healthy Male and Female Volunteers,COMPLETED,PHASE1,28.0
NCT02847481,A Study to Evaluate Fecal Microbiota Transplantation Engraftment in IBS,COMPLETED,PHASE1,80.0
NCT06787781,Metabolic and Clinical Effect of Alpha-lipoic Acid Administration in Schizophrenic Subjects,COMPLETED,NA,15.0
NCT04383912,Onabotulinum Toxin A in Direct Brow Lift,UNKNOWN,NA,16.0
NCT01200212,A Randomized Study to Determine the Efficacy of a Taxane and Bevacizumab With or Without Capecitabine as First Line Chemotherapy in Patients With Metastatic Breast Cancer,TERMINATED,PHASE3,432.0
NCT02899130,Effect of Polyherbal Formulation in Chronic Inactive Carriers of Hepatitis B Virus,UNKNOWN,NA,80.0
NCT03394430,Comparison of Midazolam or Dexmedetomidine on Epileptiform EEG During Sevoflurane Mask Induction,UNKNOWN,PHASE4,45.0
NCT07325630,Perioprative Study of IBI363 in Patients With MHC-II-Negative Locally Advanced Gastric Cancer,RECRUITING,PHASE2,60.0
NCT00803530,Study of Association of Arsenic Trioxide (ATO) and Ascorbic Acid in Myelodysplastic Syndromes,TERMINATED,PHASE2,55.0
NCT05269030,Ivermectin Nasal Drops in Post COVID-19 Parosmia,UNKNOWN,PHASE2,60.0
NCT04973930,Feasibility Trial of Tele-IPT and Tele-Pharmacotherapy for Patients With Depression and Non-Metastatic Breast Cancer,SUSPENDED,PHASE3,20.0
NCT06102928,A Clinical Study of the Combination of Anlotinib and Aumolertinib in the First-line Treatment of Advanced NSCLC With EGFR 21L858R Mutation,RECRUITING,NA,30.0
NCT03838328,Dose Effect of Tranexamic Acid on the Incidence of Deep Venous Thrombus in Cardiac Surgery,UNKNOWN,PHASE4,360.0
NCT00951665,"A Study of Trastuzumab Emtansine, Paclitaxel, and Pertuzumab in Patients With HER2-Positive, Locally Advanced or Metastatic Breast Cancer",COMPLETED,PHASE1,107.0
NCT00663728,Assessment of Duration of Erection With Vardenafil 10 mg,COMPLETED,PHASE4,201.0
NCT00804830,Avastin and Doxorubicin Postoperatively for Patients With Anaplastic Thyroid Cancer,TERMINATED,PHASE2,15.0
NCT00825565,Study of Alwextin® Cream in Treating Epidermolysis Bullosa,COMPLETED,PHASE2,8.0
NCT02457130,Comparison of TIcagrelor and Clopidogrel in Patients With Coronary Artery diseaSe and Type 2 Diabetes Mellitus (TICS-DM),UNKNOWN,PHASE4,30.0
NCT05122130,Effect of Melatonin on Palatal Wound Healing (Randomized Controlled Clinical Trial),UNKNOWN,PHASE2,26.0
NCT03068130,Extended Access Program to Assess Long-term Safety of Bardoxolone Methyl in Patients With Pulmonary Hypertension RANGER,TERMINATED,PHASE3,261.0
NCT00624130,Yasmin 20 Cycle Control - Yasmin 20 Versus Mercilon in Healthy Female Volunteers,COMPLETED,PHASE3,453.0
NCT06883630,A Phase Ib Study of RC148 as Monotherapy or Combination for Locally Advanced or Metastatic NSCLC,ACTIVE_NOT_RECRUITING,PHASE1,121.0
NCT05865028,A Proof of Concept Trial Investigating Safety and Efficacy of APG-157 in Oral Dysplasia,RECRUITING,PHASE2,32.0
NCT02048228,Genotyping Guided Individualized Treatment of Clopidogrel and Ticagrelor in ACS,UNKNOWN,PHASE2,200.0
NCT01263028,Effects of Ergocalciferol on Erythropoetin Stimulating Agent Dose,TERMINATED,NA,6.0
NCT01923428,The Efficacy of AZD1722 in Constipation Predominant Irritable Bowel Syndrome (IBS-C),COMPLETED,PHASE2,356.0
NCT00574067,Buprenorphine for Prisoners,COMPLETED,PHASE3,213.0
NCT03551067,Oral Dexmedetomidine for Parental Separation in Pediatrics Undergoing Adenotonsillectomy,COMPLETED,PHASE4,74.0
NCT04483167,Clinical Transfer of a Vulnerable Atherosclerotic Plaque Tracer : 99mTc-cAbVCAM1-5 (ATHENA),UNKNOWN,PHASE1,13.0
NCT02950467,Psilocybin-assisted Group Therapy for Demoralization in Long-term AIDS Survivors,COMPLETED,PHASE1,30.0
NCT04539067,Effect of Controlled Ovarian Stimulation in Quality of Oocyte and Embryo,UNKNOWN,PHASE2,70.0
NCT00713817,A Study to Determine the Maintenance of Effect After Long-term Treatment of Sativex® in Subjects With Neuropathic Pain,COMPLETED,PHASE3,19.0
NCT02749968,Intercostal Liposomal Bupivacaine for the Management of Blunt Chest Wall Trauma,COMPLETED,PHASE2,100.0
NCT07562568,SHR2554/AZA + Overlapped TBF for High-risk/Relapsed Leukemia/MDS,NOT_YET_RECRUITING,PHASE2,160.0
NCT03496740,Ultrasound Guided Penile Block vs Pudendal Block for Hypospadias,COMPLETED,NA,36.0
NCT00103740,"Safety and Efficacy Trial With Zoledronic Acid for the Treatment of Paget's Disease of Bone, Including an Extended Observation Period",COMPLETED,PHASE3,185.0
NCT02971540,SPI-directed Analgesia for Lumbar Discectomy,COMPLETED,NA,132.0
NCT03102489,"Safety, Tolerability, Pharmacokinetics and Pharmacodynamics Study of BP101 in Healthy Volunteers",COMPLETED,PHASE1,18.0
NCT07024589,First-in-Human Trial of Oral AN2-502998,COMPLETED,PHASE1,72.0
NCT05047250,"A Study of Atezolizumab in High PD-L1 Expression, Chemotherapy-Naïve Patients With Stage IV Non-Squamous or Squamous Non-Small Cell Lung Cancer",ACTIVE_NOT_RECRUITING,PHASE3,60.0
NCT05204550,Intranasal Heparin Treatment to Reduce Transmission Among Household Contacts of COVID 19 Positive Adults and Children,COMPLETED,PHASE2,506.0
NCT01747850,Sativex and Behavioral-relapse Prevention Strategy in Cannabis Dependence,COMPLETED,PHASE2,45.0
NCT01052974,Perioperative Analgesia by Femoral Perineural Catheter for Femoral Neck Fracture - Study KTcol,COMPLETED,PHASE4,60.0
NCT00974974,A Study To Evaluate The Safety And Efficacy Of IPX066 In Advanced Parkinson's Disease (ADVANCE-PD).,COMPLETED,PHASE3,471.0
NCT03958591,Impact of Short-term Intensive De-escalation Therapy on Long-term Regimen Simplification,COMPLETED,PHASE4,274.0
NCT00613691,"A Phase I, Open-label, Ascending Dose Study of the Safety, Tolerability, Pharmacokinetics and Pharmacodynamics of the Endothelin B Agonist, SPI-1620, in Patients With Recurrent or Progressive Carcinoma",COMPLETED,PHASE1,36.0
NCT06529718,Testing Ivonescimab Versus FOLFOX in Advanced Biliary Tract Cancer Patients,RECRUITING,PHASE2,72.0
NCT02164318,Effects of Exercise and Improved Nitric Oxide Bioavailability on Arteriovenous Fistula Maturation,TERMINATED,NA,11.0
NCT03057418,"Open-label Study of Safety, Tolerability, Pharmacokinetics and Pharmacodynamics of Auriхim",COMPLETED,PHASE1,7.0
NCT03095118,Daratumumab in Treatment of PGNMID and C3 GN,COMPLETED,PHASE2,12.0
NCT06004674,Using Placental Pathology to Prevent Recurrent Adverse Pregnancy Outcomes: A Pilot Project,RECRUITING,PHASE2,20.0
NCT02044874,A Study to Evaluate the Effect of Lorcaserin Hydrochloride on Smoking Cessation,COMPLETED,PHASE2,603.0
NCT03920618,Three Types of Nucleotide/Nucleoside Analogues Treatment in HBV Related ACLF,RECRUITING,NA,150.0
NCT00327418,CARDS Is Designed To Show If Lowering Cholesterol With Atorvastatin In Type 2 Diabetics Without CV Disease Reduces The Risk Of CV Events,COMPLETED,PHASE4,2800.0
NCT00270790,"EVALUATION OF AMIFOSTINE FOR MUCOSAL AND HEMOPOETIC PROTECTION AND CARBOPLATIN, TAXOL, RADIOTHERAPY IN THE MANAGEMENT OF PATIENTS WITH HEAD AND NECK CANCER.(GCC 0202)",COMPLETED,PHASE2,21.0
NCT00520390,"A Phase I, Study to Evaluate the Safety and Tolerability of Intravenous EZN-2208 in Patients With Advanced Solid Tumors or Lymphoma (EZN-2208-02)",COMPLETED,PHASE1,34.0
NCT03523390,Phase I/Ib Multiple Ascending Dose Study in China,COMPLETED,PHASE1,24.0
NCT02695290,Afatinib in EGFR+NSCLC (Recurrent or Stage IV) - Patients With Poor Performance Status (ECOG 2 or 3),TERMINATED,PHASE4,1.0
NCT05924997,"Adebrelimab, Camrelizumab Plus Apatinib as First-line Therapy in Patients With Advanced Hepatocellular Carcinoma",UNKNOWN,PHASE1,52.0
NCT00567697,A Randomized Study Comparing Ranibizumab to Sham in Patients With Macular Edema Secondary to CRVO,COMPLETED,PHASE3,32.0
NCT03379597,A 12-weeks Study to Evaluate the Dietary Fiber and Probiotics Treatment in Prevention and Intervention of Weight-gain and Cognitive Impairment of Schizophrenia or Bipolar Disorder,COMPLETED,NA,136.0
NCT01069510,Spironolactone in Adult Congenital Heart Disease,COMPLETED,PHASE2,40.0
NCT02686697,Carnosine and Cognitive Training in Schizophrenia,COMPLETED,PHASE2,60.0
NCT05555797,Excimer Laser With Topical Agents in Psoriasis Vulgaris,UNKNOWN,PHASE4,30.0
NCT00000513,Trial of Antihypertensive Intervention Management,COMPLETED,PHASE3,
NCT02471560,Tecfidera and the Gut Microbiota,COMPLETED,PHASE4,36.0
NCT02510560,Study to Assess the Efficacy and Safety of NTRA-2112 on Intestinal Malabsorption in Preterm Infants,TERMINATED,PHASE3,300.0
NCT02283320,A Study of BIND-014 (Docetaxel Nanoparticles for Injectable Suspension) as Second-line Therapy for Patients With KRAS Positive or Squamous Cell Non-Small Cell Lung Cancer,COMPLETED,PHASE2,69.0
NCT00953420,Carboplatin and Docetaxel Followed by Epstein-Barr Virus Cytotoxic T Lymphocytes,COMPLETED,PHASE2,20.0
NCT06861920,NSAID Use for Treating Dysmenorrhea and Preventing Chronic Pelvic Pain (NSAID HEAL),RECRUITING,PHASE4,600.0
NCT00121420,Study of Motexafin Gadolinium With Whole Brain Radiation Therapy Followed by Stereotactic Radiosurgery Boost in the Treatment of Patients With Brain Metastases,TERMINATED,PHASE2,45.0
NCT04597320,Esketamine Sedation and Fentanyl Sedation in Pediatric Dental Patients,COMPLETED,PHASE4,48.0
NCT02626182,Evaluation and Treatment of Pulmonary Vascular Disease in Moderate to Severe CF,COMPLETED,PHASE1,14.0
NCT01508182,A Study of Canagliflozin and Metformin Immediate Release (150 mg/500 mg) FDC Tablets in Healthy Volunteers,COMPLETED,PHASE1,64.0
NCT00175682,Prazosin Vibrostimulation Autonomic Dysreflexia and Spinal Cord Injury Study,COMPLETED,NA,7.0
NCT05221320,Trial of Ulixertinib in Combination With Hydroxychloroquine in Patients With Advanced Gastrointestinal (GI) Malignancies,TERMINATED,PHASE2,47.0
NCT04910620,The Evaluation of TCI378 and TCI507 Probiotics on Weight-lowering Efficacy in Adults,UNKNOWN,PHASE4,96.0
NCT03493282,Effect of CT1812 Treatment on Brain Synaptic Density,COMPLETED,PHASE1,43.0
NCT02029924,"A Double-blinded, Randomised, Two -Period Crossover Euglycemic Clamp Trial Investigating the Pharmacokinetics, Glucodynamics and Safety of BioChaperone Insulin Lispro and Insulin Lispro (Humalog®) in Subjects With Type 1 Diabetes",COMPLETED,PHASE1,37.0
NCT03508882,Pretarsal Versus Preseptal Botulinum Toxin for Patients With Eyelid Spasm,COMPLETED,PHASE4,100.0
NCT01948024,Bio-equivalence Study Between SAPHRIS and Asenapine,COMPLETED,PHASE1,65.0
NCT01985724,"Sequential Administration of FE75C and Docetaxel Versus Docetaxel/Cyclophosphamide in HER-2 Negative, Node Positive Breast Cancer",COMPLETED,PHASE3,650.0
NCT00276159,Study of Immune Response Modifier in the Treatment of Hematologic Malignancies,TERMINATED,PHASE2,6.0
NCT06471959,Psychedelic-assisted Group Program for First Responders,UNKNOWN,PHASE1,32.0
NCT01906580,Combination or Sequential Therapy of Peginterferon Alfa-2a and Entecavir for Patients With Chronic Hepatitis B,UNKNOWN,PHASE4,105.0
NCT05036759,68Ga-FAPI PET/MR for Atherosclerosis,UNKNOWN,EARLY_PHASE1,100.0
NCT06505759,Evaluation of 2%Bromelain Gel With 0.2%CHX Gel as Subgingival LDD Following SRP in Stage II/III and Grade B Periodontitis -A RCT,RECRUITING,PHASE1,36.0
NCT03736980,Beyond the Self and Back: Neuropharmacological Mechanisms Underlying the Dissolution of the Self,COMPLETED,NA,140.0
NCT06307080,Clinical Study of Multimodal Ablation Remodeling Immunosensitized PD-1 in the Treatment of Pancreatic Cancer With Liver Metastasis,RECRUITING,NA,12.0
NCT00860080,Safety Study Investigating Local Tolerability and Pharmacokinetics of PXL01 in Healthy Volunteers,COMPLETED,PHASE1,15.0
NCT02232880,Treatment of Resistant Hypertension by Prevention of T-Cell Co-Stimulation,TERMINATED,PHASE2,1.0
NCT02235662,"Phase I One-month Safety, PK, PD, and Acceptability Study of IVR Releasing TFV and LNG or TFV Alone",COMPLETED,PHASE1,86.0
NCT02373462,Effect of olmesaRtan on Walking distancE and quaLIty of lifE in Peripheral Artery Disease Patients With Hypertension Treated For Intermittent Claudication (RELIEF),TERMINATED,PHASE4,1.0
NCT06484062,"Testing the Anti-cancer Drug, Cirtuvivint, and Its Combination With ASTX727 to Improve Outcomes in Patients With Acute Myeloid Leukemia and Myelodysplastic Syndromes",RECRUITING,PHASE1,54.0
NCT00730262,Efficacy Study of TLN-4601 in Patients With Recurring Glioblastoma Multiforme,TERMINATED,PHASE2,40.0
NCT06267846,A Study to Evaluate the Efficacy and Safety of NBI-1070770 in Adults With Major Depressive Disorder,COMPLETED,PHASE2,73.0
NCT01503788,Bedside Sedation for the Prevention of Post Dural Puncture Headache,UNKNOWN,PHASE2,100.0
NCT03033303,A Study of the Effect of Hu3F8/GM-CSF Immunotherapy Plus Isotretinoin in Patients in First Remission of High-Risk Neuroblastoma,COMPLETED,PHASE2,59.0
NCT02489903,"RRx-001 in Lung Cancer, Ovarian Cancer and Neuroendocrine Tumors Prior to Re-administration of Platinum Based Doublet Regimens (QUADRUPLE THREAT)",COMPLETED,PHASE2,139.0
NCT00867503,Open Trial of Bendamustine Hydrochloride in Women With Advanced Ovarian Cancer,COMPLETED,PHASE2,10.0
NCT00087503,Intravenous Edotecarin in Patients With Advanced Gastric Cancer That Has Progressed or Recurred After Chemotherapy,COMPLETED,PHASE2,28.0
NCT02982603,Efficacy and Safety of Qinggongshoutao Bolus in aMnestic Mild Cognitive Impairment,COMPLETED,PHASE4,350.0
NCT02960503,Macrolide Therapy to Improve Forced Expiratory Volume in 1 Second in Adults With Sickle Cell Disease,WITHDRAWN,PHASE1,0.0
NCT07382427,A Phase 2 Study to Assess the Effectiveness of Topical Terbinafine in Participants With Mild to Moderate Onychomycosis of the Toenails,NOT_YET_RECRUITING,PHASE2,200.0
NCT05420727,Theranostics in Soft Tissue Sarcoma Using a Vascular Disruption Approach,COMPLETED,PHASE1,14.0
NCT01645761,Additive Effect of Endonase on Eradication Rate of First Line Therapy for Helicobacter Pylori,COMPLETED,NA,112.0
NCT03815461,Nab-paclitaxel Combined With S-1 as Induction Therapy for Locally Advanced Pancreatic Cancer,UNKNOWN,PHASE2,60.0
NCT04124861,Withdraw Drug in Stable IgG4-Related Disease,UNKNOWN,NA,138.0
NCT00401661,Sexuality And Management of Benign Prostatic Hyperplasia With Alfuzosin,COMPLETED,PHASE4,110.0
NCT02911142,Lenalidomide Combined With Modified DA-EPOCH and Rituximab (EPOCH-R2) in Primary Effusion Lymphoma or KSHV-associated Large Cell Lymphoma,ACTIVE_NOT_RECRUITING,PHASE1,17.0
NCT07088042,Assessment of Different Medications in Modifying the Efficacy of Anesthesia in Mandibular Molars With Acute Irreversible Pulpitis,COMPLETED,PHASE4,60.0
NCT07032142,Dose Optimization and Efficacy Assessment of a Fluoropyrimidine Antidote,NOT_YET_RECRUITING,PHASE1,66.0
NCT05050942,A Trial to Assess Efficacy and Safety of Octreotide Subcutaneous Depot in Patients With GEP-NET,ACTIVE_NOT_RECRUITING,PHASE3,332.0
NCT06305286,"Safety, Tolerability, and Efficacy of Immunomodulation With A Monoclonal Antibody Against CD40L in Combination With Transplanted Islet Cells in Adults With Brittle Type 1 Diabetes Mellitus (T1D)",RECRUITING,PHASE1,70.0
NCT00219986,"Phase I/II, Open-Label Trial of Three Monoclonal Antibodies",COMPLETED,PHASE1,12.0
NCT00430586,Finding of Optimal Dose for NT 201 in the Treatment of Glabellar Frown Lines,COMPLETED,PHASE2,191.0
NCT01019486,Regadenoson Blood Flow in Type 1 Diabetes (RABIT1D),COMPLETED,PHASE4,26.0
NCT00395070,A Phase 3 Pivotal Trial Comparing Allovectin-7® Alone vs Chemotherapy Alone in Patients With Stage 3 or Stage 4 Melanoma,COMPLETED,PHASE3,390.0
NCT02036970,Bardoxolone Methyl Evaluation in Patients With Pulmonary Hypertension (PH) - LARIAT,COMPLETED,PHASE2,166.0
NCT02802969,"Improvement of Local Control in Skull Base, Spine and Sacral Chordomas Treated by Surgery and Protontherapy Targeting Hypoxic Cells Revealed by [18F]FAZA) PET/CT Tracers",COMPLETED,PHASE2,64.0
NCT05145569,Antitumor Activity of Neoadjuvant Chemotherapy with or Without HCW9218 in Metastatic Advanced Stage Ovarian Cancer,WITHDRAWN,PHASE2,0.0
NCT00526669,Study For Patients With Untreated Gastric Cancer Who Will Receive Capecitabine And Lapatinib,COMPLETED,PHASE2,68.0
NCT07101783,"A Research Study on How a Dose of NNC0662-0419 Works in Japanese, Chinese and Non-Asian Participants Living With Overweight or Obesity",COMPLETED,PHASE1,100.0
NCT06229483,The Effects of Intraoperative Tranexamic Acid on Perioperative Bleeding In Craniotomies,RECRUITING,PHASE3,102.0
NCT00419783,"A Randomized, Multiple Dose, Double Blind, 5-way Crossover Study of the Electrocardiographic (ECG) Effects of Bilastine",COMPLETED,PHASE1,30.0
NCT07290283,"A Study to Investigate Safety, Tolerability, and Pharmacokinetics of AZD3974 in Healthy Participants",RECRUITING,PHASE1,176.0
NCT00408083,Crossover Study With MultiHance vs a Comparator for Peripheral MRA,COMPLETED,PHASE3,100.0
NCT06722183,Futibatinib in Combination With (Chemo)Immunotherapy in Colorectal Cancer and Other Solid Tumor Entities,RECRUITING,PHASE2,33.0
NCT03499041,A Study of LY3314814 in Participants With Liver Impairment,WITHDRAWN,PHASE1,0.0
NCT00152854,Acetaminophen for Cancer Pain,COMPLETED,PHASE3,12.0
NCT05893654,Melphalan Chemoreduction for Ocular Melanoma,ENROLLING_BY_INVITATION,PHASE1,10.0
NCT00268554,Enhancement of Postocclusive Reactive Hyperaemia by Dipyridamole,COMPLETED,NA,12.0
NCT00198354,Stage I/II NSCLC Perioperative Chemotherapy,COMPLETED,PHASE3,530.0
NCT00001954,Etanercept Therapy for Sjogren's Syndrome,COMPLETED,PHASE2,28.0
NCT00434954,Effect of Exenatide Plus Metformin vs. Insulin Aspart Plus Metformin on Glycemic Control and Hypoglycemia in Patients With Type 2 Diabetes,COMPLETED,PHASE3,494.0
NCT00864305,A Relative Bioavailability Study of Gabapentin 400 mg Capsules Under Non-fasting Conditions,COMPLETED,PHASE1,18.0
NCT01475305,Intranasal Challenge of Healthy Adults With Respiratory Syncytial Virus (RSV),TERMINATED,PHASE1,7.0
NCT01386294,Safety and Effectiveness of Tenofovir Gel in the Prevention of Human Immunodeficiency Virus (HIV-1) Infection in Women and the Effects of Tenofovir Gel on the Incidence of Herpes Simplex Virus (HSV-2) Infection,COMPLETED,PHASE3,2059.0
NCT02977494,Daratumumab in Combination With Bortezomib and Dexamethasone in Subjects With Relapsed or Relapsed and Refractory Multiple Myeloma and Severe Renal Impairment,COMPLETED,PHASE2,22.0
NCT03936205,Dexmedetomidine Addition to Morphine in Patients With Metastatic Cancer,COMPLETED,PHASE2,18.0
NCT05752305,Use of Corticosteroids in Third Molar Surgery,COMPLETED,PHASE2,84.0
NCT02538705,Safety and Efficacy Study of Neovasculgen (Pl-VEGF165) Gene Therapy in Patients With Diabetic Foot,COMPLETED,NA,35.0
NCT03738735,"Randomized, Controlled Trial of Hyperosmotlar Saline for Rotator Cuff Repair Irrigation Solution",UNKNOWN,PHASE4,100.0
NCT01412008,Exploring Advanced Imaging Techniques to Characterize Botulinum Toxin Diffusion in Human Muscle,COMPLETED,NA,5.0
NCT04428008,Thymosin Alpha 1 to Prevent COVID-19 Infection in Renal Dialysis Patients,COMPLETED,PHASE2,189.0
NCT06291935,Safety and Tolerability of Intravitreal Administration of VG901 in Patients With Retinitis Pigmentosa Due to Mutations in the CNGA1 Gene,RECRUITING,PHASE1,6.0
NCT04360135,Preemptive Acetaminophen for Postoperative Pain Control Following Minimally Invasive Hysterectomy,WITHDRAWN,PHASE2,0.0
NCT06874335,A Phase 1 Study of BHV-1530 in Advanced Solid Tumors,RECRUITING,PHASE1,140.0
NCT03597217,A Single and Multiple Dose Study of PF-05221304 in Healthy Japanese Adults,COMPLETED,PHASE1,15.0
NCT02195817,"Study of 18 mg Selincro® As-needed Use, in the Treatment of Patients With Alcohol Dependence in Primary Care",TERMINATED,PHASE4,378.0
NCT03756389,Evaluation of Topical Application of BMX-010 in Subjects With Rosacea,SUSPENDED,PHASE2,60.0
NCT04600089,Ketamine in Patients Undergoing TEVAR Procedures Receiving NCI,RECRUITING,PHASE2,30.0
NCT00650689,Ezetimibe Plus Atorvastatin Versus Atorvastatin in Untreated Subjects With Primary Hypercholesterolemia and Coronary Heart Disease (P03396),COMPLETED,PHASE3,122.0
NCT00162240,PPAR - Combination With Metformin,COMPLETED,PHASE3,534.0
NCT02589340,"Buspirone, in Combination With Amantadine, for the Treatment of Levodopa-induced Dyskinesia",TERMINATED,PHASE1,6.0
NCT01279668,Montelukast for Persistent Cough in Young People and Adults,UNKNOWN,PHASE4,276.0
NCT04941989,"A Study in Healthy Subjects to Assess the Safety, Tolerability and Pharmacokinetics of HTL0022562",TERMINATED,PHASE1,33.0
NCT00524368,A Study to Compare Effectiveness and Safety of Darunavir/Ritonavir (DRV/Rtv) 800mg/100mg Once Daily Versus DRV/Rtv 600mg/100mg Twice Daily in Early Treatment-Experienced HIV-1 Infected Patients (ODIN),COMPLETED,PHASE3,590.0
NCT05361668,"Study to Evaluate the Safety, PK, and Dose Response of Paltusotine in Subjects With Carcinoid Syndrome",COMPLETED,PHASE2,36.0
NCT00003540,Gemcitabine in Treating Women With Metastatic Breast Cancer Previously Treated With Doxorubicin and Paclitaxel,COMPLETED,PHASE2,30.0
NCT05468840,Study of IV Ketamine for Emergency Department Treatment of Adolescent Suicidal Ideation,UNKNOWN,PHASE3,20.0
NCT04537689,Outcomes With Treatment and Withdraw of Ixekizumab in Patients With Plaque Psoriasis,RECRUITING,PHASE4,40.0
NCT05557591,A Trial to Learn How the Cancer Vaccine BNT116 in Combination With Cemiplimab Works and How Safe the Combination is in Adults With Advanced Non-small Cell Lung Cancer (EMPOWERVAX Lung 1),ACTIVE_NOT_RECRUITING,PHASE2,51.0
NCT02401191,A Study Assessing the Safety and Effectiveness of FEX60/PE10 Fixed Combination Tablet in Patients With Allergic Rhinitis,COMPLETED,PHASE3,105.0
NCT07266974,To Evaluate Post Operative Pain Using Two Different Kind of Sealers in Obturation of Teeth With Symptomatic Irreversible Pulpitis During Second Visit When the Patient is Painless,NOT_YET_RECRUITING,PHASE2,60.0
NCT01094574,Evaluation of Propranolol's Effect on Pain and Inflammation.,COMPLETED,NA,10.0
NCT06880874,A Clinical Study to Evaluate Enlicitide (MK-0616) Formulations in Healthy Adult Participants (MK-0616-035),COMPLETED,PHASE1,40.0
NCT03958474,Neurobehavioral Mechanisms of Choice in Opioid Use Disorder,COMPLETED,EARLY_PHASE1,12.0
NCT06104618,Enfortumab Vedotin for the Treatment of Patients With Metastatic or Unresectable Squamous Cell Carcinoma of the Penis,RECRUITING,PHASE2,28.0
NCT03108690,Therapeutic Drug Monitoring and Continuous Infusion of Beta-lactam Antibiotics in Patients With Bacteraemia,WITHDRAWN,PHASE4,0.0
NCT01150890,Brodalumab (AMG 827) in Adults With Moderate to Severe Crohn's Disease,TERMINATED,PHASE2,130.0
NCT06923891,An Open-Label Study to Evaluate the Efficacy and Tolerability of Xanomeline/Trospium In First Episode/Early Phase Schizophrenia Patients,NOT_YET_RECRUITING,PHASE4,172.0
NCT05412290,Mosunetuzumab Consolidation Therapy After autoSCT in r/r Aggressive B Cell Lymphoma,ACTIVE_NOT_RECRUITING,PHASE1,9.0
NCT01478490,To Compare Blood and Urine Concentrations of Mirabegron (YM178) in Healthy Poor or Extensive Metabolizers for CYP2D6 and to Assess the Effect of Mirabegron on the Metabolism of Metoprolol,COMPLETED,PHASE1,28.0
NCT00919490,A Study of Single Dose of ABT-333 in Healthy Male Adults,COMPLETED,PHASE1,39.0
NCT05261997,Endotherapy for Painless Chronic Pancreatitis,UNKNOWN,NA,60.0
NCT04197310,Cabozantinib and Nivolumab for Carcinoid Tumors,COMPLETED,PHASE2,19.0
NCT03200210,Lowering-hyperuricemia Treatment on Cardiovascular Outcomes in Peritoneal Dialysis Patients,UNKNOWN,PHASE4,548.0
NCT01596010,Investigation of 2 Different Oral Formulations of Estradiol and Norethisterone in Healthy Women,COMPLETED,PHASE1,44.0
NCT00472810,Ologen (OculusGen)-Glaucoma MMC Control in Pakistan,COMPLETED,PHASE3,40.0
NCT03633760,Different Level of Single-dose and Multiple-dose Bilastine PK Study in Chinese Population,UNKNOWN,PHASE1,24.0
NCT02784860,Effects of Intravenous Lidocaine During Sedation for Colonoscopy.,COMPLETED,PHASE4,40.0
NCT04805060,A Study to Evaluate the Tolerance and Pharmacokinetics of TQB2858 Injection in Subjects With Terminal Malignant Tumors,UNKNOWN,PHASE1,30.0
NCT02151760,"Study of 18F-DCFPyL, a Second Generation Low-molecular Weight PSMA-based PET Radiotracer, in Patients With Prostate Cancer",COMPLETED,PHASE1,37.0
NCT00067860,Diet/Growth Factor Mechanisms of Gut Adaptation,COMPLETED,PHASE2,27.0
NCT01005160,Drug Interaction Between CKD-501 and Metformin,COMPLETED,PHASE1,24.0
NCT02803060,Sun Protection Factor Assay,COMPLETED,NA,15.0
NCT06379360,Maintenance Therapy of Hypomethylating Agent (HMA) in Favorable Risk Acute Myeloid Leukemia (AML) Patients,RECRUITING,PHASE2,77.0
NCT01083420,The Efficacy of Topical Minocycline in Managing Symptomatic Oral Lichen Planus,UNKNOWN,PHASE3,30.0
NCT01975220,Relative Bioavailability of 2 Fixed Dose Combinations of Empagliflozin/Metformin Compared With Single Tablets,COMPLETED,PHASE1,72.0
NCT05717920,A Clinical Trial in Subjects With Atopic Dermatitis (Part 1),COMPLETED,PHASE2,8.0
NCT01710020,"Pharmacokinetics And Dialysability Of CP-690,550 In Subjects With End-Stage Renal Disease",COMPLETED,PHASE1,12.0
NCT04617782,Pharmacokinetic Study of 5 and 10 mg Corplex™ Donepezil TDS Compared to 10 mg Aricept® in Healthy Volunteers,COMPLETED,PHASE1,60.0
NCT05696782,Quick Start Durvalumab Following Chemoradiation for Stage III Nonsmall Cell Lung Cancer,RECRUITING,PHASE2,28.0
NCT03963882,NAC Followed by RH for the Treatment of LACC,UNKNOWN,PHASE2,60.0
NCT02846324,Study to Evaluate the Safety and Tolerability of GBT440 Administered to Subjects With IPF,COMPLETED,PHASE2,39.0
NCT06180382,Comparison of Vedolizumab Treatment to Adalimumab Dose Intensification in Crohn's Disease Patients With Loss of Response or Biomarker Activity to Adalimumab on First Line With Therapeutic Drug Concentration.,RECRUITING,PHASE4,220.0
NCT03756623,Effect of Metformin and Probiotics on Gut Microbiome in Healthy Subjects,COMPLETED,NA,90.0
NCT03979859,"Evaluate The Safety, Tolerability and Pharmacokinetics Of Multiple Ascending Oral Doses Of WCK 4873 In Healthy Adult Volunteers",COMPLETED,PHASE1,30.0
NCT00134459,Study Evaluating Bifeprunox in Bipolar Depression,COMPLETED,PHASE3,434.0
NCT00666159,Comparison Study Between Protopic (Tacrolimus Ointment) and Elidel (Pimecrolimus Cream) in Treating Pediatric Patients With Atopic Dermatitis,COMPLETED,PHASE4,226.0
NCT03923959,Evaluation of TXA Prior to Surgery in the Geriatric Hip Fracture Population,COMPLETED,PHASE3,283.0
NCT01637259,MARCH Renal Substudy,COMPLETED,PHASE4,76.0
NCT04428359,A Comparative Study to Assess Efficacy of Intralesional MMR Vaccine and Intralesional Vitamin D3 in Treatment of Warts,COMPLETED,NA,66.0
NCT05047159,The Role of Neuromodulation Technique In Depression Disorder,UNKNOWN,NA,450.0
NCT01218659,Study to Compare the Efficacy and Safety of Oral AT1001 and Enzyme Replacement Therapy in Patients With Fabry Disease,COMPLETED,PHASE3,68.0
NCT03418480,HARE-40: HPV Anti-CD40 RNA vaccinE,COMPLETED,PHASE1,32.0
NCT01872780,Identification of Null Allelic Variant of CYP2C8 In A Korean Population,COMPLETED,PHASE1,11.0
NCT01298180,Is There a Sensibility Increased in the Growth Hormone at Child With Prader-Willi Syndrome?,COMPLETED,PHASE4,111.0
NCT02858180,Hepatitis C Virus(HCV) Heart and Lung Study,COMPLETED,PHASE4,15.0
NCT07183462,Azithromycin and Ampicillin for Late PPROM,RECRUITING,PHASE4,311.0
NCT00006462,Gemcitabine in Treating Children With Relapsed or Refractory Acute Lymphoblastic Leukemia or Acute Myelogenous Leukemia,COMPLETED,PHASE2,32.0
NCT00314262,Phase I/II Study of Chemoprevention With EGFR and COX-2 Inhibitor,COMPLETED,PHASE1,17.0
NCT01082146,RI-AME Study OF [ISOTHIAZOLYL-3-14C]-LURASIDONE,COMPLETED,PHASE1,6.0
NCT02564146,First-line Treatment of Metastatic Pancreatic Cancer With Nab-paclitaxel and Gemcitabine,COMPLETED,PHASE2,325.0
NCT00003146,Combination Chemotherapy Followed by Bone Marrow or Peripheral Stem Cell Transplantation in Treating Patients With Multiple Myeloma,COMPLETED,PHASE2,
NCT02546388,Somatostatin Receptor Imaging in Patients With Suspected Cardiac Sarcoidosis,COMPLETED,NA,17.0
NCT01672788,Demonstration of Bioequivalence of Empagliflozin and Metformin Given in One Tablet Compared to the Intake of Single Tablets,COMPLETED,PHASE1,36.0
NCT01949103,TD-1607 MAD Study in Healthy Subjects,COMPLETED,PHASE1,48.0
NCT01223027,Study of Dovitinib Versus Sorafenib in Patients With Metastatic Renal Cell Carcinoma,COMPLETED,PHASE3,564.0
NCT05195827,Effect of PRM-125 on Ambulatory Blood Pressure,WITHDRAWN,PHASE3,0.0
NCT00126061,Intravenous Tedisamil in the Rapid Conversion of Atrial Fibrillation or Flutter to Normal Sinus Rhythm in Male Subjects,COMPLETED,PHASE3,
NCT03377361,An Investigational Immuno-therapy Study Of Nivolumab In Combination With Trametinib With Or Without Ipilimumab In Participants With Previously Treated Cancer of the Colon or Rectum That Has Spread,COMPLETED,PHASE1,325.0
NCT06176261,DATO-BASE: DATOpotamab-deruxtecan for Breast Cancer Brain metAstaSEs,RECRUITING,PHASE2,58.0
NCT02644161,Can Acupuncture Treat Post-stroke Depression?,COMPLETED,NA,91.0
NCT03174886,A 24-month Phase 1 Pilot Study of AADvac1 in Patients With Non Fluent Primary Progressive Aphasia,UNKNOWN,PHASE1,33.0
NCT02830542,SER-262 Versus Placebo in Adults With Primary Clostridium Difficile Infection to Prevent Recurrence,COMPLETED,PHASE1,96.0
NCT02826642,A Dose Finding Study of IDH305 With Standard of Care in IDH1 Mutant Acute Myeloid Leukemia,WITHDRAWN,PHASE1,0.0
NCT00990886,The Effect of Extended-Release Oxybutynin Chloride on Vasomotor Symptoms in Healthy Post-Menopausal Women,COMPLETED,PHASE2,148.0
NCT06688786,"A Pospective, Single-arm, Multicenter Clinical Trial Evaluating Preoperative Neoadjuvant mFOLFOX6 Chemotherapy in Combination With PD1 Monoclonal Antibody in MSS/pMMR Locally Advanced Rectal Cancer",ACTIVE_NOT_RECRUITING,NA,30.0
NCT00537186,A Study of Iron Oligosaccharide in CHF Patients,COMPLETED,PHASE3,20.0
NCT00330486,Open Label Trial of Acamprosate in Bipolar Alcoholics,COMPLETED,PHASE1,9.0
NCT02100670,A Multicenter Efficacy Study of a Diclofenac+Menthol Gel in Subjects With Ankle Sprain,COMPLETED,PHASE3,385.0
NCT00833586,Terbinafine HCl 250 mg Tablet Under Fasting Conditions,COMPLETED,PHASE1,28.0
NCT00583986,Reliability of a Top Mount Actuation Indicator With Levalbuterol MDI in Adult and Pediatric Subjects With Asthma or COPD,COMPLETED,PHASE3,150.0
NCT01271270,Palomid 529 in Patients With Neovascular Age-Related Macular Degeneration,COMPLETED,PHASE1,5.0
NCT04539470,Study to Evaluate the Safety and Pharmacokinetics of Efmarodocokin Alfa in Combination With Standard of Care in Participants Undergoing Allogeneic Hematopoietic Stem Cell Transplantation,COMPLETED,PHASE1,18.0
NCT05669170,Methylphenidate for Apathy in Veterans With Parkinson's Disease,NOT_YET_RECRUITING,PHASE2,60.0
NCT01740570,Phase I/II Cabazitaxel for Recurrent Malignant Glioma,WITHDRAWN,PHASE1,0.0
NCT04551170,Theophylline Treatment for Pseudohypoparathyroidism - Children 2-12 Years Old,ACTIVE_NOT_RECRUITING,PHASE2,34.0
NCT06793670,Landiolol in Mitral Valve Surgery,RECRUITING,PHASE4,1500.0
NCT01555970,Efficacy Study of add-on Therapy With N-Acetylcysteine in Resistant Obsessive-compulsive Disorder,COMPLETED,PHASE2,40.0
NCT06455670,Effects of Chinese Medicine on Patients With Severe Acute Exacerbation of COPD,NOT_YET_RECRUITING,NA,468.0
NCT01189370,Evaluate Safety and Tolerability in Dose Escalation of Sorafenib in Advanced Renal Cell Cancer,COMPLETED,PHASE2,25.0
NCT07221370,Enteral Vancomycin as Primary Prophylaxis Against Clostridioides Difficile Infection in Critically Ill Patients,RECRUITING,PHASE2,176.0
NCT06115070,Intravenous Thrombolytic Therapy for Acute Ischemic Stroke Patients with Low NIHSS and Non-disabling Deficits,NOT_YET_RECRUITING,PHASE4,390.0
NCT06027970,Efficacy of Continuous Terlipressin Therapy After Endoscopic Variceal Ligation,UNKNOWN,PHASE3,165.0
NCT03045770,mFOLFOX Versus mFOLFIRI Versus FOLFPTX as First-line Treatment in AGC or EGJA,UNKNOWN,NA,150.0
NCT05634473,A Study to Evaluate the Sensitivity and Specificity of Inhaled Methacholine in Bronchial Provocation Test,UNKNOWN,NA,280.0
NCT02615873,A Study of AP-CD/LD in Fluctuating Parkinson's Disease Patients Who Completed IN 11 004,UNKNOWN,PHASE3,460.0
NCT00006127,Phase I Study of Amifostine in Patients With Bone Marrow Failure Related to Fanconi's Anemia,UNKNOWN,PHASE1,21.0
NCT03925727,Tavilermide Ophthalmic Solution for the Treatment of Dry Eye,COMPLETED,PHASE3,623.0
NCT02449070,Effects of Nicorandil on Cardiac Infarct Size in Patients With ST-segment Elevation Acute Myocardial Infarction,UNKNOWN,PHASE3,86.0
NCT00218270,Effectiveness of Using Tobacco Free Snuff in Reducing Negative Effects of Smokeless Tobacco Use,COMPLETED,PHASE2,138.0
NCT00423761,An Investigation To Determine The Potential Interaction Effect Between GW876008 And Midazolam.,COMPLETED,PHASE1,25.0
NCT02321761,Effect of Amantadine Administration on Spatial Functioning Following Traumatic Brain Injury,UNKNOWN,PHASE4,10.0
NCT05885542,SCORE Emerging Adult Cannabis Use & Stress,RECRUITING,PHASE1,148.0
NCT05411861,Post-Operative Pain and Opioid Reduction Trial After Bunionectomy,COMPLETED,PHASE2,73.0
NCT04169061,Impact of Acthar on Everyday Life of Participants With Severe Keratitis,COMPLETED,PHASE4,36.0
NCT01652742,Study to Explore Pharmacokinetics and Pharmacodynamics of a Single Rising Dose of BI 135585 XX,COMPLETED,PHASE1,9.0
NCT00000642,A Phase I Study of the Safety and Pharmacokinetics of Recombinant CD4 Immunoglobulin G (rCD4-IgG) in HIV-1 Seropositive Women During the Last Trimester of Pregnancy and Their Newborns,COMPLETED,PHASE1,30.0
NCT04506073,Phase IIa Randomized Placebo Controlled Trial: Mesenchymal Stem Cells as a Disease-modifying Therapy for Idiopathic Parkinson's Disease,COMPLETED,PHASE2,45.0
NCT03059173,Interest of Myo-inositol Supplementation in Women With Polycystic Ovarian Syndrome,RECRUITING,PHASE3,276.0
NCT07093073,Clinical Study of U01（ssCART-19） in Patients With B-Cell Lymphoma,RECRUITING,PHASE1,30.0
NCT00031473,Ribavirin to Prevent RSV Pneumonia in Bone Marrow Transplant Patients,TERMINATED,PHASE3,90.0
NCT00212069,Serum Proteomics to Predict Gemcitabine Sensitivity in Breast Cancer,COMPLETED,PHASE2,30.0
NCT05893069,Oxandrolone Multiligament Knee,SUSPENDED,PHASE4,60.0
NCT02769169,Double-dose Ranibizumab for Polypoidal Choroidal Vasculopathy,TERMINATED,PHASE2,5.0
NCT04901169,Angiotensin II in Liver Transplantation,ACTIVE_NOT_RECRUITING,PHASE2,50.0
NCT07232069,PRE-EMPT: Prospective RandomizEd Evaluation and Management of Premature aTherosclerosis,NOT_YET_RECRUITING,PHASE3,1500.0
NCT01852383,Duloxetine Treatment in Elderly With Dysthymia,COMPLETED,PHASE4,30.0
NCT00499083,"Paclitaxel, Cyclophosphamide & Doxorubicin, Autologous Dendritic Cells & Surgery in Stage II/III Breast Cancer (Women)",COMPLETED,PHASE2,17.0
NCT05556083,Sildenafil Added Effect in Dapoxetine Non-responding Mono-symptomatic Premature Ejaculation (PE),UNKNOWN,PHASE2,200.0
NCT00431054,Perifosine and Docetaxel in Patients With Relapsed Epithelial Ovarian Cancer,COMPLETED,PHASE1,22.0
NCT00039754,A Trial of Skeletal Targeted Radiotherapy Using Holmium-166-DOTMP in Patients With Multiple Myeloma,TERMINATED,PHASE1,
NCT02156154,Effect of Intravenous Acetaminophen on Postoperative Opioid-related Complications,COMPLETED,PHASE3,580.0
NCT04346654,A Study to Assess Efficacy and Safety of Eltrombopag in Combination With a Short Course of Dexamethasone in Patients With Newly Diagnosed ITP,COMPLETED,PHASE2,26.0
NCT07078305,Comparing the Combination of Trastuzumab and Regorafenib With Regorafenib Monotherapy for Advanced Hepatocellular Carcinoma After First-line Treatment,NOT_YET_RECRUITING,PHASE2,134.0
NCT03713905,Study of Recombinant Human Anti-PD-1 Monoclonal Antibody for Patients With Advanced Solid Tumors,COMPLETED,PHASE1,293.0
NCT01248494,PhIb BKM120 or BEZ235+Endocrine Treatment in Post-Menopausal Patients With Hormone Receptor + Metastatic Breast Cancer,COMPLETED,PHASE1,72.0
NCT05452005,Fluorine-18-AlphaVBeta6-Binding Peptide Positron Emission Tomography in Metastatic Non-Small Cell Lung Cancer,RECRUITING,PHASE1,20.0
NCT01184105,A Safety and Tolerability of PSD502 (a Topical Anesthetic) in the Treatment of Premature Ejaculation,COMPLETED,PHASE1,30.0
NCT02210494,Safety of Secretrol® in the Short-term Management of Patients Undergoing Endoscopic Mucosal Resection (EMR),UNKNOWN,PHASE1,5.0
NCT03773666,A Feasibility Study of Durvalumab +/- Oleclumab as Neoadjuvant Therapy for Muscle-invasive Bladder Cancer (BLASST-2),COMPLETED,PHASE1,12.0
NCT02611466,A Study to Assess the Analgesic Efficacy of ASP7962 in Patients With Pain Due to Osteoarthritis of the Knee,COMPLETED,PHASE2,215.0
NCT02549066,"Impact of CArdiopulmonary Bypass Flow on Renal Blood Flow, Function and OXygenation",COMPLETED,NA,18.0
NCT06118866,A Study to Assess the Efficacy and Safety of HMI-115 in Male Subjects With Androgenetic Alopecia,COMPLETED,PHASE2,192.0
NCT04068766,Efficacy of Paracervical Block in Laparoscopic Myomectomy: a Randomized Controlled Trial (PALM),UNKNOWN,NA,62.0
NCT04108156,"A Study to Evaluate Efficacy, Safety & Pharmacokinetics of the Port Delivery System (PDS) With Ranibizumab in Participants With Diabetic Macular Edema (DME) Compared With Intravitreal Ranibizumab; A Substudy to Evaluate the Safety of Re-implanting the PDS With Ranibizumab in Participants With DME",ACTIVE_NOT_RECRUITING,PHASE3,672.0
NCT00085956,Effects of Arzoxifene on Bone Mass and the Uterus,COMPLETED,PHASE3,300.0
NCT05604222,Effect of Behavioral Sleep Intervention on Lower Urinary Tract Symptoms in Older Women,ACTIVE_NOT_RECRUITING,PHASE4,120.0
NCT02914522,Study to Evaluate the Efficacy and Safety of Filgotinib in the Induction and Maintenance of Remission in Adults With Moderately to Severely Active Ulcerative Colitis,COMPLETED,PHASE3,1351.0
NCT02230956,BOTOX® Efficacy and Safety in the Treatment of Knee Osteoarthritis,COMPLETED,PHASE2,176.0
NCT04975256,Adagrasib in Combination With BI 1701963 in Patients With Cancer (KRYSTAL 14),TERMINATED,PHASE1,7.0
NCT00028522,R(+)XK469 in Treating Patients With Advanced Neuroblastoma,COMPLETED,PHASE1,85.0
NCT06832722,Invobenitug Also Known as Procizumab (PCZ; AK1967) in Critical Cardiovascular Care,RECRUITING,PHASE1,90.0
NCT04973722,A Study to Evaluate LY06006 and Prolia in Healthy Adults,UNKNOWN,PHASE1,168.0
NCT05949294,Study of AROSOD-1 in Adult Participants With Amyotrophic Lateral Sclerosis (ALS),WITHDRAWN,PHASE1,0.0
NCT02430194,Lonafarnib Boosted With Ritonavir With and Without Peginterferon Alfa-2a (PEG IFN-a) in HDV (LOWR-2),COMPLETED,PHASE2,55.0
NCT05147194,The Effects of TMZ on Diabetic Nephropathy,UNKNOWN,PHASE2,150.0
NCT02920229,68Ga-PSMA HBED-PET/CT in the Evaluation of the Biochemical Relapse in Patients With a History of Prostate Cancer Radically Treated,COMPLETED,NA,1230.0
NCT02801929,18670 - Sun Protection Factor Assay,COMPLETED,NA,10.0
NCT05052229,Inhaled Nitric Oxide (iNO) in Idiopathic Pulmonary Fibrosis (IPF).,UNKNOWN,EARLY_PHASE1,40.0
NCT00511329,Growth Hormone in Children With Juvenile Rheumatoid Arthritis (JRA) and With Crohn's Disease,TERMINATED,PHASE2,10.0
NCT01460602,"Velcade, Nipent, Rituxan (VNR) in Subjects With Relapsed Follicular, Marginal Zone, and Mantle Cell Lymphoma",WITHDRAWN,PHASE1,0.0
NCT00984802,Safety and Efficacy of CMX-2043 in Subjects Undergoing Coronary Reperfusion Therapy,COMPLETED,PHASE2,142.0
NCT05913102,"A Prospective, Split-face, Randomized Study of the Poly-D, L Lactic Acid (PDLLA) for Photoaged Skin",UNKNOWN,NA,40.0
NCT02916602,A Study to Evaluate Efficacy and Safety of HCP1401 for Stage 2 Hypertension Patients Not Controlled by HCP0605,COMPLETED,PHASE3,340.0
NCT01050829,Gadobutrol Magnevist-controlled Body Study,COMPLETED,PHASE3,370.0
NCT02716129,The Effect of Adding Nalbuphine to Intrathecal Morphine on Analgesic Efficacy and Side Effects After Cesarean Section,COMPLETED,PHASE2,80.0
NCT02187302,CRLX101(NLG207) in Combination With Bevacizumab for Metastatic Renal Cell Carcinoma (mRCC) Versus Standard of Care (SOC),COMPLETED,PHASE2,115.0
NCT00435929,A Study of Saquinavir/Ritonavir in Liver-Impaired Patients With HIV Infection.,COMPLETED,PHASE1,16.0
NCT04592029,TACE Combined With Sintilimab and Bevacizumab for Unresectable HCC,UNKNOWN,PHASE1,36.0
NCT05706129,"A Study to Assess Safety, Tolerability and Imaging Characteristics of [68Ga]Ga-DPI-4452 and to Assess Safety, Tolerability, and Efficacy of [177Lu]Lu-DPI-4452 in Participants With Unresectable Locally Advanced or Metastatic Solid Tumors",RECRUITING,PHASE1,270.0
NCT00289653,Smoking While on Transdermal Nicotine Replacement Therapy: Effects on Craving and Cessation,COMPLETED,NA,23.0
NCT02916537,"A Phase 1 Trial for Evaluation of the Safety, Pharmacokinetics, and [18F] Radiation Dosimetry of CTT1057",COMPLETED,PHASE1,20.0
NCT01682837,Value of Liquid Potassium Magnesium Citrate in Controlling Hypertension,COMPLETED,PHASE2,35.0
NCT00644137,GABA (Gamma Amino Butyric Acid) Medication for Tobacco,COMPLETED,EARLY_PHASE1,24.0
NCT00506337,Evaluation of Effect of Integrated Treatment by Traditional Chinese and Western Medicine for Severe Acute Pancreatitis,UNKNOWN,PHASE2,300.0
NCT04511637,Study to Compare the Effect of the Formulations (Orally Disintegrating Tablet and Film-coated Tablet) on the Bioequivalence of Drug Rivaroxaban (Xarelto) at Dose of 15 mg in Japanese Healthy Male Adult Subjects,COMPLETED,PHASE1,80.0
NCT02071537,Chloroquine in Combination With Carboplatin/Gemcitabine in Advanced Solid Tumors,COMPLETED,PHASE1,24.0
NCT00195845,"A Double-Blind, Placebo-Controlled Study of Galantamine to Improve Cognitive Dysfunction in Bipolar Disorder",COMPLETED,PHASE4,30.0
NCT00152945,Determining the Responsiveness of Intestinal Lipoprotein Production to an Elevation of Plasma Free Fatty Acids,COMPLETED,NA,10.0
NCT01568645,Imatinib and Carvedilol for High Blood Pressure in the Lungs in Adults With Sickle Cell Disease,WITHDRAWN,PHASE1,0.0
NCT05905172,Hydronidone Capsules in Long-term Treatment in Patients With Chronic Viral Hepatitis B Liver Fibrosis,RECRUITING,PHASE3,248.0
NCT05533372,MAD Study of IA-14069,RECRUITING,PHASE1,75.0
NCT06669572,Lenvatinib and Pembrolizumab to Treat Patients With Anal or Rectum Cancer That Has Gotten Worse After Initial Treatment,RECRUITING,PHASE2,35.0
NCT00398372,Clinical and Pathologic Studies in Non-Hodgkin's Lymphoma Patients Receiving Antibody Treatment,COMPLETED,NA,500.0
NCT00658372,A 10-week Study Evaluating the Efficacy and Safety of PD 0332334 in Patients With Generalized Anxiety Disorder (2),TERMINATED,PHASE3,360.0
NCT07280572,RECLAIM Adaptive Platform Trial for PCC Treatments,ENROLLING_BY_INVITATION,PHASE3,1250.0
NCT05610072,"Behavioral Effects of Drugs (Inpatient): 43 (Opioids, Cocaine, n-Acetylcysteine)",COMPLETED,EARLY_PHASE1,12.0
NCT02288195,CONVERT: Neoadjuvant Chemotherapy Alone Versus Preoperative Chemoradiation for Locally Advanced Rectal Cancer Patients,UNKNOWN,PHASE3,663.0
NCT06734195,Comparing the Synergistic Effect of Caudal Dexmedetomidine and Propofol Versus Caudal Dexmedetomidine Only or Propofol Only in Prevention of Sevoflurane Related Emergence Agitation in Pediatric Patients Undergoing Congenital Inguinal Hernia Repair,NOT_YET_RECRUITING,PHASE4,90.0
NCT01631539,Chemoembolisation With CPT11 Loaded DC Bead With Cetuximab and 5FU/LV in First Line in Patients With KRAS Wildtype mCRC,WITHDRAWN,NA,0.0
NCT01640639,THalidomide on Left ventricUlar Morphology aND Function in congEstive heaRt Failure,UNKNOWN,PHASE4,100.0
NCT06848439,Benmelstobart-Anlotinib-Chemo for Neoadjuvant Oral Cancer,NOT_YET_RECRUITING,PHASE2,26.0
NCT00610077,Letrozole vs. Clomiphene Citrate in Patients With Anovulatory Infertility,COMPLETED,PHASE3,55.0
NCT06089577,Effects of Cangrelor on MIcRovAscular Disfunction During Elective Percutaneous CORonary Intervention,RECRUITING,PHASE4,80.0
NCT05002777,"Efficacy, Safety and Pharmacokinetics of Rilzabrutinib in Patients With Warm Autoimmune Hemolytic Anemia (wAIHA)",ACTIVE_NOT_RECRUITING,PHASE2,22.0
NCT07233577,The Effect of Dexamethasone in Full Pulpotomy on Postoperative Pain in Permanent Molars,COMPLETED,NA,72.0
NCT02522377,Administration of Subanesthetic Dose of Ketamine and Electroconvulsive Treatment for Treatment Resistant Depression,COMPLETED,NA,15.0
NCT07523295,Effect of Vaginal Progesterone Treatment on Pregnancy and Newborn Outcomes in Women With Preterm Labor,COMPLETED,PHASE4,60.0
NCT05324995,Peri-Articular-Multimodal Drug and Oral Celecoxib in Management of Postoperative Pain of Total Knee Arthroplasty,COMPLETED,PHASE2,146.0
NCT04218539,Repeat Dosing of Psilocybin in Migraine Headache,COMPLETED,PHASE1,18.0
NCT01313039,Evaluation of the Use of AZD6244 to Induce Increased ER Expression and Anti-Estrogen Response in ER-Negative/Low Breast Cancer,COMPLETED,EARLY_PHASE1,4.0
NCT02125357,Sequencing Abiraterone and Enzalutamide in mCRPC,COMPLETED,PHASE2,202.0
NCT03729401,Personalization of Long-Term Antiplatelet Therapy - RAPID EXTEND,TERMINATED,PHASE4,39.0
NCT03410901,"TLR9 Agonist SD-101, Anti-OX40 Antibody BMS 986178, and Radiation Therapy in Treating Patients With Low-Grade B-Cell Non-Hodgkin Lymphomas",COMPLETED,PHASE1,14.0
NCT01150201,"Aliskiren Combined With Losartan in Proteinuric, Non-diabetic Chronic Kidney Disease",COMPLETED,PHASE4,80.0
NCT00120601,Trial for the Treatment of Alcohol Dependence,UNKNOWN,PHASE4,200.0
NCT05177601,iTBS-DCS in Obsessive Compulsive Disorder,UNKNOWN,PHASE2,81.0
NCT05513001,"An Extension Study of Long-term Efficacy, Safety and Tolerability of Remibrutinib in Chronic Spontaneous Urticaria Patients Who Completed Preceding Studies With Remibrutinib",ACTIVE_NOT_RECRUITING,PHASE3,696.0
NCT05156281,Efficacy and Safety of Remibrutinib Compared to Teriflunomide in Participants With Relapsing Multiple Sclerosis (RMS),ACTIVE_NOT_RECRUITING,PHASE3,1007.0
NCT02626481,Study of Daratumumab in Combination With Dexamethasone in Resistant or Refractory Multiple Myeloma,COMPLETED,PHASE2,64.0
NCT02064881,Efficacy Study of Metformin Glycinate on Postprandial Lipemia,UNKNOWN,PHASE2,72.0
NCT02474212,: Pharmacokinetics of Enoxaparin After Coronary Artery Bypass Graft Surgery,COMPLETED,PHASE4,85.0
NCT00706381,Thyroid Hormones Homeostasis and Energy Metabolism Changes During Stimulation of Endogenously Secreted Bile Acids (BAs),COMPLETED,PHASE3,31.0
NCT01760889,SPD489 Low Dose and High Dose Ranges When Added to Stable Doses of Antipsychotic Medications in Clinically Stable Adults With Negative Symptoms of Schizophrenia,TERMINATED,PHASE3,1.0
NCT05097768,Effectiveness of Premedication on the Success Rate of Inferior Alveolar Nerve Block,COMPLETED,NA,250.0
NCT01427868,Bioequivalence of LB80380 Free Base and Maleate Salt Tablets,COMPLETED,PHASE1,32.0
NCT07180940,"Comparison of Perineural Dexamethasone Versus Dexmedetomidine as Adjuvants to Erector Spinae Plane Block in Lumbar Spine Surgery: A Randomized, Double-blind, Controlled Trial",RECRUITING,PHASE4,150.0
NCT01415440,Imaging the Effects of Stimulant Medication on Emotional Lability in Patients With ADHD,COMPLETED,NA,117.0
NCT05121740,Extension Study in a Cohort of Adult Patients With COVID-19 Infection,COMPLETED,PHASE1,34.0
NCT04218240,Combining Pregabalin (LYRICA®) With Lofexidine (LUCEMYRATM) to Treat OPIOID Withdrawal,COMPLETED,PHASE2,90.0
NCT06768489,A Study of JNJ-79635322 in Combination With Daratumumab With or Without Lenalidomide or in Combination With Pomalidomide for Multiple Myeloma,RECRUITING,PHASE1,240.0
NCT06903689,Pentoxifylline for Vascular Calcification in Kidney Disease,NOT_YET_RECRUITING,PHASE1,80.0
NCT05914389,Induction Chemotherapy Combined With Neoadjuvant Immunotherapy for MSS Colon Cancer,RECRUITING,PHASE2,100.0
NCT02521389,"Assessment of Safety, Tolerability, Pharmacokinetics and Pharmacodynamics of Various Formulations and Doses of PWT-143",COMPLETED,PHASE1,35.0
NCT01377389,Ipilimumab + Androgen Depravation Therapy in Prostate Cancer,TERMINATED,PHASE2,30.0
NCT02514668,"A Study to Evaluate the Safety, Pharmacokinetics, and Efficacy of Isatuximab in Patients With Multiple Myeloma",COMPLETED,PHASE1,55.0
NCT05650268,Effects of Stoss Therapy of Vitamin D3 on Peri-operative Outcomes in Patients Receiving General Surgery,WITHDRAWN,NA,0.0
NCT07006168,Effects Of Intra-Operative Intra-Articular Cocktail Injection In Patella Open Reduction And Internal Fixation,RECRUITING,PHASE4,56.0
NCT02189668,Non-operative Management of Pediatric Appendicitis With an Appendicoltih,TERMINATED,NA,14.0
NCT00543868,MK0782 + Low-Dose Aspirin 7-Day Erosion Endoscopy Study (0782-001),COMPLETED,PHASE2,462.0
NCT01460368,A Study on the Effects of LY2409021 on the Electrical Impulses of the Heart,COMPLETED,PHASE1,67.0
NCT00024050,Chemotherapy and Peripheral Stem Cell Transplantation in Treating Patients With Myelodysplastic Syndrome,COMPLETED,PHASE2,
NCT06210750,Adding Targeted Drugs to Usual Chemotherapy for Adults With Newly Diagnosed T-Cell Acute Lymphoblastic Leukemia (T-ALL) and T-Cell Lymphoblastic Lymphoma (T-LBL),WITHDRAWN,PHASE2,0.0
NCT03896750,Single-Dose Study to Evaluate the PKs of Pretomanid in Participants With Renal Impairment Compared to Participants With Normal Renal Function,COMPLETED,PHASE1,12.0
NCT04066491,Gemcitabine Plus Cisplatin With or Without Bintrafusp Alfa (M7824) in Participants With 1L BTC,TERMINATED,PHASE2,309.0
NCT01977118,Use of Streptokinase for Enhancement of Percutaneous Drainage of Pancreatic Necrosis,COMPLETED,PHASE2,28.0
NCT01966718,Repository Corticotropin Injection To Treat Rheumatoid Arthritis Patients Who Have Failed Three Biologic Therapies.,COMPLETED,PHASE4,8.0
NCT05363774,"A Research Study of a New Medicine NNC0519-0130 in Healthy People, People With High Body Weight and People With Type 2 Diabetes.",COMPLETED,PHASE1,161.0
NCT06055374,"A Study to Investigate the Safety, Tolerability, and Efficacy of BxC-I17e Repeated-dose SC Injection in Patients With Moderate to Severe Atopic Dermatitis",WITHDRAWN,PHASE1,0.0
NCT07146074,Early Radiotherapy Versus Observation for High-risk Asymptomatic or Minimally Symptomatic Bone Metastases,RECRUITING,NA,120.0
NCT02189174,Study of CLR457 Administered Orally in Adult Patients With Advanced Solid Malignancies,TERMINATED,PHASE1,31.0
NCT05378074,Hypersensitivity to Opening of BKCa Channels in Post-Traumatic Headache,UNKNOWN,NA,21.0
NCT01149174,Preoperative Intravesical Electromotive Mitomycin-c for Primary Non-muscle Invasive Bladder Cancer,COMPLETED,PHASE3,352.0
NCT04492774,Degenerative Lumbar Stenosis Conservative Treatment,UNKNOWN,PHASE4,90.0
NCT00211718,Intra-Articular Injection of Botulinum Toxin Type A for Shoulder Pain,UNKNOWN,PHASE3,40.0
NCT03789318,Study in Subjects Undergoing Complete Abdominoplasty,COMPLETED,PHASE2,54.0
NCT05396690,Safety and Efficacy of Remimazolam in OPCAB Surgery,UNKNOWN,NA,94.0
NCT06820190,Analgesic Efficacy of Multiple Mid-Transverse Process to Pleura (MTP) Block and PCA in Idiopathic Scoliosis Patients Undergoing Posterior Spinal Fusion,RECRUITING,NA,40.0
NCT02814097,A Study to Evaluate the Effects of 4 Weeks Treatment With Subcutaneous Elamipretide on Left Ventricular Function in Subjects With Stable Heart Failure With Preserved Ejection Fraction,COMPLETED,PHASE2,46.0
NCT04519697,Mesenchymal Stem Cells for the Treatment of Rectovaginal Fistulas in Participants With Crohn's Disease,TERMINATED,PHASE1,20.0
NCT06892197,Comparing Hydrocortisone and Prednisolone for Community Acquired Pneumonia (CAP),RECRUITING,PHASE4,1600.0
NCT00372697,Efficacy/Safety of Octreotide Acetate in Patients With Uncontrolled Acromegaly,COMPLETED,PHASE3,28.0
NCT01147510,Asthma Control in Elderly Patients With Montelukast,COMPLETED,PHASE4,140.0
NCT02522013,Aminophylline for Patients With Post-Dural Puncture Headache,COMPLETED,PHASE3,126.0
NCT07072910,Cabergoline for Episodic Migraine,RECRUITING,PHASE2,150.0
NCT03225313,Comparison Between Ultra Sound Guided Rectus Sheath Block and Field Block for Midline Hernia Repair,COMPLETED,NA,75.0
NCT07081360,Neoadjuvant vs Upfront Surgery for Resectable Pancreatic Cancer and Periampullary Cancer,RECRUITING,PHASE3,262.0
NCT05362760,Combination of Abemaciclib and Endocrine Therapy in Hormone Receptor Positive HER2 Negative Locally Advanced or Metastatic Breast Cancer With Focus on Digital Side Effect Management,RECRUITING,PHASE4,300.0
NCT02150720,Prevention of Postoperative Bleeding in Subcapital Femoral Fractures,COMPLETED,PHASE3,161.0
NCT01515020,Daptomycin Versus Vancomycin in the Treatment of Nosocomial or Healthcare-associated MRSA Bacteremia,TERMINATED,PHASE3,10.0
NCT01416220,Lithium Versus Paroxetine in Major Depression,WITHDRAWN,PHASE4,0.0
NCT04944082,Remdesivir- Ivermectin Combination Therapy in Severe Covid-19,UNKNOWN,PHASE4,60.0
NCT06109259,Bioequivalence Study for the Safety and the Pharmacokinetics of DWJ1567 in Healthy Adult Volunteers,UNKNOWN,PHASE1,44.0
NCT03678259,124I-p5+14 Injection Safety in Subjects With Systemic Amyloidosis,COMPLETED,PHASE1,57.0
NCT02431559,"Phase 1/2 Study of Motolimod, Doxorubicin, and Durvalumab in Recurrent, Platinum-Resistant Ovarian Cancer",COMPLETED,PHASE1,53.0
NCT02782559,Efficacy of Sildenafil in Preterm Preeclampsia,WITHDRAWN,PHASE2,0.0
NCT03500380,A Study of RC48-ADC Administered Intravenously to Patients With HER2-Positive Metastatic Breast Cancer With or Without Liver Metastases,UNKNOWN,PHASE2,301.0
NCT01702480,Effects of Triglycerides on Age-Related Cognitive Function Decline in Older Subjects,COMPLETED,PHASE1,116.0
NCT05771480,Durvalumab With Chemotherapy as First Line Treatment in Patients With Advanced Biliary Tract Cancers (aBTCs),ACTIVE_NOT_RECRUITING,PHASE3,142.0
NCT07346079,Purified Cortrophin® Gel Efficacy and Safety Study of 2 Dose Levels in Patients With Acute Gout Flares,RECRUITING,PHASE4,150.0
NCT04508179,"A Phase 1 SAD and MAD Study of the Safety, Tolerability and PK of 7HP349 in Normal Healthy Male Subjects",COMPLETED,PHASE1,60.0
NCT02971696,Sorafenib Versus Best Supportive Care in Egyptian Hepatocellular Carcinoma Patients.,COMPLETED,PHASE3,55.0
NCT03509662,Vitamin C in Post-cardiac Arrest,COMPLETED,PHASE2,270.0
NCT01130662,Combination of Decitabine and Midostaurin in Patients Older Than 60 With Newly Diagnosed or Relapsed Refractory Acute Myeloid Leukemia,COMPLETED,PHASE1,16.0
NCT03981562,Vitamin D and Hereditary Haemorrhagic Telangiectasia,UNKNOWN,PHASE2,60.0
NCT05974462,MYTHS-MR Trial (MYocarditis THerapy With Steroids in Patients With Mildly Reduced Ejection Fraction),RECRUITING,PHASE3,174.0
NCT07637162,Open-Label Safety Study of AXS-14 in Subjects With Fibromyalgia,ENROLLING_BY_INVITATION,PHASE3,300.0
NCT04690062,BEOVU in the Treatment of Dystrophy-related Macular Neovascular Degeneration,UNKNOWN,PHASE4,20.0
NCT05803746,PD-L2 Targeting Nanobody Radiotracer for PET Imaging of Solid Tumor,UNKNOWN,NA,20.0
NCT02604446,Depot-opioids for Pre- and Postoperative Pain Relief After Primary Knee Arthroplasty.Tapentadol vs Oxycodone vs Placebo,COMPLETED,PHASE3,134.0
NCT06963346,Study Investigating Intravesical HDAC Inhibition to Improve Response to Immuno-Oncology Agents,SUSPENDED,PHASE1,12.0
NCT02373046,Bioequivalence Study Between 400 mg LX4211 Tablets and 2 X 200 mg LX4211 Tablets,COMPLETED,PHASE1,30.0
NCT04547088,Camrelizumab Combined With Apatinib in Patients With First-line Platinum-resistant Recurrent/Metastatic Nasopharyngeal Carcinoma,UNKNOWN,PHASE2,27.0
NCT00457288,Efficacy and Safety of TF002 in Cutaneous Mastocytosis,COMPLETED,PHASE2,30.0
NCT03455088,The Effect of G-DBT on the Patients With BN : A Multicenter Randomized Controlled Study,COMPLETED,NA,101.0
NCT03980288,4th Generation Chimeric Antigen Receptor T Cells Targeting Glypican-3,COMPLETED,PHASE1,6.0
NCT04008888,a Clinical Trial of Efficacy and Safety of the Holistic Treatment of Young High-risk Multiple Myeloma Patients,UNKNOWN,NA,50.0
NCT03141203,Evaluation of the Combination of Romidepsin and Carfilzomib in Relapsed/Refractory Peripheral T Cell Lymphoma Patients,COMPLETED,PHASE1,50.0
NCT01657903,Evaluation of Efficacy of Experimental Gel to Foam Dentifrices in Dental Erosion,COMPLETED,NA,56.0
NCT03076203,Phase IB Trial of Radium-223 and Niraparib in Patients With Castrate Resistant Prostate Cancer (NiraRad),COMPLETED,PHASE1,14.0
NCT06135103,Phase 2 Study of TXA127 in Post-ischemic Stroke Patients,UNKNOWN,PHASE2,50.0
NCT06804603,A Study to Measure the Effects of Using Tradipitant on Nausea and Vomiting After GLP-1R Agonist Use,COMPLETED,PHASE2,124.0
NCT03899103,Compare Efficacy and Safety of Repeated Courses of Rituximab to That of Maintenance Mycophenolate Mofetil Following Single Course of Rituximab Among Children With Steroid Dependent Nephrotic Syndrome,COMPLETED,PHASE3,100.0
NCT00458003,Phenylephrine in Spinal Anesthesia in Preeclamptic Patients,COMPLETED,NA,110.0
NCT06181227,A Phase 2 Study of Intravitreal AVD-104 in Diabetic Macular Edema,TERMINATED,PHASE2,21.0
NCT00077727,A Study of the Effectiveness and Safety of Galantamine Hydrobromide on Cognitive Impairment in Patients With Schizophrenia.,COMPLETED,PHASE3,107.0
NCT05232227,Primaquine Double Dose for Radical Cure of Plasmodium Vivax in Colombia,WITHDRAWN,PHASE2,0.0
NCT01050127,"A Study of Safety, Tolerability, Pharmacokinetics and Pharmacodynamics of Multiple Doses of ABT-436 in Healthy Adults",COMPLETED,PHASE1,36.0
NCT00000761,Phase I/II Study of Recombinant Human Interferon-gamma (rIFN-gamma) in HIV-Infected Children,COMPLETED,PHASE1,20.0
NCT01510327,PLATINUM Trial to Assess the PROMUS Element Stent System for Treatment of De Novo Coronary Artery Lesions-Pharmacokinetics (PLATINUM PK),COMPLETED,PHASE3,22.0
NCT00050661,To Study the Use of Humanized CD25 in Preventing the Relapse of Psoriasis Vulgaris,COMPLETED,PHASE1,6.0
NCT06645886,A Study to Investigate the Safety and Efficacy of KQB198 as Monotherapy and in Combination in Participants With Advanced Hematologic Malignancies,ACTIVE_NOT_RECRUITING,PHASE1,13.0
NCT00151086,Oral Estramustine and Oral Vinorelbine in the Treatment of Hormone-Refractory Prostate Cancer,COMPLETED,PHASE1,33.0
NCT01115842,Vitamin D and Inflammatory Cytokine Levels After Acute Myocardial Infraction (MI),UNKNOWN,PHASE4,50.0
NCT07332442,"Continuous Positive Airway Pressure, Arousability and Links to Mechanisms in Obstructive Sleep Apnea",RECRUITING,PHASE3,250.0
NCT02064842,"A Study to Investigate the Safety, Tolerability, and Pharmacokinetics of TMC647055 in Combination With Ritonavir (Part 1) and the Co-administration of TMC435, TMC647055 and Ritonavir (Part 2) in Healthy Japanese Participants",COMPLETED,PHASE1,24.0
NCT01889186,A Study of the Efficacy of ABT-199 in Subjects With Relapsed/Refractory or Previously Untreated Chronic Lymphocytic Leukemia With the 17p Deletion,COMPLETED,PHASE2,158.0
NCT01717170,"Study of the Safety, Tolerability, and Bioactivity of Tocilizumab On Patients With Non-infectious UVEITIS: The STOP-UVEITIS Study",UNKNOWN,PHASE1,36.0
NCT00759070,Effects of 2 Initial Standard Antiretroviral Combinations Therapies on Lipid Metabolism,UNKNOWN,PHASE4,50.0
NCT06180070,Bioequivalence Study to Compare Ibuprofen/ Paracetamol Tablets (200mg Ibuprofen/ 500mg Paracetamol) Versus Nuromol® Tablets (200mg Ibuprofen/ 500mg Paracetamol),COMPLETED,PHASE1,36.0
NCT02387086,Gefitinib Combined With Thalidomide to Treat NSCLC,UNKNOWN,PHASE2,380.0
NCT06940570,Methadone as an Alternative Treatment for Children Underdoing HSCT,SUSPENDED,PHASE3,60.0
NCT01774786,A Study of Pertuzumab in Combination With Trastuzumab and Chemotherapy in Participants With Human Epidermal Growth Factor Receptor 2 (HER2)-Positive Metastatic Gastroesophageal Junction or Gastric Cancer,COMPLETED,PHASE3,780.0
NCT05655273,Conversion of Maintenance Prograf to Envarsus in Liver Transplant Recipients,ENROLLING_BY_INVITATION,PHASE4,40.0
NCT02000973,Effects of Epidural Local Anesthetics on Propofol Induction,COMPLETED,PHASE4,80.0
NCT04307173,Study of Multiple Ascending Dose of KBL693 in Healthy Participants,COMPLETED,PHASE1,18.0
NCT03150173,Onsite Buprenorphine Treatment at Syringe Exchange Programs,COMPLETED,PHASE2,97.0
NCT01356173,Evaluating the Safety and Tolerability of GDC-0349 in Patients With Locally Advanced or Metastatic Solid Tumors or Non Hodgkin's Lymphoma,COMPLETED,PHASE1,10.0
NCT02806869,Modernization of in vivo-in Vitro Oral Bioperformance Prediction and Assessment,COMPLETED,NA,48.0
NCT00547469,A Study of the Safety and Effectiveness of DDP733 in Treating IBS With Constipation in Females,UNKNOWN,PHASE2,360.0
NCT02317783,Amyloid Plaque Deposition in Chemotherapy-Induced Cognitive Impairment,TERMINATED,PHASE2,15.0
NCT02811783,Naloxone Hydrochloride Study for Relief of Pruritus in Patients With MF or SS Forms of CTCL,TERMINATED,PHASE3,59.0
NCT03690869,"REGN2810 in Pediatric Patients With Relapsed, Refractory Solid, or Central Nervous System (CNS) Tumors and Safety and Efficacy of REGN2810 in Combination With Radiotherapy in Pediatric Patients With Newly Diagnosed or Recurrent Glioma",TERMINATED,PHASE1,57.0
NCT02138383,Enzalutamide in Combination With Gemcitabine and Nab-Paclitaxel for the Treatment of Advanced Pancreatic Cancer,COMPLETED,PHASE1,25.0
NCT02136641,Study of Comparison of the Effectiveness of Three Diagrams for Sedation in Spinal Anesthesia,COMPLETED,PHASE4,75.0
NCT03250741,Effects of Dopaminergic Therapy in Patients With Alzheimer's Disease,COMPLETED,PHASE2,94.0
NCT02486341,Daily Glycaemic Variability in Frail or Disabled Older Patients With Diabetes Over 75 Treated With Basal Insulin,COMPLETED,NA,30.0
NCT01090141,"Drug Concentration Analysis of Micafungin in Overweight, Obese, and Extremely Obese Volunteers",COMPLETED,PHASE4,36.0
NCT04536454,Study to Assess Safety and PET Imaging Characteristics of a Novel Senescence-specific Radiotracer [18F]FPyGal (2-[Fluorine-18]Fluoro-3-pyridinyl-β-D-galactopyranoside),UNKNOWN,PHASE1,32.0
NCT04683354,Study of HL-085 in Patients With Advanced Solid Tumor Tumors,COMPLETED,PHASE1,28.0
NCT02696954,"Study of Artemether-lumefantrine, Amodiaquine and Primaquine in Healthy Subjects",TERMINATED,PHASE1,17.0
NCT06164327,Study of BEBT-908 Combined With Drugs in the Treatment of Relapsed/Refractory Diffuse Large B-Cell Lymphoma,UNKNOWN,PHASE1,75.0
NCT00707161,Radiation Therapy and Concurrent Cisplatin Chemotherapy for Locally Advanced or Metastatic Malignant Melanoma,TERMINATED,PHASE2,6.0
NCT00058461,Combination Chemotherapy and Rituximab in Treating Young Patients With Recurrent or Refractory Non-Hodgkin's Lymphoma or Acute Lymphoblastic Leukemia,TERMINATED,PHASE2,82.0
NCT03381261,(Botox) Mechanisms of Action in Altering the Molecular Environment in Which Pain Fibers Exist,COMPLETED,PHASE4,37.0
NCT06486142,EGFR-mutated Lung Cancer in Randomized Investigator-Initiated Study,RECRUITING,PHASE3,200.0
NCT07367542,Effect of Esketamine on Perioperative Negative Emotions in Patients Undergoing Breast Cancer Surgery,NOT_YET_RECRUITING,NA,218.0
NCT01213186,Umbilical Cord Mesenchymal Stem Cells for Immune Reconstitution in HIV-infected Patients,UNKNOWN,PHASE2,72.0
NCT03068442,The Role of Large Artery Plaque Imaging Features in Predicting Inflammation and Cognition,ACTIVE_NOT_RECRUITING,PHASE2,45.0
NCT00003270,"Chemotherapy, Radiation Therapy, and Umbilical Cord Blood Transplantation in Treating Patients With Hematologic Cancer",COMPLETED,PHASE2,20.0
NCT01917773,Effect of Octreotide on the Colonic Motility in Pediatric Patients,COMPLETED,PHASE4,13.0
NCT03875573,"Neo-adjuvant Chemotherapy Combined With Stereotactic Body Radiotherapy to the Primary Tumour +/- Durvalumab, +/- Oleclumab in Luminal B Breast Cancer:",ACTIVE_NOT_RECRUITING,PHASE2,147.0
NCT01596673,A Study to Assess the Abuse Potential of Hydrocodone Extended-Release Tablet in Recreational Opioid Users,COMPLETED,PHASE1,100.0
NCT04844073,A Study of TAK-186 (Also Known as MVC-101) in Adults With Advanced or Metastatic Cancer,TERMINATED,PHASE1,95.0
NCT06679569,Deep Neuromuscular Blockade on Postoperative Pain,RECRUITING,NA,106.0
NCT05727969,Dexmedetomidine Infusion and Surgical Pleth Index In Pediatrics,COMPLETED,NA,90.0
NCT01765569,A Pharmacokinetics Study to Investigate the Effect of Vemurafenib on Digoxin in Patients With BRAFV600 Mutation-Positive Metastatic Melanoma,COMPLETED,PHASE1,29.0
NCT06223841,A Clinical Trial to Evaluate Effect of IAP0971 in Patients With Advanced Malignant Tumors,RECRUITING,PHASE1,50.0
NCT06556641,A Clinical Study of GZR33 and GZR101 in Healthy Subjects,COMPLETED,PHASE1,28.0
NCT06214741,A Study to Test Whether Survodutide (BI 456906) Helps Chinese People Living With Overweight or Obesity to Lose Weight,COMPLETED,PHASE3,307.0
NCT00559741,Cetuximab and Combination Chemotherapy in Treating Patients With Advanced or Metastatic Colorectal Cancer,COMPLETED,PHASE2,80.0
NCT01090154,Study of Cimzia for the Treatment of Ulcerative Colitis,COMPLETED,PHASE2,27.0
NCT00692354,Safety Study to Evaluate CHR-2797 in Patients With Advanced Tumours,COMPLETED,PHASE1,41.0
NCT02622854,Plasma Exchange vs Conservative Management in Non-severe Acute Hypertriglyceridemic Pancreatitis,COMPLETED,NA,22.0
NCT00021554,T-20 in HIV Patients With Prior Drug Treatment and/or Resistance to Each of the Three Classes of Anti-HIV Drugs,COMPLETED,PHASE3,525.0
NCT05962541,Vesical Imaging-Reporting and Data System (VI-RADS) Followed by Photodynamic Trans-urethral Resection of Bladder Tumours (PDD-TURBT) to Avoid Secondary Resections (Re-TURBT) in Non-Muscle Invasive Bladder Cancers (NMIBCs),RECRUITING,PHASE4,327.0
NCT02945241,Cystatin-C C-guided Vancomycin Dosing in Critically Ill Patients: A Quality Improvement Project,COMPLETED,PHASE1,399.0
NCT02147041,The Effect of Extract of Green Tea on Obese Women and Obese Related Hormone Peptides,UNKNOWN,PHASE2,92.0
NCT07457541,Molecular Imaging of Fibroblast Activation Protein Expression Using Labeled Technetium-99m HYNIC-FAPI,ACTIVE_NOT_RECRUITING,PHASE1,15.0
NCT04324905,"Study to Compare the Safety, Pharmacokinetics and Pharmacodynamics of HIP1802 to HGP1705 in Healthy Volunteers",COMPLETED,PHASE1,49.0
NCT00144105,A Randomised Trial to Evaluate the Antiviral Efficacy and Safety of Treatment With 500 mg Tipranavir (TPV) Plus 100 mg or 200 mg Ritonavir (RTV) p.o. BID in Comparison to 400 mg Lopinavir (LPV) Plus 100 mg RTV p.o. BID in Combination With Standard Background Regimen in ARV Therapy naïve Patients.,TERMINATED,PHASE2,562.0
NCT04542694,Study of Favipiravir Compared to Standard of Care in Hospitalized Patients With COVID-19,COMPLETED,PHASE3,200.0
NCT02239094,Biosignatures of Latuda for Bipolar Depression,COMPLETED,NA,20.0
NCT06296966,A Study to Evaluate the Safety and Efficacy of VSJ-110 Compared to Placebo in the Treatment of Dry Eye,UNKNOWN,PHASE2,40.0
NCT00922194,Metformin in Overweight Type 2 Diabetes Mellitus,COMPLETED,NA,102.0
NCT07192666,Exosomes in Patients With Ocular Involvement of Sjögren's Syndrome,NOT_YET_RECRUITING,EARLY_PHASE1,12.0
NCT03880266,"A Study of Glycopyrronium Cloth, 2.4% in Patients With Palmar Hyperhidrosis",COMPLETED,PHASE2,72.0
NCT05783856,Effects of LiveSpo X-secret in Supporting Treatment of Sexually Transmitted Diseases,COMPLETED,NA,100.0
NCT06323356,A Study of TAK-279 in Adult Participants With Generalized Pustular Psoriasis or Erythrodermic Psoriasis,ACTIVE_NOT_RECRUITING,PHASE3,18.0
NCT00274456,"Phase II Trial Comparing ABI-007 (Abraxane®, Nab®-Paclitaxel) to Taxotere in First Line Therapy of Patients With Stage IV Breast Cancer",COMPLETED,PHASE2,302.0
NCT02443922,Dynamic Responsiveness of Insulin Secretory Parameters To Sitagliptin and Glimeperide Administration in Type 2 DM,UNKNOWN,NA,100.0
NCT00428922,"Trastuzumab (Herceptin), Bevacizumab, and Docetaxel (Taxotere) Trial in Stage IV Metastatic Breast Cancer (MBC) Patients",COMPLETED,PHASE2,26.0
NCT00328822,Quetiapine for Primary Insomnia Patients : A Randomized Controlled Trial,COMPLETED,NA,16.0
NCT01142622,Intraperitoneal Ropivacaine Nebulization for Pain Control After Gynecologic Laparoscopic Surgery,COMPLETED,PHASE3,140.0
NCT01552122,Efficacy and Safety of Odanacatib in Postmenopausal Women Previously Treated With Alendronate (MK-0822-050),WITHDRAWN,PHASE3,0.0
NCT04724629,Survival TRial Using CytoKines in COVID-19 (STRUCK Trial),COMPLETED,PHASE3,60.0
NCT00938431,"A Multicenter, Open-Label Study To Investigate The Safety And Pharmacokinetics Of Lacosamide In Children With Partial Seizures",COMPLETED,PHASE2,47.0
NCT04623931,Chemotherapy and Radiation Therapy for the Treatment of IDH Wildtype Gliomas or Non-histological (Molecular) Glioblastomas,RECRUITING,PHASE2,40.0
NCT04808531,NanaBis™ an Oro-buccal Administered delta9-Tetrahydrocannabinol (d9-THC) & Cannabidiol (CBD) Medicine for the Management of Bone Pain From Metastatic Cancers,UNKNOWN,PHASE3,360.0
NCT05513131,Clinical Study Protocol of Venetoclax Combined With Azacitidine and Harringtonine in the Treatment of sAML,UNKNOWN,PHASE2,30.0
NCT02259231,RTA 408 Capsules in Patients With Melanoma - REVEAL,COMPLETED,PHASE1,41.0
NCT00905931,Lycopene Following Aneurysmal Subarachnoid Haemorrhage,UNKNOWN,PHASE2,124.0
NCT05640531,"Study to Evaluate the Safety, Tolerability and Pharmacokinetics of Multiple Ascending Doses of Intravenous WCK 771",COMPLETED,PHASE1,36.0
NCT02364453,"The Effect of Histamine H1 Receptor Antagonist, Clemastin, on PACAP38 Induced Headache in Migraine Patients",COMPLETED,NA,20.0
NCT05654753,The Efficacy of Fecal Microbiota Transplatation on Axial Spondyloarthritis Patients Resistant to Conventional Treatment,RECRUITING,PHASE2,20.0
NCT06373653,Study of Non-inferiority Between Manzanilla Sophia® and Meticel Ofteno® 0.5% for Providing a Soothing Sensation to the Eyes.,WITHDRAWN,PHASE4,0.0
NCT04744753,AOA in Recurrent Fertilization Failure,COMPLETED,PHASE4,150.0
NCT03734653,Testosterone Therapy in Castration Resistant Prostate Cancer,COMPLETED,EARLY_PHASE1,30.0
NCT05760053,Toripalimab Plus Etoposide and Platinum-based Chemotherapy for Genitourinary Small Cell Carcinoma,UNKNOWN,PHASE2,33.0
NCT04723537,"Upamostat, a Serine Protease Inhibitor, or Placebo for Treatment of COVID-19 Disease",TERMINATED,PHASE2,61.0
NCT01541345,Lateral Ridge Augmentation Using Autogenous Bone Blocks or Xenogenic Bone Block Grafts Loaded With Recombinant Human Bone Morphogenic Protein 2,COMPLETED,PHASE3,24.0
NCT02153645,Efficacy and Safety of Amantadine Hydrochloride (HCl) ER Tablets to Treat Parkinson's Disease Patients With LID.,TERMINATED,PHASE3,87.0
NCT00995345,Safety and Efficacy of Once-Daily KRP-104 in Type 2 Diabetics With Inadequate Glycemic Control on Metformin Alone,COMPLETED,PHASE2,403.0
NCT04314895,Trial of NanoPac Intratumoral Injection in Lung Cancer,COMPLETED,PHASE2,18.0
NCT02744937,Continuing Low Dose Aspirin Before Prostate Biopsy,UNKNOWN,PHASE4,150.0
NCT00761995,Safety and Efficacy of Brinzolamide Dosed TID With Dorzolamide Dosed TID in Reducing Intraocular Pressure in Patients With Open Angle Glaucoma or Ocular Hypertension,COMPLETED,PHASE4,200.0
NCT01037595,Effect of Turmeric on Pruritus in Hemodialysis Patients,COMPLETED,EARLY_PHASE1,60.0
NCT06160895,A Clinical Trial of TQ-A3334 Tablet After Multiple Administration in Adult Subjects,COMPLETED,PHASE1,40.0
NCT07628972,Quercetin Dyskeratosis Congenita (DC)/Telomere Biology Disorders (TBD),RECRUITING,PHASE1,12.0
NCT06414395,The Effects of Different Loading Doses of Dexmedetomidine on The Bispectral Index-Guided Propofol Sedation in Patients Undergoing Advanced Upper Gastrointestinal Endoscopic Procedures: A Randomized Control Study,UNKNOWN,PHASE4,52.0
NCT03779295,Laser Therapy for Perioral Dermatitis,WITHDRAWN,NA,0.0
NCT00355095,Safety and Efficacy Study of Erythropoietin as add-on Therapy of Methylprednisolone to Treat Acute Optic Neuritis,COMPLETED,PHASE2,40.0
NCT00435695,"Study Of Safety, Blood Levels, And Brain Receptor Occupancy Of GSK163090 Using PET Imaging In Healthy Males",COMPLETED,PHASE1,13.0
NCT00992537,Comparison of the Effect of NN5401 With the Effect of NN1250 and Insulin Aspart in Type 1 Diabetics,COMPLETED,PHASE1,27.0
NCT06872645,Exploring Water-free Sodium Storage,RECRUITING,NA,10.0
NCT07429045,"A Trial to Assess the Effect of Kidney Impairment on How AMG 133 is Absorbed, Broken Down, and Eliminated by the Body",COMPLETED,PHASE1,44.0
NCT05242445,A Study of Cetrelimab in Participants With Chronic Hepatitis B Virus Infection,COMPLETED,PHASE1,11.0
NCT00516945,A Study to Investigate Whether the Immediate Use or Deferred Use of an Anti-viral Drug Lamivudine Will Help to Better Safe-guard the Delivery of Chemotherapy in Patients With Cancer Who Are Also Hepatitis B Carriers,COMPLETED,NA,110.0
NCT01016145,Identifying Predictors of Response to Antipsychotics Using a Treatment Algorithm,UNKNOWN,PHASE4,126.0
NCT00866645,A Study To Evaluate The Efficacy And Safety Of Intramuscular Levosulpiride In Patients With Agitation Of Schizophrenia,COMPLETED,PHASE2,240.0
NCT01385345,Vitamin D Replacement in Insulin Resistant South Asians,TERMINATED,NA,3.0
NCT03182595,Variability of Sulfotransferase 1A1 Activity in Humans: an Approach to Improve Predictive Drug Response - Part I: Analysis of Intraindividual Variation in Healthy Adults,COMPLETED,PHASE1,36.0
NCT06468995,Antiviral Long Acting Drugs Landing in People Living With HIV,ACTIVE_NOT_RECRUITING,NA,120.0
NCT03906695,Phase 1 Trial of ASTX727 in Subjects With Lower-risk Myelodysplastic Syndromes,ACTIVE_NOT_RECRUITING,PHASE1,30.0
NCT00361595,Intervenous (IV) Zoledronic Acid After Forteo in Postmenopausal Women,COMPLETED,NA,35.0
NCT00902395,Efficacy of Moderate Sedation for Dental Treatment of Young Children,COMPLETED,PHASE4,41.0
NCT02513095,Efficacy and Safety of Ryanodex® (EGL-4104) as Adjuvant Treatment in Subjects With Exertional Heat Stroke (EHS),COMPLETED,PHASE2,34.0
NCT06507995,The Effectiveness of Thoracal Epidural Steroid and Local Anesthetic Injection,COMPLETED,NA,100.0
NCT04108195,A Study of Subcutaneous Daratumumab Regimens in Combination With Bispecific T Cell Redirection Antibodies for the Treatment of Participants With Multiple Myeloma,ACTIVE_NOT_RECRUITING,PHASE1,290.0
NCT01323595,Effectiveness of Celecoxib After Surgical Sperm Retrieval,TERMINATED,NA,78.0
NCT06531395,A Study to Evaluate the Efficacy and Safety of Abiprubart in Participants With Sjögren's Disease,TERMINATED,PHASE2,3.0
NCT05552495,Clinical Study to Evaluate the Pharmacokinetic Profiles and Safety of CKD-386 in Healthy Volunteers Under Fasting Conditions,COMPLETED,PHASE1,31.0
NCT00002095,"A Randomized, Double-Blind Study of the Efficacy and Safety of Oral Ganciclovir for the Prevention of CMV Disease in People Infected With the Human Immunodeficiency Virus",COMPLETED,NA,700.0
NCT03810339,Toripalimab（JS001） as Monotherapy in Participants With POLE or POLD-1 Mutated and Non-MSI-H Advanced Solid Tumors,RECRUITING,PHASE2,35.0
NCT00128739,Treatment of Gastro-Intestinal and/or Hepatic Graft Versus Host Disease With Budesonide in Patients Following Peripheral Blood Stem Cell Transplantation,COMPLETED,PHASE3,24.0
NCT02185339,Effects of Deep Neuromuscular Blockade on Intraoperative Respiratory Mechanics,COMPLETED,PHASE4,61.0
NCT06491680,Cardiotoxicity in Breast Cancer Patients,RECRUITING,PHASE4,40.0
NCT02465580,A Pilot-Study With Low-dose hrIL-2 for the Treatment of Systemic Lupus Erythematosus,UNKNOWN,PHASE2,60.0
NCT01060696,Efficacy of Mefenamic Acid and Hyoscine for Pain Relief During Saline Infusion Sonohysterography in Infertile Women,UNKNOWN,NA,138.0
NCT03238196,"Fulvestrant, Palbociclib and Erdafitinib in ER+/HER2-/FGFR-amplified Metastatic Breast Cancer",COMPLETED,PHASE1,35.0
NCT00392496,Sunitinib in Treating Patients With Relapsed or Refractory Diffuse or Mediastinal Large B-Cell Lymphoma,COMPLETED,PHASE2,19.0
NCT06025396,Multiple Ascending Dose Study of TMP-301 in Healthy Subjects,COMPLETED,PHASE1,30.0
NCT03601780,Local Wound Infiltration in Renal Surgery,UNKNOWN,PHASE2,40.0
NCT02028780,"Study to Evaluate the Safety, Pharmacokinetics and Pharmacodynamics of BI 655075 (Idarucizumab) Administered Alone or With Dabigatran Etexilate in Japanese Healthy Subjects",COMPLETED,PHASE1,80.0
NCT07547462,Optimizing Early Cesarean Scar Healing,COMPLETED,NA,117.0
NCT05259527,Vitamin D Supplementation on Reported Rates of Taxane-Induced Neuropathy,SUSPENDED,PHASE2,120.0
NCT03946527,LAnreotide in Metastatic Pheochromocytoma / PARAganglioma (LAMPARA),ACTIVE_NOT_RECRUITING,PHASE2,10.0
NCT05296746,Neoadjuvant and Adjuvant Ribociclib and ET for Clinically High-risk ER+ and HER2- Breast Cancer,ACTIVE_NOT_RECRUITING,PHASE2,1100.0
NCT01518946,Tilt-Table Study of the Clinical Efficacy of Midodrine in Symptomatic Orthostatic Hypotension,COMPLETED,PHASE4,24.0
NCT06455046,Efficacy and Safety of AK104 Combined With Chemotherapy and Recombinant Human Adenovirus 5 Injection in Cervical Cancer,UNKNOWN,PHASE2,37.0
NCT00655746,The Effect of Omeprazole on the Pharmacokinetics of Dasatinib in Healthy Subjects,COMPLETED,PHASE1,14.0
NCT00103246,"Photodynamic Therapy Using Silicon Phthalocyanine 4 in Treating Patients With Actinic Keratosis, Bowen's Disease, Skin Cancer, or Stage I or Stage II Mycosis Fungoides",COMPLETED,PHASE1,43.0
NCT07027488,AB821 in Adult Participants With Locally Advanced or Metastatic Solid Tumors,RECRUITING,PHASE1,50.0
NCT01342627,Sorafenib in Elderly Patients With Metastatic Renal Cell Carcinoma,TERMINATED,PHASE2,4.0
NCT00292227,Cardiac Effects of Rotigotine Transdermal System in Subjects With Advanced-stage Idiopathic Parkinson's Disease,COMPLETED,PHASE1,130.0
NCT07134127,A Study of IBI3032 in Chinese Healthy Subjects,COMPLETED,EARLY_PHASE1,40.0
NCT05801627,SAL067 Treatment in Patients With Type 2 Diabetes Who Are Not Controlled by Metformin,COMPLETED,PHASE3,408.0
NCT05896527,A Study to Evaluate the Efficacy and Safety of DC-806 in Participants With Moderate to Severe Plaque Psoriasis,COMPLETED,PHASE2,229.0
NCT04221061,18F-FluorThanatrace (PET/CT) in Glioblastoma,TERMINATED,EARLY_PHASE1,3.0
NCT00947661,Efficacy and Safety of SPARC0912 and Reference0912 in Open Angle Glaucoma or Ocular Hypertension,COMPLETED,PHASE3,578.0
NCT05218161,Hemodynamic Effect of Dexmedetomidine Alone With Dexmedetomidine Plus Ketamine Combination in CABG,UNKNOWN,NA,40.0
NCT04315961,Effects of Dietary Conditions on Drug Response,TERMINATED,PHASE1,1.0
NCT05865886,A Study to Test How Well BI 1291583 is Tolerated by People With Cystic Fibrosis Bronchiectasis (Clairafly™),COMPLETED,PHASE2,22.0
NCT01316042,Metformin for the Treatment of Premature Pubarche in Girls,TERMINATED,NA,4.0
NCT01446042,Safety and Efficacy of Intranasal TBS-1 Treatment of Male Hypogonadism,COMPLETED,PHASE3,306.0
NCT04071470,Storytelling to Increase Family Support for Pre Exposure Prophylaxis Use,COMPLETED,NA,128.0
NCT00494442,Study to Assess the Efficacy and Safety of a PARP Inhibitor for the Treatment of BRCA-positive Advanced Ovarian Cancer,COMPLETED,PHASE2,58.0
NCT06199973,"Injection of SHR-A1811 Versus Physician Choiced Treatment in Patients With Advanced Colorectal Cancer Who Had Failed to Respond to Oxaliplatin, 5-fu, and Irinotecan",ACTIVE_NOT_RECRUITING,PHASE3,130.0
NCT00557973,A Safety and Efficacy Study of XP19986 in Subjects With Spasticity Due to Spinal Cord Injury,COMPLETED,PHASE2,37.0
NCT00232973,Safety and Efficacy Study of ICXP007 With Compression Bandaging for the Treatment of Non-Infected Venous Leg Ulcers,UNKNOWN,PHASE3,396.0
NCT02782273,Morphine Versus Ketorolac in Renal Colic,UNKNOWN,PHASE4,100.0
NCT02969473,Definitive Concurrent Chemoradiotherapy With Docetaxel Plus Cisplatin Versus 5-fluorouracil Plus Cisplatin in Patients With Esophageal Squamous Cell Carcinoma,UNKNOWN,PHASE2,120.0
NCT01712373,Ginseng in Treatment of Fatigue in Multiple Sclerosis,COMPLETED,PHASE2,60.0
NCT00433069,Retreatment of Chronic Hepatitis C Non-responders With Pegylated Interferon Alpha Plus Ribavirin Plus Pioglitazone,COMPLETED,PHASE2,5.0
NCT04942769,Study on the Effect of Selenium Supplementation on the Structure and Function of Autoimmune Thyroiditis,UNKNOWN,NA,30.0
NCT03303469,Hypoxic Changes in Hepatocellular Carcinoma (HCC) Following Trans Arterial Chemo Embolization and Stereotactic Radiation: Fluorine18 (18F) Fluoromisonidazole (FMISO) Imaging,TERMINATED,PHASE2,3.0
NCT05045469,Therapeutic Effects of Topical Herbal Medicine -Rhubarb Ointment on Rosacea,COMPLETED,PHASE2,24.0
NCT05331469,Difference of Basal Insulin Titration Method in Reducing HbA1c Among Type 2 Diabetes Mellitus (T2DM) Patients.,UNKNOWN,PHASE4,70.0
NCT03161041,Perioperative Chemotherapy With Bevacizumab for Colorectal Carcinomatosis French Part of the Main Bev-IP Study,WITHDRAWN,PHASE2,0.0
NCT02966041,Prophylactic Ondansetron in Post-op Cardiac Surgery Patients to Prevent Post-operative Nausea and Vomiting,COMPLETED,NA,186.0
NCT04495283,A Phase 2 Study to Evaluate Pregabalin and Acetaminophen Compared to Acetaminophen and Placebo in Subjects Undergoing Bunionectomy,COMPLETED,PHASE2,87.0
NCT02000154,Long Term Safety Study of SyB L-1101 in Patients With Recurrent/Relapsed or Refractory Myelodysplastic Syndrome (MDS) - Extension Study,COMPLETED,PHASE1,1.0
NCT06278454,Safety and Efficacy of NRT6008 in Patients With Unresectable Locally Advanced Pancreatic Cancer (LAPC) and Advanced Pancreatic Cancer With Lymph Node Metastases,RECRUITING,PHASE1,58.0
NCT07232654,Iparomlimab/Tuvonralimab Injection Plus CCRT in LACC,RECRUITING,PHASE2,30.0
NCT04028505,Terlipressin Infusion in Variceal Hemorrhage,UNKNOWN,PHASE3,128.0
NCT01607905,Safety Study of KPT-330 (Selinexor) in Patients With Advanced or Metastatic Solid Tumor Cancer,COMPLETED,PHASE1,192.0
NCT05357794,Effectiveness of Concurrent Ultra-Low-Dose Total-Skin Electron Beam Therapy and Brentuximab Vedotin Given Quarterly Over 12 Months for Patients With Mycosis Fungoides,RECRUITING,PHASE2,30.0
NCT05524194,6MW3511 in Patients With Advanced Solid Tumor,UNKNOWN,PHASE1,272.0
NCT02380794,Novel Treatment of Intermittent Claudication in Patients With Peripheral Arterial Disease Using Danshen Gegen (D&G) Capsule,COMPLETED,PHASE2,107.0
NCT04920994,Modified Thoracoabdominal Nerve Block Through Perichondrial Approach (M-TAPA) in Major Abdominal Surgeries,COMPLETED,NA,80.0
NCT02986594,Diagnosis and Treatment Strategy of Recurrent Spontaneous Abortion Associated With Thrombophilla,UNKNOWN,PHASE4,600.0
NCT05652894,A Study of HX008 Compared to Chemotherapy in the First-Line Treatment of Subjects With MSI-H/dMMR Metastatic Colorectal Cancer,ACTIVE_NOT_RECRUITING,PHASE3,190.0
NCT06565494,MDMA-Assisted Therapy for Pathological Narcissism,ACTIVE_NOT_RECRUITING,EARLY_PHASE1,12.0
NCT07492394,Dalpiciclib With or Without Entinostat and Letrozole in HR+/HER2- Early Breast Cancer,RECRUITING,PHASE2,60.0
NCT04809766,Mesothelin-Specific T-Cells (FH-TCR-Tᴍsʟɴ) for the Treatment of Metastatic Pancreatic Ductal Adenocarcinoma,TERMINATED,PHASE1,9.0
NCT05357066,Nitrous Oxide as Treatment for Fibromyalgia,WITHDRAWN,PHASE2,0.0
NCT01906866,Efficacy and Safety of Circadin® in the Treatment of Sleep Disturbances in Children With Neurodevelopment Disabilities,COMPLETED,PHASE3,125.0
NCT02701166,The Effect of Bezafibrate on Cholestatic Itch,UNKNOWN,PHASE3,84.0
NCT00565422,Efficacy of Escitalopram in the Treatment of Internet Addiction,COMPLETED,PHASE4,31.0
NCT03054922,Impact of Intraoperative Fluid Management on Electrolyte and Acid-base Variables,COMPLETED,PHASE3,59.0
NCT03468322,"A Double-blind, Intra-individual Comparison, POC Trial of AC-203 in EB Patients",COMPLETED,PHASE2,9.0
NCT02401256,CYP2B6 Genetics and Drug Interactions in Healthy Volunteers,COMPLETED,PHASE4,70.0
NCT00006222,EMD 121974 in Treating Patients With HIV-Related Kaposi's Sarcoma,TERMINATED,PHASE1,30.0
NCT06823856,"Pharmacokinetics and Bioequivalence Study of Empagliflozin+Metformin Hydrochloride 12.5 mg/1000 mg Film-coated Tablets (Gedeon Richter Plc., Hungary) Versus Synjardy 12.5 mg/1000 mg Film-coated Tablets (Boehringer Ingelheim International GmbH, Germany)",COMPLETED,PHASE1,64.0
NCT03099122,A Study of Thymoglobuline® Induction Therapy in Adult Recipients of Donated After Cardiac Death Kidney Transplant,COMPLETED,PHASE4,115.0
NCT00443222,"Treatment With TNF Blockade, Infliximab, in Patients With Myositis",COMPLETED,PHASE2,
NCT07201922,A Study to Test Whether Nerandomilast Can Help Slow Down Changes in the Lung in People With a Family History of Pulmonary Fibrosis,RECRUITING,PHASE3,80.0
NCT01129622,Effect of Aromatase Inhibitors on Breast Magnetic Resonance Imaging (MRI),COMPLETED,PHASE2,16.0
NCT00001422,A Controlled Trial of Intermittent Fludarabine for Psoriatic Arthritis,COMPLETED,PHASE2,20.0
NCT05756322,The Safety and Tolerability of LBS-007 in Patients With Relapsed or Resistant Acute Leukaemias,RECRUITING,PHASE1,90.0
NCT05355051,A Phase II Study of the Combination of Azacitidine and Pembrolizumab for Patients Relapsed/Refractory Hodgkin's Lymphoma,RECRUITING,PHASE2,24.0
NCT01975129,A Pharmacokinetic Study of Vaginally and Intravenously Administered Oxytocin,COMPLETED,PHASE2,12.0
NCT06690229,Evaluation of Different Cementation Materials Used in Prefabricated Pediatric Zirconia Crowns,ACTIVE_NOT_RECRUITING,NA,36.0
NCT01686802,Post-operative Oral Morphine Versus Ibuprofen,COMPLETED,PHASE2,132.0
NCT00829231,Hepatic Impairment Study,COMPLETED,PHASE1,45.0
NCT04432831,A Study to Evaluate the Long-Term Safety and Tolerability of Faricimab in Participants With Diabetic Macular Edema,COMPLETED,PHASE3,1479.0
NCT05225831,Safety and Efficacy of CD19/CD22 Dual Targeted CAR-T Cell Therapy in R/R B-Cell Acute Lymphoblastic Leukemia,UNKNOWN,EARLY_PHASE1,100.0
NCT06219902,A Study to Learn if Elinzanetant Affects the Ability to Drive and Brain Function in Healthy Women,COMPLETED,PHASE1,64.0
NCT07495631,Pediatric-Inspired Regimen Combined With Venetoclax and Immunotherapy for Adult Ph-Negative Acute Lymphoblastic Leukemia,RECRUITING,NA,43.0
NCT06976853,Moving Beyond Inflammation as a Therapeutic Target for Crohn's Disease,RECRUITING,PHASE2,60.0
NCT06003231,A Study of Disitamab Vedotin in Previously Treated Solid Tumors That Express HER2,ACTIVE_NOT_RECRUITING,PHASE2,120.0
NCT03239145,Pembrolizumab (Anti-PD-1) and AMG386 (Angiopoietin-2 (Ang-2) in Patients With Advanced Solid Tumor,COMPLETED,PHASE1,62.0
NCT03489837,Phase III Study to Evaluate the Efficacy and Safety of HOB-048 CR Tab. in Comparison With HOB-048 Syrup in Patients With Cough Due to Acute or Chronic Bronchitis,COMPLETED,PHASE3,272.0
NCT03535545,"Preliminary Evaluation of [68Ga]CBP8 in Healthy Individuals, Lung Cancer, and Idiopathic Pulmonary Fibrosis Patients",RECRUITING,PHASE1,100.0
NCT02438072,Drug Metabolism and Antidepressant,UNKNOWN,NA,100.0
NCT03436472,Dexmedetomidine and 5-year Outcome in Elderly Patients After Surgery,COMPLETED,NA,700.0
NCT05194072,A Study of Felmetatug Vedotin/SGN-B7H4V in Advanced Solid Tumors,TERMINATED,PHASE1,250.0
NCT06968572,Phase I Study of HSK41959 in Solid Tumors With MTAP Deletion,RECRUITING,PHASE1,245.0
NCT06391372,Effect of Local Estriol Treatment Before Vaginal Repair Surgery,ACTIVE_NOT_RECRUITING,PHASE3,36.0
NCT02581072,A Thorough ECG Study in Subjects With Acne Vulgaris Treated With SB204,COMPLETED,PHASE1,56.0
NCT04677972,SPI-1005 for the Treatment of Meniere's Disease,COMPLETED,PHASE3,254.0
NCT02744495,Prophylaxis of Postoperative Nausea and Vomiting After Cardiac Surgery,COMPLETED,PHASE3,502.0
NCT05611372,Efficacy and Safety of Rasagiline in Prodromal Parkinson's Disease,WITHDRAWN,PHASE2,0.0
NCT02851472,Prevention of Transfusion Related Acute Gut Injury (TRAGI) in Extremely Low Gestational Age Neonates (ELGANs) Using iNO,UNKNOWN,PHASE1,50.0
NCT01181895,Study B2C112060: A Study of the Efficacy and Safety of Vilanterol Inhalation Powder in Adults and Adolescents With Persistent Asthma,COMPLETED,PHASE3,348.0
NCT00001962,A Study to Determine Whether Therapy With Daclizumab Will Benefit Patients With Bone Marrow Failure,TERMINATED,PHASE2,100.0
NCT01079962,"An Active-controlled, Clinical Trial to Assess Central Hemodynamic Effects of Bisoprolol in Hypertensive Patients (Central Hemodynamic Assessment Measured in Patient With HypertensION [CHAMPION])",COMPLETED,PHASE4,209.0
NCT07144462,"A Study to Evaluate the Safety, Tolerability, and Preliminary Efficacy of NEUK203-215 Injection in Adult Chinese Patients With Relapsed/Refractory Autoimmune Diseases",RECRUITING,EARLY_PHASE1,8.0
NCT00098046,Famciclovir Oral Pediatric Formulation in Children 1-12 Years of Age With Varicella Zoster Infection,COMPLETED,PHASE3,76.0
NCT02104388,Safety and Efficacy Study of SJP-0035 Ophthalmic Solution in Patients With Moderate to Severe Corneal Epithelial Disorders,COMPLETED,PHASE2,69.0
NCT04404088,"Acalabrutinib, Lenalidomide, and Rituximab for the Treatment of CD20 Positive Stage III-IV, Grade 1-3a Follicular Lymphoma",ACTIVE_NOT_RECRUITING,PHASE2,60.0
NCT03910088,Pregabalin Versus Hydrocortisone for Postdural Puncture Headache After Spinal for Cesarean,COMPLETED,PHASE4,30.0
NCT03332888,Safety of HMA-CD20 in Patients With HFrEF,UNKNOWN,PHASE2,10.0
NCT07683403,Savolitinib Plus Cetuximab and FOLFOX Chemotherapy for RAS/BRAF Wild-type Metastatic Colorectal Cancer,NOT_YET_RECRUITING,PHASE1,138.0
NCT03340103,Early Administration of the Lutein/Zeaxanthin in Premature Newborns,WITHDRAWN,NA,0.0
NCT06196203,A Study of AK117 in Combination With Azacitidine in Patients With Myelodysplastic Syndromes,RECRUITING,PHASE2,90.0
NCT03654703,Improved Post-Transplant Cyclophosphamide Regimens for Pediatric Patients With Refractory AML,UNKNOWN,PHASE2,100.0
NCT01545427,Proof of Concept Trial of Gleevec (Imatinib) in Active Diffuse Scleroderma,TERMINATED,PHASE2,10.0
NCT05249127,64Cu-SAR-bisPSMA for Identification of Participants With Recurrence of Prostate Cancer (COBRA),COMPLETED,PHASE1,52.0
NCT04509661,Efficacy and Safety of Inhaled Bronchodilator in Non-CF Bronchiectasis With Airflow Limitation,UNKNOWN,PHASE4,200.0
NCT00003261,Chemotherapy and Radiation Therapy in Treating Patients With HIV-Related Primary Central Nervous System Lymphoma,UNKNOWN,PHASE2,14.0
NCT02010242,Safety and Efficacy of Oral GKT137831 in Patient With Type 2 Diabetes and Albuminuria,COMPLETED,PHASE2,136.0
NCT02067442,"Prospective, Randomized, Double Blind Study Comparing IV vs PO Acetaminophen in Patients Undergoing Lumbar Discectomy",UNKNOWN,NA,100.0
NCT00411242,"Efficacy, Safety and Tolerability of Agomelatine in the Treatment of Major Depressive Disorder",COMPLETED,PHASE3,503.0
NCT01007942,Daily Everolimus in Combination With Trastuzumab and Vinorelbine in HER2/Neu Positive Women With Locally Advanced or Metastatic Breast Cancer,COMPLETED,PHASE3,569.0
NCT01187186,A Study to Assess the Effect of Hepatic Function on the Pharmacokinetics and Safety of ASP1941,COMPLETED,PHASE1,16.0
NCT00034086,Study of Anti-HIV Therapy Intensification,COMPLETED,NA,22.0
NCT06666270,Study of SYN818 for the Treatment of Advanced or Metastatic Solid Tumors,RECRUITING,PHASE1,30.0
NCT01525173,A Safety and Efficacy Study of ALPHAGAN® P and LUMIGAN® in Subjects Previously Treated With Latanoprost for Glaucoma and Ocular Hypertension,COMPLETED,PHASE4,137.0
NCT02111473,"The Effect of Testosteron Replacement Treatment on the Fibroblast Growth Factor-23, Asymmetric Dimethylarginine and Vitamin D Levels in the Congenital Hypogonadotropic Hypogonadism",COMPLETED,PHASE4,49.0
NCT03785873,Phase Ib/II Trial of Nal-Irinotecan and Nivolumab as Second-Line Treatment in Patients With Advanced Biliary Tract Cancer,COMPLETED,PHASE1,34.0
NCT02216669,Trial to Determine Optimal Phase II Dose of the Oral Dual CAIX Inhibitor/ Radiosensitizer,WITHDRAWN,PHASE1,0.0
NCT03281369,A Study of Multiple Immunotherapy-Based Treatment Combinations in Patients With Locally Advanced Unresectable or Metastatic Gastric or Gastroesophageal Junction Cancer (G/GEJ) or Esophageal Cancer (Morpheus-Gastric and Esophageal Cancer),COMPLETED,PHASE1,214.0
NCT02048683,A Pharmacokinetic Study of Sevoflurane Inhalation in Burn ICU Patients,COMPLETED,PHASE2,24.0
NCT02709083,"Dasatinib or Nilotinib Followed by Imatinib in Patients With Newly Diagnosed, Chronic Phase Chronic Myeloid Leukemia",TERMINATED,PHASE2,7.0
NCT00170183,Brain Natriuretic Peptide (BNP) to Preserve Renal Function in Hospitalized Patients With Heart Failure,COMPLETED,PHASE3,104.0
NCT05257941,ESP Block VS Intrathecal Opioid After Laparoscopic Colorectal Surgery,TERMINATED,PHASE1,116.0
NCT07657741,Papaverine and Sublingual Microcirculation in Septic Shock,NOT_YET_RECRUITING,NA,20.0
NCT02326441,"Safety, Tolerability & PK of KX2-361 in Subjects w Adv. Malignancies Refractory to Conventional Therapies",COMPLETED,PHASE1,29.0
NCT07282041,Role of GLP1 RA Dulaglutide on Severe Intracranial Atherosclerosis,RECRUITING,PHASE2,130.0
NCT00603941,"A Phase 1/2 Study of CS7017, an Oral PPARγ Agonist, in Combination With Paclitaxel",TERMINATED,PHASE1,19.0
NCT00605241,A Study To Assess The Effects Of A Single Dose Of GSK598809 In Modulating Nicotine Reward,COMPLETED,PHASE1,29.0
NCT01673854,Phase II Safety Study of Vemurafenib Followed by Ipilimumab in Subjects With V600 BRAF Mutated Advanced Melanoma,COMPLETED,PHASE2,70.0
NCT04635605,Methylene Blue Treatment of COVID-19,COMPLETED,PHASE2,29.0
NCT05355805,Hidradenitis Suppurativa Phase 2b Study of Izokibep,COMPLETED,PHASE2,205.0
NCT05549505,A Trial Using ARV-471 or Anastrozole in Post-Menopausal Women With Breast Cancer Prior to Surgery,COMPLETED,PHASE2,152.0
NCT05037851,An Open-label Safety Study of PC945 (Opelconazole) Prophylaxis or Pre-emptive Therapy Against Pulmonary Aspergillosis in Lung Transplant Recipients (OPERA-S Study),COMPLETED,PHASE2,102.0
NCT01360866,Safety and Tolerability of Oral OPC-34712 as Adjunctive Therapy in Adults With Major Depressive Disorder (the Orion Trial),COMPLETED,PHASE3,2944.0
NCT04996056,"An Open-Label, Randomized Pilot Study Comparing the Safety of a Single Dose of TNX-1300 to Usual Care (UC) Alone for the Treatment of Signs and Symptoms of Acute Cocaine Intoxication in Male Emergency Department (ED) Subjects",WITHDRAWN,PHASE2,0.0
NCT05163756,To Evaluate the Efficacy and Safety of DW1903 in Acute and Chronic Gastritis Patient,COMPLETED,PHASE3,332.0
NCT02793856,PD-1 Knockout Engineered T Cells for Metastatic Non-small Cell Lung Cancer,COMPLETED,PHASE1,12.0
NCT01345851,Image-Guided Hypofractionated Radiation Therapy With Stereotactic Body Radiation Therapy Boost and Combination Chemotherapy in Treating Patients With Stage II-III Non-Small Cell Lung Cancer That Cannot Be Removed By Surgery,ACTIVE_NOT_RECRUITING,NA,29.0
NCT03599622,An Investigational Study of Experimental Medication BMS-986165 in Participants With Moderate to Severe Crohn's Disease,TERMINATED,PHASE2,239.0
NCT00081822,Study of Clofarabine & Cytosine Arabinoside Therapy for Older Adults With Acute Myeloid Leukemia,COMPLETED,PHASE1,23.0
NCT02958202,Extension Study of BMN 044 in Duchenne Muscular Dystrophy (DMD),TERMINATED,PHASE2,7.0
NCT01602302,Ultrasound and Withdrawal of Biological DMARDs in Rheumatoid Arthritis,TERMINATED,PHASE4,40.0
NCT03427502,Anterior Ethmoidal Nerve Block in Prevention of Postoperative Agitation,COMPLETED,NA,100.0
NCT05890729,A Study of XTMAB-16 in Patients With Pulmonary Sarcoidosis,RECRUITING,PHASE1,94.0
NCT01638429,Role of Methane in Glycemic Control,COMPLETED,EARLY_PHASE1,11.0
NCT02918929,A Study of EDP 305 in Healthy Subjects and Subjects With Presumptive NAFLD,COMPLETED,PHASE1,146.0
NCT02537002,Single Dose Study of PF-05230907 in Healthy Japanese Subjects,COMPLETED,PHASE1,17.0
NCT04973137,A Study to Evaluate the Efficacy and Safety of Birtamimab in Mayo Stage IV Patients With AL Amyloidosis,TERMINATED,PHASE3,208.0
NCT01400737,Oral Ibuprofen Prophylaxis for Patent Ductus Arterioses in Very Extremely Low Birth Weight Infants,UNKNOWN,NA,200.0
NCT01222845,"Glycaemic, Insulinaemic and Appetite Responses to Two Different Types of Porridge",COMPLETED,NA,13.0
NCT00698945,"Comparison of Istalol™ 0.5% QD (Timolol Maleate/Sorbitol Complex, ISTA Pharmaceutical) to Brimonidine Tartrate 0.1% BID as Adjunctive Therapy to Latanoprost 0.005% in Adults With Ocular Hypertension (OHT) or Open-Angle Glaucoma (OAG)",COMPLETED,PHASE4,40.0
NCT07658872,Perioperative Fruquintinib Combined With Sintilimab and SOX for Locally Advanced Gastric or GEJ Adenocarcinoma,NOT_YET_RECRUITING,PHASE2,120.0
NCT05093972,Ulonivirine (MK-8507) in Participants With Mild or Moderate Hepatic Impairment (MK-8507-014),NOT_YET_RECRUITING,PHASE1,22.0
NCT00939172,TTP607 in Refractory Solid Malignancies,WITHDRAWN,PHASE1,0.0
NCT06648772,Efficacy and Safety of Roflumilast Cream 0.3% in Subjects With Plaque Psoriasis: a Phase 3 Study,COMPLETED,PHASE3,190.0
NCT02582372,Subarachnoidal Anesthesia: Dexmedetomidine vs Fentanyl Plus Hyperbaric Bupivacaine for Lower Abdomen Surgery,COMPLETED,PHASE4,50.0
NCT05948072,Cetuximab+mFOLFOX6 VS. mFOLFOX6 Alone in RAS/BRAF Wild Type Patients With High-Risk Resectable CRLM,UNKNOWN,PHASE3,250.0
NCT03440372,Induction Study #1 of Oral Ozanimod as Induction Therapy for Moderately to Severely Active Crohn's Disease,TERMINATED,PHASE3,625.0
NCT00785395,Up-Down Oxytocin Infusion,COMPLETED,PHASE4,40.0
NCT05623995,Effect of Evolocumab on Chronic Total Occlusions (EVOLO-CTO),UNKNOWN,PHASE4,200.0
NCT03432195,A Clinical Study to Evaluate the Pharmacokinetics (PK) of Corplex™ Donepezil Transdermal Delivery System (TDS) Applied to Different Body Locations,COMPLETED,PHASE1,66.0
NCT03212495,Intra-articular Dexmedetomidine Versus Neostigmine After Knee Arthroscopy (a Comparative Study),COMPLETED,PHASE2,100.0
NCT05890495,Patient-Applied Pretreatment Analgesia for Intrauterine Device Placement,UNKNOWN,PHASE4,120.0
NCT00011895,Safety and Effectiveness of TRIZIVIR (Abacavir/Lamivudine/Zidovudine) With Efavirenz in HIV-Infected Patients Who Have Never Taken Anti-HIV Drugs,UNKNOWN,PHASE4,400.0
NCT00189995,Clozapine IM and Aggression in Schizophrenic Patients,WITHDRAWN,PHASE3,0.0
NCT00080795,"Neoadjuvant Ifosfamide, Doxorubicin, Gemcitabine, and Cisplatin in Treating Patients Who Are Undergoing Radical Cystectomy for Locally Advanced Carcinoma (Cancer) of the Urothelium",COMPLETED,PHASE2,65.0
NCT00992095,Bioequivalency Study of Buprenorphine Hydrochloride 8 mg Tablet Under Fasted Conditions,COMPLETED,NA,48.0
NCT00171795,Efficacy and Safety of Rivastigmine in Patients With Traumatic Brain Injury and Cognitive Impairment,COMPLETED,PHASE3,67.0
NCT01690195,Safety and Tolerability Study Evaluating a New Treatment for Subjects With Mild to Moderate Alzheimer's Disease,TERMINATED,PHASE2,343.0
NCT07581795,Study of Paclitaxel Polymeric Micelles Combined With HP and Adebelimab Versus Taxane Combined With HP as First-Line Treatment for Advanced HER2-Positive Breast Cancer,NOT_YET_RECRUITING,PHASE2,140.0
NCT00045695,Bortezomib in Treating Patients With Waldenstrom's Macroglobulinemia,COMPLETED,PHASE2,27.0
NCT00526695,Effects of Sevoflurane in Subanesthetic Concentrations on the Forearm Perfusion,UNKNOWN,PHASE4,10.0
NCT02184195,Olaparib in gBRCA Mutated Pancreatic Cancer Whose Disease Has Not Progressed on First Line Platinum-Based Chemotherapy,COMPLETED,PHASE3,154.0
NCT03968939,Total Joint Arthroplasty and Sleep,COMPLETED,PHASE4,55.0
NCT00517439,A Study of Hepatitis C Virus (HCV) Polymerase Inhibitor Pro-Drug in Combination With PEGASYS Plus COPEGUS Compared With PEGASYS Plus COPEGUS in Patients With Chronic Hepatitis C Genotype 1 Infection.,COMPLETED,PHASE2,516.0
NCT04570839,COM701 in Combination With BMS-986207 and Nivolumab in Subjects With Advanced Solid Tumors.,COMPLETED,PHASE1,48.0
NCT02285439,Study of MEK162 for Children With Low-Grade Gliomas,COMPLETED,PHASE1,105.0
NCT00406575,Recombinant Human Relaxin for the Treatment of Decompensated CHF,TERMINATED,PHASE2,11.0
NCT00634075,Clinical Assessment of Fish Oil-based Lipid Emulsion Infusions in Critical Patients With Severe Sepsis,COMPLETED,PHASE4,100.0
NCT05582577,Additional Effect of Subthreshold Micropulse Laser to Intravitreous Injection of Bevacizumab on Diabetic Macular Edema,UNKNOWN,PHASE2,30.0
NCT07288177,Study to Assess the Efficacy and Safety of Rina-S in Participants With Non-small Cell Lung Cancer,RECRUITING,PHASE2,240.0
NCT06993675,Engaging T-cells to Eliminate MRD in Newly Diagnosed Myeloma Optimizing Response With Talquetmab and Teclistamab (ROTATE),RECRUITING,PHASE2,50.0
NCT05091775,The Efficacy of Asacol (Mesalazine) Suppository on the Treatment of Diarrhea-Induced Acute Fissure,COMPLETED,PHASE1,140.0
NCT01135862,Platelet Administration To Patients With Traumatic Brain Injury Who Were Treated With Aspirin,UNKNOWN,PHASE2,100.0
NCT00559962,Evaluate Low Doses of AEGR-733 on Hepatic Fat Accumulation by MRS,COMPLETED,PHASE2,260.0
NCT05830162,Oral Antibiotics After Obstetric Perineal Tear,COMPLETED,PHASE4,442.0
NCT01154062,A Study to Evaluate Pazopanib Tablets in Patients Who Have Neovascular Age-related Macular Degeneration,COMPLETED,PHASE1,15.0
NCT05212246,Basal Cell Carcinoma Chemoprevention Trial,NOT_YET_RECRUITING,PHASE3,1630.0
NCT00654446,IIIb 6 Week Open Label Multicentre Rosuvastatin & Simvastatin,COMPLETED,PHASE3,442.0
NCT00729846,Bevacizumab in Combination With Visudyne Photodynamic Therapy (PDT),COMPLETED,PHASE2,22.0
NCT01304303,Pharmacokinetic and Safety Study of SPARC1023 Alone and in Carboplatin Combination,COMPLETED,PHASE1,57.0
NCT04703088,ONDANSETRON AND EFFECTIVE DOSE IN 50% OF SUBJECTS OF PROPHYLACTIC NOREPINEPHRINE INFUSIONS FOR PREVENTING SPINAL ANESTHESIA-INDUCED HYPOTENSION DURING CESAREAN DELIVERY,UNKNOWN,PHASE3,60.0
NCT02721888,Effect of Liraglutide on Fatty Liver Content and Lipoprotein Metabolism,TERMINATED,PHASE4,127.0
NCT07214727,A Study to Evaluate ALN-5288 in Patients With Alzheimer's Disease,RECRUITING,PHASE1,50.0
NCT00665327,Avelox for Treatment of Elderly Patients With Community Acquired Pneumonia,COMPLETED,PHASE4,401.0
NCT00725127,Chronotherapy with Low-dose Aspirin for Primary Prevention,ACTIVE_NOT_RECRUITING,PHASE4,3200.0
NCT00361842,Multicenter Study Of CPX-1 (Irinotecan HCl: Floxuridine) Liposome Injection In Patients With Advanced Colorectal Cancer,COMPLETED,PHASE2,65.0
NCT05642442,A Study of Suvecaltamide in Adults With Moderate to Severe Residual Tremor in Parkinson's Disease,COMPLETED,PHASE2,169.0
NCT03942042,A Study of Ixekizumab (LY2439821) in Participants in Japan With Generalized Pustular Psoriasis and Erythrodermic Psoriasis,COMPLETED,PHASE4,12.0
NCT04423861,Efficacy and Safety of Nitazoxanide 600 mg BID Versus Placebo for the Treatment of Hospitalized Patients With COVID-19,UNKNOWN,PHASE3,380.0
NCT02363361,Treatment of Cervical Spinal Cord Injury With Imatinib - a Safety and Feasibility Study,UNKNOWN,PHASE2,10.0
NCT07123870,Effect of Combined Intravenous-Inhalational Anesthesia (CIVIA) on Postoperative Recovery Patterns.,RECRUITING,PHASE4,210.0
NCT01968070,A Study of LY3127760 in Healthy Participants,COMPLETED,PHASE1,80.0
NCT01133873,Multiple-Ascending-Dose Study to Evaluate the Safety of Propoxyphene Napsylate In Healthy Adult Subjects,TERMINATED,PHASE4,48.0
NCT00877773,Phosphatidylinositol 3 Kinase and Mammalian Target of Rapamycin (PI3K-mTOR) in Advanced Cancer Patients,TERMINATED,PHASE1,44.0
NCT05223673,Phase 3 Study of Futuximab/Modotuximab in Combination With Trifluridine/Tipiracil Versus Trifluridine/Tipiracil Single Agent in Participants With Previously Treated Metastatic Colorectal Cancer,TERMINATED,PHASE3,7.0
NCT00972673,A Study of GW685698X in Healthy Japanese Male Subjects,COMPLETED,PHASE1,48.0
NCT02667873,A Trial of a Novel XPO1 Inhibitor in Participants With Advanced Solid Tumors,COMPLETED,PHASE1,72.0
NCT04342169,University of Utah COVID-19 Hydrochloroquine Trial,COMPLETED,PHASE2,368.0
NCT02706483,Long Term Safety Study of Plecanatide,COMPLETED,PHASE3,2272.0
NCT01721941,TH-302 Plus Doxorubicin Delivered by Trans-Arterial Chemoembolization (TACE) in Patients With Hepatocellular Carcinoma,UNKNOWN,PHASE1,20.0
NCT05651841,REVErsing Airway Remodelling With Tezepelumab,COMPLETED,PHASE3,90.0
NCT00002883,Surgery With or Without Combination Chemotherapy in Treating Patients With Cancer of the Esophagus,COMPLETED,PHASE3,250.0
NCT00873041,Efficacy and Safety of Deferasirox in Non-transfusion Dependent Thalassemia Patients With Iron Overload and a One Year Open-label Extension Study,COMPLETED,PHASE2,166.0
NCT02915354,Relapse of Ankylosing Spondylitis Patients Withdrawal Etanercept After Clinical Remission: a Following-up Study,COMPLETED,PHASE4,35.0
NCT00453154,"Cisplatin or Carboplatin, and Etoposide With or Without Sunitinib Malate in Treating Patients With Extensive-Stage Small Cell Lung Cancer",COMPLETED,PHASE1,156.0
NCT02559154,Modified Bortezomib-based Combination Therapy for Multiple Myeloma,UNKNOWN,PHASE4,80.0
NCT05983354,Oral Medications for the Management of Acute Migraine Headache in the Emergency Department,UNKNOWN,NA,55.0
NCT00263354,Oxaliplatin in Gastric Cancer,COMPLETED,PHASE2,20.0
NCT01258205,Multiple Ascending Doses of AMG 139 in Healthy and Crohn's Disease Subjects,COMPLETED,PHASE1,48.0
NCT00427505,Study to Investigate the Effect of Deferasirox on the Pharmacokinetics of Midazolam,COMPLETED,PHASE1,22.0
NCT03668405,A Study to Evaluate the Long-term Safety and Tolerability of Lu AF20513 and the Antibody Response in Patients With Alzheimer's Disease (AD),TERMINATED,PHASE1,18.0
NCT03901105,Evaluation of Flortaucipir PET Signal and Cognitive Change in Early Alzheimer's Disease,COMPLETED,PHASE3,205.0
NCT04326894,Methorexate and Knee Osteoarthritis,COMPLETED,PHASE4,128.0
NCT05199194,Randomization to Endovascular Treatment Alone or Preceded by Systemic Thrombolysis With Tenecteplase in Ischemic Stroke,RECRUITING,PHASE3,398.0
NCT06644794,Progesterone-modified Natural Cycle for FET,RECRUITING,PHASE3,336.0
NCT01200394,"A Phase 2, Placebo-Controlled Study To Evaluate The Efficacy And Safety Of PF-00489791 In Patients With Type 2 Diabetes And Overt Nephropathy",COMPLETED,PHASE2,256.0
NCT06325566,Efficacy and Safety of Rexlemestrocel-L Combined With HA* in Participants With Moderate to Severe Chronic Low Back Pain,ACTIVE_NOT_RECRUITING,PHASE3,300.0
NCT04983966,Comparison of Postoperative QoR-15 Scores Between Desflurane and Remimazolam in Lumbar Fusion Surgery,COMPLETED,NA,76.0
NCT03997266,NICU Antibiotics and Outcomes Trial,COMPLETED,PHASE4,359.0
NCT02753166,Dexamethasone as an Immediate Intervention,WITHDRAWN,PHASE1,0.0
NCT02185066,"Phase 1 Study to Compare the Safety, Pharmacokinetic Profiles of CJ-30056 and Lipitor/Glucophage XR",COMPLETED,PHASE1,42.0
NCT01934166,Pharmacokinetic Properties of Nalmefene in Subjects With Renal Impairment and in Healthy Subjects,COMPLETED,PHASE1,32.0
NCT04169256,"Safety, Tolerability, Pharmacokinetic and Pharmacodynamic Profile of HYR-PB21 in Healthy Volunteers",COMPLETED,PHASE1,32.0
NCT02810756,Study With Improved Solubility Pazopanib,COMPLETED,EARLY_PHASE1,12.0
NCT00947856,A Brentuximab Vedotin Trial for Patients Who Have Previously Participated in a Brentuximab Vedotin Study,COMPLETED,PHASE2,110.0
NCT02883556,Study of Pembrolizumab as First Line Therapy in Patients With Unresectable Squamous Cell Carcinoma of the Skin,COMPLETED,PHASE2,57.0
NCT06439056,Phase 1 Study Assessing the Pharmacokinetics of NEX-22A in Subjects With T2D,COMPLETED,PHASE1,12.0
NCT00267956,An Effectiveness and Safety Study of CNTO 1275 in Patients With Active Psoriatic Arthritis,COMPLETED,PHASE2,146.0
NCT02183051,Study to Compare the the Analgesic Efficacy and Tolerability of Meloxicam Versus Placebo and Ibuprofen in the Treatment of Pain After Surgery of the Third Molar,COMPLETED,PHASE2,381.0
NCT00730756,A Pilot Study In Adults And Adolescents With Irritant (Non-Allergic) Rhinitis,COMPLETED,PHASE2,102.0
NCT02576951,A Study of Galcanezumab in Healthy Participants,COMPLETED,PHASE1,178.0
NCT00370851,Intravitreal Bevasizumab VS Sham Treatment in Acute BRVO: A Randomized Clinical Trial,COMPLETED,PHASE3,82.0
NCT02530151,Intra-articular Morphine and Clonidine Injections for Pain Management in Hip Arthroscopy,COMPLETED,PHASE4,70.0
NCT06599151,PETMRI for Chronic Pain from Spinal or Peripheral Nerve Origin,NOT_YET_RECRUITING,PHASE1,200.0
NCT02973451,Laparoscopic Guided Transversus Abdominis Plane Block Versus Trocar Site Infiltration in Gynecologic Laparoscopy.,COMPLETED,PHASE2,80.0
NCT01603251,Trial of Artemether-Lumefantrine Alone and in Combination With Ivermectin to Reduce Post-Treatment Malaria Transmission,COMPLETED,PHASE1,120.0
NCT00235651,Abelcet Radiotagging Protocol: Inhaled Lipid Complex Abelcet® in Lung Transplant Recipients,TERMINATED,PHASE3,12.0
NCT05461131,Pertussis Challenge Study in Adults Vaccinated With BPZE1,COMPLETED,PHASE2,53.0
NCT06388031,ICI Rechallenge for Advanced NSCLC With Long-Term Response to First-Line ICI,RECRUITING,PHASE2,27.0
NCT00939731,Relative Drug Exposures Of Two Formulations of PF-02341066,COMPLETED,PHASE1,24.0
NCT04301531,"Determining the Impact of Scaling up Mass Testing, Treatment and Tracking on Malaria Prevalence in Ghana",COMPLETED,NA,5861.0
NCT01165502,Clinical Study to Investigate Safety and Tolerability and Pharmacokinetics of Multiple Ascending Doses of CM3.1-AC100 in Healthy Male Volunteers,COMPLETED,PHASE1,40.0
NCT04990102,Phase IB/II of CPX-351 for Relapse Prevention in AML,RECRUITING,PHASE1,24.0
NCT00899431,Nonmyeloablative Stem Cell Transplantation for Chronic Lymphocytic Leukemia (CLL),TERMINATED,PHASE2,39.0
NCT04756531,STUDY OF PF-07321332 IN HEALTHY PARTICIPANTS,COMPLETED,PHASE1,70.0
NCT02051231,Recovery of Oxytocin Responsiveness in Pregnant Human Myometrial Explants After Oxytocin-Induced Desensitization,COMPLETED,NA,22.0
NCT03530631,Neuroimaging the Expectancy Versus Pharmacotherapy Effect of Adderall on Cognitive Performance,COMPLETED,PHASE4,4.0
NCT01539031,Compare the Efficacy and Safety of Donepezil Hydrochloride 23 mg Treatment With Continuation of Donepezil Hydrochloride 10 mg Treatment in Japanese Subjects With Severe Alzheimer's Disease,COMPLETED,PHASE3,351.0
NCT02832531,"INVestIgation of rheumatiC AF Treatment Using Vitamin K Antagonists, Rivaroxaban or Aspirin Studies, Superiority",WITHDRAWN,PHASE3,0.0
NCT01162031,Phase II Study of VELCADE for Relapsed or Refractory T-cell Prolymphocytic Leukemia,WITHDRAWN,PHASE2,0.0
NCT03626831,Effect of Evolocumab on Vascular Function,COMPLETED,PHASE4,105.0
NCT01088802,Treatment De-Intensification for Squamous Cell Carcinoma of the Oropharynx,COMPLETED,PHASE2,60.0
NCT01915602,Refametinib in Combination With Sorafenib in RAS Mutant Hepatocellular Carcinoma (HCC),COMPLETED,PHASE2,14.0
NCT02946437,Sevoflurane in Subarachnoidal Haemorrhage,WITHDRAWN,PHASE2,0.0
NCT00362037,I SELECT - Irbesartan In Hypertensive Patients With Left Ventricular Hypertrophy,COMPLETED,PHASE4,281.0
NCT00833937,Zolpidem Tartrate 10 mg Tablets Under Non-Fasting Conditions,COMPLETED,PHASE1,24.0
NCT04514237,"Study to Determine the Relative Bioavailability, Single and Repeat Dose Pharmacokinetics, Safety and Tolerability of BOS172767 Enantiomers in Healthy Subjects",COMPLETED,PHASE1,12.0
NCT06244745,Effects of Letrozole During the Luteal Phase After Controlled Ovarian Stimulation in Oocyte Donors.,RECRUITING,PHASE3,152.0
NCT07461545,Efficacy of Apixaban in the Treatment of Portal Vein Thrombosis Occurring More Than One Year After LS,RECRUITING,NA,20.0
NCT00410345,Cervical Rippening With Antiprogesterone in Midtrimester Abortions,COMPLETED,PHASE4,145.0
NCT00932945,Dermacyd PH_DESILSTY_FR (Lactic Acid) - Acceptability - Stay on Frutal,COMPLETED,PHASE3,32.0
NCT05275972,Descemet Endothelial Thickness Comparison Trial II,RECRUITING,PHASE3,60.0
NCT04295772,Doravirine/Islatravir (DOR/ISL) in Pediatric Participants With Human Immunodeficiency Virus Type 1 (HIV-1) Who Are <18 Years of Age and Weigh ≥35 kg (MK-8591A-028),COMPLETED,PHASE2,42.0
NCT05591872,Low Dose Heparin Factorial Trial,UNKNOWN,PHASE3,800.0
NCT03644472,Postmenopausal Women and Their Endothelium,COMPLETED,PHASE2,37.0
NCT04725695,Preoperative Viscous Lidocaine for Upper Gastrointestinal Endoscopy,TERMINATED,PHASE4,119.0
NCT03359395,Pre-medication With Alfentanil vs Placebo During ECT,COMPLETED,PHASE4,100.0
NCT04212039,Pericapsular Nerve Group (PENG) Block for Congenital Hip Dislocation Surgery,COMPLETED,NA,48.0
NCT05168839,Intraoperative Indocyanine Green Fluorescence Angiography in Colorectal Surgery to Prevent Anastomotic Leakage,RECRUITING,PHASE3,1010.0
NCT02514577,Safety and Efficacy of IDP-122 in the Treatment of Participants With Plaque Psoriasis,COMPLETED,PHASE3,217.0
NCT01204177,Assessing BAY86-9766 Plus Sorafenib for the Treatment of Liver Cancer.,COMPLETED,PHASE2,70.0
NCT04152577,R2 and Combination Chemotherapy Versus R and Combination Chemotherapy in Newly Diagnosed Highly Aggressive B-NHL,UNKNOWN,PHASE4,200.0
NCT01993875,"Pharmacodynamic, Pharmacokinetic, and Tolerability Study of a Liquid Form of Lubiprostone in Adult Subjects With Chronic Idiopathic Constipation",COMPLETED,PHASE3,164.0
NCT00081757,An Open Protocol for the Compassionate Use of Thalidomide,COMPLETED,PHASE1,250.0
NCT01553357,Lenalidomide and Dexamethasone in Primary Plasma Cell Leukemia,COMPLETED,PHASE2,23.0
NCT02133157,Phase I Study of Sulfatinib(HMPL-012) in Patients With Advanced Solid Tumors,COMPLETED,PHASE1,71.0
NCT05143957,"A Study to Evaluate Sapablursen (Formerly ISIS 702843, IONIS-TMPRSS6-LRx) in Patients With Polycythemia Vera",COMPLETED,PHASE2,50.0
NCT02634801,A Study of Ixekizumab (LY2439821) in Participants With Moderate-to-Severe Plaque Psoriasis Naive to Systemic Treatment,COMPLETED,PHASE3,162.0
NCT01412073,Control of Blood Loss During Caesarean Section,COMPLETED,PHASE3,600.0
NCT07002073,Comparison of the Hemodynamic Effects of Ketamine - Dexmedetomidine (Ketodex) Versus Propofol-ketamine Admixture (Ketofol) During Induction of Anesthesia in Elderly: A Randomized Comparative Study,COMPLETED,NA,102.0
NCT04918069,Capsaicin to Prevent Delayed Chemotherapy Induced Nausea and Vomiting (CapCIN),COMPLETED,PHASE2,160.0
NCT06062069,A Study of CT-868 in Type 1 Diabetes Mellitus,COMPLETED,PHASE2,111.0
NCT00124969,Influence of Amlodipine on the Mortality of Patients With End-Stage Renal Failure,COMPLETED,PHASE4,356.0
NCT04452383,f Adding Ketamine to Propofol For Drug-induced Sleep Endoscopy in Adult Patients With Obstructive Sleep Apnea,UNKNOWN,PHASE4,30.0
NCT03746483,OPTION: A Trial to Assess the Safety & Efficacy of MS1819 in Patients With Exocrine Pancreatic Insufficiency Due to Cystic Fibrosis,COMPLETED,PHASE2,41.0
NCT04930783,NeoVax + CDX-301 and Nivolumab or Pembrolizumab in Melanoma,ACTIVE_NOT_RECRUITING,PHASE1,10.0
NCT06313541,Treatment Response Adapted Hybrid Radiotherapy in Metastatic Non-small Cell Lung Cancer Receiving First-line Immunotherapy,UNKNOWN,PHASE2,146.0
NCT01985841,Bevacizumab in Combination With Chemotherapy in the Neo-adjuvant Setting for HER2 (-) Breast Cancer,TERMINATED,PHASE2,34.0
NCT06063941,High-concentration Small-volume Versus Low-concentration Large-volume Iodine Solution for Esophageal Chromoendoscopy,COMPLETED,NA,450.0
NCT00826241,Dose-Dense Temozolomide + Lapatinib for Recurrent Ependymoma,COMPLETED,PHASE2,58.0
NCT01645254,Phase 1b Malaria Clinical Trial Using Argemone Mexicana in Healthy Adults in Mali,UNKNOWN,PHASE1,24.0
NCT04501354,Evaluation of Clinical and Bone Density Improvement After Implantation of Allogenic Mesenchymal Stem Cell From Umbilical Cord on Osteoporosis Patients,UNKNOWN,PHASE2,5.0
NCT00003954,Melphalan and Stem Cell Transplant Before Total-Body Irradiation and Donor Stem Cell Transplant in Treating Patients With Stage I-III Multiple Myeloma,COMPLETED,PHASE1,40.0
NCT06932705,A Study to Compare to PK Characteristics and Safety Profiles Between PA-111 and PA-111A,RECRUITING,PHASE1,48.0
NCT01074905,Study on the Treatment of Vivax Malaria,COMPLETED,PHASE3,655.0
NCT01314105,"BIBF 1120 + Carboplatin/Pegylated Liposomal Doxorubicin (PLD) in Patients With Advanced Ovarian Cancer, Fallopian Tube Carcinoma or Primary Peritoneal Cancer",COMPLETED,PHASE1,19.0
NCT07572994,Evaluation of the Effect of Adding Sodium Bicarbonate to Lidocaine in the Treatment of Myofascial Pain Syndrome,NOT_YET_RECRUITING,NA,30.0
NCT03739294,Urine Concentrations of Vilanterol After Inhaled Administration of Vilanterol/Fluticasone Furoate,COMPLETED,PHASE2,26.0
NCT05269394,Dominantly Inherited Alzheimer Network Trial: An Opportunity to Prevent Dementia. A Study of Potential Disease Modifying Treatments in Individuals With a Type of Early Onset Alzheimer's Disease Caused by a Genetic Mutation (DIAN-TU),ACTIVE_NOT_RECRUITING,PHASE2,197.0
NCT00661505,A Study of Intravenous Mircera in Hemodialysis Patients With Chronic Renal Anemia,COMPLETED,PHASE3,132.0
NCT02089594,Hyperbaric Oxygen Treatment to Treat Mild Traumatic Brain Injury (mTBI)/Persistent Post-Concussion Syndrome (PPCS),UNKNOWN,PHASE3,59.0
NCT07169994,A Study of YL202 in Combination With Other Anti-tumor Therapies in Patients With Advanced Solid Tumors,RECRUITING,PHASE1,414.0
NCT07047066,A Phase II Clinical Study to Evaluate the Efficacy and Safety of Flazoparib Combined With Temozolomide After the Completion of Standard Concurrent Chemoradiotherapy (CCRT) in Newly Diagnosed Glioblastoma,NOT_YET_RECRUITING,PHASE2,30.0
NCT01440166,"Safety, Tolerability, and Pharmacokinetic Study of CAT-1004 in Healthy Adult Volunteers",COMPLETED,PHASE1,52.0
NCT04296266,Human Salivary Gland Disposition of Alda-341 in Patients Undergoing Salivary Gland Surgery,COMPLETED,EARLY_PHASE1,10.0
NCT01980056,Vosaroxin for Intermediate 2 or High-risk MDS After Failure With Hypomethylating Agent-based Therapy,COMPLETED,PHASE1,10.0
NCT04227756,"Comparative Acute Effects of LSD, Psilocybin and Mescaline",COMPLETED,PHASE1,32.0
NCT04616456,Effect of Verdiperstat on Microglial Activation in Well-characterized MSA Patients,COMPLETED,EARLY_PHASE1,19.0
NCT01884922,"Study Of Vinblastine in Combination With Nilotinib in Children, Adolescents and Young Adults",COMPLETED,PHASE1,35.0
NCT01720056,Verapamil vs Steroid to Prevent Keloid Recurrence,TERMINATED,PHASE4,14.0
NCT01813422,GLobal Assessment of Plaque reGression With a PCSK9 antibOdy as Measured by intraVascular Ultrasound,COMPLETED,PHASE3,970.0
NCT00486122,Evaluation of Continuous Symptom Treatment of ADHD,COMPLETED,PHASE4,282.0
NCT00976222,Intravitreal Ranibizumab in Retinal Pigment Epithelial Detachments,COMPLETED,PHASE4,40.0
NCT02060656,Phase II Study Comparing LR-GEM to R-GEM-P in Second-line Treatment of Diffuse Large B-cell Lymphoma (LEGEND),UNKNOWN,PHASE2,92.0
NCT06673056,A Pivotal Study of N-Acetyl-L-Leucine on Ataxia-Telangiectasia (A-T),ACTIVE_NOT_RECRUITING,PHASE3,60.0
NCT02688556,Phase 3 Study of OTX-101 in the Treatment of Keratoconjunctivitis Sicca,COMPLETED,PHASE3,745.0
NCT04372602,Duvelisib to Combat COVID-19,COMPLETED,PHASE2,28.0
NCT01461031,Effect of Nefopam on Acute Postoperative Pain in Patients Undergoing Orthognathic Surgery,COMPLETED,NA,40.0
NCT00445302,"Safety, Pharmacokinetics (PK), And Hematological Activity Of AMD3100 (Plerixafor) In Subjects With Renal Impairment",COMPLETED,PHASE1,23.0
NCT03166631,A Trial to Find the Safe Dose for BI 891065 Alone and in Combination With BI 754091 in Patients With Incurable Tumours or Tumours That Have Spread,TERMINATED,PHASE1,62.0
NCT03580031,Booster Dose of HCG for Unruptured Follicle in Non IVF/ICSI Cycles,COMPLETED,PHASE4,110.0
NCT03158831,Drug Challenges Without Prior Skin Testing,COMPLETED,PHASE1,166.0
NCT07077902,A Study for Evaluating Safety & Efficacy of Topical Roflumilast 0.3% Foam in Hidradenitis Suppurativa,RECRUITING,PHASE2,10.0
NCT05092802,The Efficacy of HLX208 (BRAF V600E Inhibitor) for Refractory Primary Brain Tumors With BRAF Mutation After First-line Treatment,UNKNOWN,PHASE2,40.0
NCT01630902,Bioequivalence Study of Torrent Pharmaceuticals Ltd's Felodipine Extended-Release Tablets Under Fed Condition,COMPLETED,PHASE1,
NCT05843253,"Study of Ribociclib and Everolimus in HGG and DIPG or Ribociclib and Temozolomide in DHG, H3G34-mutant",RECRUITING,PHASE2,120.0
NCT02580253,Adjuvant Chemotherapy Based on the Adenosine Triphosphate Tumor Chemosensitivity Assay for Hepatocellular Carcinoma After Liver Transplantation,WITHDRAWN,PHASE2,0.0
NCT04392037,Iberdomide Combined With Low-dose Cyclophosphamide and Dexamethasone,ACTIVE_NOT_RECRUITING,PHASE2,60.0
NCT06426537,Colchicine's Efficacy in MI Patients: Comparing PCI and Non-Reperfusion Approaches,COMPLETED,EARLY_PHASE1,63.0
NCT05299437,Metastatic Thyroid Cancer Therapy Optimization With 124I PET Dosimetry,UNKNOWN,PHASE2,50.0
NCT00266253,A Study of GK Activator (2) in Patients With Type 2 Diabetes Mellitus Treated With a Stable Dose of Metformin,COMPLETED,PHASE2,220.0
NCT04830137,A Study of NX-2127 in Adults With Relapsed/Refractory B-cell Malignancies,RECRUITING,PHASE1,248.0
NCT00815945,Multicenter Trial With PegLiposomal Doxorubicin and Carboplatin Combination Chemotherapy in Gynecological Sarcomas and Mixed Epithelial-Mesenchymal Tumors,COMPLETED,PHASE2,41.0
NCT01588145,"Phase I/II Trial to Evaluate Safety, Tolerability and Pharmacokinetic Profile of HM61713 in NSCLC Patients",COMPLETED,PHASE1,273.0
NCT05841472,Anti-PD-1 Antibody Therapies of Camrelizumab in Combination With Pemetrexed and Carboplatin as First-line Treatment in Patients With Advanced or Metastatic Non-Squamous Non-Small Cell Lung Cancer,RECRUITING,PHASE2,60.0
NCT02320045,Study to Evaluate Pharmacokinetics of ITCA 650 in Subjects With Renal Impairment Compared to Normal Subjects,COMPLETED,PHASE1,38.0
NCT02686645,Fecal Microbiota Therapy for Recurrent Clostridium Difficile Infection,UNKNOWN,PHASE2,50.0
NCT01572545,Comparative Effect of Zoledronic Acid Versus Denosumab on Serum Sclerostin of Postmenopausal Women With Low Bone Mass,COMPLETED,NA,91.0
NCT02066545,Safety and Efficacy Study of CLS001Topical Gel Compared to Vehicle in Subjects With Inflammatory Acne Vulgaris,COMPLETED,PHASE2,327.0
NCT05987072,A Study to Learn How the Study Medicine Called Sisunatovir is Tolerated and Acts in the Bodies of Chinese Healthy Adults.,COMPLETED,PHASE1,12.0
NCT05144295,Lubiprostone for Functional Constipation in the Under 18 Years Patients,COMPLETED,PHASE3,274.0
NCT00828139,S0802 - Topotecan With or Without Aflibercept in Treating Patients With Extensive-Stage Small Cell Lung Cancer,COMPLETED,PHASE2,189.0
NCT01093677,"Investigation of the Safety, Tolerability, Pharmacokinetics, and Pharmacodynamics of LIM-0705 in Male Subjects With Impaired Glucose Tolerance",WITHDRAWN,PHASE1,30.0
NCT00000275,Cocaine Abuse and ADHD - 10,COMPLETED,PHASE2,16.0
NCT05665075,Natural Killer (NK) Cell Therapy Targeting CD33 in Acute Myeloid Leukemia,UNKNOWN,PHASE1,19.0
NCT01802775,Edoxaban in Peripheral Arterial Disease,COMPLETED,PHASE2,203.0
NCT00800475,Bioequivalence Study Between Two Oral Formulations of Gemfibrozil Tablets,COMPLETED,PHASE1,40.0
NCT04224675,Captopril Versus Atenolol to Prevent Expansion Rate of Thoracic Aortic Aneurysms,UNKNOWN,NA,424.0
NCT00268957,Study to Compare Sevelamer Carbonate Powder to Sevelamer Hydrochloride Tablets in Patients With CKD on Hemodialysis,COMPLETED,PHASE3,217.0
NCT03621657,The GRAFT Study: Gut RecolonizAtion by Fecal Transplantation,COMPLETED,PHASE2,1.0
NCT05739877,Phamacokinetics and Safety Profiles of DA-1229_01 2.5/500mg in Healthy Subjects at Fed State,UNKNOWN,PHASE1,34.0
NCT03760575,Pembrolizumab in Combination With Chemotherapy and Image-Guided Surgery for Malignant Pleural Mesothelioma (MPM),RECRUITING,PHASE1,20.0
NCT07682675,Study to Evaluate the Efficacy of Zanzalintinib in the Treatment of Relapsed or Metastatic Adenoid Cystic Carcinomas of the Head and Neck,NOT_YET_RECRUITING,PHASE2,51.0
NCT01986075,A Sequenced Behavioral and Medication Intervention for Cocaine Dependence,COMPLETED,PHASE1,145.0
NCT02068157,Interstitial Photodynamic Therapy in Treating Patients With Recurrent Head and Neck Cancer,TERMINATED,PHASE2,3.0
NCT04194957,Improving the Safety of Fluoropyrimidine-based Chemotherapy,UNKNOWN,NA,1440.0
NCT03034057,Sayana Press UK Self-Injection Study,COMPLETED,PHASE4,169.0
NCT03498001,Effects of GLP-1 Agonists on CArdiac Steatosis Evaluated by Magnetic Resonance Imaging,COMPLETED,NA,42.0
NCT01102101,Effect of Opioids in Neuropathic Pain in Postherpetic Patients,UNKNOWN,PHASE3,30.0
NCT07121101,"To Evaluate the Safety, Efficacy and Kinetic Characteristics of TRD205 Tablets for Postoperative Analgesia After Unilateral Hip Arthroplasty",NOT_YET_RECRUITING,PHASE2,40.0
NCT03654612,Apatinib Combined With S-1 for the Treatment of Recurrent/Metastatic Head and Neck Malignancies,UNKNOWN,PHASE1,30.0
NCT05022212,Phase 2 Trial of LACTIN-V in Women at High Risk of HIV Acquisition,COMPLETED,PHASE2,45.0
NCT01699412,Clinical Trial With Clobetasol and Dexamethasone for Topical Treatment of Oral Lesions of Chronic Graft-versus-host Disease,COMPLETED,PHASE3,28.0
NCT06257212,Live Vaccines and Innate Immune Training in COPD.,COMPLETED,PHASE4,60.0
NCT07254481,"VB19055 Safety, Tolerability, Pharmacokinetic and Pharmacodynamic Study in a Healthy Chinese Population",RECRUITING,PHASE1,86.0
NCT00513019,Double-Blind Lamictal (Lamotrigine) in Neurotic Excoriation,COMPLETED,PHASE2,35.0
NCT01142219,L-Arginine and Sickle Cell Disease,COMPLETED,PHASE3,40.0
NCT04062019,Low-dose Interleukin-2 Treatment on Idiopathic Inflammatory Myopathy,UNKNOWN,PHASE2,15.0
NCT00236119,"Study of the Efficacy, Safety and Tolerability of Oral CEP-701 in Patients With Severe Psoriasis",COMPLETED,PHASE2,46.0
NCT00288730,A Study of Two Doses of Intravenous NATRECOR hBNP (Nesiritide) in Patients With Worsening Congestive Heart Failure Who Have Difficulty Breathing at Rest,COMPLETED,PHASE3,127.0
NCT00906828,Pharmacokinetics of Levodopa/Carbidopa Infusion With and Without Oral Catechol-O-methyl Transferase (COMT) Inhibitors,COMPLETED,PHASE4,10.0
NCT00223730,Chemotherapy Toxicity Reduction Via Urea Cycle Support,COMPLETED,PHASE2,100.0
NCT06106828,"A Study to Evaluate the Efficacy, Safety, Pharmacokinetics, and Pharmacodynamics of Satralizumab in Participants With Thyroid Eye Disease",ACTIVE_NOT_RECRUITING,PHASE3,127.0
NCT02225665,Repeat Doses of SB-728mR-T After Cyclophosphamide Conditioning in HIV-Infected Subjects on HAART,COMPLETED,PHASE1,8.0
NCT01714765,Dose Escalation Study Investigating Everolimus and Dovitinib in Metastatic Clear Cell Renal Cancer,COMPLETED,PHASE1,17.0
NCT01262365,Study of Epratuzumab Versus Placebo in Subjects With Moderate to Severe General Systemic Lupus Erythematosus,COMPLETED,PHASE3,793.0
NCT00496665,ZD6474 (Zactima) and Metronomic Chemotherapy in Advanced Breast Cancer,COMPLETED,PHASE1,25.0
NCT04198467,To Evaluate the Optimum Dose of Platelet Rich Plasma in Knee Osteoarthritis and Compare Efficacy With Hyaluronic Acid,COMPLETED,PHASE2,100.0
NCT04899427,Phase II Study of Orelabrutinib Combined With PD-1 Inhibitor in Relapsed/Refractory Primary Central Nervous System Lymphoma,UNKNOWN,PHASE2,32.0
NCT05142527,Study to Evaluate the Safety and Efficacy of a Monoclonal Antibody Cocktail for the Prevention of COVID-19,WITHDRAWN,PHASE2,0.0
NCT04167761,Ertugliflozin: Cardioprotective Effects on Epicardial Fat,COMPLETED,EARLY_PHASE1,61.0
NCT02649361,Study of Anlotinib in Patients With Esophageal Squamous Cell Carcinoma (ALTER1102),COMPLETED,PHASE2,164.0
NCT04650542,Drug-Drug Interaction Study of HBI-3000 and Paroxetine in Healthy Adult Male and Female Subjects,COMPLETED,PHASE1,39.0
NCT01147042,Biochemical Response to Interferon-Gamma in Subjects With Specific Gene Mutation in Chronic Granulomatous Disease,TERMINATED,PHASE4,2.0
NCT04743986,The Effect of Platelet Rich Plasma on Partial Thickness Rotator Cuff Tears: A Randomized Controlled Trial,COMPLETED,PHASE4,104.0
NCT05205486,Pharmacokinetics and Safety of Cefazolin 3gm DUPLEX in Adults,COMPLETED,PHASE1,12.0
NCT01220570,The Growth Factor Signature (GFS) as an Intermediate Biomarker of Response for Development of PI3K-Pathway Inhibitors in Patients With Breast Cancer (MK-8669-050),COMPLETED,PHASE1,63.0
NCT02578186,Evaluation of Diphenhydramine Hydrochloride Effects in Subjects With Occasional Sleeplessness,COMPLETED,PHASE4,33.0
NCT01126073,Niacin/Laropiprant and Endothelial Function,COMPLETED,PHASE4,60.0
NCT03163173,"A Study to Investigate the Absorption, Metabolism, Excretion, and Mass Balance of GC4419 in Healthy Adult Subjects",COMPLETED,PHASE1,6.0
NCT00236873,"A Study of the Efficacy and Safety of Topiramate as add-on Therapy in the Treatment of Epilepsy Patients With Difficult to Treat, Partial-onset Seizures.",COMPLETED,PHASE2,47.0
NCT03917069,Nab-PCE vs PC for MM After Failure of Anti-PD-1,UNKNOWN,PHASE2,145.0
NCT02350569,Safety and Efficacy of Ledipasvir/Sofosbuvir Fixed Dose Combination Administered in Patients Infected With Chronic Genotype 1 or 4 HCV for Use in the Peri-Operative Liver Transplantation Setting,COMPLETED,PHASE2,17.0
NCT06644183,Roginolisib (IOA-244) With Venetoclax and Rituximab for Refractory/Relapsed Chronic Lymphocytic Leukemia (CLL),RECRUITING,PHASE1,64.0
NCT00935883,Complement Inhibition With Eculizumab for the Treatment of Non-Exudative Macular Degeneration (AMD),COMPLETED,PHASE2,60.0
NCT05784441,A Study of JNJ-90009530 in Relapsed or Refractory B-Cell Non-Hodgkin Lymphoma (r/r B-NHL),ACTIVE_NOT_RECRUITING,PHASE1,21.0
NCT03101241,A Phase 2 RCT Study of CX-8998 for Essential Tremor,COMPLETED,PHASE2,95.0
NCT00272441,Prevention of Early Asthma in Kids (PEAK),COMPLETED,NA,
NCT05701241,Continuing Somatostatin Analogues Upon Progression in Neuroendocrine Tumour pAtients,RECRUITING,PHASE4,270.0
NCT04724369,Open-Label Study of 18F-mFBG for Imaging Neuroblastoma,ACTIVE_NOT_RECRUITING,PHASE3,43.0
NCT01333605,IGEV Followed by Autologous Transplantation for Refractory or Relapsed Hodgkin Lymphoma,UNKNOWN,PHASE2,43.0
NCT04146805,"Safety, Tolerability, Pharmacokinetics, and Pharmacodynamics of BLD-0409 in Healthy Subjects",COMPLETED,PHASE1,80.0
NCT06325605,Efficacy and Safety of Bifidobacterium Combined With High-frequency Transcranial Magnetic Stimulation in the Treatment of Adolescent Depression,COMPLETED,NA,100.0
NCT07283094,FHD-286 With Low-Dose Weekly Decitabine/Venetoclax in Patients With Acute Myeloid Leukemia,RECRUITING,PHASE1,33.0
NCT00511394,Acute Hemodynamics of Albumin Versus Normal Saline in Cirrhosis,SUSPENDED,NA,16.0
NCT06821594,Role of Intralesional Combined Injection of Furosemide and Digoxin in Cutaneous Warts at Tertiary Care Hospital in Karachi.,ENROLLING_BY_INVITATION,EARLY_PHASE1,40.0
NCT06072794,A Proof of Concept Study to Evaluate Exosomes From Human Mesenchymal Stem Cells in Women With Premature Ovarian Insufficiency (POI),SUSPENDED,PHASE1,9.0
NCT04329494,"PIPAC for the Treatment of Peritoneal Carcinomatosis in Patients With Ovarian, Uterine, Appendiceal, Colorectal, or Gastric Cancer",RECRUITING,PHASE1,49.0
NCT00005866,S9920 Busulfan Compared With Cyclophosphamide in Patients Undergoing Total-Body Irradiation Plus Peripheral Stem Cell Transplantation for Advanced Myelodysplastic Syndrome or Related Acute Myeloid Leukemia,COMPLETED,PHASE3,240.0
NCT07118566,Hyperthermia Combined With Immune Checkpoint Inhibitors in the Treatment of Advanced Gastrointestinal Malignancies With Liver Metastases,NOT_YET_RECRUITING,PHASE2,40.0
NCT00573066,Understanding Dexmedetomidine In Infants Post-Operative From Cardiac Surgery,COMPLETED,PHASE1,56.0
NCT00931866,Diclofenac Patch for Treatment of Acute Pain Due to Mild to Moderate Soft Tissue Injuries (TAPED),COMPLETED,PHASE3,407.0
NCT04190966,Smoking Cessation in the Surgical Pathway Before Major Lung Surgery,UNKNOWN,NA,120.0
NCT02422056,Acid Tranexamic Effectiveness in Reducing the Intraoperative Bleeding in Palatoplasty,COMPLETED,PHASE4,66.0
NCT00387556,Ondansetron Reduce Vomiting Associated With Ketamine PSA,COMPLETED,NA,268.0
NCT03295656,Contrast-Enhanced Ultrasound Diagnosis of Acute Appendicitis,WITHDRAWN,PHASE1,0.0
NCT02108756,Efficacy and Safety of L-Pantoprazole Sodium Injection to Treat Upper Gastrointestinal Ulcer Bleeding,UNKNOWN,NA,272.0
NCT06514222,Pain Control Following Third Molar Surgery,ACTIVE_NOT_RECRUITING,EARLY_PHASE1,56.0
NCT05751356,TR128 in Patients With Advanced Solid Tumors,UNKNOWN,PHASE1,50.0
NCT01744756,Subconjunctival Bevacizumab and Recurrent Pterygium,COMPLETED,PHASE2,36.0
NCT01777256,"An Adaptive Phase II Study to Evaluate the Efficacy, Pharmacodynamics, Safety and Tolerability of GSK2586184",TERMINATED,PHASE2,51.0
NCT05506956,Post-transplant Flotetuzumab for AML,COMPLETED,PHASE1,3.0
NCT03637556,"Pilot Study to Assess the Safety, PK and Iron Chelating Activity of DST-0509 (Deferasirox) in Thalassemia Patients Refractory to Chelation",COMPLETED,PHASE2,25.0
NCT00257556,A Study of the Efficacy and Safety of Highly Purified Menotrophin Versus Recombinant Follitropin Alfa,COMPLETED,PHASE4,80.0
NCT06792422,A Study Investigating Oral Semaglutide in People with Open-Angle Glaucoma,RECRUITING,PHASE4,126.0
NCT03365622,Efficacy of IV Acetaminophen Versus Oral Acetaminophen,COMPLETED,PHASE4,214.0
NCT02111122,Study of the Symptomatic Effects of Nocturnal Sodium Oxybate in Parkinson's Disease,COMPLETED,PHASE2,16.0
NCT00877929,Telmisartan Fixed Dose Combination vs Amlodipine in Hypertensive Patients With Type 2 Diabetes Mellitus,COMPLETED,PHASE3,706.0
NCT06289829,The Appropriate Remifentanil Dose for Optimal Insertion of Laryngeal Mask Airway in Adult Patients During Induction of General Anesthesia Using Remimazolam.,COMPLETED,NA,60.0
NCT04775329,Primary Prophylaxis for Spontaneous Bacterial Peritonitis,TERMINATED,PHASE2,2.0
NCT05427331,FMT Capsules in Treatment of Patients With Insomnia Clinical Research,UNKNOWN,NA,60.0
NCT01636531,A Study of A High Concentration Liquid Formulation Versus A Lyophilized Formulation of Gantenerumab in Healthy Volunteers,COMPLETED,PHASE1,120.0
NCT01288131,Study of Anti-r-HuEpo Associated Pure Red Cell Aplasia (PRCA) Treatment,TERMINATED,PHASE3,8.0
NCT01957631,Comparing Steroid Injections and Platelet Rich Plasma Injections in the Treatment of Plantar Fasciitis,WITHDRAWN,PHASE2,0.0
NCT06683131,Effectiveness of Proprotein Convertase Subtilisin/Kexin Type 9 (PCSK9) Inhibitor Initiation Before Percutaneous Coronary Intervention on Acute Myocardial Infarction Patients,NOT_YET_RECRUITING,PHASE4,1160.0
NCT06754631,Efficacy and Safety of Continuous Versus Intermittent Nebulization of Salbutamol in Acute Severe Asthma in Children Under 12 Years of Age,COMPLETED,NA,120.0
NCT00435331,6R-BH4 Pulmonary Arterial Hypertension Study,COMPLETED,PHASE1,14.0
NCT04314531,Efficacy and Safety of Tildrakizumab Compared to Placebo in Anti-TNF naïve Subjects With Active Psoriatic Arthritis II (INSPIRE 2),ACTIVE_NOT_RECRUITING,PHASE3,296.0
NCT03804931,Fecal Microbiota Transplantation for Ulcerative Colitis,RECRUITING,PHASE2,120.0
NCT03804229,Efficacy and Safety of Butylphthalide Soft Capsule for the Treatment of Vascular Dementia,ACTIVE_NOT_RECRUITING,PHASE3,707.0
NCT00022529,BMS-214662 Plus Trastuzumab in Treating Patients With Advanced Solid Tumors,COMPLETED,PHASE1,28.0
NCT02259829,Bioequivalence Study of Telmisartan/Amlodipine Fixed Dose Combination Compared With Its Monocomponents in Healthy Male and Female Volunteers,COMPLETED,PHASE1,84.0
NCT05234853,Safety of PUR001 Monotherapy in Patients With Advanced Solid Tumors,UNKNOWN,PHASE1,23.0
NCT02931253,Metformin as an Upstream Therapy in Atrial Fibrillation,TERMINATED,PHASE2,6.0
NCT05588453,Natural Killer Cell Therapy (UD TGFbetai NK Cells) and Temozolomide for the Treatment of Stage IV Melanoma Metastatic to the Brain,RECRUITING,PHASE1,24.0
NCT02563353,PTH and Vibration in OSteoporosis Study,COMPLETED,NA,35.0
NCT01727453,Compare VKA vs LMWH in Patients With Anticoagulation Criteria and Episode of Gastrointestinal Bleeding.,COMPLETED,PHASE4,40.0
NCT05435053,Irreversible Electroporation + Nivolumab for Patients With Metastatic Pancreatic Cancer,TERMINATED,PHASE2,9.0
NCT04704453,Study to Evaluate the Interest of Qutenza in Patients With Head and Neck Cancer in Remission and With Sequelae Neuropathic Pain.,COMPLETED,PHASE2,13.0
NCT01187953,"Double-Blind,Double-Dummy,Efficacy/Safety,LCP-Tacro™ Vs Prograf®,Prevention Rejection,De Novo Adult Kidney Tx",COMPLETED,PHASE3,543.0
NCT01997853,Omega-3 Fatty Acids in Chronic Periodontitis.,COMPLETED,PHASE4,60.0
NCT00303953,PXD101 in Treating Patients With Relapsed or Refractory Aggressive B-Cell Non-Hodgkin's Lymphoma,COMPLETED,PHASE2,22.0
NCT07318337,Effect of Drospirenone-Ethinyl Estradiol (20microgram vs 30 Microgram) on Free Androgen Index in PCOS,COMPLETED,NA,60.0
NCT07096037,Safety and Efficacy of Urtica Dioica Cataplasm in the Management of Osgood-Schlatter Disease in Young Athletes,NOT_YET_RECRUITING,NA,90.0
NCT00299845,Randomized Trial for Pharmacogenomics-based Proton Pump Inhibitor Therapy in Children,WITHDRAWN,PHASE4,0.0
NCT01010672,Phase II Study of Ridaforolimus (MK-8669) With Metastatic Bone or Soft-tissue Sarcoma Patients (MK-8669-030 AM1),COMPLETED,PHASE2,50.0
NCT04731272,GLP-1 Agonist Therapy in Cystic Fibrosis-Related Glucose Intolerance,RECRUITING,PHASE2,30.0
NCT00940472,Study on DMMET-01 Versus Metformin on Improvement of Metabolic Control in Naive Type 2 Diabetes Patients,COMPLETED,PHASE2,20.0
NCT01095445,EXtended Therapy in Hepatitis C Genotype 3 Infected Patients,TERMINATED,PHASE3,2.0
NCT00893945,Autologous Dendritic Cells Pulsed With Autologous Apoptotic Tumor Cells Administered to Patients With Brain Tumors,COMPLETED,PHASE1,19.0
NCT04588545,Radiation Therapy Followed by Intrathecal Trastuzumab/Pertuzumab in HER2+ Breast Leptomeningeal Disease,ACTIVE_NOT_RECRUITING,PHASE1,33.0
NCT02443545,Long-term Safety and Efficacy of Ferriprox® in Iron Overloaded Patients With Sickle Cell Disease or Other Anemias,TERMINATED,PHASE4,134.0
NCT05535972,To Evaluate Real-World Effectiveness of Fluticasone Furoate/Umeclidinium Bromide/Vilanterol (FF/UMEC/VI) in a Single Inhaler (Trelegy Ellipta) in Participants With Symptomatic COPD,COMPLETED,PHASE4,463.0
NCT02226172,Single-Agent Glasdegib In Patients With Myelofibrosis Previously Treated With Ruxolitinib,TERMINATED,PHASE2,21.0
NCT00257972,Study of Aripiprazole in Patients With Bipolar I Disorder,COMPLETED,PHASE3,400.0
NCT07168395,Pre-emptive RTO for An Early Detected Gastric Varices in CT/MR Angiogram Trial,NOT_YET_RECRUITING,NA,68.0
NCT02726295,"The Efficacy of Mutaflor(E. Coli Nissle 1917, Mutaflor®) for Chronic Constipation:Multicenter Study",COMPLETED,PHASE4,112.0
NCT05016895,REACH2: Implementation Research on Bi-Annual Mass Distribution of Azithromycin to Children 1-11 Months in Côte d'Ivoire,COMPLETED,NA,767535.0
NCT03484195,Neoadjuvant FOLFOXIRI Chemotherapy in Patients With Locally Advanced Colon Cancer,UNKNOWN,PHASE2,30.0
NCT02489695,Axitinib in1st Line Treatment for Patients With Advanced or Metastatic Papillary Renal Cell Carcinoma,COMPLETED,PHASE2,44.0
NCT05565495,The Effects of ECMO on the Pharmacokinetics of Hydromorphone,RECRUITING,PHASE2,26.0
NCT05431595,Managing Agitated Delirium With Neuroleptics and Anti-Epileptics as a Neuroleptic Sparing Strategy,RECRUITING,PHASE2,42.0
NCT00318539,Addition of Quetiapine in Obsessive Compulsive Disorder - Westenberg Study,COMPLETED,PHASE2,90.0
NCT07018739,Mesenchymal Stem Cells With Cooling Therapy for Infants With Hypoxic-Ischemic Encephalopathy,NOT_YET_RECRUITING,PHASE1,40.0
NCT01293539,Intra-arterial Chemotherapy for the Treatment of Intraocular Retinoblastoma,TERMINATED,PHASE2,10.0
NCT01210339,An Interaction Study to Evaluate the Effect of Esomeprazole/Acetylsalicylic Acid on the Metabolism and Effect of Clopidogrel,COMPLETED,PHASE1,58.0
NCT06250777,Efficacy and Safety of T-DXd in HER2-mutant Advanced Lung Cancer Patients With Asymptomatic Brain Metastases,ENROLLING_BY_INVITATION,PHASE2,27.0
NCT04456777,Effect of Vortioxetine on Cognitive Symptoms in Patients With Schizophrenia,UNKNOWN,EARLY_PHASE1,120.0
NCT05821777,"A Study to Evaluate Safety, Tolerability and Preliminary Activity of LB101 in Participants With Advanced Solid Tumors",TERMINATED,PHASE1,25.0
NCT02070939,Study To Evaluate Safety And Tolerability Of Single And Multiple Ascending Doses Of PF- 06260414 In Healthy Western And Japanese Male Subjects,COMPLETED,PHASE1,72.0
NCT07204977,Acamprosate in C9orf72 Hexanucleotide Repeat Expansion Amyotrophic Lateral Sclerosis (ACALS),ACTIVE_NOT_RECRUITING,PHASE1,30.0
NCT00164177,Evaluation Of The Efficacy Of HalfLYTELY For Bowel Cleansing Before Virtual Colonoscopy and Conventional Colonoscopy.,COMPLETED,PHASE4,20.0
NCT05400577,"Sotorasib in KRAS G12C Mutated, Resectable, Stage Ib-IIIA NSCLC",WITHDRAWN,PHASE2,0.0
NCT03460977,"A Study of Mevrometostat for Treatment of Relapsed/Refractory SCLC, Castration Resistant Prostate Cancer, and Follicular Lymphoma",RECRUITING,PHASE1,453.0
NCT03990077,Study of HL-085 Plus Docetaxel in Patients With KRAS Mutant NSCLC,TERMINATED,PHASE1,2.0
NCT02631577,A Study Evaluating the Safety and Efficacy of Atezolizumab in Combination With Obinutuzumab Plus Lenalidomide in Patients With Relapsed or Refractory Follicular Lymphoma,COMPLETED,PHASE1,38.0
NCT04062357,Effectiveness and Tolerability of Lidocaine 5% Spray in Treatment of Lifelong Premature Ejaculation Patients.,COMPLETED,PHASE2,150.0
NCT00600301,Vitrectomy Without Internal Limiting Membrane Removal in the Treatment of Diffuse Diabetic Macular Edema: a Comparative Kenalog Vs Bevacizumab Intravitreal Injection Vs Control Study,WITHDRAWN,PHASE3,0.0
NCT01753401,Acthar for the Treatment of Systemic Lupus Erythematosus (SLE) in Patients With a History of Persistently Active Disease,COMPLETED,PHASE4,38.0
NCT00002501,"Cyclophosphamide and Filgrastim in Treating Patients With Stage IV, Relapsed, or Refractory Low-Grade Follicular Non-Hodgkin's Lymphoma",COMPLETED,PHASE2,29.0
NCT00016601,"Depo-Medroxyprogesterone Acetate (DMPA, Depo-Provera) Use With Certain Anti-HIV Drugs in HIV-Infected Women",COMPLETED,NA,76.0
NCT01930812,18F-NaF PET Imaging for Bone Scintigraphy,COMPLETED,PHASE3,286.0
NCT00504712,Testosterone for Peripheral Vascular Disease,COMPLETED,PHASE4,24.0
NCT00923481,"A Broad Multi-histology Phase II Study of the Multi-Kinase Inhibitor R935788 (Fostamatinib Disodium) in Advanced Colorectal, Non-small Cell Lung, Head and Neck Hepatocellular and Renal Cell Carcinomas, and Pheochromocytoma and Thyroid Tumors (Multi-H...",COMPLETED,PHASE2,37.0
NCT03289481,Treatment of HFpEF With Nitrate Supplement,COMPLETED,EARLY_PHASE1,13.0
NCT06973681,A Study of BGM0504 Evaluating Weight Loss in Overweight or Obese Chinese Subjects,COMPLETED,PHASE2,120.0
NCT01291381,Distinct Response of CD4+CD25+Foxp3+ and IL-10-secreting Type I T Regulatory Cells to Cluster Specific Immunotherapy in Allergic Rhinitis Children,COMPLETED,NA,50.0
NCT00356681,"A Study of AMG 706 or Bevacizumab, in Combination With Paclitaxel Chemotherapy, as Treatment for Breast Cancer",TERMINATED,PHASE2,282.0
NCT01879228,Effect of Chronic Incretin-based Therapy in Cystic Fibrosis,COMPLETED,NA,26.0
NCT02397928,Safety and Efficacy of TTFields (150 kHz) Concomitant With Pemetrexed and Cisplatin or Carboplatin in Malignant Pleural Mesothelioma (STELLAR),COMPLETED,PHASE2,82.0
NCT04745728,Different Immunosuppressive Treatment in iMN,RECRUITING,PHASE3,200.0
NCT01859728,GAMBIT Trial: Cisplatin Plus Irinotecan in the Treatment of Gallbladder or Biliary Tract Cancer,UNKNOWN,PHASE2,48.0
NCT06780670,Open-label Study Comparing AAA817 Versus Standard of Care in the Treatment of Previously Treated PSMA-positive mCRPC Adults Who Have Disease Progressed on or After [177Lu]Lu-PSMA Targeted Therapy,RECRUITING,PHASE2,443.0
NCT00143273,Dose Response Study of Lasofoxifene in Postmenopausal Women With Osteoporosis - Japanese Asian Dose Evaluation,COMPLETED,PHASE2,497.0
NCT00231673,A Study To Evaluate The Effect Of Topiramate On Clinical And Electrophysiological Parameters In Subjects With Diabetic Peripheral Polyneuropathy,COMPLETED,PHASE2,72.0
NCT06501573,A Study of SGB-9768 in Adult Healthy Volunteers,ACTIVE_NOT_RECRUITING,PHASE1,37.0
NCT00290069,Renal Function Optimization With Mycophenolate Mofetil (MMF) Immunosuppressor Regimes (ALHAMBRA),UNKNOWN,PHASE4,94.0
NCT01456169,A Study to Evaluate the Effectiveness and Safety of a Fixed Dose Combination of Azilsartan Medoxomil and Chlorthalidone in Patients With High Blood Pressure Who do Not Achieve Target Blood Pressure Following Treatment With Azilsartan Medoxomil Alone,COMPLETED,PHASE3,507.0
NCT03842969,An Open-Label Extension Study to Evaluate Long-Term Safety and Tolerability of RO7234292 (RG6042) in Huntington's Disease Participants Who Participated in Prior Roche and Genentech Sponsored Studies,COMPLETED,PHASE3,236.0
NCT01296269,Effects of Intranasal Oxytocin and Vasopressin on Social Behavior,UNKNOWN,NA,150.0
NCT04902183,Safety and Efficacy of Exosomes Overexpressing CD24 in Two Doses for Patients With Moderate or Severe COVID-19,UNKNOWN,PHASE2,90.0
NCT01338883,"Efficacy, Safety, and Tolerability of Cenicriviroc (CVC) in Combination With Truvada or Sustiva Plus Truvada in HIV 1-infected, Antiretroviral Treatment-naïve, Adult Patients Infected With Only CCR5-tropic Virus",COMPLETED,PHASE2,143.0
NCT04936841,Bempegaldesleukin (NKTR-214) With Radiation and Anti-PD-1 Immunotherapy for Head and Neck Squamous Cell Carcinoma,TERMINATED,PHASE2,5.0
NCT02953054,Dexmedetomidine Transdermal System (DMTS) for Post-Operative Analgesia Following Bunionectomy,COMPLETED,PHASE2,88.0
NCT01499654,Half-Dose Radiopharmaceutical in Wide Beam Reconstruction,TERMINATED,NA,64.0
NCT00858754,Study Evaluating Safety & Efficacy of Subcutaneous Methylnaltrexone on Opioid-Induced Constipation in Cancer Subjects,WITHDRAWN,PHASE4,0.0
NCT05053854,PARP Inhibitor With 177Lu-DOTA-Octreotate PRRT in Patients With Neuroendocrine Tumours,RECRUITING,PHASE1,24.0
NCT00211354,Treatment of Retinal Vein Occlusion (RVO) With Open-Label Anecortave Acetate (15mg.),WITHDRAWN,PHASE2,0.0
NCT02233205,Safety Study of Combining Ultrasound Microbubbles and Chemotherapy to Treat Malignant Neoplasms of Digestive System,UNKNOWN,PHASE1,18.0
NCT00445705,Safety and Efficacy of AGN 203818 for Pain Associated With Fibromyalgia Syndrome,TERMINATED,PHASE2,211.0
NCT00786305,Nebulized Ceftazidime and Amikacin in Ventilator Associated Pneumonia,COMPLETED,PHASE2,40.0
NCT06539494,Luminal Fructose Kinetics (MARTINI Study),RECRUITING,PHASE2,22.0
NCT02454894,Optimization Lumbar Puncture In Children,WITHDRAWN,NA,0.0
NCT03603756,SHR-1210 in Combination With Apatinib and Chemotherapy in Patients With Advanced Esophageal Squamous Cell Cancer,UNKNOWN,PHASE2,45.0
NCT01504256,Catumaxomab for Treatment of Peritoneal Carcinomatosis in Patients With Gastric Adenocarcinomas,COMPLETED,PHASE2,42.0
NCT00006156,Feasibility Study for Development of an Early Test for Ovarian Failure,COMPLETED,NA,49.0
NCT04692766,Study to Evaluate the Efficacy and Safety of RPH-104 Treatment in Patients With Idiopathic Recurrent Pericarditis,COMPLETED,PHASE2,20.0
NCT02295566,"RATNO, Reducing Antibiotic Tolerance Using Nitric Oxide in CF - a Phase 2 Pilot Study",COMPLETED,PHASE2,12.0
NCT04928066,The Efficacy and Safety of Tofacitinib (TF) With Iguratimod (IGU) on RA,COMPLETED,PHASE4,100.0
NCT01909466,Safety and Tolerability Study of Aripiprazole IM Depot in Adult Subjects With Schizophrenia,COMPLETED,PHASE1,141.0
NCT00124956,Doxorubicin Pharmacokinetic (PK) Study,WITHDRAWN,PHASE1,0.0
NCT06813651,"Safety, Tolerability and Efficacy of Adjunctive TBO-309 in Reperfusion for Stroke With Tandem Occlusion",RECRUITING,PHASE2,78.0
NCT02930551,Neuromas as the Cause of Pain,COMPLETED,NA,12.0
NCT00881751,Bevacizumab and Erlotinib or Sorafenib as First-Line Therapy in Treating Patients With Advanced Liver Cancer,COMPLETED,PHASE2,95.0
NCT04146051,Descartes-08 CAR-T Cells in Generalized Myasthenia Gravis (MG),ACTIVE_NOT_RECRUITING,PHASE2,30.0
NCT00376051,Serotonergic Function and Behavioural and Psychological Symptoms of Frontotemporal Dementia,COMPLETED,PHASE4,22.0
NCT00520351,Comparison of Lens Care Regimens With a Silicone Hydrogel Lens (Emerald),COMPLETED,PHASE3,30.0
NCT07435051,"Prospective, Randomized, Multicenter Clinical Trial of Bisphosphonates Combined With Vancomycin for the Treatment of Cierny-Mader Type I and III Osteomyelitis",NOT_YET_RECRUITING,PHASE3,280.0
NCT00006251,"Fludarabine Phosphate, Low-Dose Total-Body Irradiation, and Donor Stem Cell Transplant Followed by Cyclosporine, Mycophenolate Mofetil, Donor Lymphocyte Infusion in Treating Patients With Hematopoietic Cancer",COMPLETED,PHASE1,21.0
NCT00002951,Chemotherapy Plus Radiation Therapy in Treating Patients With Head and Neck Cancer,COMPLETED,PHASE2,53.0
NCT06707051,Effect of Tranexamic Acid and Calcium Dobesilate for Bleeding of Endometrial Origin,COMPLETED,PHASE2,100.0
NCT02677051,Sulforaphane in a New Jersey (NJ) Population of Individuals With Autism,ACTIVE_NOT_RECRUITING,PHASE2,48.0
NCT02843451,Milk Thistle in Body Dysmorphic Disorder,WITHDRAWN,PHASE2,0.0
NCT03403751,Phase 3 Study of Reltecimod vs Placebo in Patients With Sepsis-associated Acute Kidney Injury,TERMINATED,PHASE3,58.0
NCT03502551,ED Treatment of Suicidal Patients With Ketamine Infusion,WITHDRAWN,PHASE2,0.0
NCT02076451,"Open-label Study of DS-8273a to Assess Its Safety and Tolerability, and Assess Its Pharmacokinetic and Pharmacodynamic Properties in Subjects With Advanced Solid Tumors or Lymphomas",COMPLETED,PHASE1,32.0
NCT02612051,First Time in Human (FTIH) Study of GSK3008348 in Healthy Volunteers and Idiopathic Pulmonary Fibrosis Patients,COMPLETED,PHASE1,40.0
NCT02950051,Standard Chemoimmunotherapy (FCR/BR) Versus Rituximab + Venetoclax (RVe) Versus Obinutuzumab (GA101) + Venetoclax (GVe) Versus Obinutuzumab + Ibrutinib + Venetoclax (GIVe) in Fit Patients With Previously Untreated Chronic Lymphocytic Leukemia (CLL) Without Del(17p) or TP53 Mutation,COMPLETED,PHASE3,926.0
NCT03598751,Clinical Study of Efficacy and Safety of BCD-085 (Monoclonal Anti-IL-17 Antibody) in Psoriatic Arthritis,COMPLETED,PHASE3,194.0
NCT06237751,Preoperative Sildenafil Administration for Hepatectomy,UNKNOWN,NA,16.0
NCT03675802,Cervical Preparation in Hysteroscopy,UNKNOWN,NA,100.0
NCT06278402,"Efficacy of Oral Tofacitinib in Moderate to Severe Alopecia Areata, Totalis and Universalis at Tertiary Care Hospital, Karachi.",COMPLETED,PHASE3,30.0
NCT00291902,A Pharmacokinetic Study Of SB-681323 In Subjects With Coronary Heart Disease Undergoing Percutaneous Intervention,COMPLETED,PHASE2,80.0
NCT01986231,Safety Study of Repeated Doses of Glucagon on Animal Starch in the Liver,COMPLETED,NA,12.0
NCT02477631,Effect of Deferiprone on Oxidative-Stress and Iron-Overload in Low Risk Transfusion-Dependent MDS Patients,COMPLETED,PHASE2,19.0
NCT03681431,Evaluation of an Antibiotic Regimen Pharmacokinetic Applicable to Enterococcus Faecalis Infective Endocarditis,COMPLETED,PHASE2,12.0
NCT01164956,Methylphenidate for Cancer-Related Fatigue,TERMINATED,PHASE1,3.0
NCT01722422,Hyperoxia and Hypertonic Saline in Septic Shock,TERMINATED,NA,441.0
NCT05847322,Periscope Phase C Bordetella Pertussis Human Challenge Study With Delayed Antibiotic Therapy for 6 Weeks,RECRUITING,NA,72.0
NCT02313922,Optimizing Psoriasis Treatment of Etanercept Combined Methotrexate,COMPLETED,PHASE4,466.0
NCT02248753,Acute Cardioversion Versus Wait And See-approach for Symptomatic Atrial Fibrillation in the Emergency Department,COMPLETED,NA,437.0
NCT00531453,"A Study to Evaluate Two Different Regimens of VELCADE in Combination With Dexamethasone, Thalidomide and Cyclophosphamide (VDT vs VDTC) in Newly Diagnosed Multiple Myeloma",COMPLETED,PHASE2,98.0
NCT02407353,A Study to Evaluate the Pharmacodynamic Effects of Single Oral Doses of PF-06648671 on β-Amyloid (Aβ) Concentrations in Cerebrospinal Fluid (CSF),COMPLETED,PHASE1,22.0
NCT00084253,Study of Boosted Atazanavir (ATV) Versus Non-boosted ATV in Naive Patients,COMPLETED,PHASE4,200.0
NCT03296137,Adoptive Cell Therapy Across Cancer Diagnoses,COMPLETED,PHASE1,25.0
NCT04049253,The Causal Connection Between Sng and Muscle Acidosis,UNKNOWN,NA,52.0
NCT01246037,Beta-blockers in i-PAH,UNKNOWN,PHASE1,30.0
NCT04639245,"Genetically Engineered Cells (MAGE-A1-specific T Cell Receptor-transduced Autologous T-cells) and Atezolizumab for the Treatment of Metastatic Triple Negative Breast Cancer, Urothelial Cancer, or Non-small Cell Lung Cancer",TERMINATED,PHASE1,1.0
NCT02148445,Smoking Cessation Versus Long-term Nicotine Replacement Among High-risk Smokers,COMPLETED,PHASE3,398.0
NCT00603772,Clinical Evaluation of the Photoallergy Potential of Atralin Gel,COMPLETED,PHASE1,40.0
NCT02205372,"Safety, Tolerability and Pharmacokinetic Study of MT-3995 at a Low Dose in Subjects With Diabetic Nephropathy",COMPLETED,PHASE1,31.0
NCT00576472,Learning Impairments Among Survivors of Childhood Cancer,COMPLETED,PHASE4,469.0
NCT06322095,A Study of GH21 Combined With Previous Target Therapy or Immunotherapy in Patients With Advanced Solid Tumors,UNKNOWN,PHASE2,72.0
NCT06861439,GLP-1s to Enhance Lasting Optimal Weight,ACTIVE_NOT_RECRUITING,PHASE4,40.0
NCT03213639,Esomeprazole in Treatment of Early Onset Preeclampsia (ESOPE Trial),COMPLETED,PHASE2,205.0
NCT05318339,A Study of Trastuzumab and Pyrotinib in HER2 Positive Locally Advanced or Metastatic Urothelial Carcinoma,UNKNOWN,PHASE2,30.0
NCT00323557,Immuno-Augmentation With GM-CSF of Pneumococcal Vaccine in Chronic Lymphocytic Leukemia Patients,COMPLETED,PHASE2,39.0
NCT03322657,Sugammadex Versus Neostigmine for Reversal of Rocuronium Neuromuscular,COMPLETED,PHASE4,69.0
NCT01672775,"A Study to Assess the Safety, Pharmacokinetics and Effectiveness of AGS-16C3F Monotherapy in Subjects With Renal Cell Carcinoma (RCC) of Clear Cell or Papillary Histology",COMPLETED,PHASE1,34.0
NCT01941875,Luteal Phase Progesterone in IUI and Gonadotropin Cycles,COMPLETED,PHASE3,300.0
NCT04874675,An Randomized Control Trial Comparing Two Drug Combinations for Pain Management After Third Molars Surgery,SUSPENDED,NA,78.0
NCT06334575,Molecular Signatures Associated With Response to ICS Treatment in Patients With COPD Stratified by Eosinophil Levels,RECRUITING,PHASE4,135.0
NCT00005875,Nitrocamptothecin in Treating Patients With Metastatic Melanoma,COMPLETED,PHASE2,
NCT01659775,Phase 4 Trial to Evaluate the Efficacy and Safety of Sancuso Patch in Chemotherapy-induced Nausea and Vomiting Associated With the Administration of Highly Emetogenic Chemotherapy (HEC),COMPLETED,PHASE4,389.0
NCT02194257,Investigation of the Metabolism and Pharmacokinetics of Ambroxol in Healthy Male Volunteers,COMPLETED,PHASE1,12.0
NCT02878057,Multicenter Phase II Study of Apatinib in Patients With Advanced Breast Cancer(CABC006),COMPLETED,PHASE2,30.0
NCT00463801,Safety and Efficacy of Daptomycin for the Treatment of Complicated Skin and Skin-structure Infections,TERMINATED,PHASE4,52.0
NCT01473901,A Phase I Dose Escalation Study of BKM120 With Radiation Therapy and Temozolomide in Patients With Newly Diagnosed Glioblastoma,COMPLETED,PHASE1,38.0
NCT06037577,Subcutaneous Doses of CM-101 as a Treatment for Medical Conditions Involving Inflammatory and Fibrotic Mechanisms in Healthy Male Subjects,COMPLETED,PHASE1,8.0
NCT04585477,Adjuvant ctDNA-Adapted Personalized Treatment in Early Stage NSCLC (ADAPT-E),SUSPENDED,PHASE2,80.0
NCT00061477,Pemetrexed Plus Gemcitabine as Front-Line Chemotherapy for Patients With Malignant Pleural or Peritoneal Mesothelioma,COMPLETED,PHASE2,48.0
NCT06833112,Interleukin-17 (IL-17) Inhibitor in Combination With Tumor Necrosis Factor α (TNFα )Inhibitor for the Treatment of Ankylosing Spondylitis,NOT_YET_RECRUITING,PHASE4,10.0
NCT02000375,A Phase II Study Evaluating the Role of Androgen Receptors as Targets for Therapy of Pre-treated Post-menopausal Patients With ER/PgR-negative/AR-positive or ER and/or PgRpositive/ AR-positive Metastatic Breast Cancer (ARTT),TERMINATED,PHASE2,20.0
NCT02004275,Pomalidomide and Dexamethasone With or Without Ixazomib in Treating Patients With Relapsed Multiple Myeloma,UNKNOWN,PHASE1,118.0
NCT03068481,Clinical Study of KDT-3594 in Healthy Adult Males and Patients With Parkinson's Disease,COMPLETED,PHASE1,36.0
NCT03453281,"Early Anatomical, Physiological, and Clinical Changes in Diabetic Macular Edema After Intravitreal Aflibercept Injection",COMPLETED,PHASE4,36.0
NCT02497781,"Evaluation of Safety, Pharmacokinetics and Efficacy of Ceftazidime and Avibactam (CAZ-AVI ) Compared With Cefepime in Children From 3 Months to Less Than 18 Years of Age With Complicated Urinary Tract Infections (cUTIs)",COMPLETED,PHASE2,97.0
NCT07466628,Effects of Caffeine Ingestion on Morning Cognitive and Muscle Strength Measures in Males,COMPLETED,PHASE4,15.0
NCT00758628,"Randomized, Double Blind Trial of Bromfenac BID (0.09%) as an Adjunct to Argon Laser Therapy in the Treatment of Diabetic Macular Edema.",COMPLETED,PHASE4,50.0
NCT02808728,Effectiveness of Intraoperative Exparel for Postoperative Pain Control in Total Knee Arthroplasty,UNKNOWN,PHASE4,100.0
NCT00874328,A Study of TS-1 Plus Irinotecan and Cisplatin (IP) for Patients With Stage IIIB/IV Non Small Cell Lung Cancer (NSCLC),UNKNOWN,PHASE1,74.0
NCT01803828,REmodelling in Diabetic CardiOmapathy: Gender Response to PDE5i InhibiTOrs,COMPLETED,PHASE4,120.0
NCT05788328,A Drug-Drug Interaction Study to Estimate the Effect of PF-07081532 on the Pharmacokinetics of Dabigatran and Rosuvastatin in Overweight or Obese Adult Participants,TERMINATED,PHASE1,16.0
NCT03860428,Early Treatment Versus Expectant Management of PDA in Preterm Infants,COMPLETED,NA,208.0
NCT02815228,Sun Protection Factor Assay (SPF Assay 19009),COMPLETED,NA,5.0
NCT00004228,Combination Chemotx in Treating Children or Adolescents With Newly Diagnosed Stg III or Stg IV Lymphoblastic Lymphoma,COMPLETED,PHASE3,393.0
NCT03349073,An Extension Study for T-1101 (Tosylate) to Treat Advanced Refractory Solid Tumors,COMPLETED,PHASE1,3.0
NCT03263273,Study to Evaluate the Safety and Efficacy of Topical Minocycline Gel in Patients With Papulopustular Rosacea,COMPLETED,PHASE2,270.0
NCT01018173,A Study of Taspoglutide in Patients With Inadequately Controlled Diabetes Mellitus Type 2 and Cardiovascular Disease,COMPLETED,PHASE3,2118.0
NCT06327269,Innovative Diagnosis and Therapy in LDLT Patients With High-risk Hepatocellular Carcinoma,RECRUITING,EARLY_PHASE1,40.0
NCT03586869,QUILT-3.080: NANT Pancreatic Cancer Vaccine,TERMINATED,PHASE1,3.0
NCT05156983,A Study of TAK-330 to Reverse the Effects of Factor Xa Inhibitors For Adults Needing Urgent Surgery,RECRUITING,PHASE3,440.0
NCT02481141,Pilot Study to Evaluate the Safety and Efficacy of 5-ALA-SFC in Type II Diabetes,COMPLETED,NA,53.0
NCT01022541,Capecitabine and Oxaliplatin Plus Bevacizumab as Neoadjuvant Treatment for Untreated Unresectable Liver-only Metastases From Colorectal Cancer,COMPLETED,PHASE2,47.0
NCT03698383,Phase II Study of Herzuma® Plus Gedatolisib in Patients With HER-2 Positive Metastatic Breast Cancer,UNKNOWN,PHASE2,15.0
NCT01068054,Efficacy Study of FK-506 and Cyclosporine in Vernal Keratoconjunctivits (VKC),COMPLETED,PHASE2,24.0
NCT02540954,Efficacy and Safety of Two Different Aflibercept Regimens in Subjects With Neovascular Age-related Macular Degeneration (nAMD),COMPLETED,PHASE3,336.0
NCT00753454,Open Label Extension for Patients Coming From the Dosing Flexibility Study in Patients With Rheumatoid Arthritis (RA),COMPLETED,PHASE3,168.0
NCT02186405,Effects of Levothyroxine Treatment on Hemodynamic and Renal Functions in Subclinical Hypothyroidism,WITHDRAWN,PHASE4,0.0
NCT00673569,Laboratory Test in Predicting Response to Erlotinib in Patients With Relapsed Metastatic or Unresectable Non-Small Cell Lung Cancer That Did Not Respond to Previous Treatment,COMPLETED,PHASE2,40.0
NCT06107569,Treatment of CDI and Recurrence With Fecal Microbiota Transplant Using Promicrobioma,UNKNOWN,PHASE3,24.0
NCT07266805,Study of Oral Deucrictibant XR Tablet for Prophylaxis and Deucrictibant IR Capsule for On-Demand Treatment of Angioedema Attacks in Adults With Acquired Angioedema Due to C1 Inhibitor Deficiency,RECRUITING,PHASE3,32.0
NCT06533605,Phase I Clinical Study to Evaluate the Safety and Efficacy of SSGJ-706 Monotherapy for Patients With Advanced Solid Tumors,UNKNOWN,PHASE1,60.0
NCT00153166,ARREST PAD (Peripheral Arterial Disease),COMPLETED,PHASE2,76.0
NCT00190866,Study of Duloxetine Versus Placebo in the Treatment of Fibromyalgia Syndrome,COMPLETED,PHASE3,210.0
NCT02762266,Transarterial Chemoembolization Compared With Stereotactic Body Radiation Therapy or Stereotactic Ablative Radiation Therapy in Treating Patients With Residual or Recurrent Liver Cancer Undergone Initial Transarterial Chemoembolization,TERMINATED,PHASE3,13.0
NCT04921566,Bioequivalence Study of Two Formulations of Torasemide Tablet 10 mg in Healthy Volunteers Under Fasting Conditions,COMPLETED,PHASE1,26.0
NCT00262522,"Study of Lopinavir/Ritonavir Tablets Versus Soft Gel Capsules and Once Daily Versus Twice Daily Administration, When Coadministered With Nucleoside Reverse Transcriptase Inhibitors in Antiretroviral Naive Human Immunodeficiency Virus Type 1 Infected Subjects",COMPLETED,PHASE3,664.0
NCT02783222,EFficacy and Impact on Function of Two Different Doses of Nab-paclitaxEl in Elderly With advanCed breasT Cancer,COMPLETED,PHASE2,160.0
NCT02137356,Selinexor Combined With Standard Chemoradiation as Neoadjuvant Treatment in Locally Advanced Rectal Cancer,UNKNOWN,PHASE1,28.0
NCT02194556,Sequential and Maintenance Icotinib Plus Chemotherapy Versus Icotinib Maintenance After Chemotherapy in Advanced NSCLC,UNKNOWN,PHASE4,100.0
NCT02072356,Radiolabeled Glass Beads in Treating Patients With Liver Cancer That Cannot be Removed by Surgery,COMPLETED,EARLY_PHASE1,290.0
NCT01473056,"Study to Assess Safety,Tolerability,Pharmacokinetics & Antiviral Activity of JTK-853 in Hepatitis C Virus Genotype 1 Infected Subjects",COMPLETED,PHASE1,29.0
NCT00358722,An Evaluation of the Long-term Safety of Magnesium Iron Hydroxycarbonate,TERMINATED,PHASE2,44.0
NCT05242822,A Study to Evaluate KIN-3248 in Participants With Advanced Tumors Harboring FGFR2 and//or FGFR3 Gene Alterations,TERMINATED,PHASE1,54.0
NCT00120822,Folic Acid Supplementation in Gambian Primigravidae,COMPLETED,PHASE3,1000.0
NCT02661022,SL-401 in Combination With Pomalidomide and Dexamethasone in Relapsed or Relapsed and Refractory Multiple Myeloma,TERMINATED,PHASE1,9.0
NCT02131922,Study of the Effects of Intensive Treatment of Periodontitis on Blood Pressure Control,UNKNOWN,NA,100.0
NCT02157922,A Phase IIb Study of OligoG in Subjects With Cystic Fibrosis,COMPLETED,PHASE2,65.0
NCT00386529,Administration Time-dependent Antihypertensive Effects of Low Dose Aspirin in Well-controlled Hypertensive Patients,COMPLETED,PHASE4,191.0
NCT01269229,A Trial of Neoadjuvant FOLFOX6 With Short Course Radiotherapy in Patients With Unresectable Rectal Cancer and Liver Metastasis,COMPLETED,PHASE2,32.0
NCT04147351,"A Phase II Study of Atezolizumab in Combination With Bevacizumab, Carboplatin or Cisplatin, and Pemetrexed for EGFR-mutant Metastatic Non-small Cell Lung Cancer Patients After Failure of EGFR Tyrosine Kinase Inhibitors.",COMPLETED,PHASE2,22.0
NCT06461429,PLatform for Adaptive Trials In Perinatal UnitS - [Core Protocol],NOT_YET_RECRUITING,NA,100000.0
NCT03150329,"Pembrolizumab and Vorinostat in Patients With Relapsed or Refractory DLBCL, FCL or HL.",ACTIVE_NOT_RECRUITING,PHASE1,52.0
NCT00961831,"Radiation Dosimetry, Metabolism, Safety, Tolerability and Positron Emission Tomography/Computed Tomography (PET/CT) Imaging With BAY 85-8050 in Healthy Volunteers and Patients",COMPLETED,PHASE1,20.0
NCT00570531,Phase II Trial for Patients With Loco-Regional Esophageal Carcinoma,TERMINATED,PHASE2,6.0
NCT00031031,Kanglaite Injection Phase I Study,COMPLETED,PHASE1,16.0
NCT02719431,Drug-Drug Interaction Study to Assess the Effects of Multiple-Dose Administration of K-877 on the Pharmacodynamics and the Pharmacokinetics of Multiple-Dose Administration of Warfarin in Healthy Adult Volunteers,COMPLETED,PHASE1,20.0
NCT04365231,Hydroxychloroquine Azithromycin COVID-19 Pregnancy Trial,WITHDRAWN,PHASE3,0.0
NCT01281631,A Study of NP001 in Subjects With Amyotrophic Lateral Sclerosis (ALS),COMPLETED,PHASE2,136.0
NCT05702931,Semaglutide Treatment for Hyperglycaemia After Renal Transplantation,RECRUITING,PHASE4,104.0
NCT06235931,A Clinical Study of Darcilil Combined With AI Combined With Pyrrotinib in the Treatment of TPBC,RECRUITING,NA,34.0
NCT00003231,Combination Chemotherapy Followed by Surgery in Treating Patients With Non-small Cell Lung Cancer,COMPLETED,PHASE2,40.0
NCT01750931,"This Study is Randomised, Single Oral Dose Bioequivalence Study of Meloxicam GSK 15 MG Tablets.",COMPLETED,NA,28.0
NCT05109702,A Study to Assess the Efficacy and Safety of Tanfanercept (HL036) Ophthalmic Solution in Participants With Dry Eye,COMPLETED,PHASE3,260.0
NCT04814056,To Evaluate the Efficacy of Afatinib in the Treatment of Locally Advanced/Metastatic Non-Small Cell Lung Cancer With NRG1 Fusion,UNKNOWN,PHASE4,15.0
NCT04985656,A Study of Pevonedistat Combined With Decitabine and Cedazuridine in Adults With Higher-risk Myelodysplastic Syndromes,WITHDRAWN,PHASE2,0.0
NCT00842556,Pharmacokinetic Drug Interaction Study of Dapagliflozin and Glimepiride or Sitagliptin in Healthy Subjects,COMPLETED,PHASE1,18.0
NCT02519556,Trial on Effectiveness Combined Probiotics in Atopic Dermatitis in Children,COMPLETED,PHASE4,60.0
NCT02551237,Neoadjuvant Treatment for Advanced Rectal Carcinoma,COMPLETED,PHASE3,103.0
NCT04278937,Antenatal Azithromycin to Prevent Preterm Birth in Pregnant Women With Vaginal Cerclage,COMPLETED,PHASE4,50.0
NCT06485245,"Study to Evaluate Safety, Tolerability and Pharmacokinetics of CS060304 in Healthy and Elevated LDL-C Subjects",ACTIVE_NOT_RECRUITING,PHASE1,80.0
NCT00141037,Steroid-Free Versus Steroid-Based Immunosuppression in Pediatric Renal (Kidney) Transplantation,COMPLETED,PHASE1,130.0
NCT01520545,Safety Study of 3 mg/mL Baclofen Injection (Intrathecal) Using A Programmable Pump,COMPLETED,PHASE3,153.0
NCT00735072,Maraviroc as an Immunomodulatory Drug for Antiretroviral-treated HIV Infected Patients Exhibiting Immunologic Failure,COMPLETED,PHASE4,45.0
NCT00326872,AZD2171 in Treating Patients With Neurofibromatosis Type 1 and Plexiform Neurofibroma and/or Neurofibroma Near the Spine,TERMINATED,PHASE2,26.0
NCT00691795,Epidural Fentanyl-bupivacaine Versus Clonidine-bupivacaine for Breakthrough Pain in Advanced Labor,WITHDRAWN,PHASE4,0.0
NCT05389995,Potassium Citrate and Crystal Light Lemonade,ACTIVE_NOT_RECRUITING,NA,10.0
NCT00041795,Neotrofin for Treatment of Chemotherapy-Induced Peripheral Neuropathy,COMPLETED,PHASE2,50.0
NCT02877095,Subcutaneous Furosemide in Acute Decompensated Heart Failure Pilot,COMPLETED,PHASE1,40.0
NCT06464939,Phase 2 Study of KH001 in Long-term Relief From Dentin Hypersensitivity,COMPLETED,PHASE2,120.0
NCT01063439,BuEAM Conditioning for Autologous Stem Cell Transplantation (ASCT) to Treat Diffuse Large B Cell Lymphoma (DLCBL),UNKNOWN,PHASE2,42.0
NCT04676139,The Safety and Efficacy of Fluoxetine for Refractory Primary Mono-symptomatic Nocturnal Enuresis in Children,UNKNOWN,PHASE3,100.0
NCT06513039,Evaluation of Erythropoietin on Alveolar Ridge Preservation,RECRUITING,PHASE4,15.0
NCT05215977,Efficacy and Safety of MW031 in PMO Subjects,COMPLETED,PHASE3,448.0
NCT01943877,Propolis In The Treatment Of Periodontitis,UNKNOWN,NA,20.0
NCT02664077,A Study Evaluating Regorafenib Following Completion of Standard Chemotherapy for Patients With Colon Cancer,TERMINATED,PHASE3,34.0
NCT07477977,Dose for Reversal of Heparin After Cardiopulmonary Bypass,RECRUITING,NA,195.0
NCT02300077,Methadone in Ambulatory Surgery,COMPLETED,NA,60.0
NCT07301775,Comparing Single Versus Multiple Anti-VEGF Injections in Diabetic Patients Undergoing Cataract Surgery,NOT_YET_RECRUITING,PHASE4,166.0
NCT00203775,Haloperidol vs. Risperidone in the Treatment of Aggression in Psychotic Inmates,TERMINATED,NA,
NCT02170857,Effect of Hyaluronic Acid in the Treatment of Periodontal Pockets,COMPLETED,NA,30.0
NCT07012057,Study of Deucravacitinib for Refractory Adults With Dermatomyositis/Juvenile Dermatomyositis,WITHDRAWN,PHASE2,0.0
NCT03395977,Uric Acid Effects on Endothelium and Oxydative Stress,COMPLETED,NA,53.0
NCT07493577,Induced Suppression of Platelet Activity in Aneurysmal Subarachnoid Hemorrhage Management-2 (iSPASM-2),NOT_YET_RECRUITING,PHASE1,82.0
NCT00173875,Iressa as a First-Line Treatment in Chemonaive Patients With Inoperable Non-Small Cell Lung Cancer,COMPLETED,PHASE2,108.0
NCT05394857,Efficacy and Safety of SHR-1314 by Subcutaneous Injection in Active Moderate to Severe Graves' Orbitopathy Patients,TERMINATED,PHASE2,7.0
NCT05494957,Clinical Study of New Intensive Treatment Regimen for Severe Nontuberculous Mycobacterial Pulmonary Disease,UNKNOWN,PHASE4,40.0
NCT01120457,"First in Human Study to Determine the Safety, Tolerability and Preliminary Efficacy of an Anti-CXCR4 Antibody in Subjects With Acute Myelogenous Leukemia and Selected B-cell Cancers",COMPLETED,PHASE1,96.0
NCT04417101,Chinese Herbal Medicine for Dialysis-related Myofascial Pain: Study Protocol for A Pilot Randomized Study,UNKNOWN,PHASE2,40.0
NCT02976701,Effect of DLBS1033 After Primary PCI in Patients With STE-ACS,TERMINATED,PHASE2,23.0
NCT01735201,AGN-199201 for the Treatment of Erythema With Rosacea,COMPLETED,PHASE2,357.0
NCT02273401,"Safety, Tolerability and Pharmacokinetics of Single Rising Inhaled Doses of BI 11054 CL Administered With the Respimat® in Healthy Male Volunteers",COMPLETED,PHASE1,96.0
NCT00313001,Effects of Biphasic Insulin Aspart 70/30 vs. Exenatide in Type 2 Diabetes Patients Not Reaching Blood Glucose Targets on Metformin and a Sulfonylurea.,COMPLETED,PHASE3,373.0
NCT00366301,The LANCET Trial: A Trial of Long-acting Insulin Injection to Reduce C-reactive Protein in Patients With Type 2 Diabetes,TERMINATED,PHASE4,500.0
NCT03308201,Study Evaluating Hemay022 in Combination With Endocrine Therapy In Subjects With ER Positive and HER2 Positive Advanced Breast Cancer,COMPLETED,PHASE1,55.0
NCT01839812,Adrenal Responsiveness During the Perioperative Period in Children Undergoing Congenital Cardiac Surgery,COMPLETED,PHASE1,35.0
NCT05070312,"Pharmacokinetics, Immunogenicity, Safety and Tolerability of MEDI3506 in Health Chinese Participants",COMPLETED,PHASE1,39.0
NCT01819012,Effect of Isoflurane on Tissue Doppler Imaging of Mitral Annulus During Cardiac Surgery,COMPLETED,NA,20.0
NCT05499312,An Innovative Chinese Herbal Formula for the Treatment of Gout,UNKNOWN,PHASE2,80.0
NCT03113812,Repeated Subcutaneous Administration of ABvac40 in Mild to Moderate Alzheimer's Disease Patients,COMPLETED,PHASE1,24.0
NCT03246581,Two-period 21 Day Cross-over Study to Compare the Pharmacokinetics of Tiotropium From Two Inhalers,COMPLETED,PHASE1,40.0
NCT01027481,Ranibizumab in Patients With Branch Retinal Vein Occlusion,COMPLETED,PHASE4,30.0
NCT01169519,Sildenafil in Single Ventricle Patients,COMPLETED,PHASE1,21.0
NCT03961919,Phase II Trial in Elderly Patients With AML or MDS in Complete Remission Not Eligible for Allogenic Transplant,COMPLETED,PHASE2,15.0
NCT03765619,Postoperative Aspirin and Ankle Fracture Healing,COMPLETED,EARLY_PHASE1,500.0
NCT02700919,Efficacy and Safety of BCT197 in Subjects With Acute Respiratory Exacerbations of Chronic Obstructive Pulmonary Disease,COMPLETED,PHASE2,282.0
NCT00815919,Bortezomib Plus Prednisone for Initial Therapy of Chronic Graft Versus Host Disease,COMPLETED,PHASE2,22.0
NCT00315328,Trial Comparing Patching Versus Atropine for Amblyopia in 7 to < 13 Year Olds,COMPLETED,PHASE3,233.0
NCT01373528,Impact of Topical Sinonasal Budesonide Irrigation on Hypothalamic-Pituitary-Adrenal Axis Function,TERMINATED,NA,2.0
NCT05667428,A Multicenter Open-label Clinical Study on the Prevention of Premature Ovarian Failure After HSCT,UNKNOWN,NA,200.0
NCT00861328,Safety Study of ON 01910.Na in Combination With Irinotecan or Oxaliplatin,COMPLETED,PHASE1,18.0
NCT00096967,A Study to Evaluate Avastin in Patients Treated in a Previous Genentech-Sponsored Cancer Study,COMPLETED,PHASE3,100.0
NCT02202200,Phase I-II Study With Tumor Molecular Pharmacodynamic (MPD) Evaluation and Pharmacokinetics of PD-0332991 in Patients Suffering Metastatic Melanoma,UNKNOWN,PHASE1,40.0
NCT06942000,Intrathecal DEX With Bupivacaine Inpost-spinal Shivering After CS.,NOT_YET_RECRUITING,PHASE3,40.0
NCT06154200,Eyelid Androgen Treatment in Dry Eye,COMPLETED,PHASE2,24.0
NCT00507000,Pulmonary Tuberculosis and Vitamin D,UNKNOWN,PHASE3,150.0
NCT00637000,Induction of Opioid-Dependent Individuals Onto Buprenorphine and Buprenorphine/Naloxone,COMPLETED,PHASE2,38.0
NCT03413800,Len/Dex/DLI in Relapsed Multiple Myeloma After Allogeneic Stem Cell Transplant,COMPLETED,PHASE2,10.0
NCT06647407,"Safety and Immunogenicity of an Investigational Pentavalent Meningococcal ABCYW Vaccine Against Meningococcal Disease in Children, Toddlers, and Infants",ACTIVE_NOT_RECRUITING,PHASE1,750.0
NCT00003396,Peripheral Stem Cell Transplantation in Treating Patients With Hematologic Cancer,COMPLETED,PHASE2,42.0
NCT03827096,Utilization of Autologous Mesenchymal Cells in Posterolateral Spinal Fusion in Degenerative Spine Disease,TERMINATED,PHASE1,10.0
NCT07142980,A Phase I Study of HRS-7172 in Participants With Advanced Solid Tumors Harboring RAS Mutations or Amplifications,RECRUITING,PHASE1,120.0
NCT03125980,Perioperative Versus Postoperative CapOX Chemotherapy for Locally Advanced Colon Cancer,RECRUITING,PHASE3,1370.0
NCT00161980,Efficacy and Safety of Fibrin Sealant Vapor Heated Solvent/Detergent Treated (FS VH S/D) for Reduction of Lymphatic Leakage by Sealing Axillary Lymph Node Dissection Sites,COMPLETED,PHASE3,
NCT04100096,A Trial of Brexpiprazole in the Treatment of Borderline Personality Disorder,COMPLETED,PHASE2,332.0
NCT06800196,A Study of KNT-0916 in Treatment of Unresectable or Metastatic Solid Tumors with FGFR2 Alterations,NOT_YET_RECRUITING,PHASE1,151.0
NCT01914796,A Phase I Trial to Investigate the Safety and Tolerability of PF-06412562,COMPLETED,PHASE1,39.0
NCT05177796,Panitumumab and Pembrolizumab in Combination With Neoadjuvant Chemotherapy for the Treatment of Stage III-IV Triple Negative Breast Cancer,WITHDRAWN,PHASE2,0.0
NCT02790580,Dose-dense Doxorubicin/Cyclophosphamide With Intermittent Low-dose Sunitinib in Breast Cancer Patients,UNKNOWN,PHASE2,98.0
NCT04149379,Hyperbaric Oxygen Therapy After Stroke - PILOT,WITHDRAWN,PHASE2,0.0
NCT00454896,A Multicenter VESIcare® Efficacy and Safety Study for the Treatment of Urgency Associated With Overactive Bladder (OAB),COMPLETED,PHASE3,739.0
NCT02832362,Local Nasal Tolerability and Safety Study of 1146A in Healthy Adult Participants,COMPLETED,PHASE1,30.0
NCT00853762,"Atacicept in Multiple Sclerosis Extension Study, Phase II",TERMINATED,PHASE2,74.0
NCT00506246,Efficacy and Safety Study of Two Propofol Formulations,COMPLETED,PHASE3,220.0
NCT02250846,Study of EGFR-TKI to Asymptomatic Brain Metastases of NSCLC,UNKNOWN,PHASE2,70.0
NCT05746546,Depressed Mood Improvement Through Nicotine Dosing-3 (Depressed MIND3) Extension,ACTIVE_NOT_RECRUITING,PHASE2,60.0
NCT07428746,Investigating the Impact of GLP-1 RA Therapy on Osteosarcopenia in Older Female Adults With Diabetes,NOT_YET_RECRUITING,PHASE3,20.0
NCT06361446,Zonisamide Versus Propranolol in Migraine,UNKNOWN,PHASE3,600.0
NCT05302388,A Study Exploring Efficacy of Pegloticase in Subjects With Asymptomatic Hyperuricemia,COMPLETED,PHASE1,45.0
NCT06472388,Everolimus 5 mg vs 10 mg/Daily for Patients With Neuroendocrine Tumors,RECRUITING,PHASE2,100.0
NCT00981227,Efficacy and Safety of Eslicarbazepine Acetate as Therapy for Patients With Post-Herpetic Neuralgia,COMPLETED,PHASE2,567.0
NCT01891227,Capecitabine + Bendamustine in Women With Pretreated Locally Advanced or Metastatic Her2-negative Breast Cancer,COMPLETED,PHASE2,40.0
NCT05501327,Dose Regimen Study of SLI-F06 in Healthy Volunteers,RECRUITING,PHASE2,30.0
NCT01931527,Effect of Reducing Uric Acid on Insulin Sensitivity and Oxidative Status,COMPLETED,NA,31.0
NCT06496061,Leg Wrapping and Norepinephrine for Prevention of Post Spinal Hypotension in C.S,COMPLETED,PHASE4,168.0
NCT03910361,Efficacy and Safety of Evoglitin in Patients With Type 2 Diabetes and Non-alcoholic Fatty Liver Diseases,COMPLETED,PHASE4,51.0
NCT06168461,Daily Aspirin Treatment After Preeclampsia,RECRUITING,EARLY_PHASE1,40.0
NCT01578161,The Effect of Dexmedetomidine on Emergence Agitation in Children Undergoing a Surgery Under Desflurane Anesthesia,UNKNOWN,PHASE4,116.0
NCT01101061,A Single-dose Study Evaluating Romosozumab (AMG 785) in Healthy Postmenopausal Japanese and Non-Japanese Women,COMPLETED,PHASE1,31.0
NCT07509242,Comparative Efficacy of hUCMSC-Secretome Delivered Via Microneedling and Intradermal Microinjection as Adjuvant Therapy to NB-UVB in Nonsegmental Vitiligo: A Quasi-Experimental Study,NOT_YET_RECRUITING,PHASE2,150.0
NCT03025542,"A Study to Evaluate the Pharmacokinetics (PK), Pharmacodynamics (PD), and Safety of Bimekizumab in Patients With Chronic Plaque Psoriasis",COMPLETED,PHASE2,49.0
NCT00459342,"Dasatinib in Treating Patients With Stage IIIB, Stage IV, or Recurrent Non-Small Cell Lung Cancer",COMPLETED,PHASE2,35.0
NCT00082186,The Effect of Tracleer® on Male Fertility,COMPLETED,PHASE4,22.0
NCT04745273,Interaction Between Tramadol and Ondansetron,COMPLETED,PHASE4,60.0
NCT05269173,Efficacy and Safety of Flos Gossypii Flavonoids Tablet in the Treatment of Alzheimer's Disease,COMPLETED,PHASE2,240.0
NCT05222269,[68Ga]Ga-PentixaFor PET Imaging in CNS Lymphoma Patients,TERMINATED,PHASE2,1.0
NCT04859569,Efficacy and Safety of LY01011 and Xgeva® in Patients With Bone Metastases From Solid Tumors,UNKNOWN,PHASE3,850.0
NCT01926769,A Phase II Study to Determine the Safety and Efficacy of Second-line Treatment With Metformin and Chemotherapy (FOLFOX6 or FOFIRI) in the Second Line Threatment of Advanced Colorectal Cancer,TERMINATED,PHASE2,2.0
NCT06241469,"Efficacy and Safety of Sintilimab Combined With Nab-paclitaxel and Tegio (aTS) as First-line Treatment of Unresectable Locally Advanced, Recurrent or Metastatic Adenocarcinoma of Gastric and Gastroesophageal Junction，a Phase II Clinical Study",NOT_YET_RECRUITING,PHASE2,40.0
NCT04268069,Efficacy and Safety of PL9643 Ophthalmic Solution in Subjects With Dry Eye,COMPLETED,PHASE2,160.0
NCT06173869,A Randomised Trial Comparing the Ovarian Response of a Starting Dose of Either 10 μg or 15 μg Follitropin Delta (FE 999049) to a Starting Dose of Either 150 IU or 225 IU Follitropin Alfa (GONAL-F) in Conventional Regimens in China,COMPLETED,PHASE3,301.0
NCT06840483,Study of Zelenectide Pevedotin in Participants With Advanced Breast Cancer,ACTIVE_NOT_RECRUITING,PHASE2,66.0
NCT01290783,Trial of FOLF(HA)Iri Versus FOLFIRI in mCRC,UNKNOWN,PHASE3,390.0
NCT00002583,Vinorelbine + Cisplatin or No Further Therapy in Non-small Cell Lung Cancer That Has Been Surgically Removed,COMPLETED,PHASE3,482.0
NCT03731741,Does Oral Pentoxifylline Administration Improve Hemoglobin in Hemodialysis Patients?,COMPLETED,PHASE2,57.0
NCT00000941,A Study on Possible Interactions Between Protease Inhibitors (Anti-HIV Drugs) and Drugs Which Lower the Level of Fat in Your Blood,COMPLETED,PHASE1,56.0
NCT00343941,Tucaresol As Add-On To HAART (Highly Active Antiretroviral Therapy) In Chronic HIV-1 Infected Adults,COMPLETED,PHASE2,45.0
NCT00288041,"Bortezomib, Paclitaxel, and Carboplatin in Treating Patients With Metastatic Melanoma",COMPLETED,PHASE2,36.0
NCT02721641,A Continuation Study of Herceptin (Trastuzumab) in Participants With Metastatic or Locally Advanced Cancer,COMPLETED,PHASE3,69.0
NCT07323641,"Telisotuzumab Vedotin and Osimertinib for the Treatment of Progressive, Incurable, Non Small Cell Lung Cancer",RECRUITING,PHASE2,60.0
NCT02021669,Omega-3 for Depression and Other Cardiac Risk Factors - 2,COMPLETED,PHASE2,144.0
NCT00093405,17-N-Allylamino-17-Demethoxygeldanamycin in Treating Patients With Metastatic Kidney Cancer,COMPLETED,PHASE2,
NCT00443105,Topical Tacrolimus 0.03% Ointment for Intractable Allergic Conjunctivitis: An Open Label Pilot Study,UNKNOWN,PHASE2,
NCT00924105,"Safety, Tolerability and Pharmacodynamics of CYT013-IL1bQb in Patients With Type 2 Diabetes",COMPLETED,PHASE1,48.0
NCT06720805,Pentabiocel in Pediatric IBS,NOT_YET_RECRUITING,NA,56.0
NCT01507766,The Correlations Between Early Enteral Nutrition and Intra-abdominal Pressure in Severe Acute Pancreatitis,COMPLETED,PHASE4,60.0
NCT00394966,"A Multicenter, Randomized, Controlled Trial of SCH 619734 for the Treatment of Chemotherapy-Induced Nausea and Vomiting (Study P04351AM2)(COMPLETED)",COMPLETED,PHASE2,450.0
NCT00886366,Single Ascending Dose Study With Healthy Male Volunteers and Type II Diabetic Patients,TERMINATED,PHASE1,26.0
NCT06696794,Investigating the Efficacy and Safety of Neoadjuvant Intravesical Instillation of Mitomycin C in Treating High-risk NMIBC Patients,RECRUITING,PHASE3,180.0
NCT03067194,The Study to Evaluate Efficacy and Safety of Celecoxib Capsule in Hand Osteoarthritis Patients,COMPLETED,PHASE4,117.0
NCT01263366,Exploratory Study of Norepinephrine to Prevent Radiodermatitis in Breast Cancer Patients,TERMINATED,PHASE1,10.0
NCT04041856,Povidone-iodine 2% Eye Drop Versus Artificial Tear Drop for Treatment of Adenoviral Keratoconjunctivitis,UNKNOWN,PHASE1,200.0
NCT06091956,A Study of Deucravacitinib to Treat LPP and FFA,COMPLETED,PHASE2,12.0
NCT01661556,Clinical Trial of Hydroquinone Versus Miconazol in Melasma,UNKNOWN,PHASE4,60.0
NCT01296256,"Bendamustine, Cytarabine, Etoposide and Melphalan (BeEAM) as Conditioning for Autologous Stem Cell Transplant (ASCT) in Aggressive Non Hodgkin's Lymphoma (NHL).",COMPLETED,PHASE2,60.0
NCT05686356,A Pan-TB Regimen Targeting Host and Microbe,ACTIVE_NOT_RECRUITING,PHASE2,352.0
NCT05849922,A Study to Test the Efficacy and Safety of SAR442970 in Adults With Hidradenitis Suppurativa,COMPLETED,PHASE2,86.0
NCT03675022,Effect of Dupilumab on Sleep Apnea in Patients With Rhinosinusitis,TERMINATED,EARLY_PHASE1,9.0
NCT01746602,Effect of Topical Glaucoma Therapy on Tear Film Stability in Healthy Subjects,TERMINATED,PHASE3,38.0
NCT03842202,A Research Study to Look at How Semaglutide Affects Gastric Emptying in People With Obesity,COMPLETED,PHASE1,72.0
NCT02864602,IV Dexamethasone for Prolongation of Peripheral Nerve Block,COMPLETED,PHASE3,18.0
NCT03523702,The Selective Personalized Radio-Immunotherapy for Locally Advanced NSCLC Trial,COMPLETED,PHASE2,25.0
NCT05345002,All-Trans Retinoic Acid (ATRA) Plus PD-1 Inhibition in Recurrent IDH-Mutant Glioma,RECRUITING,PHASE2,55.0
NCT06778902,AZA Combined with R-GemOx for Elderly DLBCL Patients,NOT_YET_RECRUITING,PHASE2,80.0
NCT01573702,Stereotactic Radiosurgery or Other Local Ablation Then Erlotinib in Epidermal Growth Factor Receptor (EGFR),COMPLETED,PHASE2,32.0
NCT04657302,A Study to Evaluate Glofitamab as Single Agent Administered After Pretreatment With Obinutuzumab in Chinese Patients With Relapsed/Refractory Diffuse Large B-Cell Lymphoma,COMPLETED,PHASE1,30.0
NCT07275853,Personalized KXV01 Lentinvivo (TCR) Injection as the Therapy for Advanced Solid Tumors,NOT_YET_RECRUITING,PHASE1,30.0
NCT00979953,Efficacy and Safety Study Evaluating ADL5859 and ADL5747 in Participants With Pain Due to Osteoarthritis of the Knee,COMPLETED,PHASE2,408.0
NCT00969553,Dose Finding Study of BI 6727 (Volasertib) in Patients With Various Solid Cancers,COMPLETED,PHASE1,59.0
NCT01313637,A 24-week Evaluation of GSK573719/Vilanterol (125/25mcg) and Components in COPD,COMPLETED,PHASE3,1493.0
NCT06274853,"GS-441524 for COVID-19 SAD, FE, and MAD Study in Healthy Subjects",WITHDRAWN,PHASE1,0.0
NCT03613753,Irinotecan Plus Lobaplatin Versus Irinotecan in the Second-line Treatment of Small Cell Lung Cancer,UNKNOWN,PHASE2,72.0
NCT06602453,A Study to Evaluate the Efficacy and Safety of GDC-8264 in Preventing Cardiac Surgery-Associated Acute Kidney Injury (AKI) and Major Adverse Kidney Events (MAKE),TERMINATED,PHASE2,67.0
NCT02131753,Therapy Optimisation for the Treatment of Hairy Cell Leukemia,RECRUITING,PHASE2,210.0
NCT03143153,A Study to Evaluate Efficacy in Subjects With Esophageal Cancer Treated With Nivolumab and Ipilimumab or Nivolumab Combined With Fluorouracil Plus Cisplatin Versus Fluorouracil Plus Cisplatin,COMPLETED,PHASE3,970.0
NCT05337137,A Study of Nivolumab and Relatlimab in Combination With Bevacizumab in Advanced Liver Cancer,COMPLETED,PHASE1,83.0
NCT04466137,Phase 3 Study to Evaluate the Safety and Efficacy of YPEG-rhG-CSF in Malignancies Receiving Chemotherapy,COMPLETED,PHASE3,398.0
NCT00715637,Phase III Randomized Study of Amonafide (AS1413) and Cytarabine Versus Daunorubicin and Cytarabine in Patients With Secondary Acute Myeloid Leukemia (AML)- the ACCEDE Study,UNKNOWN,PHASE3,420.0
NCT06865339,Thoracic Radiotherapy and Inhibition of PD-1 and LAG-3 for Locally Advanced Non-Small Cell Lung Cancer,RECRUITING,PHASE2,76.0
NCT02074839,Study of Orally Administered AG-120 in Subjects With Advanced Hematologic Malignancies With an IDH1 Mutation,RECRUITING,PHASE1,291.0
NCT00868439,Evaluation of Patiromer in Heart Failure Patients,COMPLETED,PHASE2,120.0
NCT06527677,Assessment of the Pharmacokinetics and Safety of ANT3310 Combined With Meropenem in Renally Impaired Subjects,COMPLETED,PHASE1,41.0
NCT02196077,"Efficacy and Safety Study of PT009, PT008, and PT005 in Subjects With Moderate to Severe Chronic Obstructive Pulmonary Disease (COPD)",COMPLETED,PHASE2,180.0
NCT06903273,"Neoadjuvant Tislelizumab, Gemcitabine, Cisplatin and S-1 for Resectable High-risk Cholangiocarcinoma",NOT_YET_RECRUITING,PHASE2,35.0
NCT02039869,Confocal Endomicroscopy for Non-Erosive Reflux Disease (CE NERD),WITHDRAWN,NA,0.0
NCT02033369,Imaging Dopamine Release in Depression,COMPLETED,PHASE4,52.0
NCT03065569,A Comparison of Epidural Techniques for Labour Analgesia,COMPLETED,NA,150.0
NCT00363883,Vorinostat in Treating Patients With Locally Recurrent or Metastatic Cancer of the Urothelium,TERMINATED,PHASE2,14.0
NCT02689869,Combination of PCI-32765 With Obinutuzumab in Untreated Follicular Lymphoma,UNKNOWN,PHASE2,98.0
NCT05771883,A Clinical Study of Injectable IMM0306 in Combination With Lenalidomide,UNKNOWN,PHASE1,102.0
NCT02972983,Daptomycin as Adjunctive Therapy for Staphylococcus Aureus Bacteremia,COMPLETED,PHASE4,102.0
NCT07011654,Study of Naxitamab and Sacituzumab Govitecan in Patients With Metastatic Triple-negative Breast Cancer (TNBC),RECRUITING,PHASE1,31.0
NCT05270954,"Safety, Tolerability and Immunogenicity of Recombinant COVID-19 Vaccine Betuvax-CoV-2",UNKNOWN,PHASE1,116.0
NCT03141554,The Effect of Oral Antiseptic Gargles on the Oral Cavity Microbiome,COMPLETED,PHASE4,12.0
NCT02435654,"5-HTR2A, DRD2,and COMT Genes Polymorphisms and Olanzapine Plasma Concentration in Treatment of Early-onset Schizophrenia",COMPLETED,PHASE4,128.0
NCT05748054,Early Childhood Caries in Jordanian Children,COMPLETED,NA,159.0
NCT00388505,Safety of Tobramycin Inhalation Powder (TIP) vs Tobramycin Solution for Inhalation in Patients With Cystic Fibrosis,COMPLETED,PHASE3,517.0
NCT04201405,Gene Therapy with Modified Autologous Hematopoietic Stem Cells for Patients with Mucopolysaccharidosis Type IIIA,ACTIVE_NOT_RECRUITING,PHASE1,5.0
NCT01047605,Pharmacological Effects of Neurapas® Balance and Pascoflair® 425 mg on Brain Activity in Healthy Volunteers,COMPLETED,PHASE1,16.0
NCT04019041,"A Study to Evaluate the Efficacy, Safety and Tolerability of Bermekimab in Patients With Hidradenitis Suppurativa",COMPLETED,PHASE2,153.0
NCT06660394,"A Phase 3, Placebo-Controlled Study to Investigate LP352 in Children and Adults With Dravet Syndrome (DS)",RECRUITING,PHASE3,160.0
NCT04372394,A Study to Assess the Effect of a High Fat Meal on Surufatinib in Healthy Subjects,COMPLETED,PHASE1,28.0
NCT04052594,A Study of LY3475766 in Healthy Participants,COMPLETED,PHASE1,48.0
NCT00269594,An Open-Label Study Of Lamictal In Neurotic Excoriation,COMPLETED,PHASE2,25.0
NCT05643066,Esketamine-propofol Versus Propofol for Flexible Bronchoscopy,COMPLETED,PHASE4,246.0
NCT01974622,ICG-Guided Photodynamic Therapy for Treatment of Retinal Capillary Abnormalities: A Pilot Study,UNKNOWN,NA,30.0
NCT03383822,Regulation of Endogenous Glucose Production by Brain Insulin Action in Insulin Resistance,COMPLETED,PHASE1,7.0
NCT06593756,"Hemodynamic Monitoring and Fluid Responsiveness in Venoarterial Extracorporeal Membrane Oxygenation (VA ECMO) - ""HemodynamECMOnitoring-VA Study""",RECRUITING,NA,30.0
NCT06679556,Phase 1 Pharmacokinetic Study of Minoxidil SL Tablets,COMPLETED,PHASE1,12.0
NCT07668856,"Cannabidiol as add-on Therapy for Children With Refractory Epilepsy (CBD-uN1que), a High-quality Individualized Approach: a Series of N-of-1 Trials",RECRUITING,PHASE3,50.0
NCT03142256,"3Ps for Prevention Study (Perception, Partners, Pills)",UNKNOWN,PHASE4,200.0
NCT04442022,A Study of Rituximab-Gemcitabine-Dexamethasone-Platinum (R-GDP) With or Without Selinexor in Patients With Relapsed/Refractory Diffuse Large B-cell Lymphoma,ACTIVE_NOT_RECRUITING,PHASE2,501.0
NCT01260922,10 mg Donepezil Hydrochloride Orally Disintegrating Tablets Under Fasting Conditions.,COMPLETED,PHASE1,26.0
NCT05918822,A Study of Maribavir Pediatric Formulation in Healthy Adult Participants,COMPLETED,PHASE1,32.0
NCT03058822,Relative Bioavailability of BMS-931699 From Prefilled Syringe Compared to Drug in Vial,TERMINATED,PHASE1,5.0
NCT04522622,Treatment of Adynamic Bone Disorder With Parathyroid Hormone in Chronic Kidney Disease,RECRUITING,PHASE4,48.0
NCT04343222,Control of Pain in Intravitreal Injections Using Topical NSAIDs,COMPLETED,PHASE4,46.0
NCT00110929,Treatment for Patients With Secondary Hyperparathyroidism of End-Stage Renal Disease (ESRD),COMPLETED,PHASE2,850.0
NCT02675829,Trial of Ado-Trastuzumab Emtansine for Patients With HER2 Amplified or Mutant Cancers,ACTIVE_NOT_RECRUITING,PHASE2,131.0
NCT03243331,An Initial Safety Study of Gedatolisib Plus PTK7-ADC for Metastatic Triple-negative Breast Cancer,COMPLETED,PHASE1,18.0
NCT04485702,Phase 1 Bioavailability Study of MELT-100 (Midazolam and Ketamine Sublingual) and IV Midazolam or Ketamine,COMPLETED,PHASE1,17.0
NCT00559702,Safety Study of Natalizumab to Treat Multiple Sclerosis (MS),COMPLETED,PHASE1,76.0
NCT01126502,"Alvespimycin Hydrochloride in Treating Patients With Relapsed Chronic Lymphocytic Leukemia, Small Lymphocytic Lymphoma, or B-Cell Prolymphocytic Leukemia",TERMINATED,PHASE1,30.0
NCT00698802,Safety and Efficacy of Biphasic Human Insulin Compared to EX1000 in Type 2 Diabetes,COMPLETED,PHASE2,397.0
NCT07670702,An Evaluation of the Long-Term Safety and Efficacy of TSND-201 for the Treatment of PTSD,ENROLLING_BY_INVITATION,PHASE3,300.0
NCT05884502,A Multicenter Study to Evaluate the Effect of High Dose Rosuvastatin Versus Rosuvastatin and Ezetimibe in Stroke,UNKNOWN,PHASE4,330.0
NCT02053766,Anesthesia in Patients With Mitochondrial Disease,TERMINATED,NA,19.0
NCT07698756,A Clinical Study of HRS-8797 in Healthy Participants,NOT_YET_RECRUITING,PHASE1,74.0
NCT03284931,A Study to Assess the Pharmacodynamic Effects of SAGE-217 in Healthy Adults Using an Insomnia Model,COMPLETED,PHASE1,45.0
NCT02029456,Low Dose Prolonged Infusion of Tissue Type Plasminogen Activator Therapy in Massive Pulmonary Embolism,UNKNOWN,PHASE4,30.0
NCT03374956,Individualized Obesity Pharmacotherapy,COMPLETED,PHASE3,193.0
NCT03951753,A Study of Tirzepatide in Participants With Type 2 Diabetes Mellitus (T2DM),COMPLETED,PHASE1,117.0
NCT01962753,Depression in the Elderly and Cerebral Amyloid Plaques: Characterization by [18F] AV-45 Affectives Symptoms and Amyloïd Plaques (ASAP),COMPLETED,NA,92.0
NCT02169453,Pharmacokinetic-pharmacodynamic Interaction Between Each of Three Different Single Doses of BIA 9-1067 and a Single-dose of Controlled-release 100/25 mg Levodopa/Carbidopa,COMPLETED,PHASE1,12.0
NCT01394653,A Study to Compare Oral Absorption of YM060 Between Orally-disintegrating Tablet and Conventional Tablet Under With Water Intake,COMPLETED,PHASE1,36.0
NCT01420653,Maxigesic 325 Acute Dental Pain Study,COMPLETED,PHASE3,408.0
NCT00935753,Trial of Kuvan in Lesch-Nyhan Disease,WITHDRAWN,PHASE2,0.0
NCT03557437,High Dose of Amoxicillin and Metronidazole Plus Bismuth For Helicobacter Pylori Treatment,COMPLETED,PHASE4,216.0
NCT00219037,Long Term Safety of Aliskiren Alone or With the Optional Addition of Hydrochlorothiazide in Patients With Essential Hypertension,COMPLETED,PHASE3,1955.0
NCT02973737,A Study of Pyrotinib Plus Capecitabine in Patients With HER2+ Metastatic Breast Cancer,UNKNOWN,PHASE3,279.0
NCT01077245,Safety and Clinical Effectiveness of Oral Probiotic MIYA-BM to Prevent Recurrent Clostridium Difficile Infections,WITHDRAWN,PHASE2,0.0
NCT05364645,Testing the Use of Targeted Treatment for RET Positive Advanced Non-small Cell Lung Cancer,WITHDRAWN,PHASE2,0.0
NCT03951337,64Cu-ATSM PET/CT in Rectum Cancer (TEP 64Cu-ATSM-Rectum),UNKNOWN,PHASE2,70.0
NCT06538272,Study to Investigate the Chemotherapy-Induced Peripheral Neuropathy (CIPN) Onset-Suppressing Effect and Safety of ONO-2910 in Patients With Breast Cancer Receiving Weekly Paclitaxel,COMPLETED,PHASE2,210.0
NCT01559272,"A Study to Assess the Pharmacokinetics, Safety, and Tolerability of Paliperidone Palmitate in Patients With Schizophrenia",COMPLETED,PHASE1,328.0
NCT04029272,Metformin vs Metformin Combined With GLP-1RA (Glucagon-like Peptide 1 Receptor Agonist) on Overweight/Obese PCOS Patients,UNKNOWN,PHASE4,80.0
NCT03587272,Minimizing Toxicity in HLA-identical Sibling Donor Transplantation for Children With Sickle Cell Disease,RECRUITING,PHASE2,100.0
NCT00408772,"Oxaliplatin, Capecitabine, and Bevacizumab Followed By Surgery and/or Radiofrequency Ablation in Patients With Colorectal Cancer",WITHDRAWN,PHASE2,0.0
NCT00420472,A Study of CellCept (Mycophenolate Mofetil) in Kidney Transplant Patients Switched From EC-MPS.,TERMINATED,PHASE4,
NCT06119672,Efficacy of Probiotic Capsules With Topical Clobetasol Propionate in OLP Treatment,UNKNOWN,PHASE3,36.0
NCT07222072,Methadone to Reduce Chronic Opioid Use After Major Spine Surgery: The MEND Pilot Feasibility Study,RECRUITING,PHASE4,120.0
NCT02396537,Efficacy of Topical Lidocaine to Decrease Discomfort With Intranasal Midazolam Administration,COMPLETED,NA,77.0
NCT03536637,DMT310-001 Topical in the Treatment of Acne Vulgaris,COMPLETED,PHASE2,121.0
NCT07269145,"A Phase I Clinical Study to Evaluate the Safety, Tolerability, Pharmacokinetics, and Preliminary Efficacy of TQB3122 Capsules in Subjects With Advanced Malignant Tumors",RECRUITING,PHASE1,86.0
NCT03928145,Efficacy of Chlorthalidone and Hydrochlorothiazide Combined With Amiloride on Blood Pressure in Primary Hypertension.,UNKNOWN,PHASE3,84.0
NCT00906945,Chemosensitization With Plerixafor Plus G-CSF in Acute Myeloid Leukemia,COMPLETED,PHASE1,39.0
NCT00240045,The Use of Drugs to Improve Kidney Function in Patients With Liver and Kidney Dysfunction,COMPLETED,PHASE2,9.0
NCT06873945,A Study of 2 Doses of Ritlecitinib in People 12 Years of Age and Older With Alopecia Areata,ACTIVE_NOT_RECRUITING,PHASE3,550.0
NCT04504045,Metformin's Effect on Drug Metabolism in Patients With Type 2 Diabetes,TERMINATED,PHASE1,10.0
NCT04046445,"Phase 1b Study to Evaluate ATP128, VSV-GP128 and BI 754091, in Patients With Stage IV Colorectal Cancer",ACTIVE_NOT_RECRUITING,PHASE1,96.0
NCT00969072,Extension Study of GI198745 to Treat Benign Prostatic Hyperplasia,COMPLETED,PHASE2,121.0
NCT01548872,Comparison of the Effects of Crystalloid Cardioplegia and HTK Solution for Postoperative Troponin-I and CK-MB Levels After Pediatric Cardiac Surgery,UNKNOWN,PHASE4,60.0
NCT07604272,Reversing InGuinal Hernia Trial: The Evaluation of Sex Hormones to Reverse Inguinal Hernias in Males,RECRUITING,PHASE1,30.0
NCT00087672,A Phase II Study of CC-5013 in Myelofibrosis,COMPLETED,PHASE2,41.0
NCT00004795,"Phase II/III Randomized, Double-Blind, Placebo-Controlled Study of Dehydroepiandrosterone in Women With Mild to Moderate Systemic Lupus Erythematosus",COMPLETED,PHASE2,190.0
NCT02610595,Study on the Therapeutic Effect of TCM Treatment for MDR MN,UNKNOWN,NA,220.0
NCT06558695,Stability Comparison of TIVA and Sevoflurane in Prone Spinal Surgery(TIVA:Total Intravenous Anesthesia),COMPLETED,NA,52.0
NCT02905539,A Study Comparing the Iron Substitution With the Medicinal Products Ferinject or Monofer,COMPLETED,PHASE4,26.0
NCT01089439,Nitric Oxide Therapy for Acute Chest Syndrome in Sickle Cell Disease Children,COMPLETED,PHASE2,21.0
NCT00326339,Treatment of Arthritis With Syk Kinase Inhibition (TASKI-1),COMPLETED,PHASE2,189.0
NCT00497939,The Effectiveness of Saw Palmetto and Sanmiaoshan on Benign Prostatic Hyperplasia in Chinese Patients,UNKNOWN,NA,40.0
NCT04633239,Testing the Addition of Abemaciclib to Olaparib for Women With Recurrent Ovarian Cancer,RECRUITING,PHASE1,42.0
NCT01794039,Pomalidomide or Lenalidomide and Dexamethasone in Treating Patients With Relapsed or Refractory Multiple Myeloma Previously Treated With Lenalidomide,COMPLETED,PHASE2,9.0
NCT06419439,Ketamine-assisted Integrative Treatment for Veterans With Chronic Low Back Pain and Comorbid Depression,RECRUITING,PHASE2,44.0
NCT01991977,18F-DOPA-PET in Finding Tumors in Patients With Newly Diagnosed Gliomas Undergoing Radiation Therapy,COMPLETED,PHASE2,91.0
NCT03356977,A Study of Crisaborole Ointment 2% in Children Aged 3-24 Months With Mild to Moderate Atopic Dermatitis,COMPLETED,PHASE4,137.0
NCT06629077,Brain Blood Vessel Responses to Changes in Blood Flow,RECRUITING,PHASE2,36.0
NCT00413075,Study of Oral PXD101 in Patients With Advanced Solid Tumors or Lymphoma,COMPLETED,PHASE1,121.0
NCT00459875,Sunitinib in Treating Patients With Locally Recurrent or Metastatic Kidney Cancer,COMPLETED,PHASE2,24.0
NCT02029157,"A Randomized Double-blind, Placebo-controlled Japanese Phase III Trial of ARQ 197 in Hepatocellular Carcinoma (HCC)",COMPLETED,PHASE3,386.0
NCT07703657,A Randomized Controlled Trial of Prophylactic Rituximab to Reduce Clinically Significant EBV DNAemia After Allogeneic Hematopoietic Stem Cell Transplantation,NOT_YET_RECRUITING,NA,168.0
NCT01341457,A Study of LY2603618 in Combination With Gemcitabine in Participants With Solid Tumors,COMPLETED,PHASE1,17.0
NCT04339101,"Itacitinib, Tacrolimus, and Sirolimus for the Prevention of GVHD in Patients With Acute Leukemia, Myelodysplastic Syndrome, or Myelofibrosis Undergoing Reduced Intensity Conditioning Donor Stem Cell Transplantation",COMPLETED,PHASE2,59.0
NCT04545801,Ketamine for Analgesia After Cesarean Section,COMPLETED,NA,80.0
NCT05623501,"Phase I, Dose-Escalation Study of Dihydromyricetin (DHM) to Treat Alcohol-Associated Liver Disease",NOT_YET_RECRUITING,PHASE1,12.0
NCT07245901,Safety and Tolerability of a mRNA Vaccine Encoding Tumor-Specific Circular RNA Antigens in Combination With Anti-PD-1 Monoclonal Antibody in Patients With Advanced Solid Tumors,NOT_YET_RECRUITING,PHASE1,60.0
NCT04947501,A Study of N9 Chemotherapy in Children With Neuroblastoma,ACTIVE_NOT_RECRUITING,EARLY_PHASE1,26.0
NCT00788801,Exploratory Positron Emission Tomography (PET) Study to Evaluate the Effects of ABT-614 on [11C]-(+)-PHNO Binding Potential to D3 Receptors in the Brain,COMPLETED,PHASE1,11.0
NCT00791401,A Study of the Pharmacokinetics of ER OROS Paliperidone in Volunteers With Normal or Impaired Renal Function,COMPLETED,PHASE1,47.0
NCT00119301,"Methotrexate, Trimetrexate Glucuronate, and Leucovorin in Treating Patients With Refractory or Recurrent Osteosarcoma",COMPLETED,PHASE1,18.0
NCT02745912,Study to Evaluate the Effect of Naltrexone and Bupropion Combination on the Pharmacokinetics of Metformin in Healthy Participants,COMPLETED,PHASE1,30.0
NCT01431573,Wake Therapy in the Treatment of Depression,COMPLETED,NA,8.0
NCT00759473,D-Cycloserine Facilitation of Cocaine - Cue Extinction,COMPLETED,PHASE2,79.0
NCT03943173,"Olaparib in Treating Patients With Newly Diagnosed BRCA-Mutant Ovarian, Primary Peritoneal, or Fallopian Cancer Before Surgery",ACTIVE_NOT_RECRUITING,EARLY_PHASE1,15.0
NCT05206773,A Study to Evaluate the Effect of Venglustat Tablets on Neuropathic and Abdominal Pain in Male and Female Participants ≥16 Years of Age With Fabry Disease,ACTIVE_NOT_RECRUITING,PHASE3,122.0
NCT04360473,Ketamine Versus Magnesium Sulfate in the Time and Awakening Quality of General Anesthesia.,UNKNOWN,NA,140.0
NCT05984173,Role of Vitamin E in Reducing Dry Socket,COMPLETED,PHASE4,40.0
NCT00565773,Belatacept Post Depletional Repopulation to Facilitate Tolerance,COMPLETED,PHASE2,40.0
NCT02791269,A Study of Peginterferon Alfa-2a in Participants With Chronic Hepatitis B Virus (HBV) in an Expanded Access Program,COMPLETED,PHASE4,24.0
NCT02331069,Delto-Tricipital Compression Syndrome: Treated With Injection of Dextrose,UNKNOWN,NA,80.0
NCT04560569,Albuvirtide in Combination With 3BNC117 in Patients With Multi-Drug Resistant (MDR) HIV-1 Infection,UNKNOWN,PHASE2,20.0
NCT02038569,"An International, Multi-centre, Prospective, Non-controlled, Open, Single-group, 8-week Trial in Adolescent Subjects",COMPLETED,PHASE2,125.0
NCT02514954,Postprandial Blood Glucose Control With BioChaperone® Combo and Insulin Lispro (Humalog®) Mix 25 in People With Type 1 Diabetes Mellitus,COMPLETED,PHASE1,28.0
NCT00470054,Dasatinib in Treating Patients With Relapsed Small Cell Lung Cancer,COMPLETED,PHASE2,44.0
NCT04432454,Evaluation of Lasofoxifene Combined With Abemaciclib in Advanced or Metastatic ER+/HER2- Breast Cancer With an ESR1 Mutation,COMPLETED,PHASE2,29.0
NCT01962454,A Study to Evaluate a Skeletal-muscle Microbiopsy Technique With Dynamic Proteomic Measurement in Healthy Male Volunteers,COMPLETED,PHASE1,20.0
NCT04085354,"Evaluation of the Clinical Efficacy and Safety of Dapoxetine, Combined Dapoxetine With Folic Acid and Combined Dapoxetine With Vitamin B12 in Treatment of Patients With Premature Ejaculation",COMPLETED,PHASE3,120.0
NCT07570654,"Redefine Study: A Study Evaluating the Efficacy, Safety, and Tolerability of COMP360 in Participants With Post-traumatic Stress Disorder",NOT_YET_RECRUITING,PHASE2,300.0
NCT04124705,A Study of Armour® Thyroid Compared to Synthetic T4 (Levothyroxine) in Previously Hypothyroid Participants,COMPLETED,PHASE2,284.0
NCT04287205,The Effect of Dydrogesterone on Sexual Function in Women With Endometriosis,COMPLETED,NA,79.0
NCT02060305,Intra-articular Bevacizumab for Recurrent Hemarthroses at Target Joints With Chronic Hemophilic Synovitis,TERMINATED,PHASE1,5.0
NCT05104905,"A Phase I/II Open Label Single Centre Trial to Assess the Safety, Tolerability and Efficacy of Single Dose Neoadjuvant Anti-CLEVER-1 Antibody Bexmarilimab in Localised Renal Cell and Colon Carcinoma",WITHDRAWN,PHASE1,0.0
NCT02432105,Safety and Efficacy of EXE844 Otic Suspension in Otitis Media at Time of Tympanostomy Tube Insertion (OMTT),COMPLETED,PHASE3,470.0
NCT06852105,Compare the Clinical Efficacy of 3% Diquafosol and 0.1% Hyaluronic Acid in Patients with Dry Eye After Trans-PRK,NOT_YET_RECRUITING,NA,76.0
NCT03553394,Effects of Restrictive Fluid Strategy on Postoperative Oliguric Pancreatic Surgery Patients,TERMINATED,NA,53.0
NCT03080805,Pyrotinib Plus Capecitabine Versus Lapatinib Plus Capecitabine in Patients With HER2+ Metastatic Breast Cancer. (PHOEBE),UNKNOWN,PHASE3,240.0
NCT01297894,Colistin Versus Colistin Plus Fosfomycin for Infections Caused by MDR Acinetobacter Baumannii,UNKNOWN,PHASE3,92.0
NCT03174366,Investigating the Use of Prolia (Denosumab) in the Treatment of Acute Charcot Neuroarthropathy,COMPLETED,PHASE3,7.0
NCT02331251,Study of Pembrolizumab Plus Chemotherapy in Patients With Advanced Cancer (PembroPlus),TERMINATED,PHASE1,81.0
NCT04705051,Long-term Treatment of Autosomal Dominant Polycystic Kidney Disease (ADPKD) With Venglustat,TERMINATED,PHASE3,24.0
NCT01045551,Open Label Pilot Study of Apremilast in Treatment of Rosacea,COMPLETED,PHASE2,10.0
NCT02251951,Nab-Paclitaxel as Salvage Treatment in Locally Advanced or Metastatic Gastric Cancer,COMPLETED,PHASE2,39.0
NCT05897151,Continuous Spinal Anesthesia Versus General Anesthesia in Sepsis,UNKNOWN,PHASE4,110.0
NCT07121751,Optimal Stimulation of Hypo-responders Undergoing in Vitro Fertilization (IVF),NOT_YET_RECRUITING,PHASE4,150.0
NCT04154722,Comparison of Two Drugs Regimen in Treatment of Complicated Typhoid Fever in Children,COMPLETED,PHASE4,126.0
NCT01086722,Pharmacokinetics in Morbid Obesity After Bariatric Surgery,COMPLETED,PHASE1,52.0
NCT05511922,PK Subtrial in Adolescent Patients With HAE Type I or II Participating in the KVD900-302 Trial,COMPLETED,PHASE3,11.0
NCT01418729,Efficacy and Safety Study of Sorafenib Plus Pravastatin to Treat Advanced Hepatocarcinoma,COMPLETED,PHASE2,216.0
NCT06037031,A Study to Learn How the Body Processes the Study Medicine Called PF-07923568 in People With Loss of Kidney Function,COMPLETED,PHASE1,16.0
NCT03964337,Immediate Prostatectomy vs. Cabozantinib Followed by Prostatectomy in Men With High-Risk Prostate Cancer,TERMINATED,PHASE2,3.0
NCT03235037,Clinical Trial of Levodopa/Carbidopa ( Sinemet) Therapy in Angel Man Syndrome,COMPLETED,NA,10.0
NCT06762145,EArly Effect of Glucocorticoid on Incidence of Persistent Left BundlE Branch Block (LBBB) Post-TAVR (EAGLE-TAVR Trial),NOT_YET_RECRUITING,PHASE4,200.0
NCT01386645,Effect of Dietary Glycemic Index on Beta-cell Function,COMPLETED,NA,56.0
NCT02616445,"Phase I MAD, Fed-Fasted, CSF Study of UE2343 in Healthy Subjects",COMPLETED,PHASE1,40.0
NCT04377945,Study in Parkinson's Disease Patients With Dyskinesia With Combinations of JM-010 and Its Individual Components,TERMINATED,PHASE2,41.0
NCT06249945,EMPAgliflozin in Heart Failure With PReserved Ejection Fraction and End Stage Renal Disease,RECRUITING,PHASE4,150.0
NCT07673445,Intensive vs. Standard Blood Pressure Control in Primary Aldosteronism,NOT_YET_RECRUITING,NA,3830.0
NCT05970172,A Study of Roxadustat to Treat Anemia in Children and Teenagers With Chronic Kidney Disease,RECRUITING,PHASE3,100.0
NCT02032095,The Desensitization Therapy With GB-0998 for Anti-donor Antibody-positive Recipients.,COMPLETED,PHASE2,17.0
NCT01108939,Study of Iron Absorption and Utilization in Asymptomatic Malaria,COMPLETED,EARLY_PHASE1,23.0
NCT02232139,Measurement of Psychomotor Recovery After Anesthesia Using 4CRT,COMPLETED,PHASE2,124.0
NCT05185739,Perioperative Pembrolizumab and Lenvatinib in Resectable Hepatocellular Carcinoma (HCC),RECRUITING,PHASE2,60.0
NCT02605239,Phycosocial Impact of Bleaching Teeth,COMPLETED,NA,58.0
NCT06548139,Rabies mAb CBB 1 Combination Vaccine in Healthy People With Antibody Neutralization Activity and Safety Phase Clinical Trials,NOT_YET_RECRUITING,PHASE2,120.0
NCT00623077,MT2004-30: Tomotherapy for Solid Tumors,TERMINATED,PHASE1,23.0
NCT00168077,Prothrombin Complex Concentrate for Anticoagulant Reversal,COMPLETED,PHASE3,40.0
NCT03991377,A Rater-blinded RCT to Compare Effectiveness of EMDR vs TAU in Patients With First Episode Psychosis and History of Psychological Trauma,UNKNOWN,NA,71.0
NCT00249977,Phase I Study of Capecitabine in Combination With Cisplatin and Irinotecan,COMPLETED,PHASE1,21.0
NCT05685277,Bioequivalence Study of Two Formulations of Tablets Ramipril/Hydrochlorothiazide 10 mg/25 mg in Healthy Volunteers Under Fasting Conditions,COMPLETED,PHASE1,50.0
NCT00223275,Naltrexone for Bipolar Disorder and Alcohol Dependence,COMPLETED,PHASE4,50.0
NCT00335075,Efficacy and Safety of Temodal vs Semustine in Subjects With Recurrent Glioblastoma or Anaplastic Astrocytoma (Study P03644),COMPLETED,PHASE3,151.0
NCT04892875,A Study of Concurrent Chemoradiation in Combination With or Without PD1 Inhibitor AB122 Adenosine 2a Receptor / Adenosine 2b Receptor Inhibitor AB928 Therapies in Locally Advanced Head and Neck Cancers,WITHDRAWN,PHASE1,0.0
NCT02112175,Lenalidomide vs Placebo Maintenance Therapy Following Melphalan Prednisone Velcade® Induction Therapy in NDMM,COMPLETED,PHASE3,46.0
NCT00508157,A Phase 4 Study to Assess the Effects of Aripiprazole Versus Other Atypical Antipsychotics in the Treatment of Schizophrenic Patients With Metabolic Syndrome,TERMINATED,PHASE4,125.0
NCT04423601,Effect of Itraconazole on the Pharmacokinetics of SHR6390 in Healthy Subjects,COMPLETED,PHASE1,18.0
NCT06797401,Phase 2 Trial Evaluating the Efficacy and Safety of RBD5044 in Patients With Mixed Dyslipidemia,RECRUITING,PHASE2,120.0
NCT04762901,LCI-BRE-MTN-NIR-001:Ph I Study of Niraparib in Combo With Standard Chemo in Metastatic Trip Neg Breast Cancer,WITHDRAWN,PHASE1,0.0
NCT01792401,Probiotics in Enteral Feeding in Critically Ill Patients,COMPLETED,PHASE2,49.0
NCT00761501,Phase I Study to Evaluate Bioavailability of Naproxen as PN400 Compared to Naproxen as Proxen S and Naprosyn E,COMPLETED,PHASE1,38.0
NCT01110512,Comparative Efficacy of Two Preparations of the Association Diosmin (450 mg) + Hesperidin (50 mg) in the Treatment of Chronic Venous Insufficiency (CVI),UNKNOWN,PHASE3,140.0
NCT03285412,"CDK 4/6 Inhibitor, Ribociclib, With Adjuvant Endocrine Therapy for ER-positive Breast Cancer",ACTIVE_NOT_RECRUITING,PHASE2,120.0
NCT01236612,Experimental Human Malaria Infection After Immunization With Plasmodium Falciparum Sporozoites Under Chloroquine Prophylaxis,COMPLETED,NA,25.0
NCT06308419,A Phase I Trial of Combination Gemcitabine and Nab-Sirolimus in Advanced Leiomyosarcomas or Advanced Soft-Tissue Sarcomas With TSC2 or TSC1 Loss-of-function Mutations or Deletions,RECRUITING,PHASE1,18.0
NCT03406819,Prevention of Coronary Slow Flow or No-Reflow During PPCI in Patients With Acute STEMI,UNKNOWN,NA,1000.0
NCT05146219,Study of TY-9591 in Patients With a Lung Cancer With Brain or Leptomeningeal Metastases With EGFR Mutation,COMPLETED,PHASE2,29.0
NCT01764828,BAY86-9766 Plus Gemcitabine Phase I Study in Asian,COMPLETED,PHASE1,23.0
NCT02369965,Test Albuvirtide in Experienced Patients,COMPLETED,PHASE3,418.0
NCT02218619,Tauroursodeoxycholic Acid (TUDCA) in New-Onset Type 1 Diabetes,COMPLETED,PHASE2,20.0
NCT07107230,A Study of JNJ-95437446 in Participants With Advanced-Stage Solid Tumors,RECRUITING,PHASE1,380.0
NCT00280930,Letrozole in Postmenopausal Women at Increased Risk for Breast Cancer,UNKNOWN,PHASE2,60.0
NCT02831530,Randomized Short-term Pre-surgical Study to Assess the Effects of Abemaciclib (LY2835219) in Early Breast Cancer Patients,COMPLETED,PHASE2,101.0
NCT02667730,Correlation Between Acute Analgesia and Long-Term Function Following Ankle Injuries,COMPLETED,PHASE4,168.0
NCT01030328,AFRICA: Atorvastatin Plus Fenofibric Acid (TriLipix) in the Reduction of Intermediate Coronary Atherosclerosis,WITHDRAWN,PHASE3,0.0
NCT01235728,A Study to Evaluate and Compare the Efficacy and Pharmacokinetics of MK-0873 for the Treatment of Plaque Psoriasis (MK-0873-022),COMPLETED,PHASE1,24.0
NCT00356928,Cyclophosphamide Plus T-Cell Transplantation for Patients With Hematologic Malignancies,TERMINATED,PHASE1,14.0
NCT04351867,A Clinical Trial of Two Adjuvant Chemotherapy Regimens for Postoperative Gastric Cancer,UNKNOWN,PHASE3,196.0
NCT01231165,Treatment of Coronary Heart Disease With Amiloride,COMPLETED,PHASE2,70.0
NCT00299000,A Phase 4 Two Dose Level Study of Naglazyme(TM) (Galsulfase) in Infants With MPS VI,COMPLETED,PHASE4,4.0
NCT07140900,"Study Evaluating the Safety, Tolerability, and Efficacy of Xaluritamig in Combination With Androgen Receptor Pathway Inhibitors in Participants With Metastatic Hormone-sensitive Prostate Cancer",RECRUITING,PHASE1,60.0
NCT06307600,The Safety and Efficacy of RD06-03 CART Cell Injection in Patients With R/R Acute B-lymphoblastic Leukemia,RECRUITING,EARLY_PHASE1,9.0
NCT04693000,Use of Topical Solasodine of Solanum Melongena Peel Origin in the Treatment of Palmar Arsenic Keratosis,UNKNOWN,PHASE2,20.0
NCT03420300,EBR/GZR for HCV-1b Patients Receiving Hemodialysis,COMPLETED,PHASE4,40.0
NCT01630200,Effects of ROFLUMILAST on Subclinical Atherosclerosis in Chronic Obstructive Pulmonary Disease (COPD),COMPLETED,PHASE4,80.0
NCT04837807,Digital Device Users Who Are Treated With Systane Hydration PF,COMPLETED,PHASE4,30.0
NCT00189007,Antenatal Allopurinol During Fetal Hypoxia,UNKNOWN,PHASE3,222.0
NCT07513207,A Study in Healthy People to Test How Vicadrostat Affects the Heart,ACTIVE_NOT_RECRUITING,PHASE1,45.0
NCT06270407,The Effect of Local Application of Tranexamic Acid Versus Placebo on Postoperative Complications in Plastic Surgery,RECRUITING,PHASE4,3000.0
NCT00871507,"A Study to Evaluate the Safety, Tolerability, Pharmacokinetics (Explores What the Body Does to the Drug), and Pharmacodynamics (Explores What a Drug Does to the Body) of JNJ-38431055 in Volunteers With Type 2 Diabetes Mellitus",COMPLETED,PHASE1,25.0
NCT07127107,Effect of Manual Therapy on Migraine in Postmenopausal Women,NOT_YET_RECRUITING,NA,40.0
NCT06709092,Study on the Effect and Mechanism of Lupatadine Fumarate in the Treatment of Allergic Rhinitis,RECRUITING,NA,60.0
NCT01709292,Vemurafenib Neoadjuvant Trial in Locally Advanced Thyroid Cancer,ACTIVE_NOT_RECRUITING,PHASE2,24.0
NCT04811092,Study of Sotatercept in Newly Diagnosed Intermediate- and High-Risk PAH Participants (MK-7962-005/A011-13),TERMINATED,PHASE3,321.0
NCT07483736,Efficacy of an Empirical Treatment With Amoxicillin-clavulanate (AC) Compared to the Combination Amoxicillin-clavulanate and Ciprofloxacin (AC+C) in the Outpatient Care of Chemotherapy-induced Fever in Adult Haematology Patients.,NOT_YET_RECRUITING,PHASE3,1526.0
NCT03365336,Influenza Management With Polyherbal Formulation,UNKNOWN,NA,100.0
NCT01037036,A Study of the L-PPDS With Adjunctive Xalatan® Eye Drops in Subjects With OH or OAG,COMPLETED,PHASE2,15.0
NCT00371254,A Study of Dasatinib (BMS-354825) in Patients With Advanced 'Triple-negative' Breast Cancer,COMPLETED,PHASE2,55.0
NCT01351766,"Behavioral Activation Intervention, Reward Processing, and Youth Smoking Cessation",COMPLETED,PHASE3,39.0
NCT02684266,A Study of SHR6390 in Advanced Solid Tumor Patients,COMPLETED,PHASE1,40.0
NCT03563066,Effect of Benralizumab in Atopic Dermatitis,COMPLETED,PHASE2,20.0
NCT03287466,Targeted OXYgen Therapy in Critical Illness,COMPLETED,NA,34.0
NCT03381066,"A Phase III, Randomized, Multi-center Study to Determine the Efficacy of the Intercalating Combination Treatment of Chemotherapy and Gefitinib or Chemotherapy as Adjuvant Treatment in NSCLC With Common EGFR Mutations.",UNKNOWN,PHASE3,225.0
NCT06278766,A Study to Assess the Mass Balance of [14C] ABBV-552 in Healthy Male Participants Following Single Oral Dose Administration,COMPLETED,PHASE1,8.0
NCT06039566,NAC vs Placebo on Opioid Use for Hysterectomy,RECRUITING,PHASE3,240.0
NCT06431256,"Efficacy, Safety & Pharmacokinetic (PK) Study of HLD200 in Children Aged 4-5 Years With ADHD",TERMINATED,PHASE3,26.0
NCT02688322,Pharmacodynamics Modeling to Optimize Dosage Regimens of Sulbactam in Patients With Acinetobacter Infections,COMPLETED,PHASE4,18.0
NCT00148122,A Study of a New Combination and Schedule of Chemotherapy Drugs for the Treatment of Head and Neck Cancer,COMPLETED,PHASE2,40.0
NCT03676322,Single Ascending Dose (SAD) and Multiple Ascending Dose (MAD) Study of M5049 in Healthy Participants,COMPLETED,PHASE1,96.0
NCT00859222,LBH589 and Bevacizumab in Patients With Recurrent High Grade Glioma,COMPLETED,PHASE1,51.0
NCT02245022,Safety and Pharmacokinetics of Dolutegravir in Pregnant HIV Mothers and Their Neonates: A Pilot Study,COMPLETED,PHASE2,60.0
NCT06034002,A Study to Evaluate INCA033989 Administered as a Monotherapy or in Combination With Ruxolitinib in Participants With Myeloproliferative Neoplasms,RECRUITING,PHASE1,290.0
NCT01254331,An Open-label Study With Tocilizumab in Patients With Rheumatoid Arthritis in a Local Environment,COMPLETED,PHASE3,51.0
NCT00590031,Phase II Trial of Preoperative Combined Modality Therapy for Esophageal Carcinoma: Cisplatin-Irinotecan Followed by Radiation Therapy With Concurrent Cisplatin and Irinotecan.,COMPLETED,PHASE2,61.0
NCT00668031,Effect of Aprotinin on Transfusion Requirements and Blood Loss in Patients Undergoing Elective Primary Total Hip Replacement,COMPLETED,PHASE3,359.0
NCT00129831,Study to Assess the Safety and Tolerability of Incremental Doses of QAB149 in Adults With Mild-to-moderate Chronic Obstructive Pulmonary Disease (COPD),COMPLETED,PHASE2,6.0
NCT00141531,Phase II Trial of EOquin in High-risk Superficial Bladder Cancer,COMPLETED,PHASE2,53.0
NCT05803031,Efficacy of Locally Delivered Tea Tree Oil Gel as an Adjunct to Non-Surgical Periodontal Management,COMPLETED,NA,22.0
NCT01702831,Busulfan & Melphalan Conditioning for Autologous Stem Cell Transplant (ASCT) and Lenalidomide Maintenance,COMPLETED,PHASE2,78.0
NCT04713631,Safety and Efficacy of Artesunate & Curcumin in Crohn's Disease,UNKNOWN,PHASE2,40.0
NCT07221253,A Study of Rilvegostomig or Durvalumab Plus Chemotherapy for First-Line Treatment of Biliary Tract Cancer (ARTEMIDE-Biliary02),RECRUITING,PHASE3,1100.0
NCT00293631,Study of Lornoxicam or Ketorolac or Placebo for Post-Operative Pain After Bunionectomy,COMPLETED,PHASE2,100.0
NCT06413537,Study of SPG601 in Adult Men With Fragile X Syndrome,COMPLETED,PHASE2,10.0
NCT01134237,Intrapleural Urokinase for Retained Hemothorax,UNKNOWN,PHASE3,32.0
NCT02270437,Safety and Efficacy of Cocktail Periarticular Injection in Simultaneous Total Knee Arthroplasty,COMPLETED,PHASE4,55.0
NCT07610837,"Study of AZD2389 Safety, Tolerability, and Pharmacodynamics in Adults With Steatotic Liver Disease and Advanced Fibrosis",RECRUITING,PHASE2,104.0
NCT01888237,High Dose PPI Triple Therapy Versus Sequential Therapy for Helicobacter Pylori Eradication,COMPLETED,PHASE4,118.0
NCT01100437,Safety Study to Assess Opiate Withdrawal Signs and Symptoms in Opioid Dependent Patients,TERMINATED,PHASE4,14.0
NCT06531837,Electroencephalographic Characteristics of Chronic Pain in Patients With Spinal Cord Injury,NOT_YET_RECRUITING,NA,60.0
NCT06165237,"A Study to Evaluate the Drug-drug Interaction and Safety Between ""BR6001-1"" and ""BR6001-2""",COMPLETED,PHASE1,30.0
NCT05871437,Randomized Controlled Clinical Study on the Reduction of Tumor Marker Levels in Breast Cancer Patients by Huaier Granules,NOT_YET_RECRUITING,PHASE4,232.0
NCT03740737,Recombinant FSH Investigation in the Treatment of Infertility With Assisted Reproductive Technology (ART) (RITA-1),COMPLETED,PHASE3,579.0
NCT03836937,Role of Obeticholic Acid in the Patients of NAFLD With Raised ALT,COMPLETED,NA,70.0
NCT03126695,A Study to Compare if the Uptake of Ticagrelor in the Body Differs When Different Tablets Are Administered,COMPLETED,PHASE1,44.0
NCT00456495,Effect of Ranibizumab on Malignant Conjunctival Neoplasia,COMPLETED,PHASE1,5.0
NCT06790095,TRACK-TBI Precision Medicine Part 3 - Option II,ENROLLING_BY_INVITATION,PHASE2,26.0
NCT00183339,Early Intervention With Fluoxetine in Autism,COMPLETED,PHASE2,18.0
NCT06640439,LED Therapy for Third Molar Surgery,NOT_YET_RECRUITING,EARLY_PHASE1,50.0
NCT07067177,Prophylactic IV Paracetamol in Extremely Premature Infants,COMPLETED,PHASE2,40.0
NCT00780377,Intracoronary Bradykinin Mediated t-PA Release in Heart Transplant Recipients,WITHDRAWN,NA,0.0
NCT00528177,Morphine vs. Oxycodone for Postoperative Pain Management,COMPLETED,PHASE4,90.0
NCT06227377,QTX3034 in Patients With KRAS G12D Mutation,RECRUITING,PHASE1,250.0
NCT04868175,Interval Intraocular Pressure in Intravitreal Injection Study,COMPLETED,NA,64.0
NCT05688475,A Rollover Study of CC-122,ACTIVE_NOT_RECRUITING,PHASE1,12.0
NCT02732275,DS-3201b in Participants With Lymphomas,ACTIVE_NOT_RECRUITING,PHASE1,100.0
NCT01124175,Losartan 100 mg Tablet in Healthy Subjects Under Non-Fasting Conditions,COMPLETED,PHASE1,80.0
NCT01513057,"Bioequivalence Study of Mycophenolate Mofetil 250 mg Capsule, Under Fed Conditions",COMPLETED,PHASE1,61.0
NCT00000857,A Study to Evaluate the Effects of Interleukin-12 (rhIL-12) in HIV-Positive Patients With CD4 Cell Counts Less Than 50 Cells/mm3 or 300-500 Cells/mm3,COMPLETED,PHASE1,65.0
NCT00593957,Trial of Dextromethorphan in Rett Syndrome,TERMINATED,PHASE2,38.0
NCT07481357,A First-In-Human Phase I/IIa Study to Evaluate DA 3501 in Patients With Advanced Gastric or Gastro-esophageal Junction Adenocarcinoma and Pancreatic Ductal Adenocarcinoma,RECRUITING,PHASE1,51.0
NCT01578057,Evaluation of the Pharmacodynamic and Pharmacokinetic Interactions of Tasimelteon and Ethanol,COMPLETED,PHASE1,28.0
NCT05524857,Combination of Fedratinib and Decitabine for Myeloproliferative Neoplasms (MPN)- Accelerated Phase (AP)/Blast Phase (BP),TERMINATED,PHASE1,2.0
NCT01915901,PeptoBismol® Use to Reduce Gastrointestinal Events in Healthy Volunteers Receiving DMF [Tecfidera®] Twice Daily,COMPLETED,PHASE1,175.0
NCT02398201,A Study of Bezafibrate in Mitochondrial Myopathy,COMPLETED,PHASE2,6.0
NCT05932212,AK104 for Recurrent or Metastatic Vulvar Cancer,RECRUITING,PHASE2,20.0
NCT01283412,Dexmedetomidine on Postoperative Delirium and Quality of Recovery in Geriatric Patients,UNKNOWN,PHASE3,500.0
NCT00002012,"Double-Blind, Randomized, Placebo-Controlled Study of Low Dose Oral Interferon Alfa-n3 (Human Leukocyte Derived) in ARC Patients",COMPLETED,NA,45.0
NCT02493712,"A Phase 2a, Multicenter, Randomized, Double-blind, Parallel Group, Placebo-controlled Trial of IBD98-M",COMPLETED,PHASE2,51.0
NCT00888719,Therapeutic Exploratory Study of CWP-0403,COMPLETED,PHASE2,145.0
NCT02308319,Prompt Or Watchful Monitoring for Hepatitis B Virus Related Hepatocellular Carcinoma Without Elevated viRal Load,UNKNOWN,PHASE4,124.0
NCT01044719,Duration of Antibiotics in Infective Exacerbations of Cystic Fibrosis,UNKNOWN,PHASE4,240.0
NCT02781519,Gender Related Differences in the Acute Effects of Delta-9-Tetrahydrocannabinol in Healthy Humans,RECRUITING,PHASE1,100.0
NCT01866930,"Efficacy and Safety Study of Pegylated Interferon Lambda-1a With Ribavirin and Daclatasvir, to Treat naïve Subjects With Chronic HCV Genotypes 1, 2, 3, and 4 Who Are Co-infected With HIV",TERMINATED,PHASE3,453.0
NCT00826930,"Trans Sodium Crocetinate (TSC) Study of Intra-tumoral Oxygen Concentration, Safety, and Pharmacokinetics in Patients With High Grade Glioma",TERMINATED,PHASE1,1.0
NCT03233230,Phase IIb Study of Evobrutinib in Subjects With Rheumatoid Arthritis,COMPLETED,PHASE2,390.0
NCT05384665,Impact of Opioids on Heart Rate During Rapid Sequence Intubation,TERMINATED,NA,3.0
NCT01027065,Dose Escalation of Interleukin-1 (IL-7) Added on Antiviral Treatment and Vaccination in HBeAg-negative Chronic Hepatitis B Virus (HBV) Infected Patients,UNKNOWN,PHASE1,24.0
NCT05258565,TPA in Acute Stroke With COVID Verus Non-COVID-19 Patients,COMPLETED,PHASE1,50.0
NCT00683865,Uncomplicated Pelvic Inflammatory Disease. Treatment With Moxifloxacin.,COMPLETED,PHASE3,749.0
NCT02255565,Dose Response Effects of Quillivant XR in Children With ADHD and Autism: A Pilot Study,COMPLETED,PHASE4,36.0
NCT04933565,First in Human Study of ORG-129 in Healthy Volunteers,COMPLETED,PHASE1,81.0
NCT00002265,"An Open-Label, Multicenter Study to Evaluate the Safety and Tolerability of Dideoxycytidine (ddC) in Patients With AIDS or Advanced ARC Who Previously Demonstrated Intolerance to Zidovudine (AZT) in Protocol N3300 or N3492",COMPLETED,PHASE2,
NCT01398267,A Pharmacodynamic/Pharmacokinetic Study of Aleglitazar in Patients With Type 2 Diabetes Mellitus on Treatment With Lisinopril,COMPLETED,PHASE1,55.0
NCT02945267,Nimotuzumab Plus S1 Versus Placebo Plus S1 as Maintenance Treatment in Patients With Unresectable Pancreatic Cancer,UNKNOWN,PHASE4,60.0
NCT03592667,Dapagliflozin on Blood Pressure Variability and Ambulatory Arterial Stiffness Index in Hypertension,UNKNOWN,PHASE4,20.0
NCT04536467,Prevention of Chemotherapy-Induced Ovarian Failure With Goserelin in Premenopausal Lymphoma Patients,UNKNOWN,PHASE2,80.0
NCT01820767,Paricalcitol Over Inflammatory Parameters on Chronical Kidney Disease Patients,COMPLETED,PHASE3,31.0
NCT07078500,Orelabrutinib Combined With Pola-R-CHP Regimen for the Treatment of Untreated Non-GCB Diffuse Large B-Cell Lymphoma,RECRUITING,PHASE2,48.0
NCT02763800,"Study to Investigate the Safety, Tolerability, Steady State Pharmacokinetic and Pharmacodynamic Profile of BIA 3-202",COMPLETED,PHASE1,33.0
NCT06607900,hUC-MSC-sEV-001 Nasal Drops for Neurodegenerative Diseases,NOT_YET_RECRUITING,PHASE1,120.0
NCT02837900,A Study Evaluating the Safety and Efficacy of a Second Course of TPX-100 in Subjects Who Previously Received TPX-100 for Patellar Osteoarthritis Involving Both Knees,COMPLETED,PHASE2,14.0
NCT03619707,Oral Versus Vaginal Progesterone in the Luteal Support in Cryo-warmed Embryo Transfer Cycles,COMPLETED,PHASE4,157.0
NCT00767507,Maintenance of Platelet Inhibition With Cangrelor,COMPLETED,PHASE2,221.0
NCT07303907,A Phase 2A Trial of DT402 for Autism Spectrum Disorder,RECRUITING,PHASE2,20.0
NCT01569828,Multiple Dose Pharmacokinetics of LCZ696 and Its Metabolites in Subjects With Severe Renal Impairment vs. Matched Healthy Subjects With Normal Renal Function,COMPLETED,PHASE2,12.0
NCT03128528,Analysing the Effect of Empagliflozin on Reduction of Tissue Sodium Content in Patients With Chronic Heart Failure,COMPLETED,PHASE2,84.0
NCT06139328,IRI-EXPLORE: A Study to Test Whether BI 765845 Helps People Who Have Had a Heart Attack,TERMINATED,PHASE2,160.0
NCT04961528,ACid Tranexamic or Terlipressin for Initial Emergency Treatment of Mild to seVere hEmoptysis: a Randomized Trial.,COMPLETED,PHASE3,315.0
NCT07124728,Syntrillo Telehealth Stroke Risk Reduction Study,NOT_YET_RECRUITING,NA,68.0
NCT01829867,A Study With an Increased Dose Step in Patients That Have Previously Received Placebo or sNN0031.,TERMINATED,PHASE1,5.0
NCT02351700,Analgesia Regimens Following Trans-sphenoidal Surgery for Pituitary Tumors,COMPLETED,PHASE4,62.0
NCT01125800,A Phase I Dose Finding and Safety Study of Oral LDE225 in Children and a Phase II Portion to Assess Preliminary Efficacy in Recurrent or Refractory MB,COMPLETED,PHASE1,76.0
NCT02302092,An Efficacy and Safety of Flomoxef Versus Cefepime in the Treatment of Participants With Urinary Tract Infections,TERMINATED,PHASE3,13.0
NCT00611936,Effects of Atomoxetine Treatment in Humans,COMPLETED,PHASE1,10.0
NCT00869336,Multicenter Study of the Efficacy and Safety of Luliconazole Cream in Tinea Pedis (Athlete's Foot),COMPLETED,PHASE2,147.0
NCT00753636,Parkinson's Disease Isradipine Safety Study,COMPLETED,PHASE2,31.0
NCT04449536,Cysteine-lowering Treatment With Mesna,COMPLETED,PHASE1,25.0
NCT06019936,"A Randomized,Double-blind, Placebo Controlled, Multicenter Study to Evaluate the Safety and Efficacy of MT2004 Capsule in DILI Subjects",UNKNOWN,PHASE2,80.0
NCT05515536,A Study to Assess the Safety and Efficacy of Vatiquinone in Participants With Friedreich Ataxia,ACTIVE_NOT_RECRUITING,PHASE3,130.0
NCT05764811,SGLT-2 Inhibitor Effects on Cardiac and Hepatic Metabolic Profiles for the Diabetes Patients Combined With Obesity,COMPLETED,NA,40.0
NCT05539911,Fentanyl as an Adjuvant to Peribulbar Block in Buckle or Squint Surgeries,UNKNOWN,EARLY_PHASE1,50.0
NCT00321854,Study of (Mirapex) Pramipexole for the Early Treatment of Parkinsons Disease (PD),COMPLETED,PHASE4,535.0
NCT00364741,Supplemental Oxygen and Complications After Abdominal Surgery (The PROXI-trial),COMPLETED,PHASE4,1400.0
NCT01131741,"Comparison of Perfusion Index, T Wave Amplitude, Systolic Blood Pressure and Heart Rate",UNKNOWN,NA,50.0
NCT00553605,Efficacy And Safety Of Parecoxib 40mg vs. Ketoprofen 100mg In The Management Of Acute Renal Colic,COMPLETED,PHASE4,340.0
NCT00025051,Celecoxib in Preventing Skin Cancer,WITHDRAWN,PHASE2,0.0
NCT02020551,Lidocaine 10% Spray Reduces Pain During Intrauterine Device Insertion,COMPLETED,NA,223.0
NCT06926751,Telpegfilgrastim vs Filgrastim for Secondary Prevention of Chemotherapy-Induced Neutropenia in Pediatric Solid Tumors,RECRUITING,PHASE2,132.0
NCT04097756,A Phase I Study of LX-039 Tablets,COMPLETED,PHASE1,44.0
NCT03924856,Perioperative Pembrolizumab (MK-3475) Plus Neoadjuvant Chemotherapy Versus Perioperative Placebo Plus Neoadjuvant Chemotherapy for Cisplatin-eligible Muscle-invasive Bladder Cancer (MIBC) (MK-3475-866/KEYNOTE-866),COMPLETED,PHASE3,907.0
NCT05947851,A Study of Nemtabrutinib Plus Venetoclax vs Venetoclax + Rituximab (VR) in Second-line (2L) + Relapsed/Refractory (R/R) Chronic Lymphocytic Leukemia/Small Lymphocytic Lymphoma (CLL/SLL) (MK-1026-010/BELLWAVE-010).,RECRUITING,PHASE3,735.0
NCT00110851,Safety and Efficacy Study of PN2034 in Type 2 Diabetes Patients on Concomitant Rosiglitazone and Metformin (or Avandamet),COMPLETED,PHASE2,90.0
NCT02643251,"The Efficacy and Safety of Clonidine Hydrochloride Topical Gel, vs Clonidine Hydrochloride Gel Comparator to Treat Painful Diabetic Neuropathy",COMPLETED,PHASE2,138.0
NCT05375851,Digital Interventions As an Add-on Tool in Generalized Anxiety Disorder Treatment,COMPLETED,NA,60.0
NCT00324051,Patient's Preference Between Conventional Oral Olanzapine Tablet vs Olanzapine Orodispersible Tablet,COMPLETED,PHASE4,284.0
NCT02712151,Efficacy of Transversus Abdominis Plane Block for Laparoscopic Cholecystectomy,WITHDRAWN,PHASE3,0.0
NCT02084251,Clinical Trial for PB-119 in Healthy Subjects (Phase I),COMPLETED,PHASE1,70.0
NCT00335829,Bevacizumab and Chemoembolization in Treating Patients With Liver Cancer That Cannot Be Removed By Surgery,COMPLETED,PHASE2,26.0
NCT00006929,"Suramin, Paclitaxel, and Carboplatin in Treating Patients With Stage IIIB or Stage IV Non-small Cell Lung Cancer",COMPLETED,PHASE2,82.0
NCT01782729,An Efficacy and Safety Study of Tacrolimus Ointment in Pediatric Participants With Atopic Dermatitis,COMPLETED,PHASE4,30.0
NCT00101829,Anti-CD20 Antibody Therapy for Sjogren's Syndrome,COMPLETED,PHASE1,12.0
NCT01466231,Everolimus in Refractory Testicular Germ Cell Cancer,COMPLETED,PHASE2,15.0
NCT04302402,Multi-dimensional Clinical and Pathophysiological Profiles of Patients With Functional Dyspepsia and Effect of Gut Microbiota Manipulation Using Rifaximin for Its Treatment,UNKNOWN,PHASE2,132.0
NCT06062602,PBI-MST-01(NCT04541108) Substudy TAK-02: Intratumoral Microdosing of TAK-676 in HNSCC,COMPLETED,EARLY_PHASE1,15.0
NCT00700102,A Study of Avastin (Bevacizumab) Plus Crossover Fluoropyrimidine-Based Chemotherapy in Patients With Metastatic Colorectal Cancer.,COMPLETED,PHASE3,820.0
NCT00564902,The Zeaxanthin and Visual Function Study,COMPLETED,NA,60.0
NCT00151502,To Evaluate the Safety and Effectiveness of Atorvastatin Plus a Cholinesterase Inhibitor in AD Patients.,COMPLETED,PHASE3,600.0
NCT00299702,Evaluation of Effectiveness of Risperdal® Consta® Compared to Abilify® Over a Two-year Period in Patients With Schizophrenia,COMPLETED,PHASE4,355.0
NCT02591953,Prospective Clinical Analysis of Ultrasound-guided Biceps Corticosteroid Injections,TERMINATED,NA,22.0
NCT02323737,Phase II Study of Irinotecan and Cisplatin in Extensive-stage Small Cell Lung Cancer,COMPLETED,PHASE2,62.0
NCT00103272,17-N-Allylamino-17-Demethoxygeldanamycin and Bortezomib in Treating Patients With Relapsed or Refractory Hematologic Cancer,TERMINATED,PHASE1,74.0
NCT07187895,Comparative Imaging of XTR004 PET and MIBI SPECT in Borderline Coronary Stenosis,TERMINATED,PHASE2,17.0
NCT04286295,Cytisine Compared to Combination NRT in Relapsed Smokers,TERMINATED,NA,13.0
NCT06279039,Clinical Observation of Exosomes in Patients After Q-switched Laser Surgery,UNKNOWN,NA,38.0
NCT01951677,Safety and Efficacy Study of Adjuvanted Prophylactic Hepatitis B Vaccine,COMPLETED,PHASE1,240.0
NCT00004939,"Phase III Randomized, Double-Blind, Placebo-Controlled Study of 3,4-Diaminopyridine for Demyelinating Polyneuropathy",COMPLETED,PHASE3,34.0
NCT01781377,Prophylactic Subhypnotic Propofol for Nausea and Vomiting During for Cesarean Section Under Subarachnoid Anesthesia.,COMPLETED,PHASE4,112.0
NCT03609775,A Study to Investigate the Drug-drug Interactions Between ACT-541468 and Ethanol in Healthy Subjects,COMPLETED,PHASE1,22.0
NCT02712775,Minocycline Administration During Human Liver Transplantation,WITHDRAWN,PHASE4,0.0
NCT03744975,PDD in Type 2 Diabetes w/wo Diastolic Dysfunction,COMPLETED,PHASE2,72.0
NCT00509275,A Study to Evaluate Efficacy and Safety of Three W0027 Regimens in the Treatment of Moccasin Type Tinea Pedis (MTTP),COMPLETED,PHASE1,120.0
NCT00363857,A Clinical Research Study Testing Ropinirole Treatment for Restless Legs Syndrome,COMPLETED,PHASE3,360.0
NCT01385657,Safety and Tolerability of Dupilumab in Participants With Moderate to Severe Atopic Dermatitis,COMPLETED,PHASE1,37.0
NCT07654257,Single FrAction Interstitial BreaSt BracHytherApy,NOT_YET_RECRUITING,PHASE2,134.0
NCT01064557,"""AIDA"" Protocol (LAP 0493)",UNKNOWN,NA,1068.0
NCT06237257,A Study of Chemoradiotherapy With SHR-1316 For Treatment of Locally Advanced Cervical Cancer,UNKNOWN,PHASE2,56.0
NCT00911157,The Treatment of Acute Deep Vein Thrombosis (DVT) of GSK576428 (Fondaparinux Sodium) in Japanese Patients,COMPLETED,PHASE3,39.0
NCT06082557,A Study to Observe and Evaluate the Safety and Efficacy of T60c Injection for Treatment of Advanced Solid Tumor Patients,UNKNOWN,PHASE1,62.0
NCT04898101,A Study to Evaluate the Effect of [14C]Acp-196 (Acalabrutinib) in Healthy Adult Participants,COMPLETED,PHASE1,14.0
NCT00186901,A Severity-Adapted Clinical Trial of Diminished Bone Mineral Density in Acute Lymphoblastic Leukemia Survivors,COMPLETED,PHASE3,429.0
NCT00397501,BBBD Followed By Methotrexate and Carboplatin With or Without Trastuzumab in Treating Women With Breast Cancer That Has Spread to the Brain,WITHDRAWN,PHASE1,0.0
NCT00766012,"Study to Assess the Safety, Tolerability and Pharmacokinetics After Multiple Doses of AZD2066 in Japanese Subjects",COMPLETED,PHASE1,132.0
NCT04079712,"Testing the Combination of XL184 (Cabozantinib), Nivolumab, and Ipilimumab for Poorly Differentiated Neuroendocrine Tumors",ACTIVE_NOT_RECRUITING,PHASE2,17.0
NCT01037881,LEO 29102 Cream in the Treatment of Atopic Dermatitis,COMPLETED,PHASE2,183.0
NCT05062681,RCT on the Efficacy of Dexamethasone Versus Methyl Prednisolone in Covid-19 Infected Patients With High Oxygen Flow,UNKNOWN,PHASE4,60.0
NCT03232281,"Study to Compare the Oestradiol Suppression, Clinical Efficacy and Safety of Two Formulations of Triptorelin (Triptorelin Pamoate PR 3-month and Triptorelin Acetate PR 1-month) in Chinese Subjects With Endometriosis",COMPLETED,PHASE3,300.0
NCT07653581,rhTPO + CsA vs CsA in the Treatment of LR-MDS With Thrombocytopenia,NOT_YET_RECRUITING,PHASE3,78.0
NCT00783081,Safety and Efficacy of K-134 for the Treatment of Intermittent Claudication,COMPLETED,PHASE2,387.0
NCT06993181,"Clinical Trial of Comparing DA-5222 Single-administration and Co-administration of DA-5222-R1, DA-5222-R2 and DA-5222-R3 in Healthy Adult Subjects",NOT_YET_RECRUITING,PHASE1,48.0
NCT01122381,Comparison of a Drug and Placebo in the Prevention of Migraine Headaches,TERMINATED,PHASE1,5.0
NCT04532281,A Study of Murine CD19 CAR-T Therapy for Patients With Relapsed or Refractory CD19+ B-cell Hematological Malignancies,RECRUITING,EARLY_PHASE1,120.0
NCT07596381,FAK Inhibitor in Patients With Advanced Solid Tumors,NOT_YET_RECRUITING,PHASE1,75.0
NCT04129619,A Comparison of the Effects of ORP-101 Versus Placebo in Adult Patients With Irritable Bowel Syndrome With Diarrhea (IBS-D),COMPLETED,PHASE2,321.0
NCT01428219,Trial of Cabozantinib (XL184) in Castrate-Resistant Prostate Cancer Metastatic to Bone,TERMINATED,PHASE2,25.0
NCT00510419,A Study to Assess an Auto-injector Being Used to Treat a Migraine Attack,COMPLETED,PHASE3,73.0
NCT00249119,A Study of the Effectiveness and Safety of Risperidone Compared With Haloperidol in Patients With Chronic Schizophrenia,COMPLETED,PHASE3,1579.0
NCT00030719,"Combination Chemotherapy With or Without Filgrastim Before Surgery, High-Dose Chemotherapy, and Radiation Therapy Followed by Isotretinoin With or Without Monoclonal Antibody in Treating Patients With Neuroblastoma",UNKNOWN,PHASE3,175.0
NCT01722630,Renal Function During Laparoscopic Surgery,COMPLETED,NA,60.0
NCT01965730,Dosing of Amicar and Measure of Fibrinolysis by TEG During Cardiac Surgery,TERMINATED,EARLY_PHASE1,8.0
NCT06754501,A Phase 2 Clinical Trial Evaluating the Efficacy and Safety of Dual Immune Checkpoint Inhibition With Anti-PD-L1 (Atezolizumab) and Anti-TIGIT (Tiragolumab) in Cancer of Unknown Primary,ACTIVE_NOT_RECRUITING,PHASE2,4.0
NCT06514430,Prophylactic Analgesia for Bladder Botox Injections,WITHDRAWN,PHASE4,0.0
NCT06583330,"A Multicenter, Open-Label, Non-Inferiority Randomized Controlled Trial of Postoperative VTE Prevention in Chinese Patients After Colorectal Cancer Surgery",NOT_YET_RECRUITING,NA,1448.0
NCT01753128,Efficacy of Imipramine for Treatment of Patients With Esophageal Hypersensitivity/ Functional Heartburn,COMPLETED,PHASE3,83.0
NCT07222228,A Study to Evaluate the Efficacy and Safety of Subcutaneous Levonorgestrel Butanoate for Female Contraception,NOT_YET_RECRUITING,PHASE2,165.0
NCT01401465,"Study To Evaluate Patient Preference, Satisfaction And Efficacy Of a Nasal Aerosol Versus an Aqueous Nasal Spray",COMPLETED,PHASE3,327.0
NCT06175065,"Safety, PK and PD Relationships of RLS-0071 in Patients With Acute Exacerbation of Chronic Obstructive Pulmonary Disease",ACTIVE_NOT_RECRUITING,PHASE2,24.0
NCT00375765,Effects On Dihydrotestosterone Regulated Gene Expression In Benign Prostatic Hyperplasia Or Prostate Cancer,COMPLETED,PHASE4,40.0
NCT02607865,Efficacy and Long-term Safety of Oral Semaglutide Versus Sitagliptin in Subjects With Type 2 Diabetes,COMPLETED,PHASE3,1864.0
NCT02085265,Telmisartan vs. Perindopril in Mild-Moderate Alzheimer's Disease Patients,TERMINATED,PHASE2,23.0
NCT05523765,A Study of Brepocitinib in Adults With Active Non-Infectious Non-Anterior Uveitis,COMPLETED,PHASE2,26.0
NCT02368665,A Study to Evaluate the Efficacy and Safety of Amlodipine Besylate and Candesartan Cilexetil in Essential Hypertension Patient Who Are Not Adequately Controlled With Amlodipine Besylate Monotherapy,COMPLETED,PHASE3,180.0
NCT05519865,A Study of Tucidinostat Combined With Tislelizumab as First-line Treatment in Advanced NSCLC,COMPLETED,PHASE2,118.0
NCT05434065,Effects and Mechanisms of Celecoxib on Intracerebral Hemorrhage,RECRUITING,PHASE2,60.0
NCT00637065,Bosentan in Pulmonary Hypertension in Interstitial Lung Disease Treatment Study,UNKNOWN,PHASE4,48.0
NCT02506192,Gulf War Illness Inflammation Reduction Trial,COMPLETED,PHASE2,83.0
NCT00638092,A Randomised Controlled Trial of Iodide Supplementation in Preterm Infants Follow-up at 2 Years,COMPLETED,PHASE4,1275.0
NCT00311402,JASAP: Japanese Aggrenox Stroke Prevention vs. Aspirin Programme,COMPLETED,PHASE3,1295.0
NCT01887002,Study to Evaluate the Effects of ONO-2952 on Pain Perception Produced by Rectal Distention in Female Subjects With Diarrhea-Predominant Irritable Bowel Syndrome (IBS-D),TERMINATED,PHASE2,39.0
NCT00896402,Chlorhexidine Versus Betadine in Preventing Colonization of Femoral Nerve Catheters After Total Joint Arthroplasty (TJA),WITHDRAWN,NA,0.0
NCT04297202,SHR-1210 Combined With Apatinib Mesylate in the Perioperative Treatment of Hepatocellular Carcinoma,UNKNOWN,PHASE2,20.0
NCT00429702,"Diphenhydramine, Lorazepam, and Dexamethasone in Treating Nausea and Vomiting Caused By Chemotherapy",TERMINATED,PHASE2,7.0
NCT06218602,Pilot Trial of Fecal Microbiota Transplantation for Lymphoma Patients Receiving Axicabtagene Ciloleucel Therapy.,RECRUITING,PHASE2,40.0
NCT01344902,An Open Dose-finding Study of Oral Applied Hexaminolevulinate (HAL) Imaging in Patients With Suspicion or High Risk of Neoplasia in the Colon,TERMINATED,PHASE1,13.0
NCT06462053,Short-course Radiotherapy Combined With CAPOX and PD-1 Antibody Versus Long-course Chemoradiotherapy Combined With CAPOX for Early Low-lying Rectal Cancer,RECRUITING,PHASE2,134.0
NCT05879653,Pembrolizumab and EV With Radiation Therapy for MIBC Patients (PEVRAD),RECRUITING,PHASE2,30.0
NCT01141153,Anticoagulation in Stent Intervention,UNKNOWN,PHASE4,304.0
NCT03416153,Individualized Adaptive De-escalated Radiotherapy for HPV-related Oropharynx Cancer,COMPLETED,PHASE2,91.0
NCT07711522,Quadro-Iliac Plane Block for Pain Control After Posterior Spinal Instrumentation Surgery,NOT_YET_RECRUITING,EARLY_PHASE1,60.0
NCT00324922,Vancomycin Or Trimethoprim/Sulfamethoxazole for Methicillin-resistant Staphylococcus Aureus Osteomyelitis,COMPLETED,PHASE3,2.0
NCT02455622,Long-term Evaluation on Height and Weight in Patients With MPS II Who Started Treatment at < 6 Years of Age,COMPLETED,PHASE4,21.0
NCT05635851,NO AD: Use of Nitric Oxide (NO) Donors for the Prevention of Autonomic Dysreflexia (AD) During Bowel Care Following SCI,NOT_YET_RECRUITING,PHASE2,26.0
NCT03589651,INCMGA00012 in Combination With Other Therapies in Patients With Advanced Solid Tumors,COMPLETED,PHASE1,83.0
NCT02755753,A Study to Evaluate REbamiPide as an Adjuvant Regimen to Heal erosIve Reflux Esophagitis,COMPLETED,PHASE4,143.0
NCT06937853,Effect of Genetic Polymorphisms on Response to Preoperative NSAIDs in Endodontic Postoperative Pain Management,RECRUITING,NA,200.0
NCT01813253,Phase 3 Study of Nimotuzumab and Irinotecan as Second Line With Advanced or Recurrect Gastric and Gastroesophageal Junction Cancer,TERMINATED,PHASE3,400.0
NCT06815653,Digital Intervention for Psychedelic Preparation (DIPP): Comparing Meditation and Music-Based Programs,RECRUITING,PHASE1,40.0
NCT00380653,Safety and Pharmacology Study of Sapacitabine to Treat Advanced Leukemias or Myelodysplastic Syndromes,COMPLETED,PHASE1,47.0
NCT03224637,Radiofrequency Neurotomy In Relieving Chronic Knee Pain,COMPLETED,NA,60.0
NCT04857645,ASTX727 and Donor Lymphocyte Infusions After Allogenic Stem Cell Transplantation in Very High Risk MDS or AML Patients,COMPLETED,PHASE2,57.0
NCT01534637,Aprepitant in Preventing Nausea and Vomiting in Patients Undergoing Chemotherapy and Radiation Therapy for Pancreatic Cancer,COMPLETED,PHASE2,22.0
NCT02919072,Chloroprocaine 3% - Epidural Anesthesia in Unplanned Caesarean Section,TERMINATED,PHASE3,16.0
NCT01412372,The Effect of Long-Acting Mesalamine on Post-Infective Irritable Bowel Syndrome- A Pilot Study,COMPLETED,PHASE3,61.0
NCT02107872,Study to Assess the Safety and Tolerability of Multiple Ascending Doses of REGN1500,COMPLETED,PHASE1,55.0
NCT05965895,Ultrasound-Guided Continuous Serratus Anterior Plane Block vs Dexmedetomidine Infusion in Patients With Rib Fractures.,UNKNOWN,PHASE4,150.0
NCT00830895,RAD001 for Non-clear Cell Renal Cell Carcinoma (RCC),COMPLETED,PHASE2,49.0
NCT00005595,Arsenic Trioxide in Treating Patients With Relapsed or Refractory Hodgkin's Disease,TERMINATED,PHASE2,2.0
NCT02672995,Fractionated Stereotactic Radiosurgery With Concurrent Bevacizumab for Brain Metastases: A Phase I Dose-escalation Trial,UNKNOWN,PHASE1,36.0
NCT01812239,Vaginal Progesterone in Twins With Short Cervix,WITHDRAWN,PHASE2,0.0
NCT02606539,Surgery Plus Single Agent Chemotherapy Versus Primary Chemotherapy for Gestational Trophoblastic Neoplasms,UNKNOWN,PHASE2,20.0
NCT07340177,Xiaojin Pill/Neixiao Luoli Pill for the Treatment of Thyroid Nodules,NOT_YET_RECRUITING,PHASE4,108.0
NCT07360977,Myrosinase Bioactivated Gglucoraphanin for the Treatment of Neurodegenerative Diseases (GRA-MYR-ND),RECRUITING,NA,300.0
NCT06181175,Treatment of BPH With CO2 Serenoa +PEA as Monotherapy or in Combination With Tamsulosin: ProSeRePEA Trial,UNKNOWN,NA,250.0
NCT00206375,Growth Hormone and GnRH Agonist in Adolescents With Acquired Hypothyroidism,TERMINATED,PHASE4,16.0
NCT01845675,Chemotherapy Plus Endostatin in Advanced Pancreatic Neuroendocrine Tumor,COMPLETED,PHASE2,14.0
NCT02412657,Intravenous Dexamethasone to Increase the Analgesic Duration of Interscalene Block,COMPLETED,NA,75.0
NCT03860857,"Biomarker Exploration in Aging, Cognition and Neurodegeneration",RECRUITING,PHASE3,300.0
NCT02816957,Benefits of Nigella Sativa in Children With Beta Thalassemia Major,UNKNOWN,EARLY_PHASE1,80.0
NCT00920257,"A Phase I, Open-Label, First-Time-In-Human Study of the Oral AKT Inhibitor GSK2141795",COMPLETED,PHASE1,77.0
NCT00528957,Safety and Efficacy of Switching From Stavudine or Zidovudine to Tenofovir DF in HIV-1 Infected Children,COMPLETED,PHASE3,97.0
NCT01293201,Trial of STAHIST in Seasonal Allergic Rhinitis,COMPLETED,PHASE3,290.0
NCT04989101,Nigelle 5 in Prevention of Influanza,COMPLETED,NA,500.0
NCT01189201,"Rel. BA of Empagliflozin (BI 10773)/Linagliptin FDC Tbl, Comparison With Mono-components, With a Second FDC Tablet and Influence of Food",COMPLETED,PHASE1,42.0
NCT06081101,Ketorolac Versus Corticosteroid Injections for Sacroiliac Joint Pain,NOT_YET_RECRUITING,EARLY_PHASE1,20.0
NCT07051512,Effect of Different Doses Of Intrathecal Dexmedetomidine In Combination With Bupivacaine On Spinal Anesthesia,COMPLETED,PHASE1,90.0
NCT07198412,Effect of Sedation After Ultrasound-Guided Spinal Anesthesia on Back Pain,RECRUITING,NA,180.0
NCT03338881,"A Study to Assess Mass Balance, Pharmacokinetics (PK), and Metabolism of Orally Administered [14 C]-TAK-659 in Participants With Advanced Solid Tumor and/or Lymphoma Malignancies",WITHDRAWN,PHASE1,0.0
NCT00996281,Safety and Tolerability of Azilsartan Medoxomil Plus Chlorthalidone Compared to Olmesartan Medoxomil Plus Hydrochlorothiazide in Participants With Essential Hypertension,COMPLETED,PHASE3,837.0
NCT00357981,Continuous Use of the Contraceptive Patch and the Personal Economic Impact.,WITHDRAWN,NA,0.0
NCT05125081,Efficacy and Safety of Liuwei Dihuang Pill Versus Placebo in Presbycusis With Shen (Kidney)-Yin Deficiency,COMPLETED,PHASE2,120.0
NCT06788912,Pembrolizumab (MK-3475) Plus Investigational Agents in Resectable Non-small Cell Lung Cancer (NSCLC) (MK-3475-01E/KEYMAKER-U01),RECRUITING,PHASE2,60.0
NCT00471419,Phase II Study of AL-2178 (FID 109980) in the Treatment of Dry Eye,COMPLETED,PHASE3,750.0
NCT01394419,Effect of N-acetylcysteine on Prevention of Acute Kidney Injury in High Risk Patients Undergoing Off-pump Coronary Artery Bypass Graft,COMPLETED,PHASE4,115.0
NCT06530719,A Study to Evaluate the Efficacy of Osimertinib in Patients With EGFR-sensitive Mutated Non-small Cell Lung Cancer Progression After Receiving Adjuvant Targeted Therapy Following Radical Surgery,NOT_YET_RECRUITING,PHASE2,54.0
NCT05726019,Colchicine in Patients Undergoing Coronary Artery Bypass Grafting After Acute Coronary Syndrome,COMPLETED,PHASE2,100.0
NCT06699030,A Strategy for Gallstone Expulsion Through Dietary Therapy,RECRUITING,NA,100.0
NCT00729365,PREVENTKD (Prevent Risks by Early interVEntion at Nighttime in Type 1 Diabetes for Kidney Disease),TERMINATED,PHASE3,65.0
NCT01485328,"Protocol: Phytomedicine-AMARGOL®, Clinical Trial for Efficacy Proof on Therapeutics",COMPLETED,PHASE3,60.0
NCT03302728,Brentuximab Vedotin and Lenalidomide in Patients With Relapsed/ Refractory T-cell Lymphoma or Hodgkin Lymphoma,COMPLETED,PHASE1,6.0
NCT06727630,A Phase Ib Study of PRJ1-3024 for Treatment of Advanced or Metastatic Melanoma,RECRUITING,PHASE1,40.0
NCT06302465,Narlumosbartmab Combined With Neoadjuvant Chemotherapy in Bone-derived Malignancies With Osteolytic Lesions and Multinucleated Giant Cells,RECRUITING,NA,60.0
NCT03003065,Safety and Tumoricidal Effect of Low Dose Foscan PDT in Patients With Inoperable Bile Duct Cancers,COMPLETED,PHASE2,10.0
NCT05775965,HIP Fracture Oral ThromboPROphylaxis (Hip PRO Pilot),RECRUITING,PHASE2,250.0
NCT02358265,Chronic Urticaria - Long Term Assessment of Effects of Rupatadine,TERMINATED,PHASE3,192.0
NCT00839865,Trial of Herb Yuyang Ointment to Diabetic Foot Ulcer,UNKNOWN,PHASE2,100.0
NCT02018965,Niacin on Immune Activation : a Proof-of-concept Study,COMPLETED,PHASE2,16.0
NCT00572065,Pilot Trial of Arsenic + Cytarabine in Patients With Myelofibrosis,COMPLETED,EARLY_PHASE1,21.0
NCT00514865,Placebo-Controlled Study of ONO-2333Ms in Patients With Recurrent Major Depressive Disorder,COMPLETED,PHASE2,278.0
NCT00004465,Phase III Randomized Study of SYNSORB Pk in Children With E. Coli-Associated Hemolytic Uremic Syndrome,TERMINATED,PHASE3,145.0
NCT04045665,Anticoagulation for New-Onset Post-Operative Atrial Fibrillation After CABG,RECRUITING,PHASE3,3200.0
NCT00280865,"GLAD: Dose-Finding, Efficacy, and Safety of AZ 242 (Tesaglitazar) in Subjects With Type 2 Diabetes",COMPLETED,PHASE2,500.0
NCT06237465,Botulinum Toxin-A for Hidradenitis Suppurativa,WITHDRAWN,PHASE4,0.0
NCT00094965,Oxaliplatin With FOLFOX4 in Patients With Normal and Abnormal Renal Function,COMPLETED,PHASE2,43.0
NCT00855465,A Study to Evaluate Efficacy and Safety of Oral BAY63-2521 in Patients With CTEPH.,COMPLETED,PHASE3,262.0
NCT01332292,Pharmacokinetics and PharmacoDynamics of GW685698 in Paedeatric Asthmatic Patients,COMPLETED,PHASE2,27.0
NCT03617536,A Study to Evaluate the Safety and Efficacy of CR845 in Chronic Kidney Disease Patients With Moderate-to-Severe Pruritus,COMPLETED,PHASE2,269.0
NCT00002336,The Safety and Effectiveness of Clarithromycin in the Prevention of Mycobacterium Avium Complex (MAC) Infection in HIV-Infected Patients,COMPLETED,NA,
NCT00133536,A/H5N1 Vaccine in Healthy Children Aged 2-9 Years,COMPLETED,PHASE1,157.0
NCT01976936,Neuroprotection With Statin Therapy for Acute Recovery Trial Phase 2,COMPLETED,PHASE2,162.0
NCT05707936,Normal Saline Versus Heparin Intermittent Flushing for the Prevention of Occlusion in Port-a-Cath,UNKNOWN,NA,192.0
NCT01610336,"A Safety and Efficacy Study of INC280 and Gefitinib in Patients With EGFR Mutated, c-MET-amplified NSCLC Who Have Progressed After EGFRi Treatment",COMPLETED,PHASE2,161.0
NCT04804111,Study of of URC102 to Assess the Efficacy and Safety in Gout Patients,COMPLETED,PHASE2,171.0
NCT00744211,Proteolytic Enzyme Induction Within the Human Myocardial Interstitium,COMPLETED,NA,29.0
NCT03415711,PRObiotic VSL#3® for Maintenance of Clinical and Endoscopic REMission in Ulcerative Colitis,TERMINATED,NA,14.0
NCT03289871,Clinical Evaluation of the Efficacy of a Medical Device in Treatment of Toenail Onychomycosis,COMPLETED,NA,112.0
NCT00494871,Efficacy and Safety of Rivaroxaban for the Prevention of Stroke in Subjects With Non-Valvular Atrial Fibrillation,COMPLETED,PHASE3,1280.0
NCT05930171,Combined Lumbar Erector Spinae Plane Block and Pericapsular Nerve Group Block in Patients Undergoing Hip Surgeries,COMPLETED,PHASE4,24.0
NCT04093271,Investigating the Efficacy of Rest-ZZZ Formula in Healthy Participants With Difficulty Falling Asleep or Staying a Sleep,COMPLETED,PHASE1,27.0
NCT06756971,DISE in Pediatric Sleep Disordered Breathing,WITHDRAWN,PHASE2,0.0
NCT04639271,"Pyrotinib, Trastuzumab And Abraxane in HER2-positive MBC With Brain Metastasis",UNKNOWN,PHASE2,100.0
NCT06642571,A Research Study to Compare How Much of the Medicine NNC0519-0130 is in the Blood of People With Overweight or Obesity Who Receive 2 Preparations of the Medicine,COMPLETED,PHASE1,46.0
NCT00412971,"A Randomized, Comparative Study of Hexvix Fluorescence Cystoscopy and Standard Cystoscopy in Patients With Non-invasive Bladder Cancer",COMPLETED,PHASE3,233.0
NCT01061671,Simvastatin Therapy for Moderate and Severe COPD,TERMINATED,PHASE3,885.0
NCT00209144,Phase 1 Study of Potential Anti-Inflammatory Effects of Glucose Control During Acute Myocardial Infarction.,COMPLETED,PHASE1,58.0
NCT07515209,A Clinical Study of HH-006 in Untreated Chronic Hepatitis B Virus Infected Patients,COMPLETED,PHASE1,36.0
NCT02244944,Ezetimibe-Ursodiol Combination Therapy on Biomarkers of Liver Function and Sterol Balance in Subjects With NAFLD,TERMINATED,PHASE2,2.0
NCT01627834,Bioequivalence Study of Ropinirole Hydrochloride ER Tablets 2 mg Under Fasting Condition,COMPLETED,PHASE1,48.0
NCT00045734,Imatinib Mesylate in Treating Patients With Recurrent Meningioma,COMPLETED,PHASE2,23.0
NCT01158534,Celecoxib and Recombinant Interferon Alfa-2b in Metastatic Kidney Cancer Who Have Undergone Surgery,COMPLETED,PHASE2,17.0
NCT01614964,Studies of a Candidate Aminoquinoline Antimalarial (AQ-13),COMPLETED,PHASE2,66.0
NCT06236009,A First-In-Human Study of TAK-004 in Healthy Adults,COMPLETED,PHASE1,121.0
NCT03116009,Randomization of Early Diabetes Screening Among Obese Pregnant Women.,TERMINATED,PHASE3,600.0
NCT02781909,Potential Efficacy and Safety of Using Adjunctive Ibuprofen for XDR-TB Tuberculosis,COMPLETED,PHASE2,24.0
NCT05839899,Mifepristone and Misoprostol for Undesired Pregnancy of Unknown Location,UNKNOWN,PHASE3,50.0
NCT01938599,Study Comparing AM001 Cream to Vehicle in the Treatment of Plaque Psoriasis,COMPLETED,PHASE2,92.0
NCT01220999,A Phase I Imaging and Pharmacodynamic Trial of CS-1008 in Patients With Metastatic Colorectal Cancer,COMPLETED,PHASE1,19.0
NCT00236899,Phase III Study of Two Different Schedules (Weekly and Tri-weekly) of Combination of Gemcitabine and Two Taxanes in MBC,COMPLETED,PHASE3,241.0
NCT00000699,A Phase I/II Trial of Ribavirin (With Escalation) + Isoprinosine in Asymptomatic HIV-Viremic Patients,COMPLETED,PHASE1,20.0
NCT04152499,"Phase I-II, FIH, TROP2 ADC, Advanced Unresectable/Metastatic Solid Tumors, Refractory to Standard Therapies (KL264-01)",ACTIVE_NOT_RECRUITING,PHASE1,1410.0
NCT06305832,Salvage Radiotherapy Combined With Androgen Deprivation Therapy (ADT) With or Without Rezvilutamide in the Treatment of Biochemical Recurrence After Radical Prostatectomy for Prostate Cancer,RECRUITING,PHASE2,102.0
NCT02062099,PET Imaging of the Translocator Proteine Ligands (TSPO) With [18 F] DPA-714 Biomarker of NeuroInflammation in Cognitive Decline (NIDECO),COMPLETED,PHASE1,25.0
NCT02951299,The Protective Effect of Pentoxifylline on Acute Kidney Injury,UNKNOWN,PHASE2,140.0
NCT04091399,First-in-man Study of Adult Patients Suffered From Alveolar Osteitis Treated Using Stomatological Tamponade Contipro,COMPLETED,PHASE2,58.0
NCT06844799,A Study of HS-20137 in Participants with Moderate-to-severe Plaque Psoriasis,NOT_YET_RECRUITING,PHASE3,720.0
NCT04536532,"Evaluation HEC121120 Tolerance in Healthy Subjects and Patients With Chronic Hepatitis B, Pharmacokinetics Characteristics and Antiviral Activity of Ⅰ Phase of Study",TERMINATED,PHASE1,52.0
NCT02452463,Nintedanib Compared With Placebo in Treating Against Radiation-Induced Pneumonitis in Patients With Non-small Cell Lung Cancer That Cannot Be Removed by Surgery and Are Undergoing Chemoradiation Therapy,TERMINATED,PHASE2,8.0
NCT05249387,Characterization of Bovine Adrenal Medulla as a New Surrogate Model of Non-histaminergic Itch,COMPLETED,NA,22.0
NCT00483587,Does Heme Oxygenase-1 Induction Ameliorate Cardiac Injury After Myocardial Infarction?,COMPLETED,PHASE1,15.0
NCT01046487,Imatinib Mesylate And Cyclophosphamide In Metronomic Administration: Dose Escalation Study Of Imatinib Mesylate,COMPLETED,PHASE1,26.0
NCT01593787,Safety and Tolerability and Efficacy of LCZ696 in Japanese Hypertensive Patients With Renal Dysfunction,COMPLETED,PHASE3,32.0
NCT05388487,Tolerability and Safety of HF1K16 Injection in Patients With Refractory Solid Tumors,UNKNOWN,PHASE1,54.0
NCT07367087,Silver Sulfadiazine With Hyaluronic Acid Versus Silver Sulfadiazine Alone in Partial-Thickness Burns,NOT_YET_RECRUITING,NA,30.0
NCT01599793,Magnetic Resonance Imaging in Measuring the Effect of Cabozantinib in Patients With Castrate Resistant Prostate Cancer,COMPLETED,PHASE2,19.0
NCT07341893,Sacubitril-valsartan in Patients With Heart Failure.,COMPLETED,NA,60.0
NCT06149793,SGLT2 Inhibitor Therapy in Cystic Fibrosis-related Diabetes,ACTIVE_NOT_RECRUITING,PHASE2,8.0
NCT00453193,Alemtuzumab and Pentostatin In T-cell Neoplasms,TERMINATED,PHASE2,26.0
NCT05722093,MG Granules Improve COVID-19 Efficacy and Safety of Convalescent Exercise Tolerance,UNKNOWN,NA,360.0
NCT06926621,A Study of Long-term Safety and Efficacy of VX-670 in Participants With Myotonic Dystrophy Type I,ENROLLING_BY_INVITATION,PHASE2,44.0
NCT07626021,Selinexor Monotherapy for Cytoreduction in BCR::ABL1-Negative Myeloproliferative Neoplasms,NOT_YET_RECRUITING,PHASE2,15.0
NCT07074821,Antimicrobial Locks for Hemodialysis Catheter Infections,COMPLETED,PHASE2,100.0
NCT00022321,Gemtuzumab in Treating Patients With Myelodysplastic Syndrome,UNKNOWN,PHASE2,
NCT03193814,Safety and Efficacy Study of Chemotherapy Plus Apatinib as Second-line Therapy in Metastatic Colorectal Cancer,WITHDRAWN,PHASE2,0.0
NCT05874414,Combination of GNS561 and Trametinib in Patients With Advanced KRAS Mutated Cholangiocarcinoma,RECRUITING,PHASE1,98.0
NCT00567814,A Placebo-Controlled Study of a Combination of Metyrapone and Oxazepam in Cocaine Addiction,COMPLETED,NA,45.0
NCT03140514,Urine CXCL10 Chemokine Monitoring Post-renal Transplant,COMPLETED,NA,241.0
NCT02549014,"A Single Dose Study of the Safety, Pharmacokinetics and Pharmacodynamics of MK-1064 (MK-1064-001)",COMPLETED,PHASE1,16.0
NCT04414514,Topical Ruxolitinib 1.5% for Hidradenitis Suppurativa Treatment,TERMINATED,PHASE2,6.0
NCT07116616,A Study of mRNA-2808 in Participants With Relapsed or Refractory Multiple Myeloma,RECRUITING,PHASE1,166.0
NCT02228616,Efficacy and Safety of Prucalopride in Combination With Polyethylene Glycol or Lactulose in Women With Chronic Constipation,COMPLETED,PHASE4,280.0
NCT03752216,NIraparib and Quality of LifE is a Longitudinal Study Evaluating in Real Life the Tolerability of Niraparib.,COMPLETED,PHASE4,141.0
NCT04984616,Atorvastatin on Inflammation and Cardiac Function in Chronic Chagas Disease,TERMINATED,PHASE2,300.0
NCT03563716,A Study of Tiragolumab in Combination With Atezolizumab in Chemotherapy-Naïve Patients With Locally Advanced or Metastatic Non-Small Cell Lung Cancer,COMPLETED,PHASE2,135.0
NCT01239706,Safety Study of Human Chorionic Gonadotropin (hCG) and Epoetin Alfa (EPO) in Traumatic Brain Injury: Dosing Tier 1,UNKNOWN,PHASE2,10.0
NCT07006506,A Study of Belumosudil in People at Risk of Developing Graft-Versus-Host Disease After a Stem Cell Transplant,RECRUITING,PHASE2,46.0
NCT05004506,Intra-articular Analgesia Versus Adductor Canal Block for Arthroscopic Knee Surgery,UNKNOWN,PHASE3,100.0
NCT03018106,Ospemifene vs. Conjugated Estrogens in the Treatment of Postmenopausal Sexual Dysfunction,TERMINATED,PHASE4,1.0
NCT02542306,Safety and Efficacy of Fibrinogen Concentrate in Aortic Arch Surgery Involving Moderate Hypothermic Circulatory Arrest,UNKNOWN,PHASE2,150.0
NCT02060006,TB-IRIS NSAID Cox-2 Inhibitor Prevention Trial,UNKNOWN,PHASE3,200.0
NCT00346606,The Efficacy and Safety of Desloratadine With Levocetirizine in Treatment of Chronic Idiopathic Urticaria,UNKNOWN,PHASE4,60.0
NCT02164006,"Novel PI3K Delta Inhibitor TGR-1202, in Combination With Brentuximab Vedotin for Hodgkin's Lymphoma Patients",COMPLETED,PHASE1,16.0
NCT01155206,Acute Regulation of Intestinal and Hepatic Lipoprotein Production by Glucagon,COMPLETED,PHASE4,9.0
NCT00391404,Fosamax for Childhood Cancer Survivors,UNKNOWN,PHASE3,100.0
NCT03824704,A Study to Evaluate Rucaparib in Combination With Nivolumab in Patients With Selected Solid Tumors (ARIES),TERMINATED,PHASE2,1.0
NCT01380184,Pharmacokinetics of Ridaforolimus (MK-8669) in Chinese Participants (MK-8669-059),COMPLETED,PHASE1,15.0
NCT03323684,Quadratus Lumborum Block vs Transversus Abdominis Plane Block for Post-cholecystectomy Analgesia,COMPLETED,NA,159.0
NCT05991284,Sacubitril-Valsartan in Heart Failure With Preserved Ejection Fraction and Secondary Mitral Valve Regurgitation,COMPLETED,PHASE4,84.0
NCT00183404,Long-Term Olanzapine Treatment in Children With Autism,COMPLETED,PHASE2,32.0
NCT07369284,Melatonin for Glycemic Control in Gestational Diabetes Mellitus,NOT_YET_RECRUITING,PHASE2,150.0
NCT02680184,Clinical Study of CMP-001 in Combination With Pembrolizumab or as a Monotherapy,COMPLETED,PHASE1,199.0
NCT03591133,Clinical Study of TS-143 in Healthy Adult Male Subjects (Single-Dose Administration),COMPLETED,PHASE1,40.0
NCT00222833,The Effect of Switching to Aripiprazole on Heart Health in Overweight and Obese Patients With Schizophrenia,COMPLETED,PHASE4,30.0
NCT06208033,SMET12 and Toripalimab Combined Chemotherapy in Patients With EGFR Positive Advanced Non-small Cell Lung Cancer (NSCLC),UNKNOWN,EARLY_PHASE1,40.0
NCT00914433,"Safety, Tolerability, Pharmacodynamics and Pharmacokinetics of Inhaled TPI 1100 in Healthy Volunteers",WITHDRAWN,PHASE1,0.0
NCT02697552,Safety Study of HBI-8000 in Japanese Patients With Non Hodgkin's Lymphoma,COMPLETED,PHASE1,13.0
NCT01111552,"Study to Evaluate the Efficacy, Safety and Tolerability of an Oral Aripiprazole/Escitalopram Combination Therapy in Participants With Major Depressive Disorder (MDD)",TERMINATED,PHASE3,237.0
NCT01808547,Comparison Study of ISV-303 to Durasite Vehicle in Cataract Surgery Subjects,COMPLETED,PHASE3,268.0
NCT01293747,Pharmacokinetics of Injectable Estradiol and Progesterone Microspheres Suspension,COMPLETED,PHASE1,30.0
NCT00301847,Sorafenib in Treating Patients With Kidney Cancer That Has Spread to the Brain,COMPLETED,PHASE2,44.0
NCT02657447,Dosimetry Study of Betalutin for Treatment of Relapsed Non-Hodgkin Lymphoma (LYMRIT-37-02),WITHDRAWN,PHASE1,0.0
NCT02587247,ImmunoTEP With 68-Ga in Metastatic Colo Rectal Cancer,COMPLETED,PHASE2,11.0
NCT04992949,Evaluation of CPX-351 Monotherapy in Acute Myeloid Leukemia Secondary to Myeloproliferative Neoplasm,COMPLETED,PHASE2,42.0
NCT05384249,"Phase 2b Pivotal Study of Izokibep in Non-infectious, Intermediate-, Posterior- or Pan-uveitis",TERMINATED,PHASE2,96.0
NCT05462938,Conscious Sedation for Transcatheter Aortic Valve Implantation,COMPLETED,NA,65.0
NCT06561438,Postoperative Pain Management Following Laparoscopic Cholecystectomy,COMPLETED,PHASE3,86.0
NCT01820858,The Efficacy and Safety of the Postoperative Adjuvant Treatment in Patients With High-risk Stage I Endometrial Carcinoma,ACTIVE_NOT_RECRUITING,PHASE3,300.0
NCT00623558,Cetuximab as Induction Treatment in Head and Neck Squamous Cell Carcinoma (HNSCC),COMPLETED,PHASE2,92.0
NCT00198848,Iron Supplementation Among Adolescent Girls in India,COMPLETED,NA,2800.0
NCT07512648,Efficacy and Safety of Sanyong Jiedu Granules in Treating Lumps-Type Non-Lactational Mastiti,NOT_YET_RECRUITING,NA,210.0
NCT02277548,A Pilot Study at a Single-Institution of Pregabalin in the Management of Mucositis Pain in Patients Undergoing Chemoradiation Therapy to the Head and Neck.,COMPLETED,NA,20.0
NCT04042948,Clinical Effect of Preventive Use of Tylenol on Fever After Removal of Drainage Tube in Lumbar Fusion Surgery,COMPLETED,NA,183.0
NCT04608448,Topical-RAPA Use in Inflammation Reversal and Re-setting the Epigenetic Clock,COMPLETED,EARLY_PHASE1,22.0
NCT00162955,Prevention of CHOP-induced Chronic Cardiotoxicity,COMPLETED,PHASE4,150.0
NCT00823355,Oral Forodesine Hydrochloride (BCX-1777) in Patients With Recurrent or Refractory T/NK-cell Malignancies,COMPLETED,PHASE1,24.0
NCT02626455,Study of Copanlisib in Combination With Standard Immunochemotherapy in Relapsed Indolent Non-Hodgkin's Lymphoma (iNHL),TERMINATED,PHASE3,551.0
NCT01568034,A Study to Investigate the Tolerability and Effect of Three Single-dose Regimens of BIA 9-1067,COMPLETED,PHASE2,10.0
NCT02433834,Chronic Dosing Cross-Over Study to Assess the Efficacy and Safety of Glycopyrronium (PT001) in Adult Subjects With Intermittent Asthma or Mild to Moderate Persistent Asthma,COMPLETED,PHASE2,248.0
NCT02361034,"To Evaluate Safety, Tolerability and Pharmacokinetics of GRC 27864 in Healthy Subjects and Elderly Healthy Subjects",COMPLETED,PHASE1,32.0
NCT00360464,A Trial Of Azithromycin SR For The Treatment Of Acute Bronchitis And Secondary Infection Of Chronic Respiratory Diseases,COMPLETED,PHASE3,64.0
NCT02961634,Study Efficacy and Safety in Comparative Use of Investigational Product Adjuvant Treatment in Onychomycosis,UNKNOWN,PHASE3,46.0
NCT00884234,Safety and Efficacy Study of RT001 to Treat Moderate to Severe Lateral Canthal Lines,COMPLETED,PHASE2,30.0
NCT05614934,Vonoprazan-based Therapy Versus Standard Regimen for Helicobacter Pylori Infection Management,COMPLETED,PHASE4,132.0
NCT00407264,Randomized Trial of Fluticasone in Bronchial Premalignancy,COMPLETED,PHASE2,90.0
NCT03785964,Nirogacestat for Adults With Desmoid Tumor/Aggressive Fibromatosis (DT/AF),COMPLETED,PHASE3,142.0
NCT02168309,Oral Nifedipine Versus Oral Labetalol,COMPLETED,NA,50.0
NCT02372409,Using MRI-Guided Laser Heat Ablation to Induce Disruption of the Peritumoral Blood Brain Barrier to Enhance Delivery and Efficacy of Treatment of Pediatric Brain Tumors,TERMINATED,PHASE2,6.0
NCT01656109,Atazavanir/Ritonavir-based HAART in Children,COMPLETED,PHASE2,20.0
NCT02527564,Efficacy of Suvorexant to Treat Insomnia Related to Bipolar Disorder,COMPLETED,PHASE4,61.0
NCT05131464,The Study of CM310 in Patients With Chronic Rhinosinusitis With Nasal Polyps,COMPLETED,PHASE2,46.0
NCT02872064,Treatment of Primary Breast Cancer Using PDT,COMPLETED,NA,12.0
NCT04831099,Testosterone Treatment in a Patient With 17β-hydroxysteroid Dehydrogenase Type 3 Deficiency: an N-of-1 Study,UNKNOWN,PHASE3,1.0
NCT01105299,Bioequivalence Study of Anastrozole 1 mg Tablet,COMPLETED,NA,24.0
NCT01066299,Influence of Oxytocin on the Startle Reflex and on Its Modulation,UNKNOWN,NA,50.0
NCT01705899,Islet Allotransplantation in Type 1 Diabetes,SUSPENDED,PHASE1,20.0
NCT05859334,Testing the Anti-cancer Drug Erdafitinib for Brain Cancers That Have Returned or Progressed Following Treatment,RECRUITING,PHASE2,30.0
NCT00167934,Determining Metabolic Effects of Valproate and Antipsychotic Therapy,COMPLETED,NA,164.0
NCT00281632,"A Phase II, Open-Label Study Evaluating the Effect Of GW786034 In Subjects With Ovarian Cancer",COMPLETED,PHASE2,35.0
NCT01033032,Trial of Amrubicin as Treatment for Patients With HER2-Negative Metastatic Breast Cancer,COMPLETED,PHASE1,78.0
NCT03544632,Acellular Adipose Tissue (AAT) for Soft Tissue Reconstruction,COMPLETED,PHASE2,15.0
NCT02574832,Determination of ED90 of Intrathecal Lidocaine for Adequate Anesthesia for Elective Cervical Cerclage Surgery,TERMINATED,NA,2.0
NCT03473132,Assessment of Coagulation Factor Levels in Left Ventricular Device (LVAD )Patients Following Temporary Warfarin Reversal With Four Factor Prothrombin Complex Concentrate (4F-PCC),UNKNOWN,PHASE4,50.0
NCT03035032,A Study of ELIGARD® in Hormone-dependent Prostate Cancer Patients,COMPLETED,PHASE4,107.0
NCT02334163,The Effects of Nitazoxanide in Hepatic Encephalopathy,UNKNOWN,PHASE2,36.0
NCT00852163,Study of Stem Cell Transplant for Leukemia and Myelodysplastic Syndromes Using Clofarabine and Busulfan Regimen,COMPLETED,PHASE2,20.0
NCT01559363,"A Safety, Pharmacokinetic & Dose-Escalation Study of KD019 in Subjects With Autosomal Dominant Polycystic Kidney Disease",COMPLETED,PHASE1,69.0
NCT07703163,Safety and Efficacy of Canagliflozin in Patients With Locally Advanced or Advanced Solid Cancer,NOT_YET_RECRUITING,PHASE1,15.0
NCT01424163,Dexpramipexole Japanese PK Study,COMPLETED,PHASE1,57.0
NCT01078363,Angiotensin Converting Enzyme (ACE) Inhibition and Cardiac Allograft Vasculopathy,COMPLETED,NA,96.0
NCT01846663,"Efficacy, Safety, And Pharmacokinetics Of Rifaximin In Subjects With Severe Hepatic Impairment And Hepatic Encephalopathy",TERMINATED,PHASE4,6.0
NCT02001363,Efficacy Study of Glucagonlike Peptide-1 to Treat Reperfusion Injury,UNKNOWN,NA,90.0
NCT02620163,Efficacy & Safety Study of YH22162 vs Telmisartan/Amlodipine in Patients With Hypertension Inappropriately Controlled on Telmisartan/Amlodipine Treatment,COMPLETED,PHASE3,381.0
NCT00940563,"A Prospective, Multicenter Study on Best Clinical Use of Imatinib in the Advanced Gastrointestinal Stromal Tumors",COMPLETED,PHASE2,135.0
NCT05384587,"Asciminib Monotherapy, With Dose Escalation, for 2nd and 1st Line Chronic Myelogenous Leukemia",ACTIVE_NOT_RECRUITING,PHASE2,34.0
NCT07437287,Testing Mitazalimab in Combination With Standard Chemotherapy in Immunotherapy Resistant Advanced Biliary Tract Cancers,NOT_YET_RECRUITING,PHASE2,160.0
NCT00882687,Efficacy Study to Evaluate the Effectiveness of 3 Concentrations of SAR 1118 in Allergic Conjunctivitis,COMPLETED,PHASE2,60.0
NCT07181187,Phase II Clinical Trial of MH004 Ointment in Patients With Non-segmental Vitiligo,COMPLETED,PHASE2,156.0
NCT03988387,"IPREP Study #2: Evaluating Enhanced PrEP Packages for Young Female Sex Workers in Kisumu, Kenya",COMPLETED,NA,200.0
NCT01742793,"An Open Label, International, Multi-centre, Phase I/IIa Study of Lenalidomide (Revlimid) and Romidepsin (Istodax) for Relapsed /Refractory Hodgkin Lymphoma, Mature T-cell Lymphoma and Multiple Myeloma. (RId Study)",TERMINATED,PHASE1,12.0
NCT06161493,ZEN003694 Combined With Niraparib in Patients With Metastatic or Recurrent Solid Tumors,WITHDRAWN,PHASE1,0.0
NCT02771093,An Exploratory Study of the Effects of Trelagliptin and Alogliptin on Glucose Variability in Patients With Type 2 Diabetes Mellitus,COMPLETED,PHASE4,27.0
NCT00237393,Quetiapine Treatment for Post-Traumatic Stress Disorder (PTSD),COMPLETED,PHASE4,80.0
NCT06742593,"Study of MT027 in Patients with Brain, Meninges, and Spinal Cord Metastatic Solid Tumors",NOT_YET_RECRUITING,PHASE1,12.0
NCT03994393,Non Small Cell Lung Cancer Trial of Durvalumab and Tremelimumab in Advanced Epidermal Growth Factor Receptor (EGFR) Mutant Disease.,UNKNOWN,PHASE2,100.0
NCT07223021,A Study of Fludarabine Dosing in Children and Young Adults With B-cell Acute Lymphoblastic Leukemia,RECRUITING,PHASE3,130.0
NCT06225921,Neoadjuvant Adebrelimab With Dalpiciclib for Resectable Esophageal Squamous Cell Carcinomas,UNKNOWN,PHASE1,6.0
NCT01280214,Local Triamcinolone Injection in Active Thyroid Orbitopathy,UNKNOWN,NA,30.0
NCT03530514,"A Study to Examine the Safety, Tolerability and Biological Effects of REGN4461 in Healthy Volunteers",COMPLETED,PHASE1,113.0
NCT06036914,A Study of Ultra High Dose Diuretics to Treat Heart Failure,COMPLETED,PHASE2,20.0
NCT06025916,Postpartum Hemorrhage Reduction With Oral Tranexamic Acid: a Clinical Trial,RECRUITING,PHASE4,1000.0
NCT04176016,Phase I Study of Radiolabeled OTSA101-DTPA in Patients With Relapsed or Refractory Synovial Sarcoma,TERMINATED,PHASE1,12.0
NCT00543816,MK0767 Added to Insulin Therapy in Patients With Type 2 Diabetes (0767-030),TERMINATED,PHASE3,100.0
NCT00101816,Dasatinib (BMS-354825) in Subjects With Myeloid Blast Phase Chronic Myeloid Leukemia Resistant to or Intolerant of Imatinib Mesylate,COMPLETED,PHASE2,124.0
NCT05386706,Treating PCOS With Digital Intervention vs. Metformin,COMPLETED,NA,80.0
NCT06329206,A Phase Ia/Ib Study of GH2616 Tablet in Subjects With Advanced Solid Tumors,RECRUITING,PHASE1,156.0
NCT04181606,Age Comparisons of Exercising Muscle O2 Supply in Healthy Adults: Effects of Esmolol Infusion,COMPLETED,EARLY_PHASE1,30.0
NCT06873906,Deep Parasternal Intercostal Plane Block Versus Erector Spinae Plane Block in Pediatric Cardiac Patients Undergoing Primary Repair of Septal Defects Via Median Sternotomy,NOT_YET_RECRUITING,PHASE3,45.0
NCT06548906,A Study of GZR4 Injection at Different Injection Sites,RECRUITING,PHASE1,24.0
NCT01853306,"A Study to Evaluate the Safety, Pharmacokinetics and Oral Bio Availability of Veliparib in Subjects With Solid Tumors",COMPLETED,PHASE1,71.0
NCT03298906,"A Study to Assess the Effect of Ticlopidine on the Pharmacokinetics, Safety, and Tolerability of Intranasally Administered Esketamine in Healthy Participants",COMPLETED,PHASE1,16.0
NCT03774706,Sublingual Misoprostol With or Without Intravenous Tranexamic Acid During Hemorrhagic Cesarean Section,UNKNOWN,NA,150.0
NCT04940104,Change in Biting Force After Botox Injection,COMPLETED,NA,20.0
NCT03841604,Effect of Safinamide on Parkinson's Disease Related Chronic Pain,COMPLETED,PHASE4,94.0
NCT07581704,Sirolimus Pre-conditioning on T Cell Activity and T-cell Engaging Bispecific Antibody Efficacy in Multiple Myeloma,RECRUITING,PHASE1,10.0
NCT03577704,"The Safety,Efficacy of Anti-EGFR Humanized Monoclonal Antibody Combined With Chemotherapy in Advanced Solid Tumors.",COMPLETED,PHASE1,56.0
NCT02035904,Levobupivacaine Prolonged Wound Infusion for Postoperative Pain Relief After Breast Surgery,UNKNOWN,PHASE4,60.0
NCT05971004,Effectiveness of Hydrolyzed Collagen Peptide Injection for the Treatment of Collateral Ligament Pain,COMPLETED,NA,62.0
NCT00091104,"Cyclophosphamide and Fludarabine Followed by Vaccine Therapy, Gene-Modified White Blood Cell Infusions, and Aldesleukin in Treating Patients With Metastatic Melanoma",COMPLETED,PHASE1,136.0
NCT04485104,"Assessment of Adjunctive Cannabidiol Oral Solution (GWP42003-P) in Children With Tuberous Sclerosis Complex (TSC), Dravet Syndrome (DS), or Lennox-Gastaut Syndrome (LGS) Who Experience Inadequately-controlled Seizures",TERMINATED,PHASE3,3.0
NCT00083304,"Whole Brain Radiation Therapy With Oxygen, With or Without RSR13, in Women With Brain Metastases From Breast Cancer",COMPLETED,PHASE3,368.0
NCT05576584,"Safety, Tolerability and Pharmacokinetic Characteristics Evaluation on GST-HG121 Tablets",UNKNOWN,PHASE1,114.0
NCT00152984,Efficacy and Safety of Tiotropium in Patients With COPD and Concomitant Diagnosis of Asthma,COMPLETED,PHASE4,472.0
NCT01674933,Fluoride Varnish For Childsmile Nursery School Attenders,COMPLETED,PHASE4,1610.0
NCT02865733,Study of Remodulin® in Pediatric Pulmonary Hypertension With Single Ventricular Physiology After Fontan Surgery,COMPLETED,PHASE3,36.0
NCT06383533,Disitamab Vedotin Plus Cadonilimab in Patients With HER2 Mutant Advanced or Metastatic Bile Duct Adenocarcinoma,UNKNOWN,PHASE2,28.0
NCT01626833,Severe Decrease of Growth Velocity in Children With Anorexia Nervosa.Therapeutic Trial of Growth Hormone,COMPLETED,PHASE2,15.0
NCT00881452,A Trial of CM-AT in Children With Autism,COMPLETED,PHASE3,182.0
NCT01590433,Weight Loss With Exenatide Treatment,COMPLETED,PHASE4,249.0
NCT03310749,An Assessment of Pharmacokinetic Gemigliptin and Metformin Interactions in Healthy Mexican Volunteers,COMPLETED,PHASE1,34.0
NCT00208949,A Comparison of Dendritic Cell Content and T-Cell Phenotype Between Granulocyte Colony-Stimulating Factor (G-CSF) or G-CSF + Granulocyte Macrophage (GM)-CSF,TERMINATED,PHASE2,50.0
NCT05060549,Dopamine D3 Receptor Occupancy in Bipolar Depression,WITHDRAWN,PHASE4,0.0
NCT06542549,Efficacy and Safety of AK104 (PD-1/CTLA-4 Bispecial Antibody) Combined With Chemotherapy for Neoadjuvant Treatment of Advanced Ovarian Cancer,NOT_YET_RECRUITING,PHASE3,100.0
NCT06906549,Evaluation of 200 mg of Rituximab Every 6 Months as Maintenance Treatment of Rituximab-treated Patients With Rheumatoid Arthritis,RECRUITING,PHASE4,260.0
NCT02062749,Escalating Doses of Oxaliplatin and Hyperthermic Intraperitoneal Chemotherapy (HIPEC) in Children and Adolescents With Extensive Colon Carcinoma,COMPLETED,PHASE1,1.0
NCT02376049,A Clinical Trial to Compare Topical Agents in Adults With Mild to Moderate Atopic Dermatitis (AD),COMPLETED,PHASE1,30.0
NCT07647133,A Phase II Clinical Trial of Efficacy and Safety of SAL0140 at Different Doses in Patients With Chronic Kidney Disease,NOT_YET_RECRUITING,PHASE2,249.0
NCT00405652,Measurement of Gastrointestinal (GI) and Health-related Quality of Life (HRQL) Outcomes in Liver Transplant Recipients,COMPLETED,PHASE3,34.0
NCT01387464,Aqueous Humor Concentration of InSite Vision (ISV) 303 (Bromfenac in DuraSite) to Bromday Once Daily (QD) Prior to Cataract Surgery,COMPLETED,PHASE2,60.0
NCT06385964,"A Study to Evaluate the Safety, Tolerability, Pharmacokinetics, and Pharmacodynamics of SHR-4597 Inhalation in Healthy Subjects and Asthmatic Patients",COMPLETED,PHASE1,62.0
NCT06138964,Comparing the Effect of siSPARC Microneedle Patch Versus siSPARC+siLR4A Microneedle Patch on Post-surgical Scars,UNKNOWN,PHASE2,50.0
NCT06713564,"A Single Dose, Open-Label, Dose-escalation Study of the Safety and Imaging Characteristics of LS301-IT for Intraoperative Imaging of Lung Cancer",COMPLETED,PHASE1,24.0
NCT05157464,Losartan Use to Mitigate Arthrofibrosis Following Total Join Arthroplasty,WITHDRAWN,PHASE4,0.0
NCT01937364,Preventing Alcohol Withdrawal With Oral Baclofen,TERMINATED,PHASE2,17.0
NCT00092209,Antihypertensive Efficacy and Safety of Approved Drugs in Japanese Patients With Essential Hypertension (Banyu Study)(0954A-302),COMPLETED,PHASE3,840.0
NCT04458909,Testing the Addition of an Anti-cancer Immune Therapy Drug (Nivolumab) to the Usual Chemotherapy Treatment (Cisplatin or Carboplatin With Gemcitabine) for Recurrent or Metastatic Nasopharyngeal Cancer,TERMINATED,PHASE3,15.0
NCT01485809,Efficacy and Safety Study of Gefitinib in Squamous NSCLC Patients Who Failed First-Line Chemotherapy,COMPLETED,PHASE2,36.0
NCT02387099,Dose EScalation Induction of EvERolimus,COMPLETED,PHASE2,156.0
NCT02817464,Study to Evaluate Suppression of Ovulation and Pharmacokinetics of Medroxyprogesterone Acetate Following Administration of TV-46046 in Women With Ovulatory Cycle,COMPLETED,PHASE1,12.0
NCT00895609,Sugammadex and Neostigmine at Shallow Neuromuscular Blockade,COMPLETED,PHASE4,99.0
NCT02902432,A Trial of Endostar in Patients With Carcinoma of the Head and Neck,UNKNOWN,PHASE2,24.0
NCT05284032,A Pilot Trial Using Isatuximab to Overcome Platelet Transfusion Refractoriness in Human Leukocyte Antigen Allo-Immunized Patients (SuppCare 001),TERMINATED,EARLY_PHASE1,3.0
NCT00964132,Oral NRX 194204 Study in Patients With Advanced Non-Small Cell Lung Cancer (NSCLC),UNKNOWN,PHASE2,48.0
NCT03311932,A Study of Infacort® Versus Cortef® in Healthy Adult Male and Female Subjects,COMPLETED,PHASE1,51.0
NCT03091699,Effects of Exercise and Nicotine on Cognition in Smokers,COMPLETED,PHASE3,34.0
NCT01128699,Ahmed Valve Glaucoma Implant With Adjunctive Subconjunctival Bevacizumab in Refractory Glaucoma,UNKNOWN,PHASE3,40.0
NCT05078944,Progress of Mild Alzheimer's Disease in Participants on Acupuncture Versus Sham Acupuncture,COMPLETED,NA,160.0
NCT06830109,Nasal Obstruction With Oxymetazoline and Corticosteroids,RECRUITING,PHASE2,80.0
NCT04641299,A Study of AZD8233 in Participants With Dyslipidemia,COMPLETED,PHASE2,119.0
NCT00147563,Compare Effectiveness of Eplerenone vs Atenolol in Reversing the Remodelling Resistance Arteries in Subjects With HT,COMPLETED,PHASE4,34.0
NCT06442709,Combined Anti-IL6R and Anticoagulation Therapy in Advanced NPC Patients,UNKNOWN,NA,100.0
NCT03309163,Effect of Tramadol in Prevention of Postpartum Depression,COMPLETED,PHASE4,1230.0
NCT02631863,Aminolaevulinic Acid Photodynamic Therapy for HPV+ Low Grade Cervical Intraepithelial Neoplasia (LSIL;CIN1),COMPLETED,PHASE2,60.0
NCT03189563,Safety and Efficacy of DA-9805 for Parkinson's Disease,COMPLETED,PHASE2,61.0
NCT03193463,Intratumorally-Administered Topotecan Using CED in High Grade Glioma Undergoing Stereotactic Biopsy,WITHDRAWN,EARLY_PHASE1,0.0
NCT00446563,Efficacy and Safety of Valsartan in Combination With Amlodipine Compared to Losartan Plus Hydrochlorothiazide in Patients With Hypertension and Left Ventricular Hypertrophy,COMPLETED,PHASE3,90.0
NCT03041363,Treatment Development of Triheptanoin (G1D),COMPLETED,PHASE1,12.0
NCT02825563,A Phase I Study of Anlotinib on Pharmacokinetics to Assess the Effect of High Fat Diet in Advanced Cancer Patients,COMPLETED,PHASE1,22.0
NCT02328963,Proportion of CMV Seropositive Kidney Transplant Recipients Who Will Develop a CMV Infection When Treated With an Immunosuppressive Regimen Including Everolimus and Reduced Dose of Cyclosporine Versus an Immunosuppressive Regimen With Mycophenolic Acid and Standard Dose of Cyclosporine A,COMPLETED,PHASE4,186.0
NCT06313463,Study Of Capecitabine Combined With Camrelizumab For Non-pCR TNBC With TLS After Neoadjuvant Chemoterapy,RECRUITING,PHASE3,375.0
NCT04288687,A Trial of Niraparib in Platinum-Sensitive Castration-Resistant Prostate Cancer With DNA Repair Defects,COMPLETED,PHASE2,11.0
NCT02089087,"Safety, Tolerability, Pharmacokinetics and Pharmacodynamics of Single Dose CFZ533 in Rheumatoid Arthritis Patients",COMPLETED,PHASE1,75.0
NCT02618187,"A Study to Evaluate the Safety, Tolerability and Microbiome Dynamics of SER-287 in Subjects With Mild-to-Moderate Ulcerative Colitis",COMPLETED,PHASE1,58.0
NCT06482593,Periapical Healing in Response to Endodontically Treated Teeth With Different Sealing Cement,ACTIVE_NOT_RECRUITING,PHASE4,72.0
NCT04193293,A Study of Duvelisib in Combination With Pembrolizumab in Head and Neck Cancer,TERMINATED,PHASE1,2.0
NCT00797693,Misoprostol in Termination of First Trimester Missed Abortion,COMPLETED,NA,100.0
NCT03473093,Oral Pregabalin Effect to the Intravenous Morphine in Multiple Fracture Ribs,UNKNOWN,EARLY_PHASE1,80.0
NCT00835393,Pantoprazole Sodium 40 mg DR Tablets Under Non-Fasting Conditions,COMPLETED,PHASE1,50.0
NCT01898221,Vein of Marshall Ethanol Infusion for Persistent Atrial Fibrillation,COMPLETED,PHASE3,343.0
NCT04478721,Temocillin vs Meropenem for the Targeted Treatment of Bacteraemia Resistant to Third Gen Cephalosporins,COMPLETED,PHASE3,334.0
NCT07570121,Pharmacokinetics and Placental Transfer of Caffeine,RECRUITING,PHASE1,30.0
NCT02669914,MEDI4736 (Durvalumab) in Patients With Brain Metastasis From Epithelial-derived Tumors,TERMINATED,PHASE2,4.0
NCT00280514,Plasma and Abscess Fluid Pharmacokinetics of Cefpirome and Moxifloxacin After Single and Multiple Dose Administration,COMPLETED,PHASE4,20.0
NCT01362114,The Effect of Sihogayonggolmoryeo-tang on the Anxiety of Hwa-byung,UNKNOWN,PHASE4,160.0
NCT04271514,A First-in-Human Study of RPT193 in Healthy Volunteers and Patients With Atopic Dermatitis,COMPLETED,PHASE1,103.0
NCT01485614,Study to Assess Safety & Efficacy of Sitagliptin as Initial Oral Therapy for Treatment of Type 2 Diabetes Mellitus in Pediatric Participants. (MK-0431-083),COMPLETED,PHASE3,200.0
NCT03312114,Anti-PD-L1 and SAbR for Ovarian Cancer,TERMINATED,PHASE2,5.0
NCT04320316,A Trial to Assess the Safety and Efficacy of KRN23 in Epidermal Nevus Syndrome (ENS),COMPLETED,PHASE4,1.0
NCT02664116,IM Ketorolac vs Cambia for the Acute Treatment of Severe Migraine,UNKNOWN,PHASE4,40.0
NCT06712316,"Safety, Efficacy, and Pharmacokinetics of BNT327 in Combination With Chemotherapy and Other Investigational Agents for Lung Cancer",RECRUITING,PHASE2,1260.0
NCT04503616,"Cyclophosphamide, Abatacept, and Tacrolimus for GvHD Prevention",COMPLETED,PHASE1,46.0
NCT02280616,Budesonide Effervescent Tablets vs. Viscous Budesonide Suspension vs. Placebo in Eosinophilic Esophagitis,COMPLETED,PHASE2,76.0
NCT06873516,Phase 2b Study of EVO756 in Adults With Moderate to Severe Chronic Spontaneous Urticaria (CSU),COMPLETED,PHASE2,182.0
NCT06544616,A Study of JNJ-64042056 in Participants With Preclinical Alzheimer's Disease,ACTIVE_NOT_RECRUITING,PHASE2,55.0
NCT04009616,Effect of Aloe Vera Mouthwashes on the Oral Health of Children,COMPLETED,NA,17.0
NCT01290406,BEZ235 Trial in Patients With Advanced Endometrial Carcinoma,WITHDRAWN,PHASE2,0.0
NCT01516606,Salvage Therapy With High Dose Oral Clarithromycin in Relapsed or Refractory Extranodal Marginal Zone Lymphoma,COMPLETED,PHASE2,23.0
NCT03225716,A Study of Ulocuplumab And Ibrutinib in Symptomatic Patients With Mutated CXCR4 Waldenstrom's Macroglobulinemia,TERMINATED,PHASE1,13.0
NCT04904406,"Changes in Weight, Body Composition and Cardiac Risk After Discontinuing Abacavir Treatment in HIV-infected Individuals",COMPLETED,PHASE4,81.0
NCT01503606,Duration of Antibiotics Treatment With Cefazolin and Clarithromycin in Women With Preterm Premature Rupture of Membrane,COMPLETED,PHASE3,151.0
NCT05978206,"Study of the Effectiveness of Treatment of Sarcopenia With the Use of a Medicinal Product (Nandrolone), Comprehensive Physiotherapy and Diet",RECRUITING,PHASE2,168.0
NCT00650806,A Study of the Safety and Effectiveness of Canagliflozin (JNJ-28431754) in Promoting Weight Loss in Overweight and Obese Patients Who do Not Have Diabetes,COMPLETED,PHASE2,376.0
NCT00550004,Phase II Study to Evaluate Efficacy and Safety of RP101 in Combination With Gemcitabine,TERMINATED,PHASE2,153.0
NCT02851004,Special Combination of BBI608 and Pembrolizumab,TERMINATED,PHASE1,55.0
NCT06301204,"Effectiveness Of Tranexamic Acıd Application Wıth Different Doses On Bleeding, Edema And Physician Comfort In Orthognathıc Surgery Patients",COMPLETED,NA,60.0
NCT02678104,The Influence of Intra-alveolar Application of Honey on Healing Following Extraction,UNKNOWN,PHASE2,100.0
NCT05657704,Utility of CYP2D6 Genotyping to Improve the Efficacy and Safety of Tramadol,UNKNOWN,PHASE4,300.0
NCT06748404,TriCalm Hydrogel® in the Treatment of Immunotherapy-Related Pruritus,RECRUITING,PHASE2,28.0
NCT01278004,Chemotherapy Induced Painful Peripheral Neuropathy Ethosuximide (The CIN-E Study),COMPLETED,PHASE2,15.0
NCT01671904,A Study of Venetoclax in Combination With Bendamustine + Rituximab or Bendamustine + Obinutuzumab in Participants With Relapsed/Refractory or Previously Untreated Chronic Lymphocytic Leukemia (CLL),COMPLETED,PHASE1,84.0
NCT02500784,Improving Beta-2 Adrenergic Signaling in Alzheimer's Disease,WITHDRAWN,PHASE2,0.0
NCT01436084,SB1518 for Patients With Myelodysplastic Syndrome (MDS),TERMINATED,PHASE2,8.0
NCT05226533,Clinical Trials to Assess Safety and Efficacy of DWRX2003 Combination With Remdesivir in Moderate to Severe COVID-19 Patients.,TERMINATED,PHASE2,1.0
NCT03600233,Study of CVM-1118 for Patients With Advanced Neuroendocrine Tumors,ACTIVE_NOT_RECRUITING,PHASE2,34.0
NCT02418533,Mono-menotropins Versus rFSH Protocol on Embryo Quality,COMPLETED,NA,109.0
NCT04297033,Lovastatin for Treatment of Brain Arteriovenous Malformations,UNKNOWN,PHASE2,1244.0
NCT04546633,"Efficacy, Safety and Tolerability of KAF156 in Combination With Lumefantrine Solid Dispersion Formulation (LUM-SDF) in Pediatric Population With Uncomplicated Plasmodium Falciparum Malaria",COMPLETED,PHASE2,295.0
NCT07692152,Sintilimab Versus Mitomycin in Combination With Capecitabine and IMRT for Limited-stage Anal Squamous Cell Carcinoma,RECRUITING,PHASE3,350.0
NCT00938652,"A Phase 3, Multi-Center Study of Gemcitabine/Carboplatin, With or Without BSI-201, in Patients With ER-, PR-, and Her2-Negative Metastatic Breast Cancer",COMPLETED,PHASE3,519.0
NCT01263652,"Patient Preferences, Analgesic Delivery Method and Pain Reduction in Spine Patients",WITHDRAWN,NA,0.0
NCT02720952,Treatment of Adrenal Insufficiency in Children,COMPLETED,PHASE3,24.0
NCT01295047,Comparison of Medical Therapies in Marfan Syndrome.,COMPLETED,PHASE4,18.0
NCT02500147,Metformin for Ectopic Fat Deposition and Metabolic Markers in Polycystic Ovary Syndrome (PCOS),TERMINATED,PHASE4,3.0
NCT06721247,Oral Intake of Mg in Controlled Asthmatic Patients,ACTIVE_NOT_RECRUITING,PHASE2,166.0
NCT02584647,PLX3397 Plus Sirolimus in Unresectable Sarcoma and Malignant Peripheral Nerve Sheath Tumors,TERMINATED,PHASE1,39.0
NCT02097238,Eribulin Mesylate in Treating Patients With Recurrent or Refractory Osteosarcoma,COMPLETED,PHASE2,19.0
NCT02514538,EVALUATION OF THE RELATIONSHIP BETWEEN EFFERVESCENT PARACETAMOL AND BLOOD PRESSURE. CLINICAL TRIAL.,UNKNOWN,PHASE4,49.0
NCT01516138,Benefits of GIK in Cardiac Surgery Patients,UNKNOWN,PHASE2,930.0
NCT01361958,Minimal Effective Dose of Nomegestrol Acetate Inhibiting the Ovulation in Women Receiving Estradiol,COMPLETED,PHASE2,38.0
NCT00769158,Combining Medications for the Treatment of Alcohol Dependence: An Inpatient Preliminary Study,COMPLETED,PHASE1,4.0
NCT07706348,Intraperitoneal Irrigation of Ondansteron in Combination With Lidocaine in Acute Postoperative Pain,RECRUITING,PHASE1,20.0
NCT00483158,First Time in Man Study of Finafloxacin Hydrochloride,COMPLETED,PHASE1,95.0
NCT05063058,Biomarker-driven Therapy for Melanoma,COMPLETED,NA,100.0
NCT02622958,Feasibility Study of PH94B Nasal Spray for Acute Treatment of Social Anxiety Disorder (SAD),COMPLETED,PHASE3,23.0
NCT00646958,Safety and Efficacy Study of Oxazolidinones to Treat Uncomplicated Skin Infections,COMPLETED,PHASE2,150.0
NCT01755234,Propofol Versus Sevoflurane Recovery After Gynecological Surgery,COMPLETED,PHASE4,90.0
NCT03714334,DNX-2440 Oncolytic Adenovirus for Recurrent Glioblastoma,TERMINATED,PHASE1,16.0
NCT00703534,Validation of Patient-reported Outcomes Measures for the Assessment of Gastroesophageal Reflux Disease (GERD) Symptoms,COMPLETED,PHASE2,478.0
NCT02508064,Bioavailability of BMS-626529 in Healthy Subjects From Prototype Low Dose Extended Release Formulations (Part 1) and Prototype Extended Release Multi-particulate Formulations (Part 2) of BMS-663068 Relative to 600 mg Extended Release Tablet,COMPLETED,PHASE1,27.0
NCT07362264,A Study of SH006 Injection Combination Therapy in Patients With Advanced Solid Tumors,ACTIVE_NOT_RECRUITING,PHASE1,50.0
NCT06257264,A Study to Examine the Safety of Different Doses of BG-68501 Given to Participants With Advanced-Stage Tumors,ACTIVE_NOT_RECRUITING,PHASE1,103.0
NCT02892409,TAK-438 Bismuth Drug Interaction Study,COMPLETED,PHASE1,30.0
NCT01038609,Hydrocodone/Acetaminophen for Acute Pain Following Bunionectomy,COMPLETED,PHASE2,250.0
NCT02205099,"A Safety, Tolerability, PK and PD Study of Multiple Oral Doses of SKL15508 in Subjects With Stable Schizophrenia",COMPLETED,PHASE1,39.0
NCT04195399,"A Study of a New Drug, Nirogacestat, for Treating Desmoid Tumors That Cannot be Removed by Surgery",ACTIVE_NOT_RECRUITING,PHASE2,31.0
NCT00383799,Iv Amiodarone Versus Iv Procainamide to Treat Haemodynamically Well Tolerated Ventricular Tachycardia,TERMINATED,PHASE4,302.0
NCT05654064,Comparing Fetoscopic Surgery Protocols,WITHDRAWN,NA,0.0
NCT00039364,Imatinib Mesylate in Treating Patients With Gliomas,COMPLETED,PHASE2,112.0
NCT05934409,Adipose Tissue Storage in the Rapid Remission of Hepatic and Cardiac Metabolic Dysfunction After Bariatric Surgery,RECRUITING,NA,40.0
NCT00821964,Topical Imiquimod and Abraxane in Treating Patients With Advanced Breast Cancer,COMPLETED,PHASE2,15.0
NCT02316964,"Decitabine, Donor Natural Killer Cells, and Aldesleukin in Treating Patients With Relapsed or Refractory Acute Myeloid Leukemia",COMPLETED,PHASE1,8.0
NCT00037609,"Safety, Efficacy and Pharmacokinetic Between Capecitabine and Exisulind in Metastatic Breast Cancer Patients",COMPLETED,PHASE1,35.0
NCT01686009,Intra-nasal Ketamine for Analgesia in the Emergency Department,COMPLETED,PHASE4,40.0
NCT06620809,The Safety and Efficacy of NouvSoma001 in Neuromyelitis Optica Spectrum Disorders,RECRUITING,PHASE1,69.0
NCT06936709,Perioperative Colchicine for TKA,NOT_YET_RECRUITING,PHASE4,75.0
NCT07391709,Investigation of the Protective Effect of Alpha Lipoic Acid on Ischemic Reperfusion Damage in Ischemic Priapism in Rats,COMPLETED,NA,18.0
NCT05490134,RM1 Project 1 - tAN Naloxone,RECRUITING,EARLY_PHASE1,136.0
NCT01923064,Injection of Cyanoacrylate+Lipiodol vs Cyanoacrylate+Lauromacrogol in Gastric Varices,COMPLETED,NA,96.0
NCT00216164,Rituximab and Gemcitabine for Patients With Relapsed or Refractory Diffuse Large B-Cell Lymphoma,TERMINATED,PHASE2,8.0
NCT00002764,Surgery With or Without Combination Chemotherapy in Treating Patients With Lung Metastases From Soft Tissue Sarcoma,COMPLETED,PHASE3,340.0
NCT05503264,"A Study to Evaluate the Efficacy, Safety, Pharmacokinetics (PK), and Pharmacodynamics (PD) of Satralizumab in Participants With Anti-N-methyl-D-aspartic Acid Receptor (NMDAR) or Anti-leucine-rich Glioma-inactivated 1 (LGI1) Encephalitis",ACTIVE_NOT_RECRUITING,PHASE3,122.0
NCT06773364,Early Initiated Ambulance-delivered Levetiracetam and Headposition in Hyper-acute Stroke Trial,RECRUITING,PHASE3,2423.0
NCT05646264,A Study on the Efficacy of Agomelatine Combined With Antipsychotics to Treat Negative Symptoms in Schizophrenia,UNKNOWN,PHASE4,220.0
NCT00358163,Trial of PTK787/ZK 222584 Plus Paclitaxel,TERMINATED,PHASE1,7.0
NCT00369863,"A Randomized, Placebo-Controlled Clinical Trial of Intravitreal Triamcinolone for Refractory Diabetic Macular Edema",COMPLETED,PHASE2,76.0
NCT03649763,Onset and Duration of Forearm Nerve Blockade,COMPLETED,PHASE4,36.0
NCT03001609,"Study to Investigate the Absorption, Metabolism and Excretion of [14C] AC0010 in Patients With Advanced NSCLC",COMPLETED,PHASE1,7.0
NCT04620109,Clinical Evaluation of Safety and Tolerability of KDR2-2 Eye Drops in Healthy Volunteers With Pharmacokinetic Assessment,UNKNOWN,PHASE1,62.0
NCT01038063,Safety and Effectiveness of Artemisinin-based Combination Therapies (ACTs) With Repeated Treatments for Uncomplicated Falciparum Malaria Over a Three-year Period,UNKNOWN,PHASE4,1200.0
NCT04020263,Effect of Early Use of Levosimendan Versus Placebo on Top of a Conventional Strategy of Inotrope Use on a Combined Morbidity-mortality Endpoint in Patients With Cardiogenic Shock,RECRUITING,PHASE3,610.0
NCT06434363,Phase I/II Study of AD-PluReceptor Plus Tafasitamab-cxix and Lymphodepleting Chemotherapy in Patients With Autoimmune Disorders,RECRUITING,PHASE1,47.0
NCT07287163,Clinical Trial of Vormatrigine in Adult Patients With Epilepsy,ENROLLING_BY_INVITATION,PHASE3,700.0
NCT04749563,Study of IGC-AD1 in Subjects With Dementia Due to Alzheimer's Disease,COMPLETED,PHASE1,12.0
NCT02342314,A Study of LY3143753 and LY3185643 in Healthy Participants,COMPLETED,PHASE1,68.0
NCT03690414,"Evaluation of Short Term Use of Experimental Eye Drops BHVI2, 0.02% Atropine and BHVI2 Plus 0.02% Atropine Eye Drops",COMPLETED,PHASE1,52.0
NCT06510114,A Randomized Clinical Trial of Intravenous Methylprednisolone With 2 Protocols in Patients With Graves Orbitopathy,NOT_YET_RECRUITING,PHASE4,150.0
NCT02891616,18F-FLT PET Imaging in Patients With Advanced Melanoma,TERMINATED,PHASE1,4.0
NCT01070316,Everolimus (RAD001) Therapy for Epilepsy in Patients With Tuberous Sclerosis Complex (TSC),COMPLETED,PHASE1,20.0
NCT03770416,Nivolumab and Ibrutinib in Treating Patients With Relapsed or Refractory Central Nervous System Lymphoma,COMPLETED,PHASE2,18.0
NCT01867216,A Study of Multiple Doses of LY2922470 in Participants With Diabetes,COMPLETED,PHASE1,66.0
NCT02937116,First in Human Study of IBI308 in Chinese Subjects With Advanced Solid Tumors,COMPLETED,PHASE1,233.0
NCT05980806,A Study of Selinexor Monotherapy in Subjects With JAK Inhibitor-naïve Myelofibrosis and Moderate Thrombocytopenia,RECRUITING,PHASE2,58.0
NCT03556384,Temozolomide (TMZ) in Advanced Succinate Dehydrogenase (SDH)-Mutant/Deficient Gastrointestinal Stromal Tumor (GIST),ACTIVE_NOT_RECRUITING,PHASE2,23.0
NCT05901584,Cadonilimab (AK104) With or Without CT as 2rd Line Treatment for ES-SCLC,UNKNOWN,PHASE2,30.0
NCT01050933,Safety Study of Inhaling Carbon Monoxide in Healthy Volunteers,TERMINATED,PHASE1,10.0
NCT00142233,EUROPAC-2 - Pain Treatment of Hereditary and Idiopathic Pancreatitis,COMPLETED,PHASE3,295.0
NCT01703533,A Safety Study of NNZ-2566 in Patients With Rett Syndrome,COMPLETED,PHASE2,67.0
NCT02054052,Intrapleural Bevacizumab Injection for Malignant Effusion in Lung Cancer,COMPLETED,PHASE2,22.0
NCT00964249,Phase I Study of GW642444M in Healthy Japanese Male Subjects,COMPLETED,PHASE1,32.0
NCT06699849,"Safety, Efficacy, and Pharmacokinetics of CSL889 in Adults and Adolescents With Sickle Cell Disease During Vaso-Occlusive Crisis",RECRUITING,PHASE2,70.0
NCT05369949,DEX vs SEVO in Congenital Heart Surgery,UNKNOWN,PHASE4,150.0
NCT05358249,Platform Study of JDQ443 in Combinations in Patients With Advanced Solid Tumors Harboring the KRAS G12C Mutation,ACTIVE_NOT_RECRUITING,PHASE1,74.0
NCT00327249,Safety and Efficacy Study of Imexon for Treatment of Multiple Myeloma Patients,COMPLETED,PHASE1,
NCT07213349,Daridorexant for Alzheimer Disease Prevention,RECRUITING,PHASE2,240.0
NCT00981149,Duloxetine for Treatment of Painful Temporomandibular Joint Disorder,COMPLETED,NA,24.0
NCT01061749,Selumetinib and Cixutumumab in Treating Patients With Advanced Solid Malignancies,COMPLETED,PHASE1,30.0
NCT01434849,Timolol for the Prevention of Proliferation of Infantile Hemangioma (TiPPIH Trial),TERMINATED,PHASE1,26.0
NCT02572349,Trial of IW-1701 (A Stimulator of Soluble Guanylate Cyclase (sGC)) in Healthy Volunteers,COMPLETED,PHASE1,24.0
NCT01681849,Neural Circuits in Women With Abuse and Posttraumatic Stress Disorder,COMPLETED,PHASE4,91.0
NCT06874049,Comparison Between Vaginal Misoprostol Gel and Oral Misoprostol Solution in Induction of Labor,ACTIVE_NOT_RECRUITING,EARLY_PHASE1,80.0
NCT01514149,Dose-Ranging Study to Evaluate Efficacy and Safety of Weekly CJC-1134-PC in Patients With T2DM on Metformin Monotherapy,TERMINATED,PHASE2,73.0
NCT00563849,Leflunomide + Methotrexate in Rheumatoid Arthritis,COMPLETED,PHASE4,74.0
NCT00548249,Dose Ranging Study of Dialysate Containing Soluble Iron to Treat Subjects With End Stage Renal Disease (ESRD) Receiving Chronic Hemodialysis,COMPLETED,PHASE2,131.0
NCT01320449,Identification of New Serum Markers for Detection of Abuse With Erythropoietin,COMPLETED,NA,35.0
NCT01367249,Efficacy of Bromfenac Ophthalmic Solution in Patients Undergoing Cataract Surgery,COMPLETED,PHASE3,440.0
NCT00507949,Study to Evaluate the Effect of Megestrol Acetate in Severe Chronic Obstructive Pulmonary Disease With Loss of Weight,COMPLETED,PHASE2,40.0
NCT04444349,Protective Effect of CoQ10 Against Negative Inflammatory Response and Organ Dysfunction in Cardiovascular Surgery (PANDA V),RECRUITING,NA,500.0
NCT01521949,Study of Acai Juice in Asymptomatic or Minimally Symptomatic Prostate Cancer Patients With Rising PSA,COMPLETED,PHASE2,21.0
NCT00485849,A Study of Atomoxetine for Attention Deficit and Hyperactive/Impulsive Behaviour Problems in Children With ASD,COMPLETED,PHASE4,12.0
NCT07436949,A Study of BBT002 in Healthy Volunteers (HVs) and in Patients With Chronic Rhinosinusitis With Nasal Polyps (CRSwNP) and Comorbid Asthma,NOT_YET_RECRUITING,PHASE1,64.0
NCT01739049,Influence of Appetite Related Hormones in Binge Eating Behaviour Among the Overweight and Obese,COMPLETED,PHASE4,42.0
NCT03852849,Rapid Build of HIV Related Protective Barriers,UNKNOWN,NA,600.0
NCT01988649,Oxytocin and Pain Sensitivity and Threshold,WITHDRAWN,NA,0.0
NCT01304849,Use of Interim PET Scan to Modify Therapy in Advanced Hodgkin's Lymphoma in Order to Improve Outcomes,COMPLETED,NA,50.0
NCT00745849,"Efficacy of Esomeprazole for Non-Allergic Rhinitis: A Double-blind, Placebo Controlled Trial",COMPLETED,NA,43.0
NCT05403749,A Study of Longer Interval of IVT IBI302 in Subjects With nAMD,COMPLETED,PHASE2,132.0
NCT01206049,Combination Chemotherapy Plus Panitumumab or Bevacizumab for Inoperable Cholangiocarcinoma Without KRAS Mutations,COMPLETED,PHASE2,88.0
NCT01333449,Study of Decitabine Induction Prior to Allogeneic Hematopoietic Cell Transplant in Newly Diagnosed MDS Patients,TERMINATED,PHASE2,6.0
NCT05380349,Personalized Cancer Stem Cell High-Throughput Drug Screening for Glioblastoma,RECRUITING,EARLY_PHASE1,10.0
NCT04671849,"An Open Label, Multi-center, Phase I Clinical Study to Evaluate the Safety, Effectiveness and Pharmacokinetic Characteristics of SIM1803-1A in Patients With Locally Advanced/Metastatic Solid Tumors With NTRK, ROS1 or ALK Gene Fusion Mutations.",UNKNOWN,PHASE1,243.0
NCT05347849,Single Ascending Dose Study With BPL-003 in Healthy Subjects,COMPLETED,PHASE1,62.0
NCT03699449,An uMbrella Study of BIomarker-driven Targeted Therapy In Patients With Platinum-resistant Recurrent OvariaN Cancer(AMBITION),UNKNOWN,PHASE2,104.0
NCT01420549,Efficacy/Safety of Rosuvastatin+Ezetimibe in High Risk Patients With Primary Hypercholesterolemia/Mixed Dyslipidemia,COMPLETED,PHASE3,129.0
NCT00923949,Pioglitazone to Treat Adults Undergoing Surgery for Non-small Cell Lung Cancer,TERMINATED,PHASE2,1.0
NCT00712049,Effects of Nicotinic Acid Plus Simvastatin Versus Simvastatin Alone on Carotid and Femoral Intima-Media Thickness in Patients With Peripheral Artery Disease (NASCIT),UNKNOWN,PHASE4,200.0
NCT05644249,PIPAC and FOLFOX for Gastric Cancer Peritoneal Cancer,COMPLETED,NA,37.0
NCT02851849,A Study of LGD-6972 in Patients With Type 2 Diabetes Mellitus,COMPLETED,PHASE2,148.0
NCT00511849,Study Of SU011248 In Combination With Paclitaxel/Carboplatin In Patients With Advanced Solid Tumors,COMPLETED,PHASE1,43.0
NCT07462949,A Study on Median Effective Concentration of Ciprofol Combined With Remifentanil Via Target-controlled Infusion for Inhibiting Tracheal Intubation Stimulation Under qNOX Index Monitoring,COMPLETED,NA,70.0
NCT01356849,Evaluate the Efficacy and Safety of Once Daily Administration of Atrasentan Tablets (Low and High) Compared to Placebo in Reducing Residual Albuminuria in Type 2 Diabetic Patients With Nephropathy Who Are Treated With the Maximum Tolerated Labeled Dose of a Renin Angiotensin System (RAS) Inhibitor,COMPLETED,PHASE2,149.0
NCT04164238,Neoadjuvant Anti-PD-1 Antibody (Toripalimab) or Combined With Chemotherapy in HNSCC Patients,UNKNOWN,PHASE2,90.0
NCT01423838,Comparison of Solifenacin and Oxybutynin in the Treatment of Overactive Bladder,UNKNOWN,PHASE4,500.0
NCT00544258,Pharmacokinetic Study to Evaluate the Extent of Systemic Absorption of PEP005,COMPLETED,PHASE1,8.0
NCT00437658,Elagolix Versus Subcutaneous Depot Medroxyprogesterone Acetate for the Treatment of Endometriosis,COMPLETED,PHASE2,252.0
NCT00616655,Generalized Anxiety Disorder Proof of Concept Efficacy and Safety Study of SEP-225441 (Eszopiclone) In GAD Subjects,COMPLETED,PHASE2,456.0
NCT01790555,Perioperative Δ9-THC for Postsurgical Pain,UNKNOWN,PHASE2,40.0
NCT00976755,Everolimus as First-Line Therapy in Treating Patients With Prostate Cancer,COMPLETED,PHASE2,37.0
NCT01789255,"Vorinostat, Tacrolimus, and Methotrexate in Preventing GVHD After Stem Cell Transplant in Patients With Hematological Malignancies",COMPLETED,PHASE2,12.0
NCT02857244,A Multidisciplinary Approach to Manage Gait Difficulty in Parkinson Patients,WITHDRAWN,PHASE2,0.0
NCT03507244,Concurrent Intrathecal-pemetrexed and Involved-field Radiotherapy for Leptomeningeal Metastasis From Solid Tumors,COMPLETED,PHASE1,34.0
NCT01805934,Quadruple Therapy Versus Dual Therapy as Rescue Regimens for Helicobacter Pylori Infection,COMPLETED,PHASE2,114.0
NCT02604134,Medical Management of Caries in the Primary Dentition Using Silver Nitrate,COMPLETED,EARLY_PHASE1,122.0
NCT05492734,A Study to Assess the Feasibility of Non-invasive Dried Blood Sampling,COMPLETED,PHASE1,10.0
NCT00711464,Modafinil Effects on Cognition in Schizophrenia Patients,COMPLETED,PHASE4,29.0
NCT03165864,"Safety, Tolerability, Pharmacokinetics, and Pharmacodynamics of ISIS 702843 Administered Subcutaneously to Healthy Volunteers",COMPLETED,PHASE1,36.0
NCT04895709,A Study of BMS-986340 as Monotherapy and as Combination Therapy in Participants With Advanced Solid Tumors,RECRUITING,PHASE1,1109.0
NCT01973309,A Study of Vantictumab (OMP-18R5) in Combination With Paclitaxel in Locally Recurrent or Metastatic Breast Cancer,COMPLETED,PHASE1,37.0
NCT04002934,Bazedoxifene Acetate as a Remyelinating Agent in Multiple Sclerosis,COMPLETED,PHASE2,63.0
NCT02912364,Comparison of the Cognitive and Behavioral Effects of Eslicarbazepine Acetate and Carbamazepine in Healthy Adults,COMPLETED,PHASE4,46.0
NCT03646864,A Study to Evaluate the Effects of ACT-541468 on Respiration in Patients With Moderate Chronic Obstructive Pulmonary Disease,COMPLETED,PHASE1,28.0
NCT07444164,Comparative Bioavailability Study Between Ticagrelor and ASA Administered Individually or in Combination.,COMPLETED,PHASE1,24.0
NCT01322464,Study to Assess Food Effect on Sativex Bioavailability,COMPLETED,PHASE1,25.0
NCT01674309,First Line Treatment by FOLFIRINOX for Patients With a Rectum Cancer With Synchronous Non Resectable Metastasis,COMPLETED,PHASE2,65.0
NCT02441244,Probiotic Visbiome for Inflammation and Translocation in HIV Ι,TERMINATED,PHASE2,1.0
NCT00773344,Clinical Trial of the Combination of Trastuzumab (Herceptin) and Tanespimycin in Patients With Solid Tumors and Her2 Positive Metastatic Breast Cancer That Have Previously Failed Herceptin,COMPLETED,PHASE1,25.0
NCT00296634,H5 Vaccine Alone or With Adjuvant in Healthy Adults,COMPLETED,PHASE1,600.0
NCT00429234,Gemcitabine and Dasatinib in Advanced Solid Tumors,COMPLETED,PHASE1,54.0
NCT00746434,A Proof of Concept Study With 0.5% Roflumilast Cream in Patients With Mild to Moderate Plaque Psoriasis,WITHDRAWN,PHASE2,0.0
NCT05726734,Vonoprazan-containing Triple Therapy Versus Empiric Bismuth Quadruple Therapy for First-line Helicobacter Pylori Treatment: a Randomized Clinical Trial,UNKNOWN,PHASE4,100.0
NCT00594464,A Trial of Neupro® (Rotigotine Transdermal Patch) in Patients With Parkinson's Disease Undergoing Surgery,COMPLETED,PHASE4,14.0
NCT01296464,Comparing Different Levodopa/Carbidopa/Entacapone Treatment Regimens,COMPLETED,PHASE2,27.0
NCT01555632,Atorvastatin Calcium in Preventing Metabolic Syndrome in Prostate Cancer Patients Receiving Androgen-Deprivation Therapy,WITHDRAWN,NA,0.0
NCT04251832,Efficacy of Sodium Thiosulfate in Shoulder Pain in Calcific Tendinitis of the Rotator Cuff,UNKNOWN,PHASE2,80.0
NCT02385032,Comparative Bioavailability Study of UDCA,COMPLETED,PHASE1,50.0
NCT05216432,"First-in-Human Study of Mutant-selective PI3Kα Inhibitor, RLY-2608, as a Single Agent in Patients With Advanced Solid Tumors and in Combination With Endocrine Therapy +/- a CDK4/6 or CDK4 Inhibitor in Patients With Advanced Solid Tumors or Advanced Breast Cancer",RECRUITING,PHASE1,930.0
NCT02620332,Multiple Islet Peptide Administration in Type 1 Diabetes (MultiPepT1De),COMPLETED,PHASE1,27.0
NCT01896232,Head-to-Head Study of Etelcalcetide (AMG 416) and Cinacalcet,COMPLETED,PHASE3,683.0
NCT05385432,Induction in Sensitized Kidney Transplant Recipients Without Pre-existing Donor-specific antiboDies,RECRUITING,PHASE3,244.0
NCT00059332,Field Administration of Stroke Therapy - Magnesium (FAST-MAG) Trial,COMPLETED,PHASE3,1700.0
NCT03578432,Everolimus in Restoring Salivary Gland Function in Participants With Locally Advanced Head and Neck Cancer Treated With Radiation Therapy,TERMINATED,EARLY_PHASE1,2.0
NCT03560232,Noninferiority Comparison of Prophylactic Open Fracture Antimicrobial Regimens,TERMINATED,PHASE4,17.0
NCT03194932,Study of Venetoclax in Combination With Chemotherapy in Pediatric Patients With Refractory or Relapsed Acute Myeloid Leukemia or Acute Leukemia of Ambiguous Lineage,COMPLETED,PHASE1,62.0
NCT06837532,Ultrasound Guided Versus Surgical Rectus Sheath Block Versus Local Anesthesia Infiltration for Postoperative Analgesia in Patients Undergoing Total Abdominal Hysterectomy,RECRUITING,NA,90.0
NCT01505998,Bioequivalence Study of Amlodipine Besylate/Benazepril HCl 10 mg/40 mg Capsules of Dr. Reddy's Under Fed Conditions,COMPLETED,PHASE1,49.0
NCT03050164,Bioequivalence Study of Gefitinib Tablets Under Fasting Conditions,COMPLETED,PHASE1,38.0
NCT01029509,Study to Assess OPB-31121 in Advanced Leukemias or Myelodysplastic Syndromes,TERMINATED,PHASE1,6.0
NCT02841098,""" Endarterectomy Combined With Optimal Medical Therapy (OMT) vs OMT Alone in Patients With Asymptomatic Severe Atherosclerotic Carotid Artery Stenosis at Higher-than-average Risk of Ipsilateral Stroke """,COMPLETED,NA,43.0
NCT04030598,A Study to Assess the Clinical Efficacy of Donidalorsen (Also Known as IONIS-PKK-LRx and ISIS 721744) in Participants With Hereditary Angioedema,COMPLETED,PHASE2,23.0
NCT03801798,A Study of GC1102(Recombinant Hepatitis B Immunoglobulin) in Chronic Hepatitis B Patients,UNKNOWN,PHASE2,42.0
NCT01130298,An Open-Label Study of Serum Testosterone Levels in Non-dosed Females After Secondary Exposure to Testosterone Gel 1.62% Applied to the Upper Arms and Shoulders and Use of a T-shirt Barrier,COMPLETED,PHASE1,24.0
NCT07686198,Study Comparing Two Serums With Intense Pulsed Light for the Treatment of Moderate to Severe Photodamage and Crepiness on the Forearms,NOT_YET_RECRUITING,PHASE2,20.0
NCT06583863,Parasitic Infections and Ulcerative Colitis: Combining Anti-parasitic and Immunomodulatory Treatments May Achieve Remission,COMPLETED,NA,120.0
NCT07535463,"A Study of Ivonescimab, Chemotherapy, and Stereotactic Radiosurgery for People With Non-Small Cell Lung Cancer",RECRUITING,PHASE1,53.0
NCT04873063,Evaluation of Systemic Bioavailability and Effects on 24-Hour Plasma Cortisol Profile of 6 mg Delivered Once Daily Versus 3 mg Delivered Twice Daily in Healthy Adult Male Volunteers,COMPLETED,PHASE1,28.0
NCT05239663,GM1 Prophylaxis for Post-chemotherapy Cognitive Impairment in Patients With Early Operable Breast Cancer,TERMINATED,PHASE3,76.0
NCT06647563,Neoadjuvant Toripalimab + Chemotherapy ± Cetuximab in Locally Advanced Head and Neck Squamous Cell Carcinoma (Neo-ICT),NOT_YET_RECRUITING,PHASE3,355.0
NCT01929863,"Study to Investigate Safety, Tolerability, Pharmacokinetics and Pharmacodynamics of GSK2330672 in Type 2 Diabetes Patients Taking Metformin",COMPLETED,PHASE2,16.0
NCT06687993,"Acetylcholinesterase Inhibitor in Anorexia Nervosa: Multicenter, Double-Blind, Placebo-Controlled Trial",NOT_YET_RECRUITING,PHASE2,147.0
NCT00896493,Ph II of Non-myeloablative Allogeneic Transplantation Using TLI & ATG In Patients w/ Cutaneous T Cell Lymphoma,COMPLETED,PHASE2,38.0
NCT07064993,Effects of Intraarticular Tramadol and Tramadol-Dexamethasone on Postoperative Pain After Knee Arthroscopy,NOT_YET_RECRUITING,PHASE4,135.0
NCT02100293,Effects of Magnesium Sulfate on Onset and Duration of Low Dose Rocuronium,COMPLETED,NA,84.0
NCT06528093,A Study to Find a Suitable Dose of BI 765883 and to Test Whether it Helps People With Advanced Pancreatic Cancer When Taken Alone or Together With Chemotherapy,TERMINATED,PHASE1,8.0
NCT02232893,Effect of TU-100 in Patients Undergoing Laparoscopic Colectomy,COMPLETED,PHASE2,69.0
NCT00589693,To Compare Safety and Efficacy of Doripenem Versus Imipenem-Cilastatin in Patients With Ventilator-Associated Pneumonia,TERMINATED,PHASE3,274.0
NCT02450214,Intraoperative Ketamine and Magnesium Therapy for Control of Postoperative Pain After a Liposuction and Lipoabdominoplasty,COMPLETED,NA,63.0
NCT01971814,Early Serum Infliximab Levels in Severe Ulcerative Colitis.,COMPLETED,PHASE1,11.0
NCT07635914,A Study Evaluating Aprocitentan Tablets(SYH9108) for the Treatment of Resistant Hypertension,NOT_YET_RECRUITING,PHASE3,382.0
NCT02134314,C1INH Inhibitor Preoperative and Post Kidney Transplant to Prevent DGF & IRI,COMPLETED,PHASE1,70.0
NCT05970016,A Phase I/II Clinical Study in Patients with Advanced Solid Tumor.,RECRUITING,PHASE1,56.0
NCT01314716,Safety and Effectiveness of AZLI (an Inhaled Antibiotic) in Adults With Non-Cystic Fibrosis Bronchiectasis,COMPLETED,PHASE3,274.0
NCT02150616,Patients With Pulmonary Hypertension or Interstitial Lung Disease at Altitude - Effect of Oxygen on Breathing and Sleep,UNKNOWN,PHASE4,50.0
NCT01988116,Effects of Vitamin D Replacement on Hormones Regulating Iron Metabolism in Individuals With Chronic Kidney Disease,COMPLETED,EARLY_PHASE1,40.0
NCT00287716,Three-Arm Study of the Safety and Efficacy of Pirfenidone in Patients With Idiopathic Pulmonary Fibrosis,COMPLETED,PHASE3,435.0
NCT02019706,"Prospective Evaluation of 68Ga-DOTATATE PET/CT, Octreotide and F-DOPA PET Imaging in Ectopic Cushing Syndrome",RECRUITING,PHASE2,80.0
NCT00005906,Treatment With Octreotide in Patients With Lymphangioleiomyomatosis,COMPLETED,PHASE2,4.0
NCT04410406,"Moxidectin for LF, Cote d'Ivoire (DOLF)",COMPLETED,PHASE3,164.0
NCT02128906,Radiotherapy With Cisplatin vs. Docetaxel-cetuximab in HNSCC: ERCC1 Biomarker Enrichment and Interaction Design,RECRUITING,PHASE2,120.0
NCT01660906,"Phase IV, Open-label, Multicenter Study of Dasatinib in Chronic-Phase Chronic Myeloid Leukemia (CP-CML) Patients With Chronic, Low-grade Non-Hematologic Toxicity to Imatinib",COMPLETED,PHASE4,39.0
NCT05658484,A Study of Dimethyl Fumarate (DMF) in Relapsing Forms of Multiple Sclerosis (RMS) Participants in China,COMPLETED,PHASE4,60.0
NCT02345733,Use of a Novel Diet (UC DIET) for Treatment of Mild to Moderate Active Pediatric Ulcerative Colitis,COMPLETED,PHASE4,20.0
NCT02493933,"Phytoestrogen, NO Donors, N-acetyl Cysteine Add Therapy to Clomiphene Citrate to Improve Pregnancy Rate in PCO Patients",UNKNOWN,PHASE1,240.0
NCT02279433,"A First-in-human Study to Evaluate the Safety, Tolerability and Pharmacokinetics of DS-6051b",COMPLETED,PHASE1,46.0
NCT05190133,Drug-drug Interaction Study Between UIC201601 and UIC201602,COMPLETED,PHASE1,40.0
NCT04245033,Evaluation of the Implementation and Effectiveness of Intermittent Preventive Treatment for Malaria Using Dihydroartemisinin-piperaquine on Reducing Malaria Burden in School Aged Children in Tanzania,COMPLETED,PHASE4,4100.0
NCT02811133,Inositol for Comorbid Anxiety in Children and Adolescents With Bipolar Disorder,WITHDRAWN,PHASE1,0.0
NCT00615433,Lurasidone HCl A Phase 3 Study of Patients With Acute Schizophrenia,COMPLETED,PHASE3,478.0
NCT01141049,Gabapentin for Abstinence Initiation in Alcohol Dependence,COMPLETED,PHASE2,40.0
NCT03163849,Assessment Effects After Direct Acting Antiviral in Chronic Hepatitis c Virus Patients,UNKNOWN,PHASE3,50.0
NCT06716749,Effectiveness of Adding Morphine to Intraosseous Vancomycin for Pain Control in Total Knee Arthroplasty,COMPLETED,PHASE2,100.0
NCT06834347,"A Phase 3 Study to Assess the Efficacy, Safety, and Tolerability of Itepekimab (Anti-IL-33 mAb) in Participants With Inadequately-controlled Chronic Rhinosinusitis With Nasal Polyps",ACTIVE_NOT_RECRUITING,PHASE3,231.0
NCT05939947,A Clinical Trial of ALE.F02 in Patients With Advanced Liver Fibrosis and/or With Mild Cirrhosis,COMPLETED,PHASE1,41.0
NCT02316249,Vaginal Creams to Reduce Vaginal Erosion in Pessary Users,WITHDRAWN,PHASE2,0.0
NCT04333147,Long-term Safety and Efficacy of GSK3196165 (Otilimab) in the Treatment of Rheumatoid Arthritis (RA),TERMINATED,PHASE3,2916.0
NCT05206149,"Stimulation Test With Intranasal Glucagon for Corticotroph, Somatotroph and Antidiuretic Axes",COMPLETED,PHASE4,10.0
NCT06070649,"The Potential Therapeutic Effects of Psychedelic, N, N-dimethyltryptamine (DMT), on Alcohol Use Disorder (AUD)",RECRUITING,PHASE1,63.0
NCT05134649,A Study To Assess the Safety of OnabotulinumtoxinA (BOTOX) Intramuscular Injection in Adult Participants With Platysma Prominence,COMPLETED,PHASE3,292.0
NCT07048249,Single Arm Romiplostim to Prevent CIT,RECRUITING,EARLY_PHASE1,26.0
NCT00465452,Impact of Switching to Continuous Release Dopamine Agonists,COMPLETED,PHASE3,11.0
NCT02564952,An Open-label Extension Study to Investigate Possible Drug-drug Interactions Between Clobazam and Cannabidiol,COMPLETED,PHASE2,18.0
NCT03866252,LSD Therapy for Persons Suffering From Major Depression,COMPLETED,PHASE2,60.0
NCT04156347,Topotecan Episcleral Plaque for Treatment of Retinoblastoma,UNKNOWN,PHASE1,42.0
NCT01972347,Neoadjuvant Dabrafenib + Trametinib for AJCC Stage IIIB-C BRAF V600 Mutation Positive Melanoma,COMPLETED,PHASE2,35.0
NCT00674947,A Phase I Study of BIIB015 in Relapsed/Refractory Solid Tumors,COMPLETED,PHASE1,55.0
NCT02386449,A Study Comparing Picoprep With Mannitol and Bisacodyl for Colon Cleansing in Preparation for Colonoscopy,COMPLETED,PHASE4,184.0
NCT04601038,Trial of CORT108297 to Attenuate the Effects of Acute Stress in the Allocortex (CORT-X),RECRUITING,PHASE2,52.0
NCT06513338,Complement C5 mAb in the Treatment of Anti-GBM Disease,COMPLETED,PHASE2,16.0
NCT06768138,Intra-Arterial Thrombolysis After SUCCESSful Reperfusion in Anterior Circulation Ischemic Stroke,RECRUITING,PHASE3,626.0
NCT03909334,Study of Osimertinib With and Without Ramucirumab in Locally Advanced or Metastatic Non-Small Cell Lung Cancer (NSCLC),ACTIVE_NOT_RECRUITING,PHASE2,160.0
NCT00950534,Effectiveness and Safety of Two Approaches to the Management of Type 2 Diabetes Mellitus in Australian Primary Care,TERMINATED,PHASE4,25.0
NCT07689344,Poly-L-lactic Acid (PLLA) Injection for Neck Skin Laxity: A Pilot Study,NOT_YET_RECRUITING,NA,10.0
NCT02865434,Evaluating Safety of Escalating Doses of Tilmanocept by IV Injection and SPECT Imaging in Subjects With and Without RA,COMPLETED,PHASE1,39.0
NCT07631364,Efficacy of Temocillin Compared to Standard of Care in the Treatment of Neisseria Gonorrhoeae Infections,NOT_YET_RECRUITING,PHASE3,360.0
NCT05753644,The Effect of Preoperative SGB on POAF After VATS,UNKNOWN,NA,480.0
NCT06398444,A Clinical Study of Lutetium[177Lu] Oxodotreotide Injection in Patients With Advanced Neuroendocrine Neoplasms,RECRUITING,PHASE2,85.0
NCT02694809,The PROMISE Study: Duavee in Women With DCIS,COMPLETED,PHASE2,142.0
NCT03815344,Combined Vaginal Misoprostol and Perivascular Vasopressin,COMPLETED,PHASE4,74.0
NCT04044534,Intranasal Insulin for Posttraumatic Stress Disorder,COMPLETED,PHASE2,10.0
NCT06177964,Lerapolturev (PVSRIPO) in GBM,RECRUITING,PHASE2,92.0
NCT04035564,Early Sodium Intake in Preterm Newborns,COMPLETED,PHASE4,52.0
NCT02583009,A Study to Evaluate the Safety and Efficacy of PAC-14028 Cream in Rosacea,COMPLETED,PHASE2,216.0
NCT04315909,The Effect of Platelet-Rich Plasma-Fibrin Glue in Combination With Vitamin E and C for Treatment of Non-healing Diabetic Foot Ulcers,UNKNOWN,PHASE2,24.0
NCT01181609,A Study of Avastin (Bevacizumab) Combined With Chemotherapy in Patients With Metastatic Cancer of the Colon or Rectum,COMPLETED,PHASE2,54.0
NCT03980509,"A ""Window Trial"" on Curcumin for Invasive Breast Cancer Primary Tumors",COMPLETED,PHASE1,22.0
NCT04040309,PRGF Effectiveness for Myofascial Pain Treatment in Masticatory Muscles,COMPLETED,PHASE4,50.0
NCT04481009,A Study to Evaluate YH003 in Combination With Toripalimab (Anti-PD-1 mAb) in Subjects With Advanced Solid Tumors,COMPLETED,PHASE1,26.0
NCT01403064,Safety and Efficacy of ALD518 for Reducing Oral Mucositis in Head and Neck Cancer Subjects,TERMINATED,PHASE2,76.0
NCT01154764,Trial for Studying Pharmacokinetic Effects of Ketoconazole on CG100649,COMPLETED,PHASE1,28.0
NCT05188664,Study of LaNova Medicines(LM)-302 in Combination With Toripalimab in Patients With Advanced Solid Tumors,COMPLETED,PHASE1,20.0
NCT05527899,Zinc Intervention in Elderly for Prevention of Pneumonia,COMPLETED,PHASE2,105.0
NCT02626299,Assessment of DHA On Reducing Early Preterm Birth,COMPLETED,PHASE3,1100.0
NCT01982799,Local Anesthesia and Analgesics in Endodontic Pain,WITHDRAWN,NA,0.0
NCT03056599,Precise Local Injection of Anti-cancer Drugs Using Presage's CIVO Device in Soft Tissue Sarcoma,COMPLETED,PHASE1,23.0
NCT01620099,Small Airways Involvement in Smoker Asthmatic Patients: a Pilot Study,COMPLETED,PHASE4,60.0
NCT02247232,Randomized Study of Z-100 Plus Radiation Therapy to Treat Cervical Cancer,COMPLETED,PHASE3,793.0
NCT00050232,Safety and Efficacy of AVP-923 for Pseudobulbar Affect in Multiple Sclerosis Patients,COMPLETED,PHASE3,96.0
NCT02091999,A Study of Escalating Doses of ASG-22CE Given as Monotherapy in Subjects With Metastatic Urothelial Cancer and Other Malignant Solid Tumors That Express Nectin-4,COMPLETED,PHASE1,213.0
NCT02517099,Preschool Wheeze: Inflammation/Infection Guided Management,COMPLETED,PHASE2,60.0
NCT00010699,Effect of High Dose Vitamin E on Carotid Atherosclerosis,COMPLETED,PHASE2,120.0
NCT06904599,Efficacy of Human Chorionic Gonadotropin in Acute GVHD Treatment,RECRUITING,PHASE2,20.0
NCT07208799,Comparison of Submucosal Dexamethasone and Methylprednisolone in Postoperative Sequelae of Parasymphsis Fractures,RECRUITING,PHASE2,72.0
NCT00124332,STRADIVARIUS (Strategy To Reduce Atherosclerosis Development InVolving Administration of Rimonabant - the Intravascular Ultrasound Study),COMPLETED,PHASE3,839.0
NCT07323732,A Study of BIO 300 and Thoracic Radiation Therapy in People With Non-Small Cell Lung Cancer and Interstitial Lung Disease,RECRUITING,PHASE2,25.0
NCT01403363,Use of Fentanyl Patch in Partial Doses Than the Original,UNKNOWN,NA,95.0
NCT02683863,Pharmacokinetics of DMF and the Effects of DMF on Exploratory Biomarkers,COMPLETED,PHASE4,20.0
NCT02915263,The Efficacy Of Intravenous Immunoglobulin Therapy In Treatment Induced Neuropathy Of Diabetes,TERMINATED,PHASE2,13.0
NCT02352987,"Effect of Neem Extract, Propylene Glycol and Salicylic Acid Combination in the Treatment of Arsenical Palmar Keratosis",COMPLETED,PHASE2,30.0
NCT07183787,Letrozole vs Danazol for Endometriosis-Related Pain: Randomized Trial,COMPLETED,PHASE2,60.0
NCT01233687,AMG 102 and Erlotinib for Advanced Non-Small Cell Lung Cancer,COMPLETED,PHASE1,49.0
NCT02267187,Structural Fat Grafting for Craniofacial Trauma Using Manual Technique for Processing Fat Graft Material,COMPLETED,NA,15.0
NCT01071187,Varenicline for Alcohol Dependence,UNKNOWN,PHASE2,40.0
NCT02713893,Tolerability and Pharmacokinetic Study of Econazole Nitrate and Benzydamine HCl Intravaginal Cream,COMPLETED,PHASE1,48.0
NCT06431893,A Long-term Extension Study to Assess the Long-term Safety and Efficacy of Pegtibatinase Treatment in Participants ≥5 to ≤65 Years of Age With Classical Homocystinuria (HCU) (ENSEMBLE),ENROLLING_BY_INVITATION,PHASE3,100.0
NCT00901693,An Evaluation of the Efficacy and Safety of AL-46383A Ophthalmic Solution for the Treatment of Adenoviral Conjunctivitis,TERMINATED,PHASE2,452.0
NCT03211793,Mesenchymal Stromal Cells as Treatment for Digital Ulcers in Systemic Sclerosis,RECRUITING,PHASE1,20.0
NCT02211521,Comparison of Autologous Platelet-rich Plasma With Hyaluronic Acid for the Treatment of Osteoarthritis of the Knee Joint,COMPLETED,PHASE3,110.0
NCT07089121,"Descartes-08 for Children, Adolescents, and Young Adults With Autoimmune Disorders",RECRUITING,PHASE1,50.0
NCT02578121,UARK 2015-03 A Phase II Trial of a Novel Proteasome/IMiD Combination,WITHDRAWN,PHASE2,0.0
NCT04251221,Measuring the Neuroimmune Response to Alcohol,COMPLETED,EARLY_PHASE1,14.0
NCT01811121,MEDICO-ECONOMIC EVALUATION OF SURGERY GUIDED BY FLUORESCENCE FOR THE OPTIMIZATION OF RESECTION OF GLIOBLASTOMAS,COMPLETED,PHASE3,170.0
NCT02151721,Phase I of Vorinostat-Iressa Combined Therapy on Resistance by BIM Polymorphysim in EGFR Mutant Lung Cancer,UNKNOWN,PHASE1,12.0
NCT03735121,A Study to Investigate Atezolizumab Subcutaneous in Patients With Previously Treated Locally Advanced or Metastatic Non-Small Cell Lung Cancer,COMPLETED,PHASE3,438.0
NCT00775814,"Efficacy of Candesartan on Reducing Blood Pressure in Insulin-Resistant, Obese Patients With Hypertension.",COMPLETED,PHASE4,188.0
NCT05540184,Allopurinol and Trimetazidine as a Preventive of Acute Kidney Injury in PCI Patients,UNKNOWN,PHASE4,124.0
NCT02023684,Routine Irrigation With Ropivacaine vs. Lidocaine vs. Saline of Surgical Bed in Sleeve Gastrectomy,UNKNOWN,NA,90.0
NCT01494233,A Multi-Center Trial to Determine the Safety and Efficacy of LX1033 in Subjects With Diarrhea-Predominant Irritable Bowel Syndrome,COMPLETED,PHASE2,373.0
NCT00000333,Evaluation of Benztropine for Cocaine Craving - 2,COMPLETED,PHASE2,0.0
NCT01061333,Early Airway Response to Allergen in Asthmatics (MK-0000-176),COMPLETED,PHASE1,16.0
NCT01965652,Long Term Safety of Naldemedine,COMPLETED,PHASE3,1246.0
NCT01557452,Open-Label Extension of the Dose Finding Study (DSC/08/2357/36) in Patients With Poly Juvenile Idiopathic Arthritis,TERMINATED,NA,1.0
NCT05024552,"Vyxeos Plus Gilteritinib in Relapsed or Refractory, FLT3-Mutated AML",RECRUITING,PHASE1,22.0
NCT00308347,A Research Study to Evaluate the Renal (Kidney) Protective Effects of Losartan in Patients With Non-insulin Dependent Diabetes (0954-147)(COMPLETED),COMPLETED,PHASE3,1513.0
NCT02923947,Study to Assess Osimertinib in Patients w/ Adv Solid Tumours & Normal Kidney Function or Severe Kidney Impairment,COMPLETED,PHASE1,16.0
NCT00446147,Study of Pyridoxine for Hand-Foot Syndrome,COMPLETED,PHASE3,389.0
NCT05326347,A Long-term Administration Trial of Brexpiprazole Once-weekly (QW) Formulation in Patients With Schizophrenia,ACTIVE_NOT_RECRUITING,PHASE3,190.0
NCT02327247,Bioequivalence Study of Felodipine ER Tablets 10 mg Under Fasting Conditions,COMPLETED,NA,48.0
NCT05621447,A Mass Balance Study of [14C] TAS-303 in Healthy Adult Male Subjects,COMPLETED,PHASE1,6.0
NCT06453447,Prednisone for CRPS in Distal Radius Fracture,RECRUITING,NA,40.0
NCT04600947,Study of LP002 for the Treatment of Patients With Relapsed or Refractory Primary Mediastinal Large B-cell Lymphoma,UNKNOWN,PHASE2,69.0
NCT06371638,Dexmedetomidine and Postoperative Cognitive Dysfunction (POCD),COMPLETED,PHASE4,112.0
NCT00002038,Non-Comparative Study of Fluconazole in Patients With Serious Mycoses and Who Cannot Be Treated With Conventional Antifungal Therapy,COMPLETED,NA,
NCT01917058,A Clinical Trial to Evaluate the Efficacy of Abatacept in Moderate to Severe Alopecia Areata,WITHDRAWN,PHASE2,0.0
NCT04182958,"A Phase I, Open-Label Trial to Assess the Absorption, Metabolism, and Excretion of (14C)-OPC-61815 in Healthy Male Japanese Subjects",COMPLETED,PHASE1,8.0
NCT00429858,Gemcitabine and S-1 for Locally Advanced Unresectable or Metastatic Pancreatic Cancer,TERMINATED,PHASE2,21.0
NCT07610148,A Study to Estimate Effect of Formulation and Food on Relative Bioavailability of HRS-6209 in Healthy Participants,NOT_YET_RECRUITING,PHASE1,21.0
NCT04200248,A Phase II Study of RBM-007 Alone and RBM-007 With Eylea® in Subjects With Wet Age-related Macular Degeneration,COMPLETED,PHASE2,94.0
NCT06055348,SC0191 Plus Chemotherapy in Advanced Ovarian Canceradvanced Ovarian Cancer,UNKNOWN,PHASE1,112.0
NCT02083055,Anesthetic Advantages of Dexmedetomidine for Hypotensive Anesthesia,COMPLETED,NA,40.0
NCT03338855,Effects of 5 Weeks Treatment With Dapagliflozin in Type 2 Diabetes Patients on How the Hormone Insulin Acts on Sugar Uptake in Muscles.,COMPLETED,PHASE4,26.0
NCT02980926,Mepivacaine vs. Bupivacaine Spinal Anesthetic in Total Knee Arthroplasty,COMPLETED,PHASE4,32.0
NCT04091126,Study of Belantamab Mafodotin Plus Standard of Care (SoC) in Newly Diagnosed Multiple Myeloma,ACTIVE_NOT_RECRUITING,PHASE1,118.0
NCT01309126,Study of Imprime PGG® in Combination With Cetuximab in Subjects With Recurrent or Progressive KRAS Wild Type Colorectal Cancer,TERMINATED,PHASE3,217.0
NCT06756126,A Clinical Study of AK120 in Adolescents With Moderate-to-severe Atopic Dermatitis (AD),NOT_YET_RECRUITING,PHASE2,24.0
NCT03642626,MT2017-45: CAR-T Cell Therapy for Heme Malignancies,ACTIVE_NOT_RECRUITING,PHASE2,150.0
NCT00444626,A Study to Compare the Safety and Effectiveness of a Non-FDA Approved Device Dermal Gel Extra (DGE) and an FDA Approved Device for the Correction of Nasolabial Folds (NLFs),COMPLETED,PHASE3,140.0
NCT05968326,A Study of the Efficacy and Safety of Adjuvant Autogene Cevumeran Plus Atezolizumab and mFOLFIRINOX Versus mFOLFIRINOX Alone in Participants With Resected PDAC,RECRUITING,PHASE2,260.0
NCT02724878,Study of Atezolizumab + Bevacizumab in Patients With Advanced Non-Clear Cell Renal Cell Carcinoma,COMPLETED,PHASE2,65.0
NCT05816785,Pilot Study of Imatinib Cetuximab Combo for H & N Cancer,ACTIVE_NOT_RECRUITING,EARLY_PHASE1,15.0
NCT04086485,Lu-177-DOTATATE (Lutathera) in Combination With Olaparib in Inoperable Gastroenteropancreatico Neuroendocrine Tumors (GEP-NET),RECRUITING,PHASE1,56.0
NCT00110344,Research Study for Patients With Metastatic Renal Cell Carcinoma,TERMINATED,PHASE2,1.0
NCT04942834,Using Cryoballoon Ablation as Initial Treatment for Persistent Atrial Fibrillation,UNKNOWN,NA,286.0
NCT05266534,The Effect of Intramyometrial Injection of Terlipressin Versus Carbitocin on Hemoglobin and Blood Loss During Open Myomectomy Operations Without Using Haemostatic Tourniquets,RECRUITING,NA,162.0
NCT01278134,A Study of RO5024048 in Combination With Ritonavir-Boosted Danoprevir With or Without Copegus (Ribavirin) in Interferon-Naïve Patients With Chronic Hepatitis C Genotype 1 (INFORM-SVR),COMPLETED,PHASE2,170.0
NCT01267734,Harmonizing Optimal Strategy for Treatment of Coronary Artery Stenosis - SAfety & EffectiveneSS of Drug-ElUting Stents & Anti-platelet REgimen,UNKNOWN,PHASE4,3750.0
NCT00603434,Safety Assessment of Potential Interactions Between IV Methamphetamine and Osmotic-Release Methylphenidate (OROS-MPH),COMPLETED,PHASE1,16.0
NCT00292734,STILDEP: Zolpidem in Depressive and Dysthimic Patients,COMPLETED,PHASE4,120.0
NCT06556134,Oral Liposomal Iron Versus Injectable Iron Sucrose for Anemia Treatment in Non-Dialysis Chronic Kidney Disease Patients,COMPLETED,PHASE4,27.0
NCT03320434,Study Evaluating the Efficacy and Safety of PRT-2761 for the Treatment of Acute and Chronic Allergic Conjunctivitis,COMPLETED,PHASE2,120.0
NCT02756364,Sapanisertib in Combination With Fulvestrant in Women With Advanced or Metastatic Breast Cancer After Aromatase Inhibitor Therapy,COMPLETED,PHASE2,141.0
NCT04856644,Evaluation of the Efficacy and Safety of a 4-month Daily Regimen (2HZPM/2HPM) for Treatment of Pulmonary TB,ACTIVE_NOT_RECRUITING,PHASE3,333.0
NCT05222334,Ultrasound-Guided Extrafascial Versus Intrafascial Interscalene Brachial Plexus Block in Shoulder Arthroscopy,UNKNOWN,NA,50.0
NCT00287664,Treatment of Hepatorenal Syndrome With Terlipressin Plus Albumin vs Albumin,SUSPENDED,PHASE4,100.0
NCT05314764,Cefiderocol Pharmacokinetics in Adult Patients With Cystic Fibrosis,COMPLETED,PHASE4,10.0
NCT01309009,Preliminary Efficacy and Safety Study of Oral Nepadutant in Infant With Colic Not Responding to Conventional Treatment,WITHDRAWN,PHASE2,0.0
NCT05488509,Acute Effects of Cannabis on Everyday Life Memory,COMPLETED,PHASE2,121.0
NCT06437899,Evaluation of Efficacy and Patient Satisfaction of Local Anaesthesia Versus Sedoanalgesia for Botox (R) Injection in the Urinary Bladder for the Treatment of Idiopathic Overactive Bladder,ENROLLING_BY_INVITATION,NA,84.0
NCT06597799,First-in-human Study of MRT-6160 in Healthy Subjects,COMPLETED,PHASE1,108.0
NCT01375699,"Doxorubicin With or Without Sildenafil, With Analysis of Cardiac Markers",COMPLETED,PHASE1,26.0
NCT06990399,A Phase 3 Study to Evaluate the Efficacy and Safety of Intravitreal KSI-101 in Participants With Macular Edema Secondary to Inflammation (MESI) - PEAK,RECRUITING,PHASE3,600.0
NCT07108699,Evaluation of the Safety and Efficacy of HSK39004 Dry Powder Inhaler in Chinese Patients With Chronic Obstructive Pulmonary Disease (COPD),ACTIVE_NOT_RECRUITING,PHASE2,180.0
NCT05009199,Occupancy of Adenosine A2A Receptors Using the PET Radiotracer [18F]MNI-444,COMPLETED,PHASE1,3.0
NCT02410499,Efficacy and Safety of Weekly Subcutaneous MLN1202 in Improving Diabetic Nephropathy in Participants With Macroalbuminuria,WITHDRAWN,PHASE2,0.0
NCT02500199,Phase I Study of Pyrotinib in Patients With HER2-positive Solid Tumors,UNKNOWN,PHASE1,50.0
NCT07676799,Ultrasonographic Assessment of Muscle Echogenicity in Myofascial Pain,ACTIVE_NOT_RECRUITING,NA,80.0
NCT06575699,Rectus Sheath Block for Analgesia After Gynecological Laparotomy,COMPLETED,PHASE4,90.0
NCT00091299,Warfarin and Vatalanib in Treating Patients With Advanced Solid Tumors,COMPLETED,PHASE1,24.0
NCT00303199,Study of ZIO-101 in Multiple Myeloma,COMPLETED,PHASE1,35.0
NCT03796598,FMT in Cirrhosis and Hepatic Encephalopathy,COMPLETED,PHASE1,60.0
NCT06490198,Phase 2 Study: OBI-833/OBI-821 Maintenance for Globo H+ Advanced Biliary Tract Cancer After Gemcitabine/Cisplatin,NOT_YET_RECRUITING,PHASE1,30.0
NCT00480298,Double-Blind Randomized Placebo-Controlled Trial on Clinical and Biological Effects of Oral Corticosteroids or Doxycyclin in Patients With Nasal Polyposis,COMPLETED,PHASE2,48.0
NCT00057798,Genetic Changes in Patients With Non-Small Cell Lung Cancer Who Are Receiving Vinorelbine and Gemcitabine Before Surgery,COMPLETED,PHASE2,21.0
NCT00453063,Placebo-Controlled Study of Mometasone Furoate Nasal Spray (MFNS) 200 mcg Once Daily (QD) in the Treatment of Seasonal Allergic Rhinitis (Study P05067)(COMPLETED),COMPLETED,PHASE3,426.0
NCT01706263,"U0289-402: An Open Label, 8 Week Study to Evaluate the Efficacy and Tolerability of MAXCLARITY II in Subjects With Acne",COMPLETED,PHASE4,28.0
NCT07189793,Toripalimab ± Sequential Intravesical Gemcitabine-Mitomycin C for BCG-Unresponsive/-Intolerant High-Risk NMIBC: Open-Label Randomized Phase 2 Study,NOT_YET_RECRUITING,PHASE2,106.0
NCT06920693,"Study to Investigate the Safety, Tolerability, and Pharmacokinetics of GB-7624 in Healthy Adult Participants",ACTIVE_NOT_RECRUITING,PHASE1,40.0
NCT02054793,Phase Ib/II Study Evaluating Orteronel (Without Prednisone) Combined With Itraconazole In Men With Castration-Resistant Prostate Cancer (CRPC),WITHDRAWN,PHASE1,0.0
NCT01919593,Efficacy of 2% Chlorhexidine Gluconate in 70% Alcohol Compare 10% Povidone Iodine in Blood Culture in Children,COMPLETED,PHASE4,1269.0
NCT06794593,Effect Camostat for Kidney Protection in Chronic Kidney Disease,RECRUITING,PHASE2,40.0
NCT04353193,"Hemodynamic Profile of Terlipressin and Octreotide in Patients With Cirrhosis and Portal Hypertension. A Randomised, Single Blinded Clinical Trial.",UNKNOWN,PHASE4,36.0
NCT07235293,A Study to Test DSP107 in Combination With Atezolizumab in Comparison With Fruquintinib as a New Treatment for Colorectal Cancer.,RECRUITING,PHASE2,90.0
NCT03594487,Fecal Microbiota Transplantation (FMT) of FMP30 in Relapsing-Remitting Multiple Sclerosis,TERMINATED,PHASE1,5.0
NCT05436093,CLDN18.2 Targeting Nanobody Probe for PET Imaging in Solid Tumors,RECRUITING,NA,15.0
NCT03037593,High Dose Cholecalciferol to Reduce the Incidence of Gestational Diabetes in High Risk Pregnant Women,WITHDRAWN,PHASE1,0.0
NCT06477406,Evaluating the Impact of a Novel Cannabinoid Product for Endometriosis,RECRUITING,PHASE2,30.0
NCT02474706,Evaluation of the Non-inferiority of Cefoxitin Versus Imipenem/Cilastatin in the Treatment of Urinary Tract Infections Caused by ESBL-producing Escherichia Coli,TERMINATED,PHASE4,6.0
NCT06235606,Liposomal Bupivacaine With Standard Bupivacaine Versus Dexmedetomidine With Standard Bupivacaine,COMPLETED,PHASE3,96.0
NCT04371406,Efficacy of Azithromycin-associated Hydroxychloroquine Therapy Given in General Practice in Early-stage Disease in COVID-19 Patients,WITHDRAWN,PHASE3,0.0
NCT04327206,BCG Vaccination to Protect Healthcare Workers Against COVID-19,COMPLETED,PHASE3,6828.0
NCT05741606,Safety and Efficacy of Sodium Pentaborate Pentahydrate in People With Overweight and Obesity,UNKNOWN,PHASE1,120.0
NCT06541704,A Study Investigating Subcutaneously Administered Pozelimab in Combination With Cemdisiran or Cemdisiran Alone in Adult Participants With Geographic Atrophy,RECRUITING,PHASE3,975.0
NCT00436904,"Alemtuzumab and Rituximab in Treating Patients With High-Risk, Early-Stage Chronic Lymphocytic Leukemia",COMPLETED,PHASE2,30.0
NCT07542704,A Study to Investigate the Safety and Efficacy of KQB368 as Monotherapy in Participants With Advanced Solid Malignancies,NOT_YET_RECRUITING,PHASE1,48.0
NCT02120404,Pilot Phase II Study: Hemodynamic Tolerance and Anti-inflammatory Effects of Esmolol During the Treatment of Septic Shock,UNKNOWN,PHASE2,45.0
NCT05462704,Intravenous Versus Oral Iron for Treating Iron-Deficiency Anemia in Pregnancy,RECRUITING,PHASE3,300.0
NCT04398004,Anti-inflammatory Clarithromycin for Improving COVID-19 Infection Early,COMPLETED,PHASE2,90.0
NCT00884104,A Study to Evaluate Add on Effect of Solifenacin in Men With Overactive Bladder Symptoms After Tamsulosin Monotherapy for 4 Weeks,COMPLETED,PHASE4,307.0
NCT05872204,Abemaciclib and Letrozole in Patients With Estrogen Receptor-positive Rare Ovarian Cancer,RECRUITING,PHASE2,100.0
NCT07241104,A Study of AZD4063 in PLN R14del Dilated Cardiomyopathy,RECRUITING,PHASE1,31.0
NCT01497704,Dose-Escalation and Safety Trial of YN968D1,COMPLETED,PHASE1,55.0
NCT02409004,Effects of Rifampin on the Pharmacokinetics of Ataluren,COMPLETED,PHASE1,15.0
NCT00035984,Evaluation of the Effect on Glucose Control of AC2993 in Patients With Type 2 Diabetes Mellitus,COMPLETED,PHASE3,734.0
NCT03977233,Tumor Subtypes in Subjects on FOLFIRINOX With Non-Metastatic Pancreatic Cancer,RECRUITING,PHASE2,45.0
NCT00211133,A Study to Evaluate the Impact of Maintaining Hemoglobin Levels Using Epoetin Alfa in Patients With Metastatic Breast Cancer Receiving Chemotherapy,COMPLETED,PHASE3,939.0
NCT00103233,Vinorelbine With or Without Trastuzumab in Treating Women With Progressive Metastatic Breast Cancer,COMPLETED,PHASE3,
NCT01769833,HBsAg Decline After Pegylated-interferon-α in e Antigen Positive Chronic Hepatitis B With Nucleoside Maintenance,UNKNOWN,PHASE3,144.0
NCT01249833,Effect of Oseltamivir on Cognitive Function in Subjects With Influenza,COMPLETED,PHASE4,122.0
NCT06895733,Study of Pazopanib Combined With Palbociclib for Refractory Solid Tumors With Co-amplified in the 11q13(FGF3/4/19/CCND1),RECRUITING,PHASE1,65.0
NCT01244633,Ecopipam Treatment of Tourette Syndrome,COMPLETED,PHASE1,18.0
NCT00295633,A Study Assessing Saxagliptin Treatment in Type 2 Diabetic Subjects Who Are Not Controlled With TZD Therapy Alone,COMPLETED,PHASE3,565.0
NCT00362752,A Pilot Study of Norfloxacin for Hepatopulmonary Syndrome,COMPLETED,PHASE2,9.0
NCT01354652,Lactic Acidosis During Entecavir(ETV)Treatment,TERMINATED,PHASE4,5.0
NCT06504147,"A Study of Radspherin® in Patients With Primary Advanced Epithelial Cancer, With Peritoneal Metastasis That Are Homologous Recombination Proficient Scheduled to Undergo Neoadjuvant Chemotherapy and Interval Debulking Surgery",RECRUITING,PHASE2,114.0
NCT00761449,Lenalidomide in High-risk MDS and AML With Del(5q) or Monosomy 5,COMPLETED,PHASE2,28.0
NCT06042049,"A Study to Assess Safety, Pharmacokinetics Anti-Drug Antibody and Anti-RSV Antibody After 2 Doses of Nirsevimab",COMPLETED,PHASE3,33.0
NCT02466347,Bioequivalence Study of Synflutide HFA Inhaler and Seretide Evohaler in Healthy Volunteers Without Charcoal Block,COMPLETED,PHASE1,45.0
NCT03693547,Clinical Study of Utidelone Injection in Patients With Advanced Non-small Cell Lung Cancer（NSCLC）,COMPLETED,PHASE2,26.0
NCT06823349,Comparative Analysis of Analgesic Efficacy: by Single Shot Intrathecal Analgesia (SSSA) in Normal Labor,RECRUITING,PHASE4,90.0
NCT03023449,Diffuse Optical Monitoring With Inhaled Nitric Oxide,ACTIVE_NOT_RECRUITING,PHASE2,40.0
NCT00593138,Study of Dopamine Transporter Receptor Occupancy With Long-acting Dex-methylphenidate,COMPLETED,PHASE1,23.0
NCT01286038,Eltrombopag in Myelodysplastic Syndrome (MDS) Patients With Thrombocytopenia,TERMINATED,PHASE1,37.0
NCT02285738,Anti-Platelet and Statin Therapy to Prevent Cancer-Associated Thrombosis,COMPLETED,EARLY_PHASE1,17.0
NCT01718938,Phase 2 Study of Velusetrag in Diabetic or Idiopathic Gastroparesis,COMPLETED,PHASE2,34.0
NCT00654758,"A Phase 1b Study With Volociximab in Combination With Carboplatin and Paclitaxel in First-line, Advanced Non-Small Cell Lung Cancer (NSCLC)",COMPLETED,PHASE1,33.0
NCT01044238,Methylphenidate to Treat Methamphetamine Dependence,UNKNOWN,PHASE2,90.0
NCT00542958,Study of NK012 in Patients With Refractory Solid Tumors,COMPLETED,PHASE1,39.0
NCT02869438,"A Study to Evaluate the Onset of Effect and Time Course of Change in Lung Function With Benralizumab in Severe, Uncontrolled Asthma Patients With Eosinophilic Inflammation",COMPLETED,PHASE3,233.0
NCT04051255,"Influence of Smoking on Clinical, Microbiological and Immunologic Parameters in Patients With Aggressive Periodontitis.",UNKNOWN,NA,30.0
NCT00911248,PTC299 for Treatment of Neurofibromatosis Type 2,TERMINATED,PHASE2,11.0
NCT04345848,Preventing COVID-19 Complications With Low- and High-dose Anticoagulation,TERMINATED,PHASE3,160.0
NCT00152048,Evaluation of Eflornithine on Facial and Forearm Skin,COMPLETED,PHASE4,78.0
NCT02581748,A Safety and Pharmacokinetic Study Between HLX02 and Herceptin®(U.S. and German Sourced) in Healthy Chinese Male Subjects,COMPLETED,PHASE1,123.0
NCT02768948,Telmisartan Promotes the Differentiation of Monocytes Into Macrophages M2 in Diabetic Nephropathy?,COMPLETED,NA,20.0
NCT01797848,Efficacy and Safety Evaluation of a Treatment Consisting of Peg Interferon Alfa + Ribavirin + Daclatasvir in HCV Genotype 1 and 4 Treatment naïve Patients,WITHDRAWN,PHASE3,0.0
NCT00356226,The Effects of Clonidine on the Diuretic Response in Cirrhotic Patients,COMPLETED,NA,64.0
NCT00057226,An 8 Week Study Of Adults Diagnosed With Major Depressive Disorder,COMPLETED,PHASE2,365.0
NCT07144826,Effects of a Probiotic Intervention on the Gut and Vaginal Microbiome in Patients With Advanced or Recurrent Ovarian Cancer Undergoing Treatment With Platinum Chemotherapy,RECRUITING,EARLY_PHASE1,161.0
NCT02689726,"Safety, Tolerability, and Immunogenicity of GTL001 Vaccine Adjuvanted With Imiquimod Cream in HPV 16- and/or HPV 18-Infected Women Aged 25 to 65 Years, With Normal Cytology, ASCUS, or LSIL",TERMINATED,PHASE1,13.0
NCT04984226,Sodium Bicarbonate and Mitochondrial Energetics in Persons With CKD,RECRUITING,PHASE2,80.0
NCT01771978,Ischaemia-réperfusion During the Coronary Surgery With Beating Heart,UNKNOWN,PHASE3,120.0
NCT05305885,Intra-pemetrexed Alone or Combined With Concurrent Radiotherapy for Leptomeningeal Metastasis,UNKNOWN,NA,100.0
NCT00264485,A Comparison of the Safety and Effectiveness of Two Forms of Patient-controlled Pain Medication Used After Total Hip Replacement: The E-TRANS Fentanyl Transdermal System Versus the Morphine Intravenous Pump,COMPLETED,PHASE3,799.0
NCT07420985,"Study to Evaluate the Efficacy, Safety, and Tolerability of the Ingavirin Forte Capsules (Valenta Pharm JSC) at Different Doses in Subjects With Influenza and Other Acute Respiratory Viral Infections.",RECRUITING,PHASE2,300.0
NCT00807885,Study of Techniques of Subcutaneous Administration of Fluids Enabled by Human Recombinant Hyaluronidase,COMPLETED,PHASE4,100.0
NCT03317743,Study to Assess the Safety & Tolerability of NOV140101(IDX-1197) in Patients With Advanced Solid Tumors,COMPLETED,PHASE1,32.0
NCT02987543,Study of Olaparib (Lynparza™) Versus Enzalutamide or Abiraterone Acetate in Men With Metastatic Castration-Resistant Prostate Cancer (PROfound Study),COMPLETED,PHASE3,387.0
NCT04589832,Study of PAC-1 and Entrectinib for Patients With Metastatic Uveal Melanoma,TERMINATED,PHASE1,6.0
NCT03937999,Bezlotoxumab as Secondary Prophylaxis for C. Difficile in High-risk Hospitalized Patients Exposed to Antibiotics.,TERMINATED,PHASE4,1.0
NCT01324544,"Pharmacokinetics, Safety, and Efficacy of Intravenous Dosing of Buprenorphine in Pediatric Patients Who Require Opioid Analgesia for Acute Moderate to Severe Pain",WITHDRAWN,PHASE3,0.0
NCT03743298,Safety of AV-MEL-1 With Anti-PD-1 Therapy in Metastatic Melanoma,UNKNOWN,PHASE1,20.0
NCT02255734,Bioequivalence of Two Formulations of Acyclovir,COMPLETED,PHASE4,14.0
NCT03856164,Tranexamic Acid for Prevention of Hemorrhage in Cesarean Delivery,COMPLETED,PHASE2,110.0
NCT00654498,Pramipexole in Out-patients With Idiopathic Restless Legs Syndrome (IRLS),COMPLETED,PHASE3,306.0
NCT01078298,Safety And Efficacy Of 12 Weeks Of Varenicline For Smoking Cessation In Smokers With Depression,COMPLETED,PHASE4,525.0
NCT02066298,Steroids In Eosinophil Negative Asthma,COMPLETED,PHASE3,295.0
NCT03891498,"The Effect of Loading Dose of Magnesium Sulfate on Uterine, Umbilical, and Fetal Middle Cerebral Arteries Doppler, Biophysical Profile, CTG, Maternal Vital Signs in Women With Severe Preeclampsia",UNKNOWN,NA,100.0
NCT03033498,"A Study to Evaluate the Safety, Tolerability, and Pharmacokinetics of Subcutaneous Infusions of ABBV-951 in Subjects With Parkinson's Disease",COMPLETED,PHASE1,29.0
NCT06670898,"A Study of Absorption, Metabolism, Excretion of [14C]-NS-580 in Healthy Male Subjects",COMPLETED,PHASE1,8.0
NCT01712009,NOLAN: Naproxen or Loratadine and Neulasta,COMPLETED,PHASE2,600.0
NCT00434109,Phase II Study of Sunitinib Malate Following Hepatic Artery Embolization,COMPLETED,PHASE2,39.0
NCT00399698,Study to Determine Whether There Are Any Cognitive or Motor Effects From Taking the Medicine Risperidone.,COMPLETED,PHASE3,30.0
NCT01695863,Efficacy and Patient Satisfaction of Miralax and Gatorade Versus Movi Prep,COMPLETED,PHASE4,150.0
NCT04528563,Ketorolac for Moderate to Severe Abdominal Pain in Children,COMPLETED,PHASE3,105.0
NCT05875493,A Food Effect Study of JAB-21822 in Healthy Subjects,COMPLETED,PHASE1,18.0
NCT04679493,"Study to Assess Safety, Tolerability and Pharmacokinetics of XC7 (Which is Planned Use in the Treatment of COVID-19) in Healthy Volunteers",COMPLETED,PHASE1,16.0
NCT01738893,Bioequivalence Study of 300 mg Gabapentin,COMPLETED,PHASE1,26.0
NCT00006014,SU5416 in Treating Patients With Malignant Mesothelioma,COMPLETED,PHASE2,45.0
NCT06690814,Ulcer Plants: Highly Accessible Plant Antiseptics for Use in Remote Areas of PNG,COMPLETED,PHASE2,370.0
NCT04060914,LOwer Maintenance Dose TICagrelor in Acute Coronary Syndrome Patients Undergoing Percutaneous Coronary Intervention,UNKNOWN,PHASE4,225.0
NCT03667014,The Impact of Dupilumab on Quality of Life in Moderate to Severe Atopic Dermatitis Patients,COMPLETED,PHASE4,34.0
NCT04055116,Buffered Lidocaine in the Pediatric Dental Patient,COMPLETED,PHASE4,64.0
NCT04762316,Composition for Treating Uterine Fibroid (SB-UF),COMPLETED,PHASE4,66.0
NCT01154816,Alisertib in Treating Young Patients With Recurrent or Refractory Solid Tumors or Leukemia,COMPLETED,PHASE2,118.0
NCT05066516,"The Pharmacokinetics, Safety and Tolerability of IN-C009 in Healthy Subjects",COMPLETED,PHASE1,48.0
NCT03598816,PolyImmune {Durvalumab (MEDI4736) and Tremelimumab} & Vaccine Orchestrated Treatment for Patients With Advanced/Metastatic Renal Cell Carcinoma,WITHDRAWN,PHASE2,0.0
NCT03275116,The Effect of Twice Daily vs. Once Daily Bronchodilation on Hyperinflation in COPD Patients During 24 Hours.,UNKNOWN,PHASE4,49.0
NCT06804616,Pain Reduction Using Vibration and Topical Anesthesia,COMPLETED,EARLY_PHASE1,60.0
NCT03045406,Apixaban for the Treatment of Venous Thromboembolism in Patients With Cancer,COMPLETED,PHASE3,1170.0
NCT02487706,Assessment of Dolutegravir Removed by Hemodialysis in HIV-infected Patients With End-stage Renal Disease,COMPLETED,PHASE4,5.0
NCT05193604,A Clinical Trial to Evaluate Tolerability and Security of TQB2858 Injection in Subjects With Advanced Pancreatic Carcinoma,TERMINATED,PHASE1,29.0
NCT07144904,Assessing the Efficacy of Indocyanine Green for Ureter Identification During Robot-Assisted Surgery in Advanced-Stage Endometriosis,NOT_YET_RECRUITING,PHASE4,40.0
NCT05150704,MYTHS - MYocarditis THerapy With Steroids,RECRUITING,PHASE3,288.0
NCT00737204,Effectiveness of Armodafinil for Treating Fatigue in Adults With HIV/AIDS,COMPLETED,PHASE4,70.0
NCT07116304,Comparative Efficacy of IV Parecoxib vs Lidocaine in Reducing Propofol Injection Pain,NOT_YET_RECRUITING,NA,30.0
NCT04420104,Errector Spinae Plane Block for Postoperative Pain Management in Cardiac Surgery: A Randomized Controlled Trial,UNKNOWN,NA,40.0
NCT06731504,HMCT/CT2401: Abatacept GVHD Prophylaxis Following Omidubicel HCT,RECRUITING,EARLY_PHASE1,10.0
NCT02445404,Compare Efficacy of CHOP Versus Fractionated ICED in Transplant-eligible Patients With Previously Untreated PTCL,UNKNOWN,PHASE2,134.0
NCT00125684,Bioavailability and Effectiveness of Transdermally Administered Morphine,COMPLETED,PHASE1,6.0
NCT03184584,Open-Label Rollover Study of PBI 4050 in Subjects With Alström Syndrome,TERMINATED,PHASE2,10.0
NCT07455084,A Study to Detect the Radioactivity of 14C-SEP-380135 in Urine and Feces in Healthy Male Adults,NOT_YET_RECRUITING,PHASE1,8.0
NCT01341184,TMC207 +/- Rifabutin/Rifampin,COMPLETED,PHASE1,33.0
NCT01670084,Nilotinib and Combination Chemotherapy in Treating Patients With Newly Diagnosed Philadelphia Chromosome-Positive Acute Lymphoblastic Leukemia or Blastic Phase Chronic Myelogenous Leukemia,WITHDRAWN,PHASE2,0.0
NCT00220584,An Open-Label Trial of Donepezil in Fragile X Syndrome,COMPLETED,PHASE1,10.0
NCT03933384,Tenofovir Alafenamide Versus Entecavir for the Treatment of Chronic Hepatitis B,RECRUITING,PHASE4,140.0
NCT04570384,Intravenous L-Citrulline Influence on the Need for Invasive Mechanical Ventilation for Acute Hypoxemic Respiratory Failure in Patients With COVID-19,COMPLETED,PHASE2,65.0
NCT05516784,Impact of CYP2C19 Genotype-guided Clopidogrel and Ticagrelor Treatment on Platelet Function Test and Metabolomics Profile,COMPLETED,PHASE4,80.0
NCT00246584,A Long Term Study of SPP100 in Patients With Essential Hypertension (Trial is Not Recruiting in the US),COMPLETED,PHASE2,300.0
NCT07478484,Different Administration Regimens of CAZ-AVI in Combination With ATM for the Treatment of CR-GNB,RECRUITING,PHASE4,144.0
NCT00663884,Glufast On Insulin Glargine Trial in Type 2 DM,COMPLETED,PHASE4,167.0
NCT03718884,A Study of Mirikizumab in Participants With Plaque Psoriasis,COMPLETED,PHASE1,29.0
NCT03341884,"A Study of Ipatasertib in Participants With Mild, Moderate or Severe Hepatic Impairment Compared to Healthy Participants",COMPLETED,PHASE1,29.0
NCT06697184,A Study to Investigate the Safety of Novel Dose Ramp-up Schedule(s) When Initiating Sonrotoclax in Participants Treated for Blood Cancers.,RECRUITING,PHASE1,258.0
NCT00857584,Quetiapine XR Versus Sertraline in Acute Bipolar Depression as add-on Therapy,COMPLETED,PHASE3,27.0
NCT03705884,PET/MR Imaging In Patients With Cardiac Sarcoidosis,COMPLETED,NA,40.0
NCT03558984,D-PLEX 302: Efficacy and Safety of D-PLEX in the Prevention of Sternal Infection Post Cardiac Surgery,TERMINATED,PHASE3,2.0
NCT02966184,Comparison of Albuterol for Status Asthmaticus,TERMINATED,PHASE4,8.0
NCT03168984,"A Study to Investigate the Safety, Tolerability, and Pharmacokinetics of UCB0942 in Healthy Japanese and Caucasian Subjects",COMPLETED,PHASE1,48.0
NCT04566484,Seamless Controlled Trial To Evaluate Safety And Immunogenicity of Chikungunya Vaccine in LatinAmerica and Asia,TERMINATED,PHASE2,3210.0
NCT02723084,A Study to Evaluate the Efficacy and Safety of ABT-493/ABT-530 in Japanese Adults With Genotype 2 Chronic Hepatitis C Virus Infection,COMPLETED,PHASE3,136.0
NCT04251533,Study Assessing the Efficacy and Safety of Alpelisib + Nab-paclitaxel in Subjects With Advanced TNBC Who Carry Either a PIK3CA Mutation or Have PTEN Loss,TERMINATED,PHASE3,137.0
NCT00885833,Study of Reduced Toxicity Myeloablative Conditioning Regimen for Wiskott-Aldrich Syndrome (WAS),COMPLETED,PHASE1,5.0
NCT01057433,Drug-Drug Interaction of Lopinavir/Ritonavir on Pitavastatin,COMPLETED,PHASE4,24.0
NCT06672133,Adebrelimab Combined with Chemotherapy and Thoracic Radiotherapy for First-line Treatment of ES-SCLC,NOT_YET_RECRUITING,PHASE3,524.0
NCT03550352,Cannabinoids in PLWHIV on Effective ART,TERMINATED,PHASE2,10.0
NCT00000952,A Study of Ritonavir (an Anti-HIV Drug) in HIV-Positive Infants and Children,COMPLETED,PHASE1,60.0
NCT05468047,Ketamine Therapy Experiential Education Study,UNKNOWN,EARLY_PHASE1,500.0
NCT04610047,Efficacy and Safety of Norketotifen in Uncomplicated Influenza-like Illness,COMPLETED,PHASE2,315.0
NCT01013649,Gemcitabine Hydrochloride With or Without Erlotinib Hydrochloride Followed by the Same Chemotherapy Regimen With or Without Radiation Therapy and Capecitabine or Fluorouracil in Treating Patients With Pancreatic Cancer That Has Been Removed by Surgery,COMPLETED,PHASE3,546.0
NCT04525638,A Clinical Study to Assess the Combination of Two Drugs (177Lu-DOTATATE and Nivolumab) in Neuroendocrine Tumours,UNKNOWN,PHASE2,30.0
NCT06294548,A Study of Valemetostat Tosylate (DS-3201b) With Atezolizumab and Bevacizumab in HCC,RECRUITING,PHASE1,45.0
NCT03574948,5-HTP in Patients With IBD in Clinical and Biologic Remission:Effect on Fatigue Scores,COMPLETED,PHASE2,175.0
NCT02274558,A Phase 3 Study of NBI-98854 for the Treatment of Tardive Dyskinesia,COMPLETED,PHASE3,234.0
NCT02871648,The Role of Minerelocorticoid Receptor on Modulating Aldosterone Production,COMPLETED,PHASE1,23.0
NCT06656455,Sevoflurane and Laryngeal Mask Airway Versus Propofol Infusion and Facemask for EUA in Children,COMPLETED,NA,60.0
NCT02305355,Efficacy and Safety of Prescription Omega-3 Fatty Acid Added to Stable Statin Therapy in Patients With Type 2 Diabetes and Hypertriglyceridemia,COMPLETED,PHASE4,68.0
NCT07189455,Study Comparing ZG006 With Investigator-Selected Chemotherapy in Participants With Relapsed Small Cell Lung Cancer,RECRUITING,PHASE3,420.0
NCT01231126,Evaluation the Blood Loss in Pregnancies With Misoprostol-induced Labour,COMPLETED,PHASE4,161.0
NCT04956926,Clinical Study of JS201 in Patients With Advanced Malignant Tumors,UNKNOWN,PHASE1,244.0
NCT00764426,"Alcohol, Inflammation and Atherosclerosis",COMPLETED,NA,72.0
NCT04693026,Efficacy of Ramdicivir and Baricitinib for the Treatment of Severe COVID 19 Patients,UNKNOWN,PHASE3,150.0
NCT00685178,Clinical Trial of Topiramate for Cocaine Addiction,COMPLETED,PHASE2,250.0
NCT00937534,Study to Compare and Assess the Safety and Pharmacokinetic Characteristics After Oral Administration of Fimasartan (BR-A-657∙K) in Healthy Elderly and Young Male Volunteers,COMPLETED,PHASE1,22.0
NCT04055844,"Multi-Ctr PII Cmb.Modality Tx Ruxolitinib, Decitabine, and DLI for Post HSCT in AML/MDS",COMPLETED,PHASE2,14.0
NCT02593734,Integrating Psychotropic Medication Into the Care of People With Mental Disorders in a Prayer Camp in Ghana,COMPLETED,PHASE4,139.0
NCT07492134,APLAUD Trial (Antibiotics vs PLacebo for Acute Uncomplicated Diverticulitis),RECRUITING,PHASE2,100.0
NCT04608734,Buccal Versus Intranasal Route of Administration of Midazolam Spray in Behavior Management of Pre-School Patients,COMPLETED,PHASE2,36.0
NCT01460134,A Study of CDX-1127 (Varlilumab) in Patients With Select Solid Tumor Types or Hematologic Cancers,COMPLETED,PHASE1,90.0
NCT02164734,Surfactant Via Endotracheal Tube vs. Laryngeal Mask Airway (LMA) in Preterm Neonates With Respiratory Distress Syndrome,TERMINATED,PHASE4,93.0
NCT01847664,Rifamycin SV-MMX® 400 mg b.i.d. vs. Rifamycin SV-MMX® 600 mg t.i.d. vs. Placebo in Acute Uncomplicated Diverticulitis,COMPLETED,PHASE2,204.0
NCT01002664,Efficacy and Safety of MCS-2 in the Treatment of Lower Urinary Tract Symptoms,COMPLETED,PHASE3,272.0
NCT04299464,"A 12-Week Placebo-Controlled Study to Investigate the Efficacy, Safety, and Tolerability of RO7017773 in Participants Aged 15-45 Years With Autism Spectrum Disorder (ASD)",COMPLETED,PHASE2,104.0
NCT04798209,"A Study to Examine the Safety, Tolerability, and Pharmacokinetics of Single- and Multiple-ascending Doses of ACT-777991 in Healthy Subjects",COMPLETED,PHASE1,70.0
NCT01049009,The Effect of Nebivolol on Endothelial Dysfunction in African Americans With Hypertension,COMPLETED,PHASE4,91.0
NCT02766244,Indocyanine Green (ICG) and SPY Imaging for Assessment of Burn Healing,COMPLETED,NA,3.0
NCT00193544,Arsenic Trioxide and Thalidomide in the Treatment of Refractory Multiple Myeloma,COMPLETED,PHASE2,40.0
NCT03398434,Efficacy and Safety of MAA868 in Patients With Atrial Fibrillation,WITHDRAWN,PHASE2,0.0
NCT07436234,A Study to Evaluate the Efficacy and Safety of AK139 in Participants With Seasonal Allergic Rhinitis,NOT_YET_RECRUITING,PHASE2,111.0
NCT02424734,"Safety, Tolerability and Efficacy of Ceftaroline in Paediatrics With Late-Onset Sepsis",TERMINATED,PHASE2,11.0
NCT06469164,A First-in-human Safety Trial of BNT331 Administered as Single Ascending Doses in Healthy Women and as Multiple Ascending Doses in Women Diagnosed With Bacterial Vaginosis,COMPLETED,PHASE1,102.0
NCT00740064,Pilot Study With Isentress (Raltegravir) and Epzicom (Abacavir/Lamivudine) in Treatment Naive HIV-Infected Subjects,UNKNOWN,PHASE4,30.0
NCT01094964,"Hyperthermia and Mitomycin C, Bacillus Calmette-Guerin, or Standard Therapy as Second-Line Therapy in Treating Patients With Recurrent Bladder Cancer",UNKNOWN,PHASE3,242.0
NCT03941964,A Study of the Effectiveness of Venetoclax in Combination With Azacitidine or Decitabine in an Outpatient Setting in Patients With Acute Myeloid Leukemia (AML) Ineligible for Intensive Chemotherapy,COMPLETED,PHASE3,60.0
NCT05030064,Clinical Study on the Fecal Microbiota Transplantation in the Treatment of Ulcerative Colitis With Depression,UNKNOWN,NA,54.0
NCT04455464,Effect of Midodrine on HVPG in Advanced Chronic Liver Disease,COMPLETED,NA,60.0
NCT05741164,Propranolol and Pembrolizumab for Tumor Re-sensitization and Treatment of Patients With Checkpoint Inhibitor Refractory Metastatic or Unresectable Triple Negative Breast Cancer,RECRUITING,PHASE2,37.0
NCT00734864,Ph. I Dasatinib/Protracted Temozolomide in Recurrent Malignant Glioma,WITHDRAWN,PHASE1,0.0
NCT06030609,The Comparison Between Ringer Lactate Solution and Normal Saline With Dextrose Water in Post-Operative Period of Kidney Transplantation,COMPLETED,PHASE3,159.0
NCT05414864,Insomnia Prevalence and Treatment Impact on Systemic Hypertension,TERMINATED,PHASE4,5.0
NCT06493864,A Study of BL-B16D1 in Patients With Unresectable Locally Advanced or Metastatic Breast Cancer and Other Solid Tumors,RECRUITING,PHASE1,21.0
NCT01247909,Infant Severe Sepsis and Bacterial Meningitis in Malawi,COMPLETED,PHASE4,351.0
NCT05205109,"A Study to Assess the Safety, Pharmacokinetics, Pharmacodynamics, and Preliminary Efficacy of ATG 037 Monotherapy and Combination Therapy With Pembrolizumab in Patients With Advanced Solid Tumors",RECRUITING,PHASE1,98.0
NCT01188798,Methotrexate or Pentostatin for Graft-versus-host Disease Prophylaxis in Risk-adapted Allogeneic Bone Marrow Transplantation for Hematologic Malignancies,COMPLETED,PHASE3,6.0
NCT01257698,Effect of Topical Aqueous Suppressants on Intraocular Gas Duration Following Pars Plana Vitrectomy,COMPLETED,NA,21.0
NCT05620498,Tislelizumab Combined With Lenvatinib and GEMOX Versus Tislelizumab Combined With GEMOX in Conversion Therapy of ICC and GBC.,UNKNOWN,PHASE2,60.0
NCT00394498,Stem Cell Mobilization by G-CSF Post Myocardial Infarction to Promote Myocyte Repair,UNKNOWN,PHASE2,86.0
NCT05038098,Magnetic Sentinel Lymph Node Mapping in Gastric Cancer,NOT_YET_RECRUITING,PHASE1,20.0
NCT05885763,Pharmacokinetics of Intravenous Difelikefalin in Chinese Adult Subjects on Haemodialysis,COMPLETED,PHASE1,30.0
NCT03368963,TAS102 in Combination With NAL-IRI in Advanced GI Cancers,ACTIVE_NOT_RECRUITING,PHASE1,64.0
NCT02614963,Effect of Clostridium Butyricum in Treating Irritable Bowel Syndrome,UNKNOWN,PHASE4,300.0
NCT00583063,Interaction Study of Rapamycin and Sunitinib in Patients With Advanced Cancers,COMPLETED,EARLY_PHASE1,23.0
NCT03415763,Adjuvant Chemotherapy in Patients With Clinical Stage III Rectal Cancer Undergoing Neoadjuvant Chemoradiotherapy,UNKNOWN,PHASE3,764.0
NCT02094963,Safety and Efficacy of Ticagrelor Versus Clopidogrel in Asian/KOREAn Patients With Acute Coronary Syndromes Intended for Invasive Management,COMPLETED,PHASE4,800.0
NCT03608163,Novel Approach for the Prevention of Hypoglycemia Associated Autonomic Failure (HAAF),TERMINATED,PHASE4,4.0
NCT04072887,Dose-range Finding Efficacy and Safety Study for QBW251 in COPD Patients,COMPLETED,PHASE2,974.0
NCT01095887,Eculizumab to Prevent Antibody-mediated Rejection in ABO Blood Group Incompatible Living Donor Kidney Transplantation,TERMINATED,PHASE1,6.0
NCT00041587,Pre-operative IL13-PE38QQR in Patients With Recurrent or Progressive Malignant Glioma,COMPLETED,PHASE1,80.0
NCT02217787,Food Effect Study for PF-06372865,COMPLETED,PHASE1,12.0
NCT06893887,Individualized Comprehensive Treatment for Advanced Hepatocellular Carcinoma,RECRUITING,NA,300.0
NCT04698187,CMP-001 in Combination With Nivolumab in Subjects With Advanced Melanoma,TERMINATED,PHASE2,44.0
NCT00288093,3-AP and Radiation Therapy in Treating Patients With Stage III Pancreatic Cancer That Cannot Be Removed By Surgery,COMPLETED,PHASE1,30.0
NCT02664493,The Effect of Steroid Pulse Therapy for the Reduction of Acute Rejection Episode in Subclinical Borderline Changes,UNKNOWN,NA,154.0
NCT00801021,Treatment and/or Prevention of Urinary Tract Infections,COMPLETED,PHASE1,3.0
NCT00386321,"Yt90 Zevalin and Combination Chemotherapy (Z-CHOP)in Treating Patients With Stage II, Stage III, or Stage IV Diffuse Large B-cell Lymphoma",TERMINATED,PHASE2,10.0
NCT01548521,Tolerance of Intranasal Administration of OT in Prader-Willi Newborn Babies,COMPLETED,PHASE1,5.0
NCT02565121,Olfaction Disorders in Patients Included in The Trauma Brain Injury (TBI) Database at Trondheim University Hospital,COMPLETED,NA,20.0
NCT06394414,"A Phase 1 Study to Evaluate the Safety, Efficacy, and Pharmacokinetics of YL201 in Advanced Solid Tumors",ACTIVE_NOT_RECRUITING,PHASE1,187.0
NCT06020014,Phase 2a Study to Assess the Efficacy and Safety of AZD4604 in Adult Patients With Moderate-to-Severe Asthma Uncontrolled on Medium-High Dose ICS-LABA,COMPLETED,PHASE2,339.0
NCT02107014,Low Dose Naltrexone (LDN) Immune Monitoring,COMPLETED,NA,9.0
NCT01473316,Study to Determine the Effect of Ketoconazole on the Pharmacokinetics of GDC-0980,COMPLETED,PHASE1,22.0
NCT06376916,Comparing Magnesium 2g Versus 4g Versus Placebo in the Incidence of Treating AFF RVR,RECRUITING,PHASE3,153.0
NCT03670316,Effectiveness of a Smoking Cessation Algorithm Integrated Into HIV Primary Care,COMPLETED,PHASE4,371.0
NCT04112316,Developing Oral LT3 Therapy for Heart Failure - HFrEF,COMPLETED,PHASE1,28.0
NCT00773916,"The Role of Adverse Environment Factors, Family Functioning and Parental Psychopathology in the Response to Treatment With Methylphenidate in Children and Adolescents With Attention Deficit/Hyperactivity Disorder",COMPLETED,PHASE4,130.0
NCT03749616,Effect of NSAID Use on Pain and Opioid Consumption Following Distal Radius Fracture,TERMINATED,PHASE4,32.0
NCT00003406,Combination Chemotherapy Followed by Peripheral Stem Cell Transplantation in Treating Patients With Refractory Cancer,COMPLETED,PHASE1,30.0
NCT04268706,Phase 2 Study Evaluating Autologous CD30.CAR-T Cells in Patients With Relapsed/Refractory Hodgkin Lymphoma (CHARIOT),ACTIVE_NOT_RECRUITING,PHASE2,97.0
NCT03891706,Individualized Tumor Specific TCR- T Cells in the Treatment of Advanced Solid Tumors,RECRUITING,PHASE1,30.0
NCT06814106,A Single- and Multiple-Dose Study of Enlicitide Chloride (MK-0616) in Healthy Chinese Adult Participants (MK 0616-010),COMPLETED,PHASE1,37.0
NCT07226206,A Gene Therapy Study of SPK-8011QQ in Adults With Severe or Moderately Severe Hemophilia A,RECRUITING,PHASE1,5.0
NCT01000506,Dose Ranging Efficacy And Safety With Mepolizumab in Severe Asthma,COMPLETED,PHASE2,621.0
NCT01170104,Trial of Transcatheter Arterial Chemoembolization (TACE) With Sorafenib for Locally Advanced Hepatocellular Carcinoma (HCC),UNKNOWN,PHASE2,63.0
NCT00000704,"A Multicenter Dose Ranging Clinical Trial of 2',3'-Dideoxycytidine in the Treatment of Patients With AIDS and Advanced ARC.",COMPLETED,PHASE1,64.0
NCT01955304,Food Effect Study of Single Dose of Fruquintinib (HMPL-013) in Healthy Subjects,COMPLETED,PHASE1,20.0
NCT04634604,A Randomized Trial of Low-Dose Bevacizumab vs Laser for Type 1 ROP,TERMINATED,PHASE3,16.0
NCT06041204,Best Treatment for Women With Both (Polycystic Ovary Syndrome) PCOS and Subclinical Hypothyroidism,RECRUITING,NA,200.0
NCT03641404,Investigating the Efficacy of Ergothioneine to Delay Cognitive Decline (Pilot),COMPLETED,PHASE1,19.0
NCT05864404,Comparison of Patients' Satisfaction Between Dexmedetomidine and Remimazolam Anesthesia in Patients With Atrial Fibrillation Undergoing Catheter Ablation,UNKNOWN,NA,142.0
NCT00735904,"Trial Of AG-013736, Cisplatin, And Gemcitabine For Patients With Squamous Non-Small Cell Lung Cancer",COMPLETED,PHASE2,38.0
NCT01548404,Study of Dupilumab in Adult Patients With Extrinsic Moderate-to-Severe Atopic Dermatitis,COMPLETED,PHASE2,109.0
NCT05096884,Post-Acute Sequelae of Coronavirus-19 (COVID-19) With Dyspnea on Exertion And Associated TaChycardia TrEatment Study,TERMINATED,EARLY_PHASE1,14.0
NCT06863584,SBRT Plus Lenalidomide for Solitary Plasmacytoma: Phase II Trial,RECRUITING,PHASE2,41.0
NCT06017284,Thalidomide to Chemotherapy Related Nausea and Vomiting in Pancreatic Cancer,RECRUITING,PHASE3,100.0
NCT04961684,Clinical Evaluation of Efficacy and Safety of a Medical Device for the Treatment of Toenail Onychomycosis,COMPLETED,NA,76.0
NCT00000504,Cardiac Arrhythmia Pilot Study (CAPS),COMPLETED,PHASE2,
NCT04237584,A Study Comparing ARB With Radium-223 vs ARB Therapy With Placebo and the Effect Upon Survival for mCRPC Patients,TERMINATED,PHASE3,23.0
NCT04886284,Combination Cefazolin With Ertapenem for Methicillin-susceptible Staphylococcus Aureus Bacteremia,RECRUITING,PHASE2,60.0
NCT02170584,Tolerability of BIBR 953 ZW IV and Bioavailability of BIBR 1048 Tablet and Solution in Healthy Males,COMPLETED,PHASE1,30.0
NCT05821933,RC108 Combine With Furmonertinib With/Without Toripalimab in Patients With EGFR-mutated NSCLC,RECRUITING,PHASE1,106.0
NCT07704333,Assessment of [18F]-Fluorocellobiose ([18F]FCB) Pharmacokinetics in Healthy Volunteers and Subjects With Invasive Mold Infections,RECRUITING,PHASE1,100.0
NCT03243552,Proof of Mechanism Study for the Treatment of Social Anhedonia in ASD,UNKNOWN,PHASE2,56.0
NCT00356252,Biological Functions of Carotenoids in Humans,COMPLETED,NA,40.0
NCT03919552,Cisplatin-based and Carboplatin-based Chemoradiation in Locoregionally Advanced Nasopharyngeal Carcinoma,RECRUITING,PHASE3,482.0
NCT02050152,Nitrous Oxide Induction Induces Amnesia in Pediatric Patients,COMPLETED,NA,90.0
NCT02172352,Dose Ranging Study of Ba 679 BR Inhalation Powder in Chronic Obstructive Pulmonary Disease (COPD) Patients,COMPLETED,PHASE2,28.0
NCT03877952,Mass Balance Recovery and Metabolite Profile of CORT125281 in Healthy Male Participants,COMPLETED,PHASE1,6.0
NCT04226352,Three Dosing Regimens of Dextromethorphan (DXM) Reportedly Used in Major Depressive Disorder,COMPLETED,PHASE1,5.0
NCT05006352,"A Study to Determine the Safety, Pharmacokinetics, and Pharmacodynamics of DNL343 in Participants With Amyotrophic Lateral Sclerosis",COMPLETED,PHASE1,29.0
NCT00356447,Safety/Efficacy Study of Drospirenone/Estradiol to Treat Postmenopausal Chinese Women With Vasomotor Symptoms.,COMPLETED,PHASE3,249.0
NCT01391052,Pretreatment With Norethindrone Acetate Prior to Levonorgestrel IUS Insertion for Heavy Menstrual Bleeding,UNKNOWN,PHASE4,80.0
NCT00673452,A Study Comparing Duloxetine and Placebo in the Treatment of Fibromyalgia,COMPLETED,PHASE4,530.0
NCT00591357,Efficacy of Loperamide for C. Difficile Colitis and Other Diarrheal Diseases Associated With Antibiotic Therapy,SUSPENDED,PHASE4,120.0
NCT06940557,Efficacy And Tolerability Of Alpha Lipoic Acid And Vitamin B Preparation In Carpal Tunnel Syndrome,COMPLETED,PHASE2,70.0
NCT04014101,SHR-1210 Plus Apatinib in Patients With Advanced-Stage Hepatocellular Carcinoma,UNKNOWN,PHASE2,40.0
NCT01298401,"Ganitumab and Gemcitabine Hydrochloride Followed by Radiation Therapy, Ganitumab, Capecitabine, and Maintenance Therapy in Treating Patients With Locally Advanced Cancer of the Pancreas",COMPLETED,PHASE1,8.0
NCT07421401,A Study to Evaluate the Pharmacokinetics and the Safety After Administration of BR1015-A and Co-administration of BR1015-3 and BR1015-2 Under Fasting Conditions,NOT_YET_RECRUITING,PHASE1,58.0
NCT02214901,"Safety, Tolerability and Pharmacokinetics of BIBW 2948 BS in Healthy Male Volunteers",COMPLETED,PHASE1,91.0
NCT00357201,Efficacy of T1675 Versus Placebo in Patients With Bilateral Treated Moderate Dry Eye Syndrome,COMPLETED,PHASE2,
NCT01183312,Flumazenil for the Treatment of Primary Hypersomnia,COMPLETED,PHASE1,10.0
NCT05096312,Effects of Oral Zinc Gluconate Among Acne Vulgaris Patients,COMPLETED,PHASE4,23.0
NCT04760912,General Anesthesia With and Without Muscle Relaxation and Muscle Strength Recovery,COMPLETED,PHASE4,60.0
NCT00824512,Efficacy of EGb761 in Patients Suffering From Friedreich Ataxia,COMPLETED,PHASE2,22.0
NCT00377819,Study of Transitioning From Alendronate to Denosumab,COMPLETED,PHASE3,504.0
NCT00320619,Epsilon-Aminocaproaic Acid to Reduce the Need for Blood Transfusions During and Following Spine Surgery,COMPLETED,NA,182.0
NCT01404819,Evaluation of Brain Damage Resulting From Carotid Endarterectomy With Xenon Anesthesia,COMPLETED,NA,86.0
NCT02966730,Ibrutinib for Patients With Follicular Lymphoma Without Complete Response to Initial Chemoimmunotherapy,TERMINATED,EARLY_PHASE1,2.0
NCT00160628,Open Label Safety and Efficacy Study of Levetiracetam in Korean Patients With Epilepsy,COMPLETED,PHASE3,100.0
NCT01772719,Overcoming Chemotherapy Resistance In Refractory Multiple Myeloma With Simvastatin and Zoledronic Acid,TERMINATED,NA,7.0
NCT03988530,Prevention and Treatment of Nausea Associated With Motion Sickness in Senior Subjects,COMPLETED,PHASE3,98.0
NCT06639230,Effect of Laser and Sclerotic Agent in the Treatment of Oral Granuloma,NOT_YET_RECRUITING,NA,20.0
NCT06393530,Erector Spinae Plane Block for Cervical Spine Surgery,COMPLETED,PHASE4,60.0
NCT06920901,"A Study to Evaluate the Safety, Tolerability, Pharmacokinetics (PK), and Immunogenicity of APG777 in Adults With Asthma",ACTIVE_NOT_RECRUITING,PHASE1,31.0
NCT00630812,Long Term Administration of Inhaled Mannitol in Cystic Fibrosis,COMPLETED,PHASE3,318.0
NCT05257512,Phase I/II Study of SY-3505 in Patients With ALK-positive Advanced Non-small Cell Lung Cancer,UNKNOWN,PHASE1,150.0
NCT04693312,"Injection of Dorsal Scapular n at Different Levels, Dose it Make Difference?",COMPLETED,PHASE2,60.0
NCT07128212,Atorvastatin Mitigates WMH-Related Cognitive Impairment by Reducing VCAM-1,COMPLETED,NA,401.0
NCT00615381,Supraphysiologic Insulin to Improve Outcomes After Surgical Treatment of Unruptured Cerebral Aneurysms,WITHDRAWN,NA,0.0
NCT04493281,Bioequivalence Study of Oral Suspension and Intravenous Formulation of Edaravone in Healthy Adult Subjects,COMPLETED,PHASE1,42.0
NCT03916081,Safety and Efficacy of ARQ-151 Cream in Adolescents and Adults With Atopic Dermatitis,COMPLETED,PHASE2,136.0
NCT03501381,High Dose IL 2 and Entinostat in RCC,ACTIVE_NOT_RECRUITING,PHASE2,46.0
NCT00684567,Temozolomide Phase II Clinical Study in Patients With Newly Diagnosed Glioblastoma Multiforme (Study P04661)(COMPLETED),COMPLETED,PHASE2,30.0
NCT00151567,Evaluation of Tamsulosin in the Treatment of Ureteral Stones,COMPLETED,PHASE3,129.0
NCT00566267,"A Randomized, Double-Blinded Study of Simvastatin 20 mg/Day Versus Vytorin 10/20 in Subjects With Lipid Profiles Not Meeting Current NCEP Guidelines, Following a Low-Carbohydrate Diet",COMPLETED,PHASE2,58.0
NCT00494767,Investigation Of Weight Loss And Body Composition Changes After Dosing With Either Placebo Or One Of Two Active Drugs,COMPLETED,PHASE1,27.0
NCT06027567,"The Effect of an Anti-obesity Drug, Semaglutide, as Treatment in New-onset Idiopathic Intracranial Hypertension (IIH) Compared to Standard Weight Management (Dietician) With Regards to Change in Weight and Intracranial Pressure",COMPLETED,PHASE4,38.0
NCT00265967,Irbesartan in Hypertension,COMPLETED,PHASE4,88.0
NCT02074800,A Study to Assess the Safety and Pharmacokinetics of a Single Intravenous Administration of CNTO 328 Derived From 2 Different Cell Lines in Healthy Participants,COMPLETED,PHASE1,145.0
NCT01865500,Two Different Dosages of Nebulized Steroid Versus Parenteral Steroid in the Management of COPD Exacerbations,COMPLETED,PHASE4,100.0
NCT00100607,Safety and Efficacy of AAE581 in Postmenopausal Women With Osteoporosis,COMPLETED,PHASE2,676.0
NCT03112707,Bioresorbable Polymer-Coated EES in Patients at High Bleeding Risk Undergoing PCI Followed by 1-Month DAPT,UNKNOWN,PHASE4,1023.0
NCT07197307,Combining Loncastuximab Tesirine and Epcoritamab in Relapsed/Refractory Diffuse Large B-cell Lymphoma (DLBCL),NOT_YET_RECRUITING,PHASE2,120.0
NCT03301207,"A Study to Evaluate the Effect of Ibrutinib on the Pharmacokinetics of Oral Contraceptives, CYP2B6, and CYP3A4 Substrates in Female Participants With B Cell Malignancy",COMPLETED,PHASE1,25.0
NCT03385200,KVUS at Neoadjuvant CTx of Breast Cancer,UNKNOWN,PHASE3,60.0
NCT06136507,Study of Efficacy and Safety of FRSW107 in Pediatric Patients With Severe Hemophilia A,NOT_YET_RECRUITING,PHASE3,76.0
NCT07294092,Ketamine and Propofol NeuroImaging,RECRUITING,EARLY_PHASE1,60.0
NCT05279092,Yale Steroid Enhanced Versus Exparel Nerveblock TKA RCT Study,RECRUITING,PHASE2,250.0
NCT06560892,Comparison of Intraperitoneal Bupivacaine Alone or With Dexmedetomidine,COMPLETED,NA,68.0
NCT05222971,Olaparib With or Without Durvalumab for DDR Gene Mutated Biliary Tract Cancer Following Platinum-based Chemotherapy,RECRUITING,PHASE2,62.0
NCT04465071,Lubricating Eye Drops After Routine Cataract Surgery,COMPLETED,NA,79.0
NCT03729271,Hydrogen Breath Test an Instrument to Predict Rifaximin-Response in Irritable Bowel Syndrome Predominant Diarrhea,COMPLETED,PHASE4,148.0
NCT02258971,Metabolism and Pharmacokinetics of [14C] BEA 2180 BR Administered Orally Compared to [14C] BEA 2180 BR Administered Intravenously in Healthy Male Volunteers,COMPLETED,PHASE1,14.0
NCT00506571,"Phase II Study of Irinotecan,Oxaliplatin Plus TS-1 in Untreated Metastatic Colorectal Cancer",UNKNOWN,PHASE2,42.0
NCT01766336,A 36-Week Safety Extension Study of ELND005 as a Treatment for Agitation and Aggression in Alzheimer's Disease,TERMINATED,PHASE2,296.0
NCT05551936,A Study of Tazemetostat With Rituximab and Abbreviated Bendamustine in the Frontline Treatment of High Tumor Burden Follicular Lymphoma,ACTIVE_NOT_RECRUITING,PHASE1,42.0
NCT03268811,A Study in Japanese Children With Short Bowel Syndrome Who Completed SHP633-302,COMPLETED,PHASE3,9.0
NCT02784171,Pembrolizumab in Patients With Advanced Malignant Pleural Mesothelioma,COMPLETED,PHASE2,520.0
NCT02070471,"Phase 2 Study to Evaluate the Efficacy, Safety and PK of Intravenous Single Injection LC28-0126 Immediately Before PCI in STEMI Patients",COMPLETED,PHASE2,60.0
NCT00745771,"Multiple Dose, Double-Blind, Placebo and Active Controlled Study of Pharmacokinetics of Diractin® as Well as Safety and Efficacy for the Treatment of Muscle Soreness",COMPLETED,PHASE2,168.0
NCT00140244,"Randomized, Placebo-Controlled Study of Leptin for the Treatment of HIV Lipodystrophy and Metabolic Syndrome",COMPLETED,PHASE2,7.0
NCT00904462,Pilot Study of Lidocaine 5% Patch Versus Placebo in Patients With Osteoarthritis Pain of the Knee,COMPLETED,PHASE2,224.0
NCT02662062,Pembrolizumab With Chemoradiotherapy as Treatment for Muscle Invasive Bladder Cancer,COMPLETED,PHASE2,28.0
NCT05226546,Effectiveness and Safety of Platelet Rich Plasma (PRP) on Persistent Olfactory Dysfunction Related to COVID-19,COMPLETED,PHASE2,56.0
NCT01617746,Examination of the Bronchoprotective Effect of Endothelin Receptor Blockade in Asthma,UNKNOWN,PHASE2,18.0
NCT06954246,A Study of MHB088C Injection Versus Treatment of Physician's Choice in Subjects With Relapsed Small Cell Lung Cancer,RECRUITING,PHASE3,450.0
NCT04374188,Efficacy of Ciprofloxacin Therapy in Avoidance of Sepsis in Patient Undergoing Percutanous Nephrolithotomy,UNKNOWN,NA,200.0
NCT01388088,The Effect of Amiloride and Spironolactone in Patients With Hypertension,COMPLETED,PHASE4,23.0
NCT06922903,Phase III Clinical Trial to Evaluate INR101 Injection for PET/CT Imaging in Patients With Prostate Cancer.,NOT_YET_RECRUITING,PHASE3,240.0
NCT00402103,An Assessment of Long Term Safety of the Combination of Aliskiren / Amlodipine in Patients With High Blood Pressure,COMPLETED,PHASE3,556.0
NCT00378703,"Bevacizumab, Sorafenib Tosylate, and Temsirolimus in Treating Patients With Metastatic Kidney Cancer",COMPLETED,PHASE2,361.0
NCT00679627,A Study of Galantamine Used to Treat Patients With Mild to Moderate Alzheimer's Disease,TERMINATED,PHASE3,2051.0
NCT02500927,A Study of ASP8273 in Epidermal Growth Factor Receptor (EGFR) Tyrosine Kinase Inhibitor-Naïve Patients With Non-Small Cell Lung Cancer Harboring EGFR Mutations,TERMINATED,PHASE2,31.0
NCT02549027,A Study to Evaluate the Effects of Single Doses of MK-1064 and MK-6096 on Polysomnography (PSG) (MK-1064-003),COMPLETED,PHASE1,20.0
NCT01362361,"TRICC-C (AIO-KRK-0111): BIBF 1120 Versus Placebo in Patients Receiving Oxaliplatin Plus Fluorouracil and Leucovorin (mFOLFOX6) for Advanced, Chemorefractory Metastatic Colorectal Cancer (mCRC)",COMPLETED,PHASE2,54.0
NCT01791842,TOCILIZUMAB IN FIBROUS DYSPLASIA OF BONE,COMPLETED,PHASE2,19.0
NCT02201342,Pharmacokinetic/Pharmacodynamic Study of Udenafil in Adolescents,COMPLETED,PHASE1,36.0
NCT06925386,The Relationship Between Microbioma Balance and Acne Vulgaris as a New Acne Treatment,NOT_YET_RECRUITING,PHASE2,64.0
NCT03063086,Assess Bronchodilator Effect and Safety of Two Doses of QVM149 Compared to a Fixed Dose Combination of Salmeterol/Fluticasone in Patients With Asthma.,COMPLETED,PHASE2,116.0
NCT00157586,Delapril and Manidipine for Nephroprotection in Diabetes (DEMAND),COMPLETED,PHASE3,342.0
NCT04482270,A Study to Investigate the Effect of Mild and Moderate Hepatic Impairment on the Safety and Tolerability of Fezolinetant Compared to Participants With Normal Hepatic Function,COMPLETED,PHASE1,26.0
NCT05971173,Nutritional Optimization and Bone Health Management for Older Adults Undergoing Hip Fracture Surgery,COMPLETED,EARLY_PHASE1,40.0
NCT06358573,Intratumoral INT230-6 Followed by Neoadjuvant Immuno-chemotherapy in Patients With Early TNBC. INVINCIBLE-4-SAKK,RECRUITING,PHASE2,61.0
NCT04421469,Triprilimab(JS001) and Chemotherapy Combined With Local Treatment for Multiple Metastatic NPC,UNKNOWN,PHASE2,39.0
NCT02292069,Bioavailability Study of Amlodipine Besylate/Atorvastatin Calcium Tablets 10/80 mg Under Fed Condition,COMPLETED,PHASE1,90.0
NCT05116969,A Phase 1 Study of PTX-35 in Healthy Volunteers,WITHDRAWN,PHASE1,0.0
NCT02593383,Compound Adapalene and Clindamycin Hydrochloride Gel in Treatment of Patients With Acne,COMPLETED,PHASE1,245.0
NCT04131283,Evidence of Spreading Vasoconstriction in Human Gingiva,COMPLETED,NA,29.0
NCT01948583,Humectant Activity of a New Formulation of Gynomunal® Vaginalgel,COMPLETED,PHASE4,28.0
NCT06791083,Clinical Study of Envafolimab Combined With Fruquintinib and Chemotherapy for Neoadjuvant Treatment of Gastric Cancer,RECRUITING,PHASE2,40.0
NCT00343083,"Evaluation of Cetuximab (ERBITUX) and Concurrent Carboplatin, Paclitaxel & Radiotherapy in the Management of Patients With Advanced Locoregional Squamous Cell Carcinomas of the Head and Neck (GCC 0442)",COMPLETED,PHASE2,43.0
NCT04746183,AGILE (Early Phase Platform Trial for COVID-19),RECRUITING,PHASE1,600.0
NCT07245069,Use of Dapagliflozin in Primary Prevention of Cardiotoxicity of Anthracycline Chemotherapy in Breast Cancer Patients,RECRUITING,PHASE2,100.0
NCT02398669,A Single Dose Pharmacokinetic Study of Lorcaserin Hydrochloride in Obese Pediatric Subjects 6 to 11 Years of Age,COMPLETED,PHASE1,10.0
NCT00060905,An Inpatient Study of the Effectiveness and Safety of Depakote ER in the Treatment of Mania/Bipolar Disorder,COMPLETED,PHASE3,370.0
NCT02221505,Phase 1 Study of LOP628 in Adult Patients With cKit-positive Solid Tumors and Acute Myeloid Leukemia,TERMINATED,PHASE1,3.0
NCT00078494,Peptide Vaccine to Prevent Recurrence of Nasopharyngeal Cancer,COMPLETED,PHASE1,99.0
NCT03996694,"Single Dose Crossover Study to Compare the Respiratory Drive After Administration of Belbuca, Oxycodone and Placebo.",COMPLETED,PHASE1,19.0
NCT05169866,Nifekalant Versus Amiodarone in New-Onset Atrial Fibrillation After Cardiac Surgery,UNKNOWN,PHASE3,274.0
NCT05480566,Functional Strength Training and Neuromuscular Electrical Stimulation in Severe Acute Exacerbations of COPD,TERMINATED,NA,35.0
NCT04603066,Tariquidar-ondansetron Combination in Neuropathic Pain,COMPLETED,PHASE1,24.0
NCT03429556,Study to Evaluate Botulinum Neurotoxin Serotype E (EB-001) in Reducing Musculoskeletal Pain in Abdominoplasty,TERMINATED,PHASE2,23.0
NCT04772456,Hyperpolarized 13C-pyruvate Metabolic MRI With Infiltrating Gliomas,RECRUITING,PHASE1,5.0
NCT02129556,"Anti-PD-1 Monoclonal Antibody in Advanced, Trastuzumab-resistant, HER2-positive Breast Cancer",COMPLETED,PHASE1,58.0
NCT01491022,A Randomized Trial to Evaluate Ampyra for Gait Impairment in Parkinson's Disease,COMPLETED,PHASE1,22.0
NCT00769522,FCR or BR in Patients With Previously Untreated B-Cell Chronic Lymphocytic Leukemia,COMPLETED,PHASE3,564.0
NCT02302456,Tranexamic Acid for Preventing Postpartum Haemorrhage Following a Vaginal Delivery,COMPLETED,PHASE3,4079.0
NCT00968422,"A Study of Safety, Tolerability, Pharmacokinetics, and Pharmacodynamics of ABT-384 in Elderly Subjects",COMPLETED,PHASE1,28.0
NCT02690922,Low-dose Chemotherapy Combine With Tyrosine Kinase Inhibitor to Treat ph+ Acute Lymphoblastic Leukemia Patients,UNKNOWN,PHASE4,40.0
NCT05778422,Bupivacaine or Radiofrequency for Shoulder Pain,COMPLETED,NA,40.0
NCT07584031,Adebrelimab Plus Full-course Neoadjuvant Therapy for Resectable Locally Advanced ESCC (Phase 2),NOT_YET_RECRUITING,PHASE2,200.0
NCT01591031,Laryngeal Injuries After Anesthesia Induction With Sevoflurane and After Anesthesia Induction With Rocuronium,COMPLETED,NA,60.0
NCT01614431,N Acetyl Cysteine for Cystinosis Patients,COMPLETED,PHASE4,23.0
NCT06833931,A Study of PGN-EDO51 or Placebo in People With Duchenne Muscular Dystrophy Amenable to Exon 51-Skipping Treatment,WITHDRAWN,PHASE2,0.0
NCT01643031,Effect of Modifying Anti-platelet Treatment to Ticagrelor in Patients With Diabetes and Low Response to Clopidogrel,UNKNOWN,PHASE4,500.0
NCT00822731,Samsung Medical Center-Lymphoma Cohort Study,COMPLETED,NA,953.0
NCT01727531,IDO2 Genetic Status Informs the Neoadjuvant Efficacy of Chloroquine (CQ) in Brain Metastasis Radiotherapy,COMPLETED,NA,20.0
NCT01009931,Phase II Study of TPA Plus Dexamethasone & CMT in Hematologic Malignancies,TERMINATED,PHASE2,1.0
NCT04124731,Combination Therapy of Sintilimab and Anlotinib as a First-line Treatment in Advanced NSCLC (SUNRISE),UNKNOWN,PHASE2,98.0
NCT02740231,A Study on Visco-antalgic Intra-articular Administration in Symptomatic Knee Osteoarthritis,COMPLETED,PHASE2,173.0
NCT03843931,Saline Injections vs Education and Exercise in Knee Osteoarthritis,COMPLETED,PHASE2,206.0
NCT03361631,Intracavernous Injection of Autologous Mesenchymal Stem Cells in the Treatment of Erectile Dysfunction Resistant to Oral Treatment in Patients With Type I Diabetes,UNKNOWN,PHASE1,13.0
NCT01971853,Does Preventive Analgesia Improve the Outcome of Demerol-Vistaril Procedural Sedations in Pediatric Dentistry,TERMINATED,NA,88.0
NCT04328753,The Effect of SOW Mouthwash on the Level of IL_1β in GCF and Some Clinical Periodontal Parameters for Patients With Gingivitis,UNKNOWN,PHASE1,45.0
NCT01084551,Study of SPM 962 in Patients With Restless Legs Syndrome (RLS),COMPLETED,PHASE3,284.0
NCT00171951,Extension Study to Assess the Safety and Efficacy of Pasireotide in Participants With Cushing's Disease,COMPLETED,PHASE2,19.0
NCT01901653,Rovalpituzumab Tesirine (SC16LD6.5) in Recurrent Small Cell Lung Cancer,COMPLETED,PHASE1,82.0
NCT02502253,BDPP Treatment for Mild Cognitive Impairment (MCI) and Prediabetes or Type 2 Diabetes Mellitus (T2DM),COMPLETED,PHASE1,14.0
NCT05467553,A Study to Compare P1101 Plus TAF With or Without UDCA in Patients With HBV and HDV Co-Infection,UNKNOWN,PHASE2,30.0
NCT01960153,Phosphodiesterase Type 5 Inhibition With Tadalafil Changes Outcomes in Heart Failure: Extent of Renal Damage,WITHDRAWN,PHASE3,0.0
NCT07470853,A Study of MUC16-Directed Antibody Drug Conjugate HWK-016 in Participants With Advanced Solid Tumors.,RECRUITING,PHASE1,265.0
NCT03100253,Rheumatoid Arthritis Treatment After First Anti-TNF INvestiGation,TERMINATED,PHASE4,208.0
NCT01451853,SPI-1005 for Prevention and Treatment of Chemotherapy Induced Hearing Loss,WITHDRAWN,PHASE2,0.0
NCT03098953,"Evaluation of the Safety, Systemic Pharmacokinetics, and Tolerability of Single and Repeat Ocular Installations",COMPLETED,PHASE1,15.0
NCT02902653,Efficacy and Safety of Hourly Titrated Misoprostol Versus Vaginal Dinoprostone and Misoprostol for Cervical Ripening and Labor Induction,UNKNOWN,PHASE4,372.0
NCT00745953,Regression of Fatty Heart by Valsartan Therapy,WITHDRAWN,PHASE4,0.0
NCT02698553,"A Study to Evaluate Pharmacokinetics, Safety and Tolerability of Extended-release Bupropion Hydrochloride Tablets in Chinese Healthy Volunteers",COMPLETED,PHASE1,16.0
NCT00193245,Oral Topotecan Versus Docetaxel in Second-Line Treatment of Non-Small Cell Lung Cancer,COMPLETED,PHASE2,80.0
NCT03280745,Hypertonic Saline for Fluid Resuscitation After Cardiac Surgery,COMPLETED,PHASE4,165.0
NCT05155345,"A Study to Evaluate the Safety, Tolerability, Pharmacokinetics, and Pharmacodynamics of Subcutaneously Administered Mosunetuzumab to Participants With Systemic Lupus Erythematosus",COMPLETED,PHASE1,15.0
NCT07115745,"A Study of Healthy Donor CD19-targeted Allogeneic CAR T Cells in Participants With Severe, Refractory Autoimmune Diseases",RECRUITING,PHASE1,125.0
NCT00416845,Effects of FTY720 on Heart and Lung Functions in Healthy Volunteers,COMPLETED,PHASE1,39.0
NCT05595772,Comparison of Two Different Types of Platelet Concentrate to Augment Bone Around Immediate Dental Implant,COMPLETED,NA,20.0
NCT03431272,Use of 5.0% Lifitegrast Ophthalmic Solution for the Treatment of Dry Eye Disease in Contact Lens Wearers,WITHDRAWN,PHASE4,0.0
NCT00822172,Evaluation of Cilostazol in Combination With L-Carnitine,COMPLETED,PHASE4,164.0
NCT01577472,Efficacy Study Comparing the Effect of Clomiphencitrate to an Antagonist Protocol,COMPLETED,PHASE4,117.0
NCT04181372,A Study of Neoadjuvant Chemotherapy Plus Anlotinib in Stage III(N2) Non-small-cell Lung Cancer,UNKNOWN,PHASE2,50.0
NCT01790295,Ruxolitinib Prior to Transplant in Patients With Myelofibrosis,TERMINATED,PHASE2,21.0
NCT02098772,Phase III Study Comparing Two Methods of Cardioplegia in Aortic Valve Surgery Custodiol-N Versus Custodiol,COMPLETED,PHASE3,530.0
NCT00931372,Lixisenatide for Restoration of Insulin Release in Subjects With Diabetes Mellitus Type 2,COMPLETED,PHASE1,22.0
NCT06972472,A Study of Orforglipron (LY3502970) in Participants With Obesity or Overweight and Type 2 Diabetes,ACTIVE_NOT_RECRUITING,PHASE3,600.0
NCT04969172,"A Phase II Randomized, Double-blind, Placebo-controlled Study to Evaluate the Safety and Efficacy of Exosomes Overexpressing CD24 to Prevent Clinical Deterioration in Patients With Moderate or Severe COVID-19 Infection",UNKNOWN,PHASE2,155.0
NCT00328172,Efficacy and Safety of 3 Doses of BI1356 (Linagliptin) in Type 2 Diabetes Patients,COMPLETED,PHASE2,302.0
NCT00373672,Effects of Armodafinil on Cognition for Patients With Schizophrenia or Schizoaffective Disorder,COMPLETED,PHASE4,58.0
NCT02570672,Metformin for Preventing Frailty in High-risk Older Adults,COMPLETED,PHASE2,141.0
NCT03384095,Trial of Oral Hyaluronic Acid for the Prevention of Aromatase Inhibitor-Associated Arthralgias,WITHDRAWN,PHASE2,0.0
NCT03700359,A Study of Lobaplatin/Etoposide With or Without Anlotinib Maintenance Therapy in Patients With ES-SCLC,UNKNOWN,PHASE2,60.0
NCT01556659,LV Thrombus After Acute AMI: A Randomized Controlled Trial,TERMINATED,NA,25.0
NCT04087759,A Study of Bedaquiline 100 Milligram (mg) Tablets Administered as Different Test Formulations Compared to the Commercial Tablet Formulation (F001) in Healthy Adult Participants,COMPLETED,PHASE1,36.0
NCT04040959,Nicotinamide Riboside Supplementation for Treating Arterial Stiffness and Elevated Systolic Blood Pressure in Patients With Moderate to Severe CKD,ACTIVE_NOT_RECRUITING,PHASE2,118.0
NCT03902080,"Study to Evaluate the Efficacy, Safety and Tolerability of Vibegron in Men With Overactive Bladder (OAB) Symptoms on Pharmacological Therapy for Benign Prostatic Hyperplasia (BPH)",COMPLETED,PHASE3,1105.0
NCT02734680,IORT Followed by CCRT or SBRT for Locally Advanced Pancreatic Cancer,UNKNOWN,NA,70.0
NCT00955279,A Study to Evaluate the Safety and Effectiveness of Ustekinumab or Golimumab Administered Subcutaneously (SC) in Patients With Sarcoidosis,COMPLETED,PHASE2,173.0
NCT02302079,A Study to Evaluate ASP8232 in Reducing Central Retinal Thickness in Subjects With Diabetic Macular Edema (DME),COMPLETED,PHASE2,96.0
NCT05329779,Study on Allopregnanolone and Depression in Perimenopausal Women,TERMINATED,PHASE4,2.0
NCT00037479,Brain Imaging and Retreatment Study of Persistent Lyme Disease,COMPLETED,PHASE2,65.0
NCT00055679,Combination Chemotherapy in Treating Women With Stage I Breast Cancer,COMPLETED,PHASE3,1512.0
NCT04111159,A Trial Evaluating the Efficacy and Safety of HSK3486 Injectable Emulsion in Subjects Undergoing Fiberoptic Bronchoscopy,COMPLETED,PHASE3,267.0
NCT00436059,The Efficacy of Velcade on Bone Tissue During Myelomatosis (Bone Marrow Cancer),COMPLETED,PHASE2,20.0
NCT00403559,A 4 Week Study of Elidel (Pimecrolimus) for the Treatment of Seborrheic Dermatitis,COMPLETED,PHASE2,113.0
NCT03440359,Vaginal Progesterone Supplementation in Women With PCOS Undergoing Ovulation Induction With Letrozole,COMPLETED,PHASE2,52.0
NCT05874180,A Pharmacokinetic Study of DW6013 (FDC of Linagliptin and Metformin) in Healthy Adult Volunteers in Fed Condition,COMPLETED,PHASE1,31.0
NCT00588380,GLP1R Polymorphisms and Response to GLP1,COMPLETED,NA,88.0
NCT03682380,A Study of Seltorexant (JNJ-42847922) After Single-Dose Administration in Healthy Participants,COMPLETED,PHASE1,151.0
NCT00219180,Clinical Study to Evaluate Efficacy and Safety of Aliskiren (150mg & 300mg) Administered Alone and in Combo With Valsartan (160mg and 320mg) in Patients With High Blood Pressure,COMPLETED,PHASE3,1797.0
NCT04094896,TCHP Versus EC -THP as Neoadjuvant Treatment for HER2-Positive Breast Cancer,UNKNOWN,PHASE2,200.0
NCT00276796,"Paclitaxel, Topotecan, and Cisplatin in Treating Patients With Advanced, Persistent, or Recurrent Cervical Cancer",COMPLETED,PHASE2,66.0
NCT01447862,Vernakalant Versus Ibutilide In Recent-Onset Atrial Fibrillation,COMPLETED,PHASE4,101.0
NCT04935762,A Study of CST-103 Co-administered With CST-107 in Subjects With Parkinson's Disease Having Freezing of Gait (CLIN-012),WITHDRAWN,PHASE2,0.0
NCT02005562,OPERA Study: A Study of Two Dosing Regimens of CellCept (Mycophenolate Mofetil) in Kidney Transplant Patients.,COMPLETED,PHASE3,252.0
NCT00454662,Combination of OLMesartan and CCB or Low Dose Diuretics in High Risk Elderly Hypertensive Patients Study (COLM-Study),COMPLETED,PHASE4,5141.0
NCT03215446,Evaluate the Muscle Protection Effect of Sevoflurane Sedation in Vascular Surgery,COMPLETED,PHASE4,164.0
NCT04305327,Efficacy and Safety of Brodalumab in Adolescents From 12 to 17 Years of Age With Moderate-to-severe Plaque Psoriasis,TERMINATED,PHASE3,12.0
NCT01195727,Multiple-Dose Study Apixaban in Pediatric Subjects With an Indwelling Central Venous Catheter,TERMINATED,PHASE1,13.0
NCT00003327,Paclitaxel in Treating Patients With Recurrent or Refractory Head and Neck Cancer,UNKNOWN,PHASE2,60.0
NCT01510288,Phase 1 Trial of Ipilimumab and GVAX in Patients With Metastatic Castration-resistant Prostate Cancer,TERMINATED,PHASE1,28.0
NCT02580188,The Effect of Deep Neuromuscular Block on Surgical Condition During Laparoscopic Colorectal Surgery,COMPLETED,PHASE4,70.0
NCT07570888,"This is a Trial Designed to Evaluate the Combination of Nerandomilast With Mycophenolate Across a Wide Variety of Pulmonary Fibrosis Subtypes, With the Aim of Providing Clinicians With Assurance That This is an Appropriate Therapeutic Combination.",NOT_YET_RECRUITING,PHASE4,120.0
NCT04647903,"Study to Evaluate the Abuse Liability, Pharmacokinetics, Safety and Tolerability of an Abuse-Deterrent d-Amphetamine Sulfate Immediate Release Formulation (ADAIR)",COMPLETED,PHASE1,55.0
NCT00115427,Study of Liatermin (r-metHuGDNF) Administered by Bilateral Intraputaminal (IPu) Infusion to Subjects With Idiopathic Parkinson's Disease,COMPLETED,PHASE1,
NCT05663827,Ruxolitinib as add-on Therapy in Steroid-refractory Graft-vs-host Disease,COMPLETED,PHASE3,6.0
NCT05910827,"A Phase Ib/II Study of an Anti-HER3 Antibody, HMBD-001, With Cetuximab +/- Docetaxel in Advanced Squamous Cell Cancers",RECRUITING,PHASE1,398.0
NCT03579927,"CAR.CD19-CD28-zeta-2A-iCasp9-IL15-Transduced Cord Blood NK Cells, High-Dose Chemotherapy, and Stem Cell Transplant in Treating Participants With B-cell Lymphoma",WITHDRAWN,PHASE1,0.0
NCT00001027,A Study of Pentamidine in the Prevention of Pneumocystis Carinii Pneumonia (PCP) in HIV-Infected Children Who Cannot Take Trimethoprim-Sulfamethoxazole,COMPLETED,PHASE1,32.0
NCT05969561,Emergency Physician-performed Ultrasound-guided Femoral Nerve Blocks in Patients With Hip Fractures.,RECRUITING,NA,80.0
NCT01943461,Avelumab in Metastatic or Locally Advanced Solid Tumors (JAVELIN Solid Tumor JPN),COMPLETED,PHASE1,57.0
NCT00563342,Catheters Dysfunction Rate After Instillation of Ethanol 60% Lock Solution in Tunneled Silicone Catheter of Chronic Hemodialysis Patients,TERMINATED,PHASE2,40.0
NCT03587142,Buspirone for Early Satiety and Symptoms of Gastroparesis,COMPLETED,PHASE2,96.0
NCT01543386,Effects of Curcumin on Vascular Reactivity,COMPLETED,PHASE1,21.0
NCT06353386,Substudy 01A: Safety and Efficacy of Opevesostat (MK-5684)-Based Treatment Combinations or Opevesostat Alone in Participants With Metastatic Castration-resistant Prostate Cancer (mCRPC) (MK-5684-01A),RECRUITING,PHASE1,220.0
NCT01344070,Generic Formulations of Commonly-used Oral Drugs in Saudi Arabia:Interchangeability & Post-marketing Quality,COMPLETED,NA,500.0
NCT03600870,Midodrine in Hepatopulmonary Syndrome,COMPLETED,PHASE1,10.0
NCT01650870,"Safety, Efficacy, and Patient Preference of Split-Dose Crystalline Lactulose as a Preparation for Colonoscopy in Adults",COMPLETED,PHASE2,40.0
NCT06612970,A Study to Evaluate Single-dose of HB0056 in Healthy Adult Participants,RECRUITING,PHASE1,46.0
NCT02065570,Study to Evaluate Efficacy and Safety of Two Drug Regimens in Subjects With Moderate to Severe Crohn's Disease,COMPLETED,PHASE3,514.0
NCT04605770,"Pemetrexed, Cisplatin With Soft Tissue Sarcoma",RECRUITING,PHASE2,164.0
NCT06432673,The Attractive 2 Trial - Pharmacokinetics of ATR-258 Oral Capsule vs. Oral Solution Formulations in Healthy Volunteers,COMPLETED,PHASE1,21.0
NCT00992173,Efficacy and Safety of Ultratrace™ Iobenguane I 131 in Neuroblastoma,WITHDRAWN,PHASE2,0.0
NCT07592273,Surabgene Lomparvovec Administered in the Suprachoroidal Space in Adult Participants With Diabetic Retinopathy Without Center-Involved Diabetic Macular Edema,RECRUITING,PHASE2,576.0
NCT05127473,A Research Study of How a New Medicine NNC0365-3769 (Mim8) Works in the Body of Healthy People,COMPLETED,PHASE1,66.0
NCT00656773,"A Randomized, Double-blind Comparison of Morphine and Sufentanil for Prehospital Traumatic Severe Acute Pain",COMPLETED,PHASE3,108.0
NCT00507169,SVT-40776 in Patients Suffering From Overactive Bladder Syndrome,COMPLETED,PHASE2,
NCT01322269,A Study of HQK-1001 in Patients With Sickle Cell Disease,COMPLETED,PHASE2,52.0
NCT00566969,Cocaine Withdrawal and Pharmacotherapy Response,COMPLETED,NA,106.0
NCT06543069,"Sintilimab, Bevacizumab, Pemetrexed, and Cisplatin for Unresectable MPeM",RECRUITING,PHASE2,28.0
NCT06319469,The Additive Value of Pyridostigmine to Silodosin in Acute Urinary Retention,COMPLETED,PHASE2,140.0
NCT03260569,Inhaled Nitric Oxide in Brain Injury,COMPLETED,PHASE3,13.0
NCT07218341,A Study of Pirtobrutinib (LY3527727) in Participants With Chronic Lymphocytic Leukemia/Small Lymphocytic Lymphoma,RECRUITING,PHASE4,150.0
NCT05780541,PF-07304814 for Inpatients With COVID-19 (An ACTIV-3/TICO Treatment Trial),TERMINATED,PHASE3,58.0
NCT02834754,Vedolizumab Post Op Study,WITHDRAWN,PHASE2,0.0
NCT00685854,Ranibizumab Injections to Treat Macular Telangiectasia Without New Blood Vessel Growth,COMPLETED,PHASE1,5.0
NCT02971254,The Effects of Inhalational Anaesthetics in Cognitive Functions in Down Syndrome Patients,COMPLETED,PHASE2,39.0
NCT06923605,The Efficacy of Erythropoietin Oral Gel Versus Erythropoietin Mouthwash in the Management of Recurrent Aphthous Stomatitis,COMPLETED,PHASE4,60.0
NCT01165905,Safety of 24-hour Infusion of ON 01910.Na in Combination With Gemcitabine in Advanced Solid Tumors,COMPLETED,PHASE1,10.0
NCT00002105,"Randomized, Comparative Trial of DOX-SL (Stealth Liposomal Doxorubicin Hydrochloride) Versus Bleomycin and Vincristine in the Treatment of AIDS-Related Kaposi's Sarcoma",COMPLETED,PHASE3,220.0
NCT02548494,Early Administration of Long-acting Insulin Treatment of Diabetic Ketoacidosis in Pediatric Type 1 Diabetes,TERMINATED,NA,17.0
NCT06209294,Phase II Study on Neoadjuvant Therapy of AK104 Combined With Nab-paclitaxel/Carboplatin in Fertility Preserving Surgery,RECRUITING,PHASE2,30.0
NCT00172094,Safety and Efficacy of NPS 1776 in the Acute Treatment of Migraine Headaches,COMPLETED,PHASE2,189.0
NCT06757894,"Efficacy and Safety of Zuberitamab Combined with Bendamustine, Followed by Monotherapy Maintenance, in Treatment-naïve Follicular Lymphoma",NOT_YET_RECRUITING,PHASE2,50.0
NCT05711394,A Study to Assess the Adverse Events and Change in Disease Activity of Oral Atogepant Tablets in Pediatric Participants (6-17 Years of Age) With Episodic Migraine,RECRUITING,PHASE3,450.0
NCT01015794,Activation of Cervical and Upper Thoracic Brown Adipose Tissue in Humans Via Beta-adrenergic Stimulation,COMPLETED,NA,25.0
NCT04417894,A Study to Evaluate the Efficacy and Safety of Dupilumab in Adult and Adolescent Patients With Moderate-to-Severe Atopic Hand and Foot Dermatitis (Liberty-AD-HAFT),COMPLETED,PHASE3,133.0
NCT00417794,Assess the Effectiveness of Atomoxetine in Children With Fetal Alcohol Syndrome and ADD/ADHD,COMPLETED,PHASE1,38.0
NCT00675922,Study of the Treatment of Burn Wounds With Antimicrobial Topical Soaks,TERMINATED,PHASE2,98.0
NCT07097922,Compare the Clinical Efficacy of 3% Diquafosol and 0.1% Hyaluronic Acid in Patients With Dry Eye After LASIK,NOT_YET_RECRUITING,NA,140.0
NCT00363766,Study of LY573636-Sodium in Patients With Metastatic Non-Small Cell Lung Cancer,COMPLETED,PHASE2,52.0
NCT05068856,A Study of HRS2543 in Patients With Advanced Tumors,TERMINATED,PHASE1,10.0
NCT00598156,Chemotherapy and Avastin Followed by Maintenance Treatment With Avastin +/- Tarceva,COMPLETED,PHASE3,249.0
NCT05742022,"""Phospholipovit"" vs Placebo in Patients With Combined Hyperlipidemia",COMPLETED,PHASE2,100.0
NCT06225622,Dose Escalation and Expansion Clinical Trial of Irinotecan Liposome Combined With Oxaliplatin and 5-FU/LV Plus Bevacizumab as First-line Treatment of Metastatic Colorectal Cancer,UNKNOWN,PHASE1,78.0
NCT02758522,NPH and Regular Insulin in the Treatment of Inpatient Hyperglycemia: Comparison of 3 Basal-bolus Regimens,COMPLETED,PHASE4,105.0
NCT00206622,Efficacy and Safety Study in Postmenopausal Women to Determine the Lowest Effective Dose for Relief of Moderate to Severe Hot-Flushes,COMPLETED,PHASE4,425.0
NCT05279651,Ivabradine for Prevention of Myocardial Injury After Noncardiac Surgery Trial (PREVENT-MINS),ACTIVE_NOT_RECRUITING,PHASE3,2146.0
NCT00049751,Study of Human Anti-TNF Monoclonal Antibody D2E7 in Subjects With Active Rheumatoid Arthritis,COMPLETED,PHASE3,3000.0
NCT07124351,Intraoperative Imaging of Gastrointestinal Malignancies Using Pafolacianine (CYTALUX™),RECRUITING,PHASE4,15.0
NCT00801151,Vorinostat in Combination With Vinorelbine in Patients With Advanced Cancer,TERMINATED,PHASE1,30.0
NCT00490451,A Study of LY573636-Sodium in the Treatment of Patients With Metastatic Soft Tissue Sarcoma,COMPLETED,PHASE2,101.0
NCT01118351,Sunitinib Malate in Treating Patients With Recurrent Transitional Cell Bladder Cancer,TERMINATED,PHASE2,19.0
NCT07553351,GB06 Phase III Trial for Pediatric Growth Hormone Deficiency,RECRUITING,PHASE3,192.0
NCT05846451,Evaluating a Potential Pharmacokinetic Kratom-oxycodone Interaction Concurrent With Clinical Endpoints,RECRUITING,EARLY_PHASE1,16.0
NCT02064829,Bioequivalence Study of IG-001 Versus Nab-paclitaxel in Metastatic or Locally Recurrent Breast Cancer,COMPLETED,NA,111.0
NCT03678129,GABA Pathways in Autism Spectrum Disorder (ASD),COMPLETED,NA,109.0
NCT06896929,Comparison of Permethrin and Ivermectin in Children Greater Than 6 Yrs Age for Treatment of Scabies,NOT_YET_RECRUITING,PHASE2,90.0
NCT04150029,A Study of MBG453 in Combination With Azacitidine and Venetoclax in AML Patients Unfit for Chemotherapy,TERMINATED,PHASE2,90.0
NCT02421029,Prolonged Gadolinium Retention After MRI Imaging,WITHDRAWN,PHASE4,0.0
NCT05737329,"Efficacy, Safety, and Tolerability of Higher Doses Estrogen Therapy in Women With Premature Ovarian Insufficiency",UNKNOWN,PHASE1,80.0
NCT00387920,Sunitinib in Treating Young Patients With Refractory Solid Tumors,COMPLETED,PHASE1,35.0
NCT03520920,BTK Inhibitor BGB-3111 in Chinese Participants With Diffuse Large B-Cell Lymphoma (Non-GCB) and Indolent Lymphoma (FL and MZL),COMPLETED,PHASE2,41.0
NCT02647320,12-Week Study of DS-8500a in Subjects With Type 2 Diabetes Mellitus on Metformin,COMPLETED,PHASE2,298.0
NCT02278120,"Study of Efficacy and Safety in Premenopausal Women With Hormone Receptor Positive, HER2-negative Advanced Breast Cancer",COMPLETED,PHASE3,672.0
NCT00003982,MEN-10755 in Treating Patients With Solid Tumors,COMPLETED,PHASE1,30.0
NCT00678782,Evaluation of The Efficacy And Safety of Intra-Articular Etanercept in Patients With Refractory Knee Joint Synovitis,COMPLETED,PHASE2,31.0
NCT00845182,Effect of Pioglitazone and Exenatide on Body Weight and Beta Cell Function,COMPLETED,PHASE4,43.0
NCT02420782,"First-in-human: Single Ascending Dose, Food Effect, Drug-drug Interaction, Multiple Ascending Dose, Proof of Pharmacology",COMPLETED,PHASE1,116.0
NCT02460224,Safety and Efficacy of LAG525 Single Agent and in Combination With PDR001 in Patients With Advanced Malignancies.,COMPLETED,PHASE1,490.0
NCT02623959,Indwelling Pleural Catheter With Either Doxycycline or Saline at Day 7 for Pleurodesis,TERMINATED,PHASE4,3.0
NCT00553059,Palonosetron and Dexamethasone With or Without Dronabinol in Preventing Nausea and Vomiting in Patients Receiving Chemotherapy For Cancer,COMPLETED,PHASE3,62.0
NCT02285959,Super-Selective Intraarterial Intracranial Infusion of Bevacizumab (Avastin) for Glioblastoma Multiforme,UNKNOWN,PHASE1,30.0
NCT00092859,A 2-Year Study of an Investigational Drug in Obese Patients (0557-011),COMPLETED,PHASE3,1500.0
NCT01923480,Dosing Study of Amino Acids in Seriously Ill Patients,TERMINATED,PHASE4,16.0
NCT00710580,Study Comparing the Efficacy and Safety of ABT-874 to Etanercept and Placebo in Subjects With Moderate to Severe Chronic Plaque Psoriasis,COMPLETED,PHASE3,350.0
NCT01845779,Evaluation of Immune Response Against Human Papillomavirus (HPV)in Patients With Metastatic Cancer of the Anal Canal,COMPLETED,NA,64.0
NCT02625480,Study Evaluating Brexucabtagene Autoleucel (KTE-X19) in Pediatric and Adolescent Participants With Relapsed/Refractory B-precursor Acute Lymphoblastic Leukemia or Relapsed/Refractory B-Cell Non-Hodgkin Lymphoma,COMPLETED,PHASE1,95.0
NCT05638880,Clinical Study to Evaluate the Possible Efficacy and Safety of Levocetirizine in Patients With Diabetic Kidney Disease,COMPLETED,PHASE2,60.0
NCT01627379,"Cisplatin and 5-FU +/- Panitumumab for Patients With Nonresectable,Advanced or Metastatic Esophageal Squamous Cell Cancer",TERMINATED,PHASE3,300.0
NCT01516879,Durable Effect of PCSK9 Antibody CompARed wiTh placEbo Study,COMPLETED,PHASE3,905.0
NCT04768179,Safety & Efficacy of Low Dose Aspirin / Ivermectin Combination Therapy for Treatment of Covid-19 Patients,UNKNOWN,PHASE2,490.0
NCT02681679,Topical 0.1% Bromfenac Sodium and Prostaglandin E2 Inhibition in Cataract Surgery,COMPLETED,NA,60.0
NCT03346096,"TEAM (Thiotepa, Etoposide, Cytosar, Melphalan ) for AutoSCT in Lymphoma",COMPLETED,PHASE2,50.0
NCT06706362,Assessing the Utility of Prophylactic Antibiotics at Time of Urethral Bulking Using Bulkamid (Bulkamid Study),RECRUITING,PHASE4,138.0
NCT04498962,"The Effect of Danzhu Fuyuan Granule as Adjunctive Therapy for Chronic Stable Angina, Vascular Dementia and Idiopathic Membranous Nephropathy: A Bayesian Basket Trial",UNKNOWN,NA,240.0
NCT04937062,Phenylbutyrate for Monogenetic Developmental and Epileptic Encephalopathy,ACTIVE_NOT_RECRUITING,EARLY_PHASE1,50.0
NCT01785446,Study of Cisatracurium and Sufentanil Consumption Using a Closed Loop Computer Control Infusion System,UNKNOWN,NA,150.0
NCT00779246,Cost-Effectiveness Study Comparing Chlorhexidine Bathing With Active Surveillance Cultures to Prevent Methicillin-resistant Staphylococcus Aureus & Other Hospital Infections,COMPLETED,NA,1518.0
NCT00424346,"Efficacy, Safety and Tolerability of ACZ885 in Patients With Active Rheumatoid Arthritis",COMPLETED,PHASE2,274.0
NCT00601588,Bioequivalency Study of Sertraline Under Fed Conditions,COMPLETED,NA,43.0
NCT04929288,Neural and Hormonal Influences on Sex Differences in Risk for AUD,RECRUITING,NA,100.0
NCT06251388,A Study of Concurrent Chemoradiotherapy Followed by Cadonilimab（AK104） for Newly Diagnosed Local Advanced Cervical Cancer,RECRUITING,PHASE2,50.0
NCT03516903,Effect of Methotrexate Carried by a Lipid Nanoemulsion on Left Ventricular Remodeling After STEMI,TERMINATED,PHASE2,35.0
NCT00487903,Evaluation and Optimization of PB127 Myocardial Perfusion Echocardiography on Ultrasound Systems,TERMINATED,PHASE2,40.0
NCT06952803,A Study of Metastases Free Survival With Saruparib vs Placebo Added to a Standard RT/ADT in Men With High-risk Prostate Cancer With a BRCA Mutation,RECRUITING,PHASE3,700.0
NCT03090503,Effectiveness of Second Generation Antipsychotics in First Episode Psychosis Patients: 3-year Follow-up,UNKNOWN,PHASE4,200.0
NCT01100203,Aldosterone Blockade in Chronic Kidney Disease: Influence on Arterial Stiffness and Kidney Function,TERMINATED,PHASE3,54.0
NCT01868503,Lapatinib Ditosylate and Radiation Therapy in Treating Patients With Locally Advanced or Locally Recurrent Breast Cancer,TERMINATED,PHASE2,7.0
NCT03827603,Ibrutinib in Steroid Refractory Autoimmune Hemolytic Anemia,UNKNOWN,PHASE2,50.0
NCT03428503,Comparison of Efficacy of Intravenous Paracetamol and Dexketoprofen for Acute Traumatic Musculoskeletal Pain,COMPLETED,PHASE4,200.0
NCT00963703,Treatment of TNFa Naive Patients With Poor Prognosis Rheumatoid Arthritis,COMPLETED,NA,15.0
NCT02859727,Extension to the Study of Efficacy of CDZ173 in Patients With APDS/PASLI,TERMINATED,PHASE2,37.0
NCT00237627,Doxorubicin Hydrochloride Liposome and Bortezomib in Treating Patients With Refractory Hematologic Cancer or Malignant Solid Tumor or Metastatic Breast Cancer,COMPLETED,PHASE1,107.0
NCT02508870,A Study of Atezolizumab Administered Alone or in Combination With Azacitidine in Participants With Myelodysplastic Syndromes,COMPLETED,PHASE1,46.0
NCT00270270,A Study to Evaluate the Safety and Efficacy of Epoetin Alfa Versus Placebo for the Treatment of Anemia in AIDS (Acquired Immunodeficiency Syndrome) Patients With Anemia Caused by the Disease and by Zidovudine (AZT) Therapy,COMPLETED,PHASE2,63.0
NCT03283670,Inhaled Nitrous Oxide for Treatment-Resistant Depression: Optimizing Dosing Strategies,COMPLETED,PHASE2,24.0
NCT00584870,RN624 In Adult Patients With Chronic Low Back Pain,COMPLETED,PHASE2,220.0
NCT05280470,Ifinatamab Deruxtecan (I-DXd) in Subjects With Pretreated Extensive-Stage Small Cell Lung Cancer (ES-SCLC),ACTIVE_NOT_RECRUITING,PHASE2,187.0
NCT01350570,Acupuncture for Patients With Diarrhea-predominant IBS or Functional Diarrhea: a Randomized Controlled Trial,COMPLETED,PHASE2,449.0
NCT01732770,Safety and Efficacy Study to Evaluate Denosumab Compared With Zoledronic Acid in Postmenopausal Women With Osteoporosis,COMPLETED,PHASE4,643.0
NCT04497870,Peppermint Oil Pharmacokinetics/Dynamics,WITHDRAWN,PHASE1,0.0
NCT03357770,The Maximum Tolerated Dose of Mesenchymal Stem Cells From Umbilical Cord,UNKNOWN,NA,9.0
NCT00054873,Tezacitabine With or Without 5-Fluorouracil (5-FU) for Advanced Esophageal Cancer or Gastric Cancer,COMPLETED,PHASE2,
NCT05241873,(Concerto) Study of BLU-451 in Advanced Cancers With EGFR Exon 20 Insertion Mutations,TERMINATED,PHASE1,103.0
NCT06301373,Methotrexate Combined With Tofacitinib in Rheumatoid Arthritis,RECRUITING,NA,130.0
NCT01613183,Exploratory Study of Effective Core Formula of Chinese Medicine to Treat Primary Insomnia,UNKNOWN,NA,2.0
NCT01115673,To Evaluate the Safety and Efficacy of Acetaminophen 650 mg and 1000mg in Dental Pain After Surgery,COMPLETED,PHASE3,540.0
NCT03487783,Aripiprazole Oral Solution in the Treatment of Children and Adolescents With Tourette's Syndrome,COMPLETED,PHASE3,121.0
NCT01590641,A Study Evaluating GS-9620 in Treatment Naive Subjects With Chronic Hepatitis B,COMPLETED,PHASE1,49.0
NCT05803941,Long-Term Safety of Lutetium (177Lu) Vipivotide Tetraxetan in Participants With Prostate Cancer,RECRUITING,PHASE4,700.0
NCT07302841,Tunlametinib + AG + Cetuximab β as First-Line Therapy for Advanced Pancreatic Cancer,NOT_YET_RECRUITING,PHASE4,28.0
NCT01842841,Multicenter Extension Study of Velaglucerase Alfa in Japanese Patients With Gaucher Disease,COMPLETED,PHASE3,5.0
NCT00988741,Trial of ARQ 197 in Patients With Unresectable Hepatocellular Carcinoma (HCC) Who Have Failed One Prior Systemic Therapy,COMPLETED,PHASE2,107.0
NCT01967641,Prescription Opioid Abuse Among Pain Patients: Predictors of Relapse,COMPLETED,PHASE2,51.0
NCT05801354,Turmeric Gel as Alternative Non-vital Pulpotomy Medicament in Primary Teeth,COMPLETED,PHASE1,40.0
NCT07566754,MOTIF@FRESH: Modifying Organisms Transvaginally in Females @ FRESH,NOT_YET_RECRUITING,PHASE2,75.0
NCT00581854,Phase 2 Hyper-CVAD/Rituximab for Untreated Mantle Cell Lymphoma,COMPLETED,PHASE2,22.0
NCT00327054,Effectiveness of Nigella Sativa (Kalonji) Seed in Dyslipidemia,COMPLETED,PHASE1,80.0
NCT00382954,Phase I Using Velcade & Idarubicin in Elderly and Relapsed AML,COMPLETED,PHASE1,55.0
NCT07657754,Effects of Esmolol on Sublingual Microcirculation and Vascular Waterfall Phenomenon in Patients With Septic Shock,NOT_YET_RECRUITING,NA,20.0
NCT02665754,"Intralymphatic Immunotherapy for House Dust Mite, Dog, and Cat Allergy Using Tyrosine S® in Allergic Rhinitis",COMPLETED,PHASE1,32.0
NCT06841705,Early Vedolizumab as First-Line for Immune-Related Colitis Therapy Trial,RECRUITING,PHASE2,80.0
NCT01307605,Rituximab With or Without Lenalidomide in Treating Patients With Previously Untreated Follicular Lymphoma,TERMINATED,PHASE2,154.0
NCT07285005,"A Study to Investigate Efficacy and Safety of KP-001 Compared With Placebo in Patients Aged ≥2 Years With Common VM, Common LM, or KTS/CLOVES Syndrome",NOT_YET_RECRUITING,PHASE3,150.0
NCT01169805,"Prophylactic Effects of Ondansetron, Ramosetron, and Palonosetron on Patient-Controlled Analgesia Related Nausea and Vomiting After Urologic Laparoscopic Surgery",COMPLETED,NA,105.0
NCT00791505,Antibiotic/COPD in Acute Exacerbation of Chronic Obstructive Pulmonary Disease (COPD) Requiring Mechanical Ventilation,COMPLETED,PHASE3,170.0
NCT01546805,Testing the Effect of Zinc Supplementation to Improve the Treatment Effect of Botulinum Toxin for Oculofacial Spasm,UNKNOWN,NA,40.0
NCT01395394,"Phenylketonuria, Oxidative Stress, and BH4",TERMINATED,PHASE2,12.0
NCT00820794,A Phase 1 Study To Estimate The Effects Of PD 0332334 On Lithium Pharmacokinetics In Healthy Subjects,WITHDRAWN,PHASE1,0.0
NCT00136994,IM and Oral in Acute Exacerbation of Schizophrenia (BIZET Study),COMPLETED,PHASE3,160.0
NCT02994394,A Study of OPC-41061 Orally Disintegrating (OD) Tablets Using 2 Different Formulations and 2 Dosing Regimens in Healthy Adult Male Subjects,COMPLETED,PHASE1,84.0
NCT00259766,SHARE - Symbicort and Health Economics in a Real Life Evaluation,COMPLETED,PHASE3,1970.0
NCT05535166,Molecular and Clinical Risk-Directed Therapy for Infants and Young Children With Newly Diagnosed Medulloblastoma,RECRUITING,PHASE2,130.0
NCT03716856,Clinical Study of CAR-BCMA T in Patients With Refractory or Relapsed Multiple Myeloma,UNKNOWN,PHASE1,11.0
NCT01403922,"To Determine Blood Pressure Interaction Between TC-5214 and Anti-Hypertensive Medications (Calcium Channel Blockers, Beta Blockers, and ACE Inhibitors) in Patients With Chronic Hypertension",TERMINATED,PHASE1,80.0
NCT00040456,"Oral Magnesium Pidolate, Hemoglobin SC Disease, MG Pidolate",TERMINATED,PHASE2,12.0
NCT00686556,Total Marrow Irradiation for Refractory Acute Leukemia,COMPLETED,PHASE1,12.0
NCT01660256,Confirmatory Study of OPC-12759 Ophthalmic Solution,COMPLETED,PHASE3,209.0
NCT05980156,Comparing Chemoprevention Drugs for School-based Malaria Control,COMPLETED,PHASE4,646.0
NCT01158222,Sunitinib Malate in Treating Patients With Previously Untreated Metastatic Kidney Cancer,COMPLETED,PHASE2,37.0
NCT02053922,"The Use of Oxytocin, Carbetocin and Buccal Misoprostol in Patients Undergoing Elective Cesarean Section (CS)",COMPLETED,PHASE3,270.0
NCT00940056,Totally Endoscopic Ablation of Atrial Fibrillation,COMPLETED,NA,36.0
NCT01088256,Efficacy of Etoricoxib on Peripheral Hyperalgesia,TERMINATED,PHASE2,9.0
NCT02082522,Efficacy and Safety Study of PDT Using Photofrin in Unresectable Advanced Perihilar Cholangiocarcinoma (OPUS),TERMINATED,PHASE3,28.0
NCT00757731,FMS European Long-Term Study,COMPLETED,PHASE3,490.0
NCT07662720,A Phase II Trial for MOR Antagonism With Axelopran to Enhance Immunotherapy in Head and Neck Cancer,NOT_YET_RECRUITING,PHASE1,18.0
NCT05886920,A Phase 1/2 Study of D3S-002 as Monotherapy or Combination Therapy in Adult Subjects With Advanced Solid Tumors With MAPK Pathway Mutations,RECRUITING,PHASE1,67.0
NCT00618982,Sorafenib Dose Escalation in Renal Cell Carcinoma,COMPLETED,PHASE2,83.0
NCT03933982,A Study of Pyrotinib Plus Vinorelbine in Patients With Brain Metastases From HER2-positive Metastatic Breast Cancer,UNKNOWN,PHASE2,30.0
NCT02328482,Continuation Protocol to Protocol BBCO-001,COMPLETED,PHASE3,9.0
NCT01029782,Comparison of Intravenous Cefazolin Plus Oral Probenecid With Oral Cephalexin for the Treatment of Cellulitis,COMPLETED,PHASE2,206.0
NCT06728982,Impact Of Metformin In Rectal Cancer Patients,COMPLETED,PHASE2,85.0
NCT01749982,A Preliminary Study of Choline and Betaine Supplementation Among Adults Exposed to Arsenic in Bangladesh,COMPLETED,PHASE4,60.0
NCT06552182,Phase 1 Study in Diabetes Mellitus(Fasting),COMPLETED,PHASE1,40.0
NCT02857582,Transplantation of Cultured Gut Microflora to Repeat Antibiotic-induced Diarrhea Due to Clostridium Difficile,COMPLETED,PHASE2,60.0
NCT01577524,The Use of Diluted Povidone Iodine Irrigation in Spine Surgery,TERMINATED,PHASE2,58.0
NCT05260359,"Dermal Irritation, Sensitization and Cumulative Irritation Potential of 6% Bemotrizinol",COMPLETED,PHASE2,224.0
NCT04230759,"Radiochemotherapy +/- Durvalumab for Locally-advanced Anal Carcinoma. a Multicenter, Randomized, Phase II Trial of the German Anal Cancer Study Group",ACTIVE_NOT_RECRUITING,PHASE2,180.0
NCT06911359,The Effect and Safety of Anti-inflammatories and Dextrose Prolotherapy Injections in Treating Knee Osteoarthritis,RECRUITING,PHASE2,68.0
NCT07576959,Effect of Bismuth Add-on to Dual Therapy for Helicobacter Pylori Eradication,RECRUITING,PHASE3,990.0
NCT01347580,A 30 Day Study to Evaluate Efficacy and Safety of Pre-hospital vs. In-hospital Initiation of Ticagrelor Therapy in STEMI Patients Planned for Percutaneous Coronary Intervention (PCI),COMPLETED,PHASE4,1875.0
NCT03933280,Conscious Sedation for Cataract Operations Under Topical Anaesthesia,COMPLETED,PHASE2,100.0
NCT00624780,Safety and Efficacy Evaluation Of Pregabalin (Lyrica) With Patients With Generalized Anxiety Disorder,COMPLETED,PHASE4,615.0
NCT00944996,Assessment of Pituitary Adenylate Cyclase Activating Polypeptide-Brain Derived Neurotrophic Factor (PACAP-BDNF) Signaling System Involvement in Etiology and Treatment of Major Depression,COMPLETED,NA,100.0
NCT02813096,Study of Folfox4 Chemotherapy Regimen to Prevent Early Postoperative Recurrence for HCC-PVTT Patients,UNKNOWN,NA,500.0
NCT02147262,Laboratory Characteristics in Chronic Atrophic Acrodermatitis,UNKNOWN,NA,50.0
NCT00388362,Sirolimus as Treatment of Steroid-Refractory or Steroid-Dependent Chronic Graft-Versus-Host Disease,COMPLETED,PHASE2,36.0
NCT04085562,Effect of Amlodipine Versus Bisoprolol on Hypertensive Patients With End-stage Renal Disease on Maintenance Hemodialysis.,COMPLETED,PHASE4,46.0
NCT03950362,Bladder PREserVation by RadioTherapy and Immunotherapy in BCG Unresponsive Non-muscle Invasive Bladder Cancer,UNKNOWN,PHASE2,67.0
NCT07456046,A Phase 1 Study of D3S-003 as Monotherapy in Participants With Advanced Solid Tumors With a KRAS p.G12D Mutation.,RECRUITING,PHASE1,42.0
NCT00003446,Chemotherapy in Treating Patients With Recurrent or Metastatic Colorectal Cancer,COMPLETED,PHASE2,
NCT03941288,Efficacy and Safety of Cannabidiol for Gastroparesis and Functional Dyspepsia,COMPLETED,PHASE2,92.0
NCT07545746,Adjuvant 5-Fluorouracil Following Thermal Ablation to Improve HPV Treatment Outcomes in Women With HIV in Kenya,NOT_YET_RECRUITING,PHASE2,140.0
NCT04112303,Study to Investigate the Efficacy and Safety of Sofosbuvir/Velpatasvir Fixed-Dose Combination for 12 Weeks in Adults With Chronic HCV Infection and Compensated Cirrhosis,COMPLETED,PHASE3,37.0
NCT05102903,"A Clinical Trial to Compare the Pharmacokinetics and Safety of ""BR1016A"" With ""BR1016B"" in Healthy Volunteers",COMPLETED,PHASE1,60.0
NCT06732388,Itraconazole in Combination With Ablation for the Prevention of Esophageal Cancer in Patients With High-risk Barrett's Esophagus,RECRUITING,PHASE2,76.0
NCT06447688,The Role of Verapamil in Radial Artery Spasm,COMPLETED,PHASE4,150.0
NCT01796327,"A Study To Assess Absorption Of Study Drug Dacomitinib (PF-00299804), Given As An Oral Tablet Compared To An Intravenous Infusion In Healthy Volunteers",COMPLETED,PHASE1,14.0
NCT06393361,Chidamide Decitabine Plus Anti-PD-1 Antibody for Patients With R/R cHL Who Are Transplant-ineligible or Refused Transplant.,RECRUITING,PHASE2,100.0
NCT06750861,QL1706 Plus Chemotherapy With AG Regime as First-line Treatment of Advanced PDAC,NOT_YET_RECRUITING,PHASE2,30.0
NCT03236961,Optimizing the Antibiotic Treatment of Uncomplicated Acute Appendicitis,ACTIVE_NOT_RECRUITING,NA,552.0
NCT01689142,Comparison of a New Formulation of Insulin Glargine With Lantus® Both in Combination With Oral Antihyperglycemic Drug(s) in Japanese Patients With Type 2 Diabetes Mellitus,COMPLETED,PHASE3,240.0
NCT01740986,Safety and Efficacy of SA09012 in Asthma,COMPLETED,PHASE2,225.0
NCT03859986,Study in Subjects With Moderate Atopic Dermatitis,UNKNOWN,PHASE2,124.0
NCT00486486,24-hour Intraocular Pressure (IOP) Control With the Bimatoprost/Timolol Fixed Combination,COMPLETED,PHASE4,60.0
NCT00811070,Study Evaluating SKI-606 (Bosutinib) In Japanese Subjects With Philadelphia Chromosome Positive Leukemias,COMPLETED,PHASE2,63.0
NCT01779570,Anti-inflammatory Effects of Macrolide Treatment in Influenza Lower Respiratory Tract Infections,COMPLETED,PHASE4,68.0
NCT04491370,Autologous Stem Cell Transplant Followed by Polatuzumab Vedotin in Patients With B-cell Non-Hodgkin and Hodgkin Lymphoma,RECRUITING,PHASE1,20.0
NCT00453973,Extension Study to Evaluate Safety and Tolerability of Peginesatide for Long-Term Treatment of Anemia in Participants With CKD (EU),TERMINATED,PHASE2,114.0
NCT03586973,A Phase 2 Study of Cabozantinib in Japanese Participants With Advanced Hepatocellular Carcinoma,COMPLETED,PHASE2,34.0
NCT02251873,Evaluation of the Pharmacokinetic Interaction of Steady State Tipranavir and Ritonavir or Tipranavir and Ritonavir With Single Dose Didanosine in Healthy Volunteers,COMPLETED,PHASE1,50.0
NCT06510673,"Effect of Extracorporeal Shockwave Therapy, High Power-LASER & Platelet-rich Protein on Pain and Function in Patients With Calcaneal Spur A Randomized Comparative Study.",COMPLETED,NA,96.0
NCT00364273,GSK159802 In Healthy Male Subjects And Asthmatics,COMPLETED,PHASE1,43.0
NCT02269969,Once Daily Aminoglycoside Pharmacokinetics and Optimal Dosing in the Burn Population: A Prospective Study,COMPLETED,PHASE1,10.0
NCT07154069,Adaptive Immunotherapy for Nasopharyngeal Carcinoma,RECRUITING,PHASE3,802.0
NCT00518583,Phase II Study in Patients With Operable Breast Cancer,UNKNOWN,PHASE2,30.0
NCT05862883,"Studying the Efficiency of the Natural Preparation Rutan in Children in the Treatment of COVID-19, ARVI",COMPLETED,PHASE2,301.0
NCT01565083,A Study to Assess Efficacy and Safety of Pertuzumab Given in Combination With Trastuzumab and Vinorelbine in Participants With Metastatic or Locally Advanced Human Epidermal Growth Factor Receptor (HER) 2-Positive Breast Cancer,COMPLETED,PHASE2,213.0
NCT04635241,Inhaled Heparin for Hospitalised COVID-19 Patients,COMPLETED,PHASE2,485.0
NCT02820454,Radiosensitization of Multiple Brain Metastases Using AGuIX Gadolinium Based Nanoparticles,COMPLETED,PHASE1,15.0
NCT05914454,Efficacy and Safety of Anakinra in Acute Respiratory Distress Syndrome,UNKNOWN,PHASE2,36.0
NCT02456454,Controlled Trial of Valproate Versus Risperidone in Young Children With Bipolar Disorder,COMPLETED,PHASE3,46.0
NCT04968054,Comparison of IONM Between Remimazolam and Propofol,COMPLETED,NA,66.0
NCT00201305,Gemcitabine Plus High-Dose 5-Fu/Leucovorin in the Treatment of Advanced or Metastatic Carcinoma of the Biliary Tract,COMPLETED,PHASE2,50.0
NCT02900105,Effect of Letrozole on Seminal Parameters in Men With Non Obstructive Azoospermia and Severe Oligozoospermia.,COMPLETED,PHASE3,28.0
NCT05929794,Pharmacokinetics of Transdermal Metronidazole,ACTIVE_NOT_RECRUITING,PHASE4,24.0
NCT05565794,Pemigatinib After Curative Local Therapy in Advanced iCCA With FGFR2 Fusion/Rearrangements,TERMINATED,PHASE2,2.0
NCT04770194,"Phase I Study to Assess the Safety, Tolerability, Pharmacokinetics and Pharmacodynamics of SP-8008",COMPLETED,PHASE1,48.0
NCT03276494,Safety & Tolerability of Hypertonic Saline Administration Via Intraosseous Access,COMPLETED,PHASE2,6.0
NCT07263594,A Study of DB-1324 in Advanced/Metastatic Gastrointestinal Tumors,RECRUITING,PHASE1,127.0
NCT04233294,Addition of Chidamide to the Combination Treatment of Decitabine Plus Camrelizumab in Combination Treatment Resistant/Relapsed Patients With Classical Hodgkin Lymphoma,UNKNOWN,PHASE2,100.0
NCT00045994,The SILVER Study: Systolic Hypertension Interaction With Left Ventricular Remodeling,COMPLETED,PHASE2,180.0
NCT04657666,Trial to Evaluate the Effect of Nabiximols Oromucosal Spray on Clinical Measures of Spasticity in Participants With Multiple Sclerosis,COMPLETED,PHASE3,68.0
NCT02209766,A Ph1 Study in Healthy Male Japanese and Caucasian After Single and Multiple Doses of D5884(Omega-3-carboxylic Acids),COMPLETED,PHASE1,86.0
NCT02351856,A Rollover Study of ARRY-371797 in Patients With LMNA-Related Dilated Cardiomyopathy,COMPLETED,PHASE2,8.0
NCT06004856,Evaluate the Efficacy and Safety of Orelabrutinib in Adult Patients With Chronic Primary Immune Thrombocytopenia,UNKNOWN,PHASE3,195.0
NCT00426556,"Efficacy and Safety of Everolimus in Combination Therapy, in Patients With HER2-overexpressing Metastatic Breast Cancer",COMPLETED,PHASE1,88.0
NCT01514422,Minocycline for Bipolar Depression,COMPLETED,PHASE4,20.0
NCT00226122,The Effect of Indomethacin in Monosymptomatic Enuresis Nocturnal,COMPLETED,PHASE4,56.0
NCT07426822,Rash & Diarrhea Prophylaxis With Capivasertib,NOT_YET_RECRUITING,PHASE2,108.0
NCT07705022,Assessing Covert Consciousness During Dexmedetomidine and Ketamine Sedation: An fMRI Study,NOT_YET_RECRUITING,PHASE2,60.0
NCT06337422,Bioequivalence Study of Generic Celecoxib 200 mg Capsules,UNKNOWN,PHASE1,40.0
NCT04399122,Post-operative Pain Control After Photorefractive Keratectomy Comparing Acetaminophen/Codeine vs Acetaminophen/Oxycodone,COMPLETED,PHASE4,200.0
NCT00416351,Clofarabine in Treating Patients With T-Cell or Natural Killer-Cell Non-Hodgkin's Lymphoma That Has Relapsed or Not Responded to Previous Treatment,COMPLETED,PHASE1,29.0
NCT05309629,Safety and Efficacy Study of First-line Treatment With QL1706 Plus Chemotherapy in Extensive-Stage Small Cell Lung Cancer,COMPLETED,PHASE2,40.0
NCT03587129,Clinical Study of Apatinib in the Treatment of Platinum Resistant Recurrent Ovarian Cancer,TERMINATED,PHASE2,1.0
NCT00641329,CLONICEL (Clonidine Sustained Release) as Add-on to Stimulant Medication in 6 to 17 Yr-olds With ADHD,COMPLETED,PHASE3,198.0
NCT01785329,Pharmacokinetic of Alirocumab SAR236553 (REGN727) Administered Subcutaneously at 3 Different Injection Sites in Healthy Subjects,COMPLETED,PHASE1,60.0
NCT00003131,CMA-676 in Treating Patients With Acute Myeloid Leukemia in First Relapse,COMPLETED,PHASE2,55.0
NCT02513329,Stellate Ganglion Block (SGB) For Women for Breast Cancer,COMPLETED,PHASE2,37.0
NCT06656429,Outcome of Transforminal Epidural Injections in Patients with Lumbar Radicular Pain,COMPLETED,NA,62.0
NCT00301002,Study to Evaluate the Efficacy of Alefacept to Treat Palmar Plantar Pustulosis,COMPLETED,PHASE2,15.0
NCT00004402,"Phase III Randomized Study of Interferon Gamma in Children With Severe, Congenital Osteopetrosis",COMPLETED,PHASE3,30.0
NCT05651802,PCI and Brain MRI Follow-up vs Brain MRI Follow-up Alone in Limited-stage SCLC Patients,UNKNOWN,NA,220.0
NCT04143802,A Study of LY3437943 in Participants With Type 2 Diabetes Mellitus (T2DM),COMPLETED,PHASE1,72.0
NCT06023602,Effectiveness of Generic Versus Reference Cetrorelix Acetate for Ovarian Stimulation Using a Gonadotropin-releasing Hormone（GnRH）Antagonist Protocol in Women Undergoing IVF,RECRUITING,NA,1338.0
NCT06760702,"A Study Evaluating the Efficacy, Safety, Pharmacokinetics and Pharmacodynamics of AUR 109 in Patients With Colorectal, Ovarian, and Renal Cancers",TERMINATED,PHASE2,29.0
NCT03685253,Nicotinamide Riboside for Diabetic Neuropathy,TERMINATED,PHASE1,10.0
NCT02159196,Effectiveness of Routine Nebulization of Mucolytics and Bronchodilators During Mechanical Ventilation,COMPLETED,NA,950.0
NCT07057596,Neoadjuvant Tebentafusp in Patients With Metastatic Uveal Melanoma,RECRUITING,PHASE2,19.0
NCT02820896,A Study of RO7105705 in Healthy Participants and Participants With Mild-to-Moderate Alzheimer's Disease,COMPLETED,PHASE1,74.0
NCT01861496,Phase I/II Study to Evaluate the Safety and Tolerability of LiPlaCis in Patients With Advanced or Refractory Tumours,COMPLETED,PHASE1,50.0
NCT00005996,SU5416 Combined With Gemcitabine and Cisplatin in Treating Patients With Advanced Solid Tumors,UNKNOWN,PHASE1,
NCT00803179,Growth Hormone Therapy for Wasting in Cystic Fibrosis,TERMINATED,PHASE1,5.0
NCT01935479,A Phase I Study of AK159 in Healthy Postmenopausal Women,COMPLETED,PHASE1,170.0
NCT03131479,"Study of PK/PD, Safety and Tolerability of LIK066 in Patients With Decreased Renal Function.",COMPLETED,PHASE2,53.0
NCT06202079,A Trial Comparing the Efficacy and Safety of GZR4 Injection Versus Insulin Degludec in Subjects with Type 2 Diabetes Mellitus,COMPLETED,PHASE2,179.0
NCT00636896,Effects of Modafinil on Olanzapine Weight Gain,COMPLETED,NA,50.0
NCT00907959,A Clinical Trial Assessing Safety and Efficacy of BZL101 for Metastatic Breast Cancer,UNKNOWN,PHASE2,80.0
NCT05324059,Efficacy and Safety of Pregabalin/Tramadol Combination Versus Pregabalin in Acute Pain of Neuropathic Origin,COMPLETED,PHASE3,110.0
NCT06918080,Hepatoprotective Measures for Children at High Risk of NAFLD,ACTIVE_NOT_RECRUITING,PHASE4,200.0
NCT00080080,Study of Talabostat and Docetaxel in Advanced Non-Small Cell Lung Cancer,COMPLETED,PHASE2,
NCT05343780,Clinical Trial to Investigate the Anti-oxidant Activity of Heptex in Patients With Apparent Risk Factors of NASH,COMPLETED,PHASE2,142.0
NCT05365880,Sphenopalatine Ganglion Block for the Treatment of Post-Stroke Headache,WITHDRAWN,PHASE2,0.0
NCT07094880,Subcuteous Methotrexate in Rheumatoid Arthritis,COMPLETED,PHASE4,45.0
NCT03591380,CAMPath and BELimumab for Transplant Tolerance in Sensitized Kidney Transplant Recipients,TERMINATED,PHASE2,3.0
NCT06081179,Does Serotonin System Stimulation Increase Pro-social Behavior? - A Comparative Pharmacological Neuroscientific Study in Healthy Humans,COMPLETED,PHASE1,122.0
NCT00258479,Safety of Combining Modafinil and Nicotine Replacement Therapy in Treating Nicotine Dependent Adolescents,COMPLETED,PHASE1,24.0
NCT07585279,A Clinical Study of Liposomal Irinotecan for Second-Line Therapy in Metastatic Colorectal Cancer,NOT_YET_RECRUITING,PHASE2,408.0
NCT05840679,Different Concentrations of Sodium Hypochlorite Affecting Post-endodontic Pain,UNKNOWN,PHASE1,66.0
NCT00401479,A Study To Investigate The Effect Of Solabegron (GW427353) On Gastrointestinal Transit In Healthy Volunteers,COMPLETED,PHASE1,36.0
NCT04478279,A Phase 1-2 Study of ST101 in Patients With Advanced Solid Tumors,ACTIVE_NOT_RECRUITING,PHASE1,125.0
NCT05078879,Empagliflozin as a Treatment for Severe Congenital Neutropenia Due to G6PC3 Deficiency,COMPLETED,PHASE1,4.0
NCT07470879,"A Study of How the Medicine Called ""Etrasimod"" Works in Children With the Gut Disease Called Ulcerative Colitis",RECRUITING,PHASE2,24.0
NCT05965479,Developing ctDNA Guided Adjuvant Therapy for Gastrooesophageal Cancer,RECRUITING,PHASE2,25.0
NCT00333996,A Study of the Safety and Efficacy of a New Treatment for Non-Infectious Anterior Uveitis,TERMINATED,PHASE2,5.0
NCT01008696,An Efficacy Study to Compare the Treatment Effects of Rabeprazole and Lansoprazole Depending on the Genotyping of CYP2C19 in Treating Reflux Esophagitis,COMPLETED,PHASE4,217.0
NCT07469462,The Effects of High-dose Vitamin B6 on Depression and Anxiety Symptoms,RECRUITING,NA,44.0
NCT05191862,Bioequivalence Study of PMR Compared to Cilostazol IR Tablets in Healthy Volunteers,TERMINATED,PHASE1,19.0
NCT04839562,A Controlled Study of Solriamfetol for Attention Deficit Hyperactivity Disorder (ADHD) in Adults,COMPLETED,PHASE2,66.0
NCT03298646,Lidocaine Infusion On Hysteroscopic Media Versus Oral Diclofinac For Pain Relief During Outpatient Hysteroscopy,UNKNOWN,NA,44.0
NCT00832546,A Safety Tolerance and Experimental Hyperalgesia Study of Oral NGX426 in Healthy Male Voluneteers,COMPLETED,PHASE1,18.0
NCT05100446,Comparison Between High-dose Amoxicillin Dual Therapy and Pylera Quadruple Therapy in the Treatment of Helicobacter Pylori Infection,UNKNOWN,EARLY_PHASE1,100.0
NCT06365788,Bicalutamide and Abemaciclib in Inoperable or Metastatic Androgen Receptor-positive Triple-negative Breast Cancer,RECRUITING,PHASE2,53.0
NCT02322788,"Comparing the Efficacy of Bricanyl M2 and Bricanyl M3 at 0.5 and 1.5 mg Dose Levels, to Allow for a Switch From Bricanyl Turbuhaler M2 to Bricanyl Turbuhaler M3",COMPLETED,PHASE3,95.0
NCT02392546,Elobixibat Colonic Motor Function Study,WITHDRAWN,PHASE2,0.0
NCT00607646,Hypoglycemia Associated Autonomic Failure in Type 1 Diabetes Mellitus,COMPLETED,EARLY_PHASE1,50.0
NCT00815646,Prevention and Treatment of Immersion Pulmonary Edema,COMPLETED,EARLY_PHASE1,10.0
NCT06308588,Phase I/II Study of the Combination of Blinatumomab and Asciminib in Patients With Philadelphia Chromosome-Positive Acute Lymphoblastic Leukemia,RECRUITING,PHASE1,40.0
NCT00669903,"Study to Asses Pharmacodynamics, Pharmacokinetics, Safety and Tolerability of AZD0328 in Patients With Schizophrenia",TERMINATED,PHASE2,100.0
NCT05517603,"A Study to Evaluate Safety, Tolerability, Pharmacokinetics, and Pharmacodynamics Of AJ201 In Patients",COMPLETED,PHASE1,25.0
NCT00000588,Chelation Therapy of Iron Overload With Pyridoxal Isonicotinoyl Hydrazone,COMPLETED,PHASE2,120.0
NCT02502903,"Safety, Tolerability and Activity of BIVV009 in Healthy Volunteers and Patients With Complement Mediated Disorders",COMPLETED,PHASE1,122.0
NCT01307488,Simplification to Atazanavir/Ritonavir + Lamivudine as Maintenance Therapy,COMPLETED,PHASE4,286.0
NCT00861588,Effects of Isoflavone in Patients With Watchful Waiting Benign Prostate Hyperplasia,COMPLETED,NA,176.0
NCT02439788,3RD GENERATION GD2 SPECIFIC CHIMERIC ANTIGEN RECEPTOR TRANSDUCED AUTOLOGOUS NATURAL KILLER T-CELLS FOR NEUROBLASTOMA,WITHDRAWN,PHASE1,0.0
NCT03137303,Reducing Diagnostic Error to Improve Patient Safety in COPD and Asthma (REDEFINE Study),COMPLETED,PHASE3,402.0
NCT04503603,"A Study to Determine the Safety, Tolerability, and Pharmacokinetics of Lanadelumab Administered Intravenously in Healthy Adult Volunteer Participants",COMPLETED,PHASE1,12.0
NCT01663103,Interleukin-1 Trap to Treat Vascular Dysfunction in Chronic Kidney Disease (CKD),COMPLETED,PHASE4,42.0
NCT04298203,Role of Pharmacotherapy in Counteracting Weight Regain in Adolescents With Severe Obesity,COMPLETED,PHASE2,100.0
NCT07346742,Prevention of Surgical Site Infection in Open Paediatric Groin Surgeries Using Intravenous Prophylactic Antibiotics and Antimicrobial-coated Sutures,RECRUITING,NA,174.0
NCT00001561,Active Immunization of Sibling Bone Marrow Transplant Donors Against Purified Myeloma Protein of the Recipient Undergoing Allogeneic Bone Marrow Transplantation,COMPLETED,PHASE3,30.0
NCT06325761,A Study to Evaluate the Food Effects on Pharmacokinetics of SY-5007 Tablets in Healthy Subjects,UNKNOWN,PHASE1,28.0
NCT03833661,M7824 Monotherapy in Locally Advanced or Metastatic Second Line (2L) Biliary Tract Cancer (Cholangiocarcinoma and Gallbladder Cancer),COMPLETED,PHASE2,159.0
NCT03308942,Effects of Single Agent Niraparib and Niraparib Plus Programmed Cell Death-1 (PD-1) Inhibitors in Non-Small Cell Lung Cancer Participants,COMPLETED,PHASE2,53.0
NCT01482286,Effect of Weight and Insulin Sensitivity on Reproductive Function in PCOS,TERMINATED,PHASE3,32.0
NCT04092686,A Clinical Trial That Will Study the Efficacy and Safety of an Investigational Drug in Acutely Psychotic People With Schizophrenia,COMPLETED,PHASE3,464.0
NCT02890173,Study of CS-3150 in Patients With Essential Hypertension,COMPLETED,PHASE3,1001.0
NCT06881173,The Effectiveness of Bu Zhong Yi Qi Tang in Patients with Myasthenia Gravis,RECRUITING,NA,112.0
NCT01711073,Mobilization of Stem Cells With G-CSF and Mozobil in Patients With End Stage Liver Disease,UNKNOWN,PHASE1,15.0
NCT00851773,"Safety, Tolerability, and Profile of Action of Drug in the Body of NN9535 in Healthy Male Japanese and Caucasian Subjects",COMPLETED,PHASE1,84.0
NCT02062073,Dermal Safety Study to Evaluate the Sensitizing Potential of Abametapir Lotion,COMPLETED,PHASE1,238.0
NCT06647069,A Study to Evaluate the Safety and Activity of SAR448501/DR-0201 in Patients With Autoimmune Rheumatic Diseases,RECRUITING,PHASE1,62.0
NCT00408369,Prophylactic Antimalarial Activity of DB289 in Volunteers,COMPLETED,PHASE1,19.0
NCT01961583,[18F]Fluciclatide PET Imaging of Pazopanib Response,TERMINATED,PHASE2,12.0
NCT05689983,Symptom-driven ICS/LABA Therapy for Adolescent Patients With Asthma Non-adherent to Daily Maintenance Inhalers,ACTIVE_NOT_RECRUITING,PHASE1,40.0
NCT01736683,Study of Sotatercept for the Treatment of Anemia in low-or Intermediate-1 Risk Myelodysplastic Syndromes (MDS) or Non-proliferative Chronic Myelomonocytic Leukemia (CMML),COMPLETED,PHASE2,74.0
NCT03277183,"Frequent, Low-Dose Erythropoietin A Mechanistic Approach to Mitigate Adverse Cardiovascular Effects of Erythropoietin",TERMINATED,PHASE4,5.0
NCT00004083,Liposomal Cisplatin in Treating Patients With Recurrent Ovarian Cancer,COMPLETED,PHASE2,
NCT01049841,Perifosine With Temsirolimus for Recurrent Pediatric Solid Tumors,COMPLETED,PHASE1,23.0
NCT02195154,18F-DTBZ PET and Multi-modal MRI in the Patients With Vascular Parkinsonism,COMPLETED,PHASE2,13.0
NCT00206154,"A Comparison of Symbicort® pMDI 2 x 160/4.5 μg Bid and Symbicort® pMDI 2 x 80/4.5 μg Bid With Formoterol Turbuhaler®, Budesonide pMDI, the Combination of Formoterol Turbuhaler® and Budesonide pMDI, and Placebo in COPD Patients",COMPLETED,PHASE3,1500.0
NCT01404754,Psychological Effects of Methylenedioxymethamphetamine (MDMA) When Administered to Healthy Volunteers,COMPLETED,PHASE1,107.0
NCT00343005,Experimental Vaccine for Malaria in Adults in Mali,COMPLETED,PHASE1,54.0
NCT05254405,An Open Label Pilot Study of IV Brexanolone for the Treatment of Post-Traumatic Stress Disorder,TERMINATED,PHASE4,10.0
NCT01570205,"Safety, Tolerability and PK of a Single iv Infusion of 10, 40, and 80 µg/kg XG-102 Administered to Healthy Volunteers",COMPLETED,PHASE1,24.0
NCT00983905,Drug-Drug Interaction Study of Colchicine and Theophylline,COMPLETED,PHASE1,30.0
NCT05767905,A Study to Understand the Effect of Tablet Formulation and Food on PF-06821497 in Healthy Adult Participants.,COMPLETED,PHASE1,18.0
NCT05202405,A Study to Evaluate the Safety and Pharmacokinetics of AD-221 Compared to Coadministration of AD-221A and AD-221B,COMPLETED,PHASE1,64.0
NCT02086994,Prevention of Postpartum Hemorrhage in Patients With Severe Preeclampsia Using Carbetocin Versus Misoprostol,COMPLETED,PHASE3,60.0
NCT03355794,A Study of Ribociclib and Everolimus Following Radiation Therapy in Children With Newly Diagnosed Non-biopsied Diffuse Pontine Gliomas (DIPG) and RB+ Biopsied DIPG and High Grade Gliomas (HGG),COMPLETED,PHASE1,19.0
NCT01201694,Phase I Study of Surface-Controlled Water Soluble Curcumin (THERACURMIN CR-011L),COMPLETED,PHASE1,28.0
NCT03531294,Intravitreal Aflibercept as Indicated by Real-Time Objective Imaging to Achieve Diabetic Retinopathy Improvement,COMPLETED,PHASE2,40.0
NCT06512194,Investigation to Understand and Optimize Psilocybin,RECRUITING,PHASE2,141.0
NCT01891994,Extended Dosing With Eltrombopag for Severe Aplastic Anemia,COMPLETED,PHASE2,40.0
NCT00507494,Influence of Pioglitazone for Renal Transplant Function in Diabetics,COMPLETED,PHASE3,
NCT02759666,A Phase I Trial of SHR3162 in Subjects With Advanced Solid Tumors,COMPLETED,PHASE1,30.0
NCT00002766,Comparison of Two Combination Chemotherapy Regimens in Treating Adults With Previously Untreated Leukemia or Lymphoma,COMPLETED,PHASE3,170.0
NCT02177266,Colchicine to Prevent Post-Pericardiotomy Syndrome and Atrial Fibrillation,TERMINATED,PHASE3,2.0
NCT00441922,Trial of Docetaxel Versus Vinorelbine as 1st Line Treatment in Elderly Patients With Non-Small-Cell Lung Cancer (NSCLC),COMPLETED,PHASE3,166.0
NCT00512122,Impact of Early Parenteral Nutrition Completing Enteral Nutrition in Adult Critically Ill Patients,ACTIVE_NOT_RECRUITING,PHASE4,4640.0
NCT07545122,"A Phase 1a/1b, First-Time-in-Human Study of CT-202, a Nectin-4 Directed Bispecific Antibody, in Participants With Recurring Triple Negative Breast, Colorectal, Urothelial Cancers",NOT_YET_RECRUITING,PHASE1,162.0
NCT00825422,Local Anesthetic Infiltration to Prevent Postoperative Pain After Lumbar Surgery,COMPLETED,PHASE3,50.0
NCT01076322,A Study to Evaluate the Efficacy and Safety of Meptin® Swinghaler® and Ventolin® MDI in Stable Asthma Patients,COMPLETED,PHASE3,17.0
NCT02932722,Effect of Propofol on Cardioprotective Role of Remote Ischemic Preconditioning (RIPC),COMPLETED,NA,51.0
NCT07439822,Usefulness of High-flow Oxygen Therapy of Patients at Risk of Hypoxemia Undergoing Digestive Endoscopy Under Deep Sedation,ENROLLING_BY_INVITATION,PHASE4,326.0
NCT03035422,Sequential Conditioning in Haploidentical Transplantation for Refractory Acute Myeloid Leukemia,COMPLETED,NA,24.0
NCT00054522,Calcitriol and Dexamethasone in Treating Patients With Prostate Cancer Who Have Undergone Surgery or Radiation Therapy,COMPLETED,PHASE2,15.0
NCT07159451,"A Short-term Preoperative, Evaluating Activity and Safety of Elacestrant Monotherapy as Compared to Elacestrant + Ovarian Function Suppression (LHRH Agonist) in Premenopausal Patients With Stage I-II ER+/HER2- Breast Cancer",RECRUITING,PHASE2,140.0
NCT07038629,Chemoradiation Plus Iparomlimab Consolidation in Older With ESCC,RECRUITING,PHASE2,52.0
NCT01388829,Study To Assess The Pharmacokinetics Of 2 Different Formulations Of PF-04991532,COMPLETED,PHASE1,10.0
NCT02499029,N-acetylcysteine in the Treatment of PTSD and Addiction,COMPLETED,PHASE2,35.0
NCT06924229,Corneal Changes in Estrogen-Dependent Breast Cancer After Hormonal Treatment,COMPLETED,PHASE4,40.0
NCT00378729,Surgical Ovarian Drilling Versus Hormonal Treatment for Infertility Associated to PolyCystic Ovaries Syndrome (PCOS),UNKNOWN,PHASE4,252.0
NCT03926559,The Effect of Neuraxial Morphine (Duramorph) on Pain Control,UNKNOWN,EARLY_PHASE1,125.0
NCT01768559,Efficacy and Safety of Lixisenatide Versus Insulin Glulisine on Top of Insulin Glargine With or Without Metformin in Type 2 Diabetic Patients,COMPLETED,PHASE3,894.0
NCT01250379,A Study of Avastin (Bevacizumab) in Combination With Chemotherapy in Patients With Breast Cancer Progressing After First-Line Therapy With Avastin and Chemotherapy (TANIA),COMPLETED,PHASE3,494.0
NCT01189279,Safety and Pharmacokinetics Study of New Formulation of Bimatoprost in Patients With Alopecia,COMPLETED,PHASE1,42.0
NCT07057479,Phase III Trial of SGLT2 Inhibitor and Thiazolidinedione Fixed-Dose Combination vs. Monotherapy in Type 2 Diabetes Patients on Metformin,WITHDRAWN,PHASE3,0.0
NCT07266779,"Bioequivalence Study of Test Product (T) of Ertugliflozin/Metformin 7.5 mg/ 1000 mg Film Coated Tablets and Reference Product (R) of Segluromet 7.5 mg/ 1000 mg Film Coated Tablets in Healthy, Adult, Human Subjects Under Fed Condition.",COMPLETED,PHASE1,36.0
NCT02607696,Pharmacokinetics of Zolpidem Orodispersible Tablet,WITHDRAWN,PHASE1,0.0
NCT04571996,Blood-Brain Barrier Penetration of Therapeutic Agents in Human,COMPLETED,PHASE1,4.0
NCT03785496,Study to Evaluate Efficacy of PDR001 in Patients With Squamous Cell Carcinoma of the Esophagus,UNKNOWN,PHASE2,44.0
NCT07347496,"A Randomized, Controlled Clinical Trial Comparing Remimazolam Besylate Combined With Alfentanil Versus Propofol Combined With Alfentanil for Anesthesia in Thoracic Surgery",NOT_YET_RECRUITING,PHASE4,50.0
NCT06289062,Neoadjuvant Chemotherapy Plus Camrelizumab for FIGO Stage IB1 Cervical Cancer,RECRUITING,PHASE2,40.0
NCT00049062,Anastrozole and ZD 1839 in Treating Postmenopausal Women With Metastatic Breast Cancer,COMPLETED,PHASE2,
NCT06151262,A Study of Trilaciclib Combined With mFOLFIRINOX in the Treatment of Patients With Advanced Pancreatic Cancer,RECRUITING,PHASE2,30.0
NCT02873962,A Phase II Study Of Nivolumab/ Bevacizumab/Rucaparib,ACTIVE_NOT_RECRUITING,PHASE2,72.0
NCT02872246,Sun Protection Factor (SPF) / UVA Protection Factor (UVAPF) - Assay,COMPLETED,NA,11.0
NCT05769946,A Study of Hemay005 in Adult With Atopic Dermatitis,COMPLETED,PHASE2,79.0
NCT04147546,Additional Screening With Sensitives RDTs and Malaria,COMPLETED,PHASE3,340.0
NCT04108546,Massage and Electroacupuncture in Chronic Lumbar Pain,COMPLETED,NA,110.0
NCT05362188,Topical Nicotinamide in Treatment of DLE,COMPLETED,EARLY_PHASE1,60.0
NCT06360588,Testing Copanlisib as Potentially Targeting Treatment in Cancers With PTEN Loss (MATCH - Subprotocol Z1G),ACTIVE_NOT_RECRUITING,PHASE2,22.0
NCT02600988,Immunomodulatory Effect of Vitamin D in Allogenic Post-transplant,COMPLETED,PHASE1,150.0
NCT01685827,Pivotal Study of Fexinidazole for Human African Trypanosomiasis in Stage 2,COMPLETED,PHASE2,394.0
NCT04034927,"Testing the Addition of an Immunotherapy Drug, Tremelimumab, to the PARP Inhibition Drug, Olaparib, for Recurrent Ovarian, Fallopian Tube or Peritoneal Cancer",ACTIVE_NOT_RECRUITING,PHASE2,61.0
NCT04193527,A Study to Evaluate the Diagnostic Efficacy of DaTSCAN™ Ioflupane (123I) Injection in Single Photon Emission Computed Tomography (SPECT) for the Diagnosis of Parkinsonian Syndrome (PS) in Chinese Patients,COMPLETED,PHASE3,172.0
NCT04977427,Dextenza vs Prednisolone Acetate After Cataract Surgery for Patients With Diabetes,WITHDRAWN,PHASE4,0.0
NCT03210961,"A First in Human Study to Evaluate Safety, Tolerability, and Pharmacology of PF-06826647 in Healthy Subjects and Subjects With Plaque Psoriasis",COMPLETED,PHASE1,109.0
NCT05048342,A Safety and Efficacy Study of Remibrutinib in the Treatment of CSU in Japanese Adults Inadequately Controlled by H1-antihistamines,COMPLETED,PHASE3,71.0
NCT02470442,Desflurane in Children With Laryngeal Mask Airway,COMPLETED,NA,200.0
NCT03100942,"Study to Assess Safety and Efficacy of Filgotinib, Lanraplenib and Tirabrutinib in Adults With Active Sjogren's Syndrome",COMPLETED,PHASE2,152.0
NCT05476042,The Effect of Erythropoietin in the Treatment of Scleral Necrosis,UNKNOWN,PHASE2,60.0
NCT02860286,Study of the EZH2 Inhibitor Tazemetostat in Malignant Mesothelioma,COMPLETED,PHASE2,74.0
NCT00014586,Bicalutamide Compared With Observation Followed by Bicalutamide Plus Either Goserelin or Orchiectomy in Treating Patients With Prostate Cancer,TERMINATED,PHASE3,110.0
NCT00138086,Yttrium-90 Ibritumomab Tiuxetan (Zevalin) With BEAM in Relapsed Low Grade B-Cell Lymphoma,COMPLETED,PHASE2,75.0
NCT00598442,Safety and Efficacy of Peginesatide for the Treatment of Anemia in Participants With Chronic Renal Failure Not on Dialysis,COMPLETED,PHASE3,493.0
NCT03298542,"A Study to Evaluate SIMPONI (Golimumab) Therapy in Children, Adolescents and Young Adults With Pre-Symptomatic Type 1 Diabetes",COMPLETED,PHASE1,8.0
NCT04660786,Intralesional Vitamin D in Alopecia Areata,UNKNOWN,PHASE1,40.0
NCT07217873,IntraVenous Iron in Kids With Iron Deficiency and Scoliosis Study,RECRUITING,PHASE2,120.0
NCT01742273,Vitamin K1 to Slow Progression of Vascular Calcification in HD Patients,TERMINATED,PHASE3,63.0
NCT00652873,Bioequivalence Study of Cabergoline Tablets and Dostinex Under Fed Conditions,COMPLETED,PHASE1,24.0
NCT05080569,Luteal Phase Support in IUI MOH Treatment Luteal Phase Support in IUI MOH Treatment,RECRUITING,PHASE4,1008.0
NCT02779569,A Clinical Trial Evaluating the Efficacy of Ultra Low Dose of Decitabine in Myelodysplastic Syndromes (MDS),UNKNOWN,NA,80.0
NCT02437669,Intranasal Hydromorphone for the Treatment of Acute Pain in Children: A Pilot Study.,COMPLETED,PHASE2,35.0
NCT01951183,A Study of RO6811135 in Patients With Type 2 Diabetes Who Are Inadequately Controlled With Metformin,WITHDRAWN,PHASE2,0.0
NCT07413354,Tislelizumab Combined With Huaier Granule as First-line Treatment for Unresectable Hepatocellular Carcinoma,RECRUITING,PHASE2,94.0
NCT02947854,"Study to Assess Safety, Tolerability and Immune Response of Fimaporfin-induced Photochemical Internalisation of Antigen/Adjuvant",COMPLETED,PHASE1,96.0
NCT05353205,A Study of the Efficacy and Safety of Flumatinib in Patients With Newly Diagnosed Chronic Myeloid Leukemia in Chronic Phase.,UNKNOWN,PHASE4,200.0
NCT01241669,"Randomized, Placebo-controlled Study to Evaluate Effects of E5555 on Renal Function Parameters and OCT2 Activity",COMPLETED,PHASE1,104.0
NCT05349669,Jafron Haemoadsorption During Cardiopulmonary Bypass,COMPLETED,PHASE2,40.0
NCT00267683,Efficacy and Safety of Insulin Aspart Versus Glibenclamide in Type 2 Diabetes,TERMINATED,PHASE3,9.0
NCT07110883,A Clinical Study of SYS6023 in Patients With Advanced Solid Tumors,RECRUITING,PHASE1,400.0
NCT00480766,A Research Study to Evaluate the Safety and Effectiveness of MK0217 to Prevent and Treat Bone Loss (0217-193)(COMPLETED),COMPLETED,PHASE3,173.0
NCT02673866,Study to Evaluate the Efficacy and Safety of DS-1971a for the Treatment of Diabetic Peripheral Neuropathic Pain (DPNP),WITHDRAWN,PHASE2,0.0
NCT06324266,Study on the Efficacy and Safety of Low-dose CTX as Maintenance Therapy for MM Unsuitable for Transplantation,UNKNOWN,PHASE2,80.0
NCT05162066,"Study to Evaluate the Safety, Tolerability of BCX9930 in Participants With Either Complement 3 Glomerulopathy (C3G), Immunoglobulin A Nephropathy (IgAN), or Primary Membranous Nephropathy (PMN)",TERMINATED,PHASE2,2.0
NCT05563766,A Phase II Trial to Evaluate the Effect of Itraconazole on Pathologic Complete Response Rates in Resectable Esophageal Cancer,RECRUITING,PHASE2,78.0
NCT00688766,Study Evaluating IPI-504 in Patients With Gastrointestinal Stromal Tumors (GIST) Following Failure of at Least Imatinib and Sunitinib,TERMINATED,PHASE3,47.0
NCT05277766,Intraperitoneal Aerosolized Nanoliposomal Irinotecan (Nal-IRI) in Peritoneal Carcinomatosis From Gastrointestinal Cancer,ACTIVE_NOT_RECRUITING,PHASE1,45.0
NCT03260166,Nicotinamide Treatment for Lupus-associated Skin Lesions in Lupus Erythematosus,UNKNOWN,PHASE2,40.0
NCT05060666,Prophylaxis of COVID-19 Disease With Ivermectin in COVID-19 Contact Persons [German: Prophylaxe Der COVID-19-Erkrankung Mit Ivermectin Bei COVID-19 Kontaktpersonen],UNKNOWN,PHASE3,412.0
NCT00493766,Safety of LBH589 Alone and in Combination With IV Docetaxel and Prednisone,TERMINATED,PHASE1,16.0
NCT02006966,The Impact of Intraoperative Systemic Lidocaine Infusion on Chronic Postoperative Pain After Video-assisted Thoracic Surgery (VATS),COMPLETED,NA,168.0
NCT07656766,Sintilimab Plus Gossypol Acetate in Advanced Colorectal Cancer,NOT_YET_RECRUITING,PHASE2,32.0
NCT00279266,Oral Thiamine for the Treatment of Painful Diabetic Peripheral Neuropathy,WITHDRAWN,NA,0.0
NCT04540666,VR Sedation in Third Molar Surgery,UNKNOWN,NA,40.0
NCT06147856,A Dose-finding Study to Evaluate mRNA-3210 in Participants With Phenylketonuria,WITHDRAWN,PHASE1,0.0
NCT02719756,Effect of SGLT-2 Inhibitor Dapagliflozin on Glycemic Variability in Patients With Diabetes Mellitus Type 2,UNKNOWN,PHASE4,100.0
NCT00394056,Vestipitant Or Vestipitant/Paroxetine Combination In Subjects With Tinnitus And Hearing Loss.,COMPLETED,PHASE2,26.0
NCT03034356,Reducing Hippocampal Hyperactivity and Improving Cognition in Schizophrenia,COMPLETED,PHASE1,67.0
NCT02971956,Pembrolizumab in Refractory Advanced Esophageal Cancer,COMPLETED,PHASE2,49.0
NCT01067222,Efficacy and Safety Study of BF2.649 in the Treatment of Excessive Daytime Sleepiness in Narcolepsy,COMPLETED,PHASE3,110.0
NCT00634751,"CO07204-Phase I/II of Oxaliplatin, Capecitabine & Sorafenib for Advanced Pancreatic & Biliary Carcinoma",COMPLETED,PHASE1,48.0
NCT02963051,"A Phase Ib Study of Intravenous Copper Loading With Oral Disulfiram in Metastatic, Castration Resistant Prostate Cancer",TERMINATED,PHASE1,9.0
NCT01349751,Clinical Characteristics of Spinal Levobupivacaine: Hyperbaric Compared With Isobaric Solution,COMPLETED,NA,20.0
NCT04811651,Umbilical Cord-derived Mesenchymal Stem Cells for Ischemic Stroke,COMPLETED,PHASE2,156.0
NCT02426229,Safety & Suitability of Dabigatran to Inhibit Thrombin in Scleroderma,COMPLETED,PHASE1,15.0
NCT05198531,To Evaluate the Safety and Efficacy of TQB2858 Injection to the Subjects With Recurrent/Metastatic Nasopharyngeal Cancer,UNKNOWN,PHASE1,90.0
NCT03751631,Safety and Efficacy of Phenylephrine 2.5%-Tropicamide 1% Microdose Ophthalmic Solution for Pupil Dilation,COMPLETED,PHASE3,70.0
NCT04882631,A Study to Evaluate the Skin Irritation Potential of PBI-100 Topical Cream in Healthy Participants,COMPLETED,PHASE1,30.0
NCT03602131,Chidamide Combined With Clad/Gem/Bu With AutoSCT in High Risk Hodgkin & Non-Hodgkin Lymphoma,UNKNOWN,PHASE2,30.0
NCT02215031,"Safety, Tolerability and Pharmacokinetics of Single Rising Intravenous Doses of BI 44370 BS Solution in Healthy Male Volunteers",COMPLETED,PHASE1,23.0
NCT01397331,Influence of Anesthesia on Mechanical Efficiency of Left Ventricle in Patients Undergoing Open Heart Surgery,TERMINATED,PHASE4,28.0
NCT01100931,"A Phase I/II Study of Paclitaxel, Carboplatin and YM155 (Survivin Suppressor) in Subjects With Solid Tumors (Phase I) and Advanced Non-Small Cell Lung Carcinoma (Phase II)",COMPLETED,PHASE1,42.0
NCT04389931,Effect of Omega 3 as an Immunomodulator Adjunct to Periodontal Debridement,COMPLETED,NA,18.0
NCT00569231,Study With Candida Antigen for Treatment of Warts,COMPLETED,PHASE1,18.0
NCT05827653,MAD Study of NX210c,COMPLETED,PHASE1,29.0
NCT04415853,Study of Larotinib in Unresectable Advanced or Recurrent Esophageal Cancer,RECRUITING,PHASE3,416.0
NCT07300553,Impact Of The Gut Microbiota On Host Cells Energy Metabolism in Health And In Inflammatory Bowel Disease,RECRUITING,PHASE2,45.0
NCT00547053,Amiloride Solution and Tobramycin Solution for Inhalation for the Eradication of Burkholderia Dolosa in Patients With Cystic Fibrosis,COMPLETED,PHASE1,25.0
NCT00548145,The Clinical Study of Pitavastatin Treatment for Group of Mild to Moderate Alzheimer's Disease,TERMINATED,NA,38.0
NCT06708845,US Zamto-cel Autoimmune Diseases,RECRUITING,PHASE1,48.0
NCT01274637,PROSPER: PostpaRtum PrOphylaxiS for PE Randomized Control Trial Pilot,COMPLETED,PHASE3,62.0
NCT01723345,Does Omega-3 Polyunsaturated Fatty Acids (PUFAs) Pretreatment Improve Outcomes in Patients Undergoing Percutaneous Coronary Intervention (PCI)?,UNKNOWN,PHASE3,90.0
NCT06057545,"Pharmacokinetics, Effectiveness and Tolerability of Prolonged-release Tacrolimus After Paediatric Kidney Transplantation",UNKNOWN,PHASE3,30.0
NCT03906045,A Scintigraphy Study of PT010 in COPD Patients,COMPLETED,PHASE1,18.0
NCT01619345,Pharmacoscintigraphic Investigation of NN9924 in Healthy Male Subjects,COMPLETED,PHASE1,27.0
NCT02378545,Trial of Hyperoxic O2 Therapy vs. Normoxic O2 Therapy in Sepsis,COMPLETED,PHASE4,50.0
NCT06442462,Study of SPG302 in Adults With Schizophrenia,ACTIVE_NOT_RECRUITING,PHASE2,32.0
NCT00181662,Pharmacokinetics of Curcumin in Healthy Volunteers,COMPLETED,NA,6.0
NCT01674062,A Study of Perjeta (Pertuzumab) in Combination With Herceptin (Trastuzumab) in Participants With Metastatic Breast Cancer,COMPLETED,PHASE2,95.0
NCT04532346,Hydroxychloroquine in Children's Interstitial Lung Diseases With Genetic Causes,RECRUITING,EARLY_PHASE1,60.0
NCT03852446,"Single Ascending Dose PK, Oral Bioavailability and Food Effect Study in Healthy Male Volunteers",COMPLETED,EARLY_PHASE1,56.0
NCT00749788,Efficacy and Safety Study of JTT-302 in Subjects With Low HDL-C Levels,COMPLETED,PHASE2,150.0
NCT02192203,A Safety Study to Investigate the Skin Sensitization Potential of MFC51123,COMPLETED,PHASE1,227.0
NCT00001903,Prevention of RSV Infections in Bone Marrow Transplant Recipients,COMPLETED,PHASE4,120.0
NCT02423603,PAKT: AZD5363 in Combination With Paclitaxel in Triple-Negative Advanced or Metastatic Breast Cancer,COMPLETED,PHASE2,71.0
NCT03987503,The No One Waits Study: Acceptability and Feasibility of Community-based Point-of-diagnosis HCV Treatment Study,COMPLETED,PHASE4,87.0
NCT00264888,Safety and Efficacy Study of PTC124 in Duchenne Muscular Dystrophy,COMPLETED,PHASE2,38.0
NCT01530503,Second Line Therapy in Advanced Biliary Tract Cancer,COMPLETED,PHASE2,52.0
NCT05011227,Camrelizumab and Chemotherapy Combined With Endoscopic Surgery for Recurrent Nasopharyngeal Carcinoma,UNKNOWN,PHASE2,100.0
NCT06463327,ACHIEVE2 - Safety and Preliminary Efficacy of Intravenous TCB008 in Patients With Relapse or Refractory Acute Myeloid Leukemia (AML) or Myelodysplastic Syndrome (MDS)/AML,NOT_YET_RECRUITING,PHASE1,69.0
NCT02630927,A Safety and Tolerability Study of AG-519 in Healthy Subjects,TERMINATED,PHASE1,108.0
NCT01868061,A Study of Lebrikizumab in Participants With Uncontrolled Asthma on Inhaled Corticosteroids and a Second Controller Medication,COMPLETED,PHASE3,1068.0
NCT02174861,A Study to Assess the Long-term Safety and Efficacy of Erenumab (AMG 334) in Chronic Migraine Prevention.,COMPLETED,PHASE2,609.0
NCT00157261,Thrombolysis Using Tenecteplase (Metalyse®) in Cardiac Arrest - The TROICA Trial,TERMINATED,PHASE3,1050.0
NCT06293742,"ECC5004 DDI Study With Atorvastatin, Rosuvastatin, Digoxin and Midazolam in Healthy Participants",COMPLETED,PHASE1,48.0
NCT01193842,Vorinostat and Combination Chemotherapy With Rituximab in Treating Patients With HIV-Related Diffuse Large B-Cell Non-Hodgkin Lymphoma or Other Aggressive B-Cell Lymphomas,COMPLETED,PHASE1,107.0
NCT07460986,A PHASE IB/II STUDY TO EVALUATE SAFETY AND EFFICACY OF BEXMARILIMAB IN COMBINATION WITH DOXORUBICIN IN METASTATIC SOFT-TISSUE SARCOMA,NOT_YET_RECRUITING,PHASE1,278.0
NCT00143286,A 52-Week Multicenter Study Evaluating the Safety and Efficacy of Varenicline for the Maintenance of Smoking Cessation,COMPLETED,PHASE3,2000.0
NCT05002686,Safety and Efficacy of Sintilimab in Combination With Chemoradiothrapy Followed by D2 Surgical Resection in Patients With Advanced Gastric Cancer With Retroperitoneal Lymph Node Metastasis,UNKNOWN,PHASE2,60.0
NCT05243186,Assessing Cognitive Performance Among Adults With Attention Disorders Working on Treadmill,UNKNOWN,PHASE2,30.0
NCT03503786,"Carboplatin, Paclitaxel With or Without Avelumab in Advanced or Recurrent Endometrial Cancer",UNKNOWN,PHASE2,125.0
NCT00206570,Clinical Estradiol Trial in Women With Schizophrenia,COMPLETED,PHASE2,100.0
NCT01584570,The Effects of Dexmedetomidine and Tracheal Intubation on Heart Rate Variability and QTc Interval,COMPLETED,NA,80.0
NCT04122170,Phase 2B Study to Evaluate the Efficacy of Bentracimab (PB2452) in Reversal of Ticagrelor in Subjects Aged 50-80 Years Old,COMPLETED,PHASE2,207.0
NCT07555470,Mosunetuzumab and Zeprumetostat in Treating Patients With Follicular Lymphoma,RECRUITING,PHASE2,80.0
NCT00392470,"Radiation Therapy, Irinotecan, and Cetuximab in Treating Patients Who Are Undergoing Surgery for Stage III or Stage IV Rectal Cancer",UNKNOWN,PHASE1,20.0
NCT04235270,A Study of Macitentan and Tadalafil as a Fixed Dose Combination and the Free Combination in Healthy Adult Participants,COMPLETED,PHASE1,62.0
NCT07536373,Colchicine in Chronic Limb-Threatening Ischemia,RECRUITING,PHASE3,200.0
NCT00994773,Simvastatin for the Treatment of Chronic Hepatitis B,COMPLETED,PHASE1,32.0
NCT00931073,A Phase I Study To Estimate The Effect Of Ketoconazole And Omeprazole On The Pharmacokinetics Of Dimebon In Healthy Subjects Who Are Normal Or Poor CYP2D6 Metabolizers,COMPLETED,PHASE1,24.0
NCT01793883,Efficacy and Safety Study of Laninamivir Octanoate TwinCaps® Dry Powder Inhaler in Adults With Influenza,COMPLETED,PHASE2,639.0
NCT07647783,"A Single and Multiple Ascending Dose Study to Evaluate Safety, Tolerability, Pharmacokinetics and Pharmacodynamics of SYH2072 Tablets",RECRUITING,PHASE1,112.0
NCT06085183,Indigotindisulfonate Sodium as an Aid in Determination of Ureteral Patency in Patient's With Renal Impairment,RECRUITING,PHASE4,48.0
NCT01344083,Comparison of the Efficacy and Tolerability of T1210 and Olopatadine Hydrochloride 0.1% in the Treatment of Seasonal Allergic Conjunctivitis,COMPLETED,PHASE2,60.0
NCT03614741,"Efficacy, Safety and Pharmacokinetics of Tinzaparin During Slow Low Efficient Daily Dialysis in Intensive Care Patients",UNKNOWN,PHASE4,60.0
NCT00819741,Comparison of the Blood Sugar Lowering Effect Between Repaglinide Plus Metformin and Repaglinide Alone in Type 2 Diabetics Not Previously Treated With Oral Sugar-lowering Drugs,COMPLETED,PHASE4,433.0
NCT01871441,Haploidentical Donor Hematopoietic Stem Cell Transplant in Treating Patients With Hematologic Malignancies,TERMINATED,PHASE2,4.0
NCT02453841,Prospective Hemodynamic and Pharmacokinetic Analysis of Oxymetazoline Absorption,COMPLETED,NA,30.0
NCT05281341,Effect of GH Administration in Poor Responders Undergoing Intracytoplasmic Sperm Injection (ICSI),COMPLETED,PHASE4,160.0
NCT00641641,The Effect of Raltegravir on HIV Decay During Primary and Chronic Infection,COMPLETED,NA,16.0
NCT00529841,Research Study for Children With Salt Wasting Congenital Adrenal Hyperplasia,COMPLETED,NA,7.0
NCT02143141,Low Pain Prediction in Cesarean Section Patients,TERMINATED,PHASE4,13.0
NCT00453141,Betamethasone Dosing Interval - 12 or 24 Hours?,COMPLETED,NA,200.0
NCT03401541,25-Hydroxyvitamin D Pharmacokinetic Study,COMPLETED,EARLY_PHASE1,16.0
NCT01325441,A Study of BBI608 Administered With Paclitaxel in Adult Patients With Advanced Malignancies,COMPLETED,PHASE1,565.0
NCT01302041,A Study to Test if Enzalutamide is Effective and Safe in Prostate Cancer Patients Who Have Never Had Hormone Therapy,COMPLETED,PHASE2,67.0
NCT04199741,PET/CT Imaging of Small Cell Lung Cancer Using 89Zr-DFO-SC16.56,RECRUITING,PHASE1,53.0
NCT05865041,Investigate the Efficacy and Safety of Farudodstat Compared With Its Placebo in Adult Alopecia Areata Participants,UNKNOWN,PHASE2,60.0
NCT01429441,Ocriplasmin for Treatment for Symptomatic Vitreomacular Adhesion Including Macular Hole,COMPLETED,PHASE3,220.0
NCT07679841,Safety and Efficacy of Nivolumab and Imiquimod Combination in Vulvar Squamous Cell Carcinoma Patients,NOT_YET_RECRUITING,PHASE1,50.0
NCT07228741,Resistance Exercise and Incretin Mimetic for Cardiometabolic Health in Survivors of ALL With Obesity,RECRUITING,PHASE2,20.0
NCT00823641,The HAM Infliximab Study,TERMINATED,PHASE2,3.0
NCT00165841,Maintenance Intermittent Therapy for Symptomatic GERD Patients,COMPLETED,PHASE2,200.0
NCT00001854,Long-Term Therapy With Ribavirin for Chronic Hepatitis C,COMPLETED,PHASE4,50.0
NCT00376454,"The Study of GW493838, an Adenosine A1 Agonist, in Peripheral Neuropathic Pain",COMPLETED,PHASE2,113.0
NCT01536041,A Placebo and Active Controlled Study of ONO-6950 in Asthmatic Patients,COMPLETED,PHASE2,59.0
NCT02548741,Evaluation of the Metformin Effect on Methylglyoxal in Patients With Type 2 Diabetes,UNKNOWN,NA,120.0
NCT00484341,Phase II Study of NGR-hTNF in Combination With Doxorubicin in Patients Affected by Soft Tissue Sarcomas.,COMPLETED,PHASE2,69.0
NCT04865705,Neoadjuvant Chemotherapy and Tilelizumab in Stage III（cTNM-IIIA.IIIB）Non-small-cell Lung Cancer,UNKNOWN,PHASE2,33.0
NCT03303105,Long-term Safety and Tolerability of Subcutaneous Administration of TEV-48125 for the Preventive Treatment of Migraine,COMPLETED,PHASE3,50.0
NCT00135005,Study of AMN107 With Imatinib in Gastrointestinal Stromal Tumors (GIST),COMPLETED,PHASE1,59.0
NCT00193505,Ifosfamide/Carboplatin/Etoposide/Rituxan Followed by Zevalin in Relapsed/Refractory Intermediate Grade B-Cell Lymphoma,COMPLETED,PHASE2,40.0
NCT07608705,A Study to Assess the Effect of HRS-1301 on the Pharmacokinetics of Midazolam and Atorvastatin in Healthy Participants,RECRUITING,PHASE1,16.0
NCT03105505,"The Efficacy of Permethrin 5%, Fusidic Acid 1% and Synthomycine 5% for Demodex - Blepharitis",UNKNOWN,PHASE4,75.0
NCT01702194,TD-1211 IV/Oral Mass Balance Study,COMPLETED,PHASE1,10.0
NCT02076594,Low-Tox Vs Eox In Patients With Locally Advanced Unresectable Or Metastatic Gastric Cancer,TERMINATED,PHASE3,171.0
NCT05180851,Safety and Efficacy of Recombinant Oncolytic Adenovirus L-IFN Injection in Relapsed/Refractory Solid Tumors Clinical Study,UNKNOWN,EARLY_PHASE1,28.0
NCT04294056,"A Study to Evaluate the Differences in Pharmadynamics, Pharmacokinetics, and Safety Between Ciprofol and Propofol",COMPLETED,PHASE1,18.0
NCT00177866,Safety of Celecoxib in Patients With Crohn's Disease,TERMINATED,PHASE4,28.0
NCT00782951,"A Comparison of Analgesic Efficacy Between a Single Dose of ORG 28611, Morphine, and Placebo After Dental Impaction Surgery (Study P05800)",TERMINATED,PHASE2,11.0
NCT00751751,Olmesartan Medoxomil Versus Losartan in Elderly and Very Elderly,COMPLETED,PHASE3,441.0
NCT01014351,Study of Everolimus With Paclitaxel and Carboplatin in Patients With Metastatic Melanoma,COMPLETED,PHASE2,70.0
NCT03076151,Pharmacokinetic Study of Adoport® (Tacrolimus) in Patients With de Novo Kidney Transplantation,COMPLETED,PHASE4,30.0
NCT00039351,Combination Chemotherapy in Treating Older Patients With Non-Hodgkin's Lymphoma,COMPLETED,PHASE2,32.0
NCT06358651,Fasedienol Nasal Spray for the Acute Treatment of Anxiety in Adults With Social Anxiety Disorder (PALISADE-3),ACTIVE_NOT_RECRUITING,PHASE3,238.0
NCT01475851,Phase 3 Study of GSK548470 in Patients With Compensated Chronic Hepatitis B With Poor Response to Other Drugs,COMPLETED,PHASE3,34.0
NCT00123851,"Tarceva, Capecitabine and Oxaliplatin for Metastatic Colorectal Cancer",COMPLETED,PHASE2,32.0
NCT03243851,Study on Low Dose Temozolomide Plus Metformin or Placebo in Patient With Recurrent or Refractory Glioblastoma,COMPLETED,PHASE2,81.0
NCT00919451,Ciclosporin in the Management of Steroid Resistant Type 1 Reactions in Leprosy,COMPLETED,PHASE2,16.0
NCT05288166,A Study of Abemaciclib (LY2835219) With Abiraterone in Men With Prostate Cancer That Has Spread to Other Parts of the Body and is Expected to Respond to Hormonal Treatment (Metastatic Hormone-Sensitive Prostate Cancer),ACTIVE_NOT_RECRUITING,PHASE3,925.0
NCT02063802,Metformin vs Conjugated Linoleic Acid and an Intervention Program With Healthy Habits in Obese Children,UNKNOWN,PHASE2,120.0
NCT02578602,MRI With Gadoxetate Disodium in Measuring Tumors in Patients With Liver Cancer,COMPLETED,PHASE1,26.0
NCT04775602,Experimental Study to Evaluate the Impact of 18 Fluoro-PSMA (18F-PSMA) PET / CT in the Management of Patients with Prostate Cancer.,COMPLETED,PHASE2,550.0
NCT04791202,Hypertonic Dextrose Versus Corticosteroid Intra-Articular Injections for the Treatment of Trapeziometacarpal Arthritis,UNKNOWN,PHASE3,130.0
NCT00264602,Real-Time Image Guided Lymphatic Mapping and Nodal Targeting in Lung Cancer,ACTIVE_NOT_RECRUITING,PHASE1,57.0
NCT07333937,Neratinib Combined With Fulvestrant and Eribulin in the Treatment ofHR+/HER2+ Advanced Breast Cancer,NOT_YET_RECRUITING,PHASE2,35.0
NCT02391337,Rate Control Therapy Evaluation in Permanent Atrial Fibrillation (RATE-AF),COMPLETED,PHASE4,161.0
NCT06732245,Safety and Efficacy of NA-931 and Tirzepatide in Adults Who Are Overweight or Obese,NOT_YET_RECRUITING,PHASE2,224.0
NCT01014637,"Efficacy, Safety and Cost-effectiveness of a Sequential Therapy With RV4104A Ointment, Ciclopiroxolamine Cream and Ciclopirox Film-forming Solution Compared With Amorolfine Nail Lacquer in Dermatophytic Onychomycosis",UNKNOWN,PHASE4,260.0
NCT00198237,Genomic & Proteomic Analysis of Docetaxel & Capecitabine as Primary Chemo for Stage II-III Breast Cancer,COMPLETED,PHASE2,40.0
NCT04243837,LYT-100 in Patients With BCRL,TERMINATED,PHASE2,50.0
NCT05799495,A Study to Understand the Effect and Safety of the Study Medicine PF-07817883 in Adults Who Have Symptoms of COVID-19 But Are Not Hospitalized,COMPLETED,PHASE2,240.0
NCT00272662,Study of Subcutaneously Administered Peginesatide in Anemic Cancer Patients Receiving Chemotherapy,COMPLETED,PHASE2,60.0
NCT02961946,Effects of Sublingual and Transdermal Administration of Nitroglycerin for Coronary CT Angiography on Image Quality,COMPLETED,PHASE4,198.0
NCT03992846,Efficacy and Safety of Linzagolix for the Treatment of Endometriosis-associated Pain.,COMPLETED,PHASE3,486.0
NCT00006388,Radiation Therapy and Tamoxifen in Treating Adults With Newly Diagnosed Supratentorial Glioblastoma Multiforme,COMPLETED,PHASE2,77.0
NCT00130403,OPTAMISE: Clinical Effectiveness of Teriparatide After Alendronate or Risedronate Therapy in Osteoporotic Postmenopausal Women,COMPLETED,PHASE4,290.0
NCT05502146,Comparison of Two Different Norepinephrine Bolus Doses for Management of Spinal Anesthesia-Induced Maternal Hypotension,COMPLETED,PHASE4,200.0
NCT00156546,Evaluation of the Effectiveness of Antibiotic Prophylaxis in Children With a Previous Urinary Tract Infection,UNKNOWN,PHASE4,660.0
NCT00998088,Blood Management in Orthopedic Surgery,COMPLETED,PHASE4,2598.0
NCT00929903,Pazopanib Hydrochloride in Treating Young Patients With Solid Tumors That Have Relapsed or Not Responded to Treatment,COMPLETED,PHASE1,55.0
NCT02071927,Study of the Glutaminase Inhibitor CB-839 in Leukemia,COMPLETED,PHASE1,43.0
NCT02811627,Predicting Treatment Response to Memantine in Autism Using Magnetic Resonance Spectroscopy,COMPLETED,EARLY_PHASE1,10.0
NCT03416127,Effect of Propolis or Metformin Administration on Glycemic Control in Patients With Type 2 Diabetes Mellitus,COMPLETED,PHASE2,36.0
NCT01030861,"Teplizumab for Prevention of Type 1 Diabetes In Relatives ""At-Risk""",COMPLETED,PHASE2,76.0
NCT02092961,"Randomised Double-Blind, Placebo-Controlled, Parallel Group Study in Patients With Active Rheumatoid Arthritis:Magnetic Resonance Imaging Sub-Study",TERMINATED,PHASE2,198.0
NCT00763061,Travatan Versus Timoptic in Treating Open-angle Glaucoma or Ocular Hypertension,COMPLETED,PHASE4,111.0
NCT02800161,Trehalose as add-on Therapy in Bipolar Depression,COMPLETED,PHASE3,60.0
NCT07214142,Total Neoadjuvant Therapy With PD-1 for Locally Advcancer Rectal Cancer,NOT_YET_RECRUITING,PHASE2,30.0
NCT03657342,Efficacy + Safety of Liposome Cyclosporine A to Treat Bronchiolitis Obliterans Post Single Lung Transplant (BOSTON-1),COMPLETED,PHASE3,62.0
NCT04506242,Camrelizumab With Apatinib as Neoadjuvant Therapy for Participants With Resectable Non-Small Cell Lung Cancer,UNKNOWN,PHASE2,74.0
NCT05173142,A Phase Ib/II Clinical Study Evaluating HMPL-453 Tartrate as Monotherapy and in Combination With Chemotherapy or Toripalimab in Advanced Solid Tumors,COMPLETED,PHASE1,190.0
NCT00485342,RIBAJUSTE Clinical Trial Investigating the Efficacy and Safety of Dose Adaptation of Ribavirin,UNKNOWN,PHASE3,236.0
NCT01145586,"A Non-inferiority, Multicenter and Randomized, Multiple-Dose Study About a Treatment to Hypolactasia",COMPLETED,PHASE3,140.0
NCT06890286,"A Study to Evaluate the Pharmacokinetics and Safety Between Single Oral Administration of BR3006 and Co-administration of BR3006A, BR3006B and BR3006C in Healthy Adult Volunteers Under Fasting Conditions",COMPLETED,PHASE1,53.0
NCT06846086,Cardioprotective Effects of Melatonin in Patients With Cardiomyopathy,RECRUITING,PHASE3,46.0
NCT02557386,Optimal Volume of Bupivacaine in Adductor Canal Nerve Block,UNKNOWN,PHASE4,60.0
NCT00385970,"A Phase III Trial Comparing UFT+PSK to UFT+LV in Stage IIB, III Colorectal Cancer",UNKNOWN,PHASE3,380.0
NCT01808573,A Study of Neratinib Plus Capecitabine Versus Lapatinib Plus Capecitabine in Patients With HER2+ Metastatic Breast Cancer Who Have Received Two or More Prior HER2 Directed Regimens in the Metastatic Setting,COMPLETED,PHASE3,621.0
NCT05672173,"Lisocabtagene Maraleucel, Nivolumab and Ibrutinib for the Treatment of Richter's Transformation",ACTIVE_NOT_RECRUITING,PHASE2,9.0
NCT05843669,A Study to Explore if Long-term Use of Mucinex Can Help With Symptoms in Patients With Stable Chronic Bronchitis.,COMPLETED,PHASE4,82.0
NCT03117569,Trial of Simplified Treatment Monitoring for 8 Weeks Glecaprevir/Pibrentasvir in Chronic Hepatitis C Patients,COMPLETED,PHASE3,380.0
NCT05878769,A Study to Evaluate the Long-Term Safety of Astegolimab in Participants With Chronic Obstructive Pulmonary Disease (COPD),RECRUITING,PHASE3,2000.0
NCT00423683,Anticoagulation and Inferior Vena Cava Filters in Cancer Patients With a Venous Thromboembolism,TERMINATED,PHASE3,64.0
NCT04744883,Efficacy of Spinal Manipulation Therapy or Mindfulness-based Reduction Therapy on Patients With Chronic Low Back Pain,ACTIVE_NOT_RECRUITING,EARLY_PHASE1,140.0
NCT03398941,"The Effect of Preoperative Long Period Octreotide Combined With Postoperative Short Period Octreotide on the Complications After Pancreatectomy. A Prospective, Multicenter Clinical Trial",UNKNOWN,NA,150.0
NCT07044141,Efficacy of Oral Tofacitinib in Combination of Narrow Band UVB in Treatment of Vitiligo,ACTIVE_NOT_RECRUITING,PHASE1,20.0
NCT00276354,Study of Long-term Use of Forlax® in Elderly Patients With Chronic Constipation,COMPLETED,PHASE4,246.0
NCT07518654,Phase I Clinical Trial of ThINKK Adoptive Immunotherapy After Allogeneic Hematopoietic Transplantation in Children With Leukemia or Neuroblastoma,NOT_YET_RECRUITING,PHASE1,12.0
NCT03614273,Nebulized Hypertonic Saline (3%) Versus Nebulized Adrenaline for Treatment of Bronchiolitis,COMPLETED,NA,60.0
NCT00434473,IMPACTS Trial: Investigation of the Modulation of Phospholipase in Acute Chest Syndrome,COMPLETED,PHASE2,30.0
NCT07315373,Optimal Dose of Zanubrutinib to Treat Adult Immune Thrombocytopenia,NOT_YET_RECRUITING,PHASE1,60.0
NCT01039805,Evaluation of Single Doses of GSK962040 in Critically Ill Patients With Enteral Feed Intolerance,COMPLETED,PHASE2,34.0
NCT05680805,Metabolic Responses of Metformin and Genetic Polymorphisms of SLC22A1 Gene in PCOS,ACTIVE_NOT_RECRUITING,PHASE4,100.0
NCT00126269,Trial Comparing Cisplatin With or Without Gemcitabine in Patients With Carcinoma of Unknown Primary,UNKNOWN,PHASE3,192.0
NCT05717569,Different Regimens of Vitamin D in Treatment of Children With Chronic Liver Disease,COMPLETED,NA,24.0
NCT00026169,Imatinib Mesylate in Treating Patients With Advanced Cancer and Kidney Failure,COMPLETED,PHASE1,69.0
NCT06947083,Elranatamab Post Cilta-cel in Patients With Clinical High Risk Relapsed Myeloma,RECRUITING,PHASE2,39.0
NCT07707505,Intracavernosal Exosomes vs. Rectal Ozone for Post-RARP Erectile Dysfunction,NOT_YET_RECRUITING,NA,60.0
NCT04912505,ASPirin in Immune thRombocytopenia Patients With Cardiovascular disEase,COMPLETED,PHASE2,4.0
NCT02282605,Study of the Nasal Decolonisation of Staphylococcus Aureus (SA) and the Safety and Tolerability of XF-73 Nasal Gel in Healthy Subjects,COMPLETED,PHASE1,60.0
NCT06061094,"Randomized Trial in Adult de Novo Ph Positive ALL With Chemotherapy, Imatinib or Ponatinib, Blinatumomab and SCT",RECRUITING,PHASE2,220.0
NCT07069166,Para-Probiotic Oral Care in Periodontal Patients With Type 2 Diabetes,RECRUITING,NA,40.0
NCT05857566,Effect of RDX-002 on Postprandial Triglycerides in Subjects Treated With Olanzapine,COMPLETED,PHASE1,24.0
NCT04037566,CRISPR (HPK1) Edited CD19-specific CAR-T Cells (XYF19 CAR-T Cells) for CD19+ Leukemia or Lymphoma.,UNKNOWN,PHASE1,40.0
NCT02867566,A Study Comparing the Efficacy and Safety Between I-CHOP and R-CHOP in Untreated CD20-Positive Diffuse Large B-cell Lymphoma Patients,COMPLETED,PHASE3,420.0
NCT00127166,Two Investigational Drugs in the Prevention of Airway Constriction Brought on by Exercise in Participants With Asthma (0476-911),COMPLETED,PHASE3,154.0
NCT02065466,"Combo of Abraxane, TMZ, Bevacizumab in Metastatic Melanoma With Brain Metastases",WITHDRAWN,PHASE1,0.0
NCT07184866,Vitamin C for Acute Kidney Injury in ACLF With Septic Shock: A Randomized Controlled Trial,NOT_YET_RECRUITING,NA,110.0
NCT03834766,Amphetamine Extended-Release Tablets in the Treatment of Adults With ADHD,COMPLETED,PHASE3,130.0
NCT06790966,Phase 3 Study of PDS0101 and Pembrolizumab in HPV16+ Recurrent/Metastatic Head and Neck Squamous Cell Carcinoma,ACTIVE_NOT_RECRUITING,PHASE3,252.0
NCT06217822,First-in-human Study of 225Ac-PSMA-Trillium (BAY 3563254) in Participants With Advanced Metastatic Castration-resistant Prostate Cancer (mCRPC),RECRUITING,PHASE1,198.0
NCT05141422,A Drug-drug Interaction Study of SHR2150 on Healthy Chinese Volunteers,UNKNOWN,PHASE1,20.0
NCT06284122,Study of Mosunetuzumab Plus Lenalidomide Compared to Anti-CD20 Anti-body + Chemotherapy in Follicular Lymphoma FLIPI2-5,RECRUITING,PHASE3,790.0
NCT04890522,"An Open-label, Multicentre, Phase II/III RCT of PFLL Versus GP Combined With JS001 as the First-line Therapy for mNPC",NOT_YET_RECRUITING,PHASE2,622.0
NCT03197922,Treatment of Encopresis in Children With Autism Spectrum Disorders,COMPLETED,PHASE3,117.0
NCT04910022,Ph I/II Study of NMS-03305293+TMZ in Adult Patients With Recurrent Glioblastoma,ACTIVE_NOT_RECRUITING,PHASE1,150.0
NCT03164122,EVALUATION OF AN INNOVATIVE TREATMENT FOR RADIOCARPAL OSTEOARTHRITIS USING INTRA-ARTICULAR INJECTION OF A MIXTURE OF AUTOLOGOUS MICROFAT AND AUTOLOGOUS PLATELET-RICH PLASMA,COMPLETED,PHASE1,12.0
NCT00001951,Hormone Replacement in Young Women With Premature Ovarian Failure,COMPLETED,PHASE2,250.0
NCT05124951,The Efficacy of WVI in Patients With Localized Basal Ganglia Intracranial Germ Cell Tumors,RECRUITING,PHASE2,150.0
NCT03488251,"PK,PD,Safety and Tolerability of Multiple Dose Regimens of MT-3724 With Gemcitabine and Oxaliplatin for the Treatment of Patients With Relapsed/Refractory Diffuse Large B Cell Non-Hodgkin's Lymphoma",TERMINATED,PHASE2,8.0
NCT01147029,GSAO in Treating Patients With Advanced Solid Tumors That Have Not Responded to Therapy,TERMINATED,PHASE1,35.0
NCT03428529,Capecitabine Versus Bolus 5-Fu Associated to Radiotherapy as Neoadjuvant Treatment for Rectal Cancer.,COMPLETED,PHASE2,63.0
NCT04509102,Psychostimulant Augmentation of Repetitive TMS for the Treatment of Major Depressive Disorder,ENROLLING_BY_INVITATION,EARLY_PHASE1,30.0
NCT00660231,"Gemcitabine and Bexarotene in Treating Patients With Progressive or Refractory Stage IB, Stage II, Stage III, or Stage IV Cutaneous T-cell Non-Hodgkin Lymphoma",COMPLETED,PHASE2,36.0
NCT00496431,phII Study of an HDAC Inhibitor in Very High-risk Relapsed/Refractory Hodgkin's Lymphoma Patients,TERMINATED,PHASE1,19.0
NCT04880031,"A Study of BOS-580 in Obese Subjects at Risk for, or With Biopsy-confirmed, Nonalcoholic Steatohepatitis (NASH) With an Extension",COMPLETED,PHASE2,231.0
NCT00060931,Effect Of Carvedilol Versus Metoprolol On Glycemic Control In Patients With Type II Diabetes And Hypertension,COMPLETED,PHASE4,501.0
NCT01468831,Minocycline to Treat Branch Retinal Vein Occlusion,COMPLETED,PHASE1,9.0
NCT01264731,Combination Therapy of Topical Imiquimod Plus Multipeptide Vaccination for Cutaneous Metastases of Melanoma,COMPLETED,PHASE1,4.0
NCT05246631,Haloperidol and Dexamethasone Towards Postoperative Nausea and Pain in Adult After Laparoscopy,COMPLETED,PHASE4,80.0
NCT02371031,FDOPA-PET/MRI for the Pre-operative Evaluation of Gliomas,TERMINATED,PHASE1,11.0
NCT06534502,"Study of the Pharmacokinetics, Safety, and Tolerability of ZONISADE in Children 1 Month to 17 Years of Age With Partial-onset Seizures",NOT_YET_RECRUITING,PHASE4,40.0
NCT00822302,Trial to Evaluate the Ability of a Single Infusion of High-Density Lipoprotein (HDL) to Modulate Markers of Cerebral Ischaemia,COMPLETED,NA,40.0
NCT04579302,Serratus Anterior Block and Erector Spinae Block in Postoperative Analgesia,COMPLETED,NA,90.0
NCT02650102,The Role of miR-30 Family Dysregulation in Response to Antipsychotic Treatment,UNKNOWN,PHASE1,200.0
NCT04142502,Comparison of the Effects of Dexmedetomidine and Propofol on the Cardiovascular Autonomic Nervous System During Spinal Anesthesia,COMPLETED,NA,60.0
NCT03292302,Phase 1 Study of ELX-02 in Healthy Adults,COMPLETED,PHASE1,18.0
NCT00384202,A Conversion Study to Assess Safety and Efficacy of a MR4 Based Immunosuppressive Regimen in Stable Liver Recipients,COMPLETED,PHASE3,112.0
NCT03081702,"A Study of the Safety, Tolerability and Effectiveness of Hydroxychloroquine and Itraconazole in Platinum-resistant Epithelial Ovarian Cancer",COMPLETED,PHASE1,13.0
NCT02369302,Pharmacokinetics and Drug Interaction Study Between DWC20141 and DWC20142 in Healthy Male Volunteers,COMPLETED,PHASE1,30.0
NCT00418002,Safety and Tolerability of AQW051 in Elderly Healthy Volunteers.,COMPLETED,PHASE1,72.0
NCT05862402,Dose Optimization by Pharmacokinetic/Pharmacodynamic of Antibiotics to Improve Clinical Outcome of Carbapenem Resistant Klebsiella Pneumoniae Bloodstream Infections in Critically Ill Patients at Phramongkutklao Hospital,UNKNOWN,PHASE4,76.0
NCT01025102,The Addition of Sufentanil Interscalene Block in Shoulder Surgery,COMPLETED,PHASE3,26.0
NCT06414902,18F-AraG PET/CT as a Non-Invasive Imaging Biomarker for Chemoradiation Treatment Response in Esophageal Cancer,RECRUITING,PHASE1,60.0
NCT04185402,Azithromycin Reduction to Reach Elimination of Trachoma,COMPLETED,PHASE4,3931.0
NCT02890602,Erythropoietin for Management of Anemia Caused by Chemotherapy,COMPLETED,PHASE2,53.0
NCT07439653,A Study of TORL-5-700 in Relapsed/Refractory Non Hodgkin's Lymphoma,RECRUITING,PHASE1,155.0
NCT06338553,GLP-1Ra Impact on Metabolic Outcomes in Stage 2 T1DM While Receiving Teplizumab,RECRUITING,EARLY_PHASE1,24.0
NCT01355302,E7050 in Combination With Cisplatin and Capecitabine Versus Cisplatin and Capecitabine Alone in Patients With Advanced or Metastatic Solid Tumors and Previously Untreated Gastric Cancer,TERMINATED,PHASE1,7.0
NCT01843153,Continuous Versus Intermittent Sciatic Block for Total Knee Arthroplasty,COMPLETED,PHASE4,140.0
NCT06322953,Timing to Restart Direct Oral Anticoagulants After Traumatic Intracranial Haemorrhage,RECRUITING,PHASE3,1084.0
NCT00002953,Epirubicin and Cyclophosphamide Compared With Epirubicin and Paclitaxel in Treating Women With Metastatic Breast Cancer,COMPLETED,PHASE3,704.0
NCT00457353,ENterogermina® (Bacillus Clausii) In the manaGeMent of diarrheA in Children,COMPLETED,PHASE3,264.0
NCT02123953,"Safety, Tolerability, Pharmacokinetics and Pharmacodynamics of TAK-438 in Healthy Male Participants",COMPLETED,PHASE1,60.0
NCT00635037,Myofascial Pain:Acupuncture Versus Trigger Point Injection Combined With Dipyrone and Cyclobenzaprine,COMPLETED,NA,30.0
NCT05969327,Role of Vitamin D Therapy in Recovery From Early Neonatal Sepsis (Randomized Controlled Trial),COMPLETED,PHASE3,66.0
NCT07036861,A Comparative Bioavailability Study of Reformulated Ibuprofen 2% and 4% Oral Suspensions (Berlin Chemie AG) and Versus Ibuprofen (Nurofen®) 200 mg/5 ml Oral Suspension,COMPLETED,PHASE1,74.0
NCT01006161,Study of SCH 527123 in Subjects With Severe Asthma (Study P05109AM1),WITHDRAWN,PHASE2,0.0
NCT01069042,Anti-Hypertensive Agent (ACEi) and Heart Function Improvement in Association With Rho Kinase Activity Changes in Human,UNKNOWN,PHASE4,60.0
NCT00715442,Pre-Surgical Sutent in Renal Cell Carcinoma (RCC),ACTIVE_NOT_RECRUITING,PHASE2,50.0
NCT00461942,Efficacy and Safety of Green Tea Polyphenol in De Novo Parkinson's Disease Patients,COMPLETED,PHASE2,480.0
NCT00325442,FREEDOM-C: Oral Treprostinil in Combination With an Endothelin Receptor Antagonist (ERA) and/or a Phosphodiesterase-5 (PDE-5) Inhibitor for the Treatment of Pulmonary Arterial Hypertension (PAH),COMPLETED,PHASE3,354.0
NCT00811642,Posaconazole Treatment of Invasive Fungal Infection (IFI) (P05551),COMPLETED,PHASE3,63.0
NCT01369186,Drug Drug Interactions of Aspirin and P2Y12-inhibitors,COMPLETED,PHASE4,95.0
NCT01681186,A Study of LY2940680 in Healthy Participants,COMPLETED,PHASE1,30.0
NCT03742986,Trial of Nivolumab With Chemotherapy as Neoadjuvant Treatment in Inflammatory Breast Cancer (IBC),COMPLETED,PHASE2,8.0
NCT06051786,A Study to Evaluate the Safety and Effectiveness of a Nasal Spray to Treat Perennial Allergic Rhinitis,COMPLETED,PHASE2,136.0
NCT05838573,Metformin Treatment on Cognitive Impairment of Schizophrenia,COMPLETED,PHASE3,120.0
NCT01274273,"Study of Interleukin-2, Interferon-alpha and Bevacizumab in Metastatic Kidney Cancer",UNKNOWN,PHASE2,118.0
NCT01700673,Phase II Study of Azacitidine and Sargramostim as Maintenance Treatment for Poor-Risk AML or MDS,COMPLETED,PHASE2,25.0
NCT02175069,Magnetic Resonance Imaging of Interscalene Plexus Block,COMPLETED,PHASE4,30.0
NCT00132769,A Study of a Novel Investigational Drug in Rheumatoid Arthritis Patients (MK-0873-012)(COMPLETED),COMPLETED,PHASE2,106.0
NCT00257283,Omacor in Prevention of Cardiovascular Events in Patients Undergoing Chronic Hemodialysis,COMPLETED,PHASE4,200.0
NCT00271583,Efficacy Trial of CDB 2914 for Emergency Contraception,COMPLETED,PHASE2,1672.0
NCT04828083,Systemic Lidocaine Versus Ultrasound-guided Adductor Canal Block for Patients Undergoing Total Knee Arthroplasty,COMPLETED,PHASE4,120.0
NCT07419841,A Phase 1 Study of the Safety and Tolerability of CTX-10726,RECRUITING,PHASE1,70.0
NCT01809041,Comparison of Intravenous Anesthetics to Volatile Anesthetics on Postoperative Cognitive Dysfunction,COMPLETED,PHASE4,684.0
NCT06231641,The Effects of Lemborexant on the Ability to Sleep During Daytime,TERMINATED,PHASE2,5.0
NCT06288841,"Efficacy and Safety of Liposomal Bupivacaine Under ERAS Concept for Postoperative Analgesia of Ultrasound-Guided QLB in Gynecologic Laparoscopic Patients: A Randomized, Single-blind, Active-Controlled Clinical Study",UNKNOWN,NA,200.0
NCT05421741,Prophylactic Antibiotic Coated Nail to Prevent Infection: A Clinical Trial,RECRUITING,PHASE4,484.0
NCT00035854,New Antibiotic to Treat Pediatric Patients With Infections Due to a Specific Bacteria (Vancomycin-Resistant Enterococcus),COMPLETED,PHASE3,13.0
NCT03268954,"Pevonedistat Plus Azacitidine Versus Single-Agent Azacitidine as First-Line Treatment for Participants With Higher-Risk Myelodysplastic Syndromes (HR MDS), Chronic Myelomonocytic Leukemia (CMML), or Low-Blast Acute Myelogenous Leukemia (AML)",COMPLETED,PHASE3,454.0
NCT00331305,Exercise Training Versus Drug Therapy for Treating Depression in Older Adults,COMPLETED,PHASE3,457.0
NCT00002305,A Comparison of Fluconazole and Amphotericin B in the Treatment of Cryptococcal Meningitis,COMPLETED,NA,
NCT06718205,Nimotuzumab Combined With Sintilimab and Chemotherapy for Advanced Esophageal Squamous Cell Carcinoma,RECRUITING,PHASE2,112.0
NCT01323205,"Investigation of the Safety, Tolerability and Potential Therapeutic Effects of JNJ-40411813 in Patients With Schizophrenia",COMPLETED,PHASE2,100.0
NCT01007994,Reduction of Night-time Blood Pressure in Pediatric Renal Transplant Recipients,COMPLETED,PHASE2,33.0
NCT01225094,Curcumin to Prevent Complications After Elective Abdominal Aortic Aneurysm (AAA) Repair,COMPLETED,PHASE2,606.0
NCT01491594,Eltrombopag for the Prevention of Chemotherapy Induced Thrombocytopenia,TERMINATED,PHASE1,1.0
NCT07357766,A Research Study to Compare Different Versions of Injectable CagriSema and Placebo in People With Excess Body Weight,WITHDRAWN,PHASE3,0.0
NCT02815566,Bone Health in Aging HIV Infected Women,COMPLETED,PHASE4,34.0
NCT00812266,Topotecan and Cisplatin Versus Etoposide and Carboplatin in 1st Line Treatment of Patients With Small Cell Lung Cancer and Extensive Disease (SCLC-ED),TERMINATED,PHASE3,281.0
NCT05648266,Serratus Plane Block After Minimally Invasive Mitral Valve Repair,COMPLETED,NA,78.0
NCT03275454,"A Study to Assess Safety, Tolerability, Pharmacokinetics and Pharmacodynamics of Multiple- Dose BIVV009 in Participants With Chronic Immune Thrombocytopenia (ITP)",COMPLETED,PHASE1,12.0
NCT03384654,A Study to Evaluate the Efficacy and Safety of Daratumumab in Pediatric and Young Adult Participants Greater Than or Equal to (>=)1 and Less Than or Equal to (<=) 30 Years of Age With Relapsed/Refractory Precursor B-cell or T-cell Acute Lymphoblastic Leukemia or Lymphoblastic Lymphoma,COMPLETED,PHASE2,47.0
NCT00324805,"Chemotherapy With or Without Bevacizumab in Treating Patients With Stage IB, Stage II, or Stage IIIA Non-small Cell Lung Cancer That Was Removed By Surgery",COMPLETED,PHASE3,1501.0
NCT03780894,"Transfusion of Red Blood Cells, Tranexamic Acid and Fibrinogen Concentrate for Severe Trauma Hemorrhage at Pre-hospital Phase of Care.",COMPLETED,PHASE1,79.0
NCT00927394,Aliskiren and Valsartan vs Valsartan Alone in Patients With Stage II Systolic Hypertension and Type II Diabetes Mellitus,COMPLETED,PHASE4,1143.0
NCT00099294,Study of the Efficacy and Safety of Glufosfamide Compared With Best Supportive Care in Metastatic Pancreatic Cancer,COMPLETED,PHASE3,300.0
NCT03332329,Sequential/Combination Therapy in Nucleoside or Nucleotide Analogue (NA)-Suppressed Chronic Hepatitis B Patients,UNKNOWN,PHASE4,15.0
NCT04806529,"An Efficacy, Immunogenicity and Safety Study Investigating an Adjuvanted SARS-CoV-2 Influenza Vaccine to Protect Against COVID-19 in Adults Over Aged 18 Years-old and Older",WITHDRAWN,PHASE2,0.0
NCT01855529,ROPI Study : Ropivacaine Interest in Postsurgical Pain After Mastectomy,COMPLETED,PHASE2,150.0
NCT01955629,"Study of Aflibercept as Maintenance Therapy Following Induction With Aflibercept in Combination With XELOX, as First-Line Treatment for Metastatic Colorectal Cancer Patient",TERMINATED,PHASE1,4.0
NCT00003129,Chemotherapy in Treating Patients With Early-Stage Bladder Cancer,COMPLETED,PHASE2,75.0
NCT01559129,"Study of Pomalidomide (CC-4047) to Evaluate Safety, Tolerability, Pharmacokinetics, Pharmacodynamics and Effectiveness for Patients With Systemic Sclerosis With Interstitial Lung Disease",TERMINATED,PHASE2,23.0
NCT02640729,Study Evaluating Nelotanserin for Treatment of Visual Hallucinations in Subjects With Lewy Body Dementia,COMPLETED,PHASE2,30.0
NCT04865029,Estradiol and Progesterone in Hospitalized COVID-19 Patients,TERMINATED,PHASE2,10.0
NCT00145002,A Study for Aggressive Adult T-cell Leukemia-lymphoma (ATLL),COMPLETED,PHASE3,130.0
NCT04500002,Isonicotinic Acid Hydrazide (INH) Pretreatment With Misoprostol Versus Misoprostol Alone in Missed Abortion,UNKNOWN,NA,240.0
NCT00914602,An Exploratory Study of XP21279 (With Lodosyn®) and Sinemet® in Parkinson's Disease Subjects,COMPLETED,PHASE1,14.0
NCT02425202,Ketamine Infusion for Pediatric Patients With Obstructive Sleep Apnea Syndrome (OSAS) After Tonsillectomy,COMPLETED,PHASE4,36.0
NCT00119002,The Effectiveness of Oral Dexamethasone for Acute Bronchiolitis,COMPLETED,PHASE4,598.0
NCT03655002,"IRX-2, Cyclophosphamide, and Nivolumab in Treating Patients With Recurrent or Metastatic and Refractory Liver Cancer",ACTIVE_NOT_RECRUITING,PHASE1,8.0
NCT05740202,A Trial of SHR-7367 in Subjects With Advanced Solid Tumors,COMPLETED,PHASE1,22.0
NCT00837902,Genetic Determinants of Response to Beta Blockade,COMPLETED,NA,154.0
NCT05420402,Effect of Different Administrations of Propofol on Emergence Agitation in Preschool Children Undergoing Ambulatory Surgery,UNKNOWN,NA,168.0
NCT02094053,"A Double-blind, Placebo-controlled Comparative Study and Open-label Extension Study to Confirm the Efficacy and Safety of E2020 in Subjects With Down Syndrome Having Regression Symptoms and Disabled Activities of Daily Living.",COMPLETED,PHASE2,36.0
NCT03705351,Tumor Treating Fields With Chemoradiation in Newly Diagnosed GBM,TERMINATED,PHASE1,7.0
NCT03392051,Drug-drug Interaction Study to Evaluate the Effect of ISIS 681257 on Clopidogrel,COMPLETED,PHASE1,18.0
NCT00064051,3-AP and Gemcitabine in Treating Patients With Unresectable or Metastatic Pancreatic Cancer,COMPLETED,PHASE2,
NCT05215951,Osimertinib Plus Chemotherapy in Uncommon EGFRm NSCLC,TERMINATED,PHASE2,4.0
NCT05767229,Acute Hemodynamic Response to Carvedilol in Children With Clinically Significant Portal Hypertension.,COMPLETED,NA,40.0
NCT06003829,A Study to Learn About the Tastes of Different Suspensions With the Study Medicine (PF-07923568) in Healthy Adult Participants.,COMPLETED,PHASE1,12.0
NCT00890929,Phase 1-2 of Azacitidine + Lenalidomide for Previously Untreated Elderly Patients With Acute Myeloid Leukemia (AML),COMPLETED,PHASE1,45.0
NCT02762929,Evaluation of the Efficacy and Safety of Locally Administered HTX-011 for Postoperative Analgesia Following Bunionectomy,COMPLETED,PHASE2,430.0
NCT04736329,Telmisartan Versus Enalapril in Heart Failure With Reduced Ejection Fraction Patients With Moderately Impaired Kidney Functions,COMPLETED,NA,107.0
NCT01821729,Radiation w/FOLFIRINOX-Losartan for Pancreatic Cancer,COMPLETED,PHASE2,50.0
NCT01481129,Akt Inhibitor MK2206 in Treating Patients With Relapsed or Refractory Diffuse Large B-Cell Lymphoma,COMPLETED,PHASE2,22.0
NCT04858529,Neoadjuvant TCHP Versus THP in Patients With HER2-positive Breast Cancer (neoCARHP Study),UNKNOWN,PHASE3,774.0
NCT04855929,A Study Evaluating Safety and Therapeutic Activity of ANV419 in Patients with Advanced Cancer.,COMPLETED,PHASE1,55.0
NCT02848729,Drug Interactions Between Morphine and Orally or IV Administered Acetaminophen,COMPLETED,PHASE4,50.0
NCT01593735,A Multiple Dose Study to Evaluate the Safety and Efficacy of MK-2748 in Hepatitis C-Infected Participants (MK-2748-002 AM1),COMPLETED,PHASE1,30.0
NCT04560725,PSMA Specific [68Ga]-P137 Peptide Probe for PET Imaging in Prostate Cancer,ACTIVE_NOT_RECRUITING,NA,50.0
NCT06733025,Comparing Upper Limb Surgery and Botulinum Toxin for Spasticity: A Paired Design Study,RECRUITING,NA,30.0
NCT05470725,Study to Evaluate the Pharmacokinetics of CIN-107 in Subjects With Varying Degrees of Renal Function,COMPLETED,PHASE1,33.0
NCT01981408,A Study of LY2801653 in Healthy Participants,COMPLETED,PHASE1,6.0
NCT00117117,A Study to Assess Symptom Burden in Subjects With Nonmyeloid Malignancies Receiving Chemotherapy and Aranesp®,COMPLETED,PHASE4,2423.0
NCT02663089,"A Phase 1 (Ph1), Single Dose (SD), GSK961081 Absorption, Distribution, Metabolism, and Excretion (ADME) Study in Healthy Subjects",COMPLETED,PHASE1,6.0
NCT00239889,Efficacy and Safety of Salmon Calcitonin Nasal Spray in Improving Muscle Strength and Reducing Pain After Forearm Fracture in Postmenopausal Women,COMPLETED,PHASE4,300.0
NCT00784368,A Pharmacokinetic Study of JK1211(Itraconazole [Itrizole]) Oral Solution in Participants With Deep Mycosis and Those With Febrile Neutropenia Suspected of Fungal Infection,COMPLETED,PHASE3,55.0
NCT00565968,Sorafenib and Isolated Limb Infusion of Melphalan in Treating Patients With Stage III Melanoma of the Arm or Leg,COMPLETED,PHASE1,20.0
NCT07167368,Exercise Rehabilitation for Cardiorenal Syndrome in HFrEF Patients,RECRUITING,NA,60.0
NCT06246968,A Study of Pembrolizumab and Cryoablation in People With Breast Cancer,RECRUITING,PHASE1,30.0
NCT01524068,"A MultiCenter Study of Combined PEX, Rituximab, and Steroids in Acute Idiopathic Pulmonary Fibrosis Exacerbations",WITHDRAWN,PHASE2,0.0
NCT04797468,A Phase 1 Study of the CD73 Inhibitor(HLX23) Alone in Participants With Solid Tumor,WITHDRAWN,PHASE1,0.0
NCT04924868,Ursodeoxycolic Acid for the Prevention of Relapsing Complications After Gallstone Acute Pancreatitis,RECRUITING,PHASE3,332.0
NCT07209189,Neoadjuvant Chemotherapy and Programmed Cell Death Protein 1(PD-1) Inhibition for Head and Neck Cancer Treatment De-escalation (NeoScorch HN),RECRUITING,PHASE2,75.0
NCT01342289,"Shorter Course Tacrolimus After Nonmyeloablative, Related Donor BMT With High-dose Posttransplantation Cyclophosphamide",COMPLETED,PHASE1,127.0
NCT04007289,Apixaban for Intrahepatic Non Cirrhotic Portal Hypertension,ACTIVE_NOT_RECRUITING,PHASE3,166.0
NCT00316550,Pilot Study to Assess the Effects of AV608 on Irritable Bowel Syndrome,TERMINATED,PHASE1,24.0
NCT05822050,"An Open, Single Center, Non-randomized, Single Arm Clinical Study of Evaluating the Efficacy of Selinexor in the Maintenance Treatment of PTCL",UNKNOWN,PHASE2,20.0
NCT04557150,A Study Evaluating the Safety and Pharmacokinetics of Escalating Doses of Forimtamig in Participants With Relapsed or Refractory Multiple Myeloma (r/r MM),COMPLETED,PHASE1,225.0
NCT06059391,CMV-MVA Triplex Vaccination in HLA-Matched Related Stem Cell Donors for the Prevention of CMV Infection in Patients Undergoing Hematopoietic Stem Cell Transplant,RECRUITING,PHASE2,216.0
NCT01378091,Study of Lenalidomide and Docetaxel in Subjects With Androgen Independent Prostate Cancer,COMPLETED,PHASE1,64.0
NCT02320474,Efficacy of Aflibercept (Eylea®) on Choroidal Neovascularization (Type 3),COMPLETED,PHASE4,26.0
NCT01771874,Influence of Bupropion on the Effects of MDMA,COMPLETED,PHASE1,16.0
NCT00131118,Zoledronic Acid in Children (1 -17 Years) With Severe Osteogenesis Imperfecta,COMPLETED,PHASE2,127.0
NCT04055818,A Study of Nicotinamide With Oral Tetrahydrouridine and Decitabine to Treat High Risk Sickle Cell Disease,RECRUITING,PHASE1,20.0
NCT07421518,Ketone Monitoring Approaches for Diabetic Ketoacidosis Risk Mitigation in People With T1D on Adjunctive SGLT-2 Inhibitors,NOT_YET_RECRUITING,PHASE2,75.0
NCT03627390,BP-C1 in Short-term Treatment of Metastatic Pancreatic Cancer,COMPLETED,PHASE2,16.0
NCT02059590,A Study to Evaluate the Pharmacokinetics of BAL8728 After a Single Dose of Pyridinylmethyl-14C-Labeled Isavuconazonium Sulfate in Healthy Male Subjects,COMPLETED,PHASE1,6.0
NCT05676697,PI3K Delta Inhibitor in Relapsed / Refractory Autoimmune Hemolytic Anemia Patients After Receiving Two or More Lines of Therapy,TERMINATED,PHASE1,4.0
NCT07066397,A Phase 1 Study of FIT-CD19-CAR-T Cells in R/R B-ALL,RECRUITING,PHASE1,12.0
NCT07695597,A Study of SYH2070 Injection in Participants With Mixed Hyperlipidemia,NOT_YET_RECRUITING,PHASE2,240.0
NCT01473797,Evaluation of Efficacy and Tolerance of Cladribine in Symptomatic Pulmonary Langerhans Cell Histiocytosis,UNKNOWN,PHASE2,10.0
NCT07289997,Iparomlimab and Tuvonralimab Combined With Apatinib and Irinotecan Hydrochloride for the Treatment of Advanced Alpha-fetoprotein-producing Gastric Cancer (AFPGC),RECRUITING,PHASE2,39.0
NCT01482897,Efficacy of corticoïd Infiltration Via Sacro-coccygien Hiatus in Discal Sciatica,TERMINATED,PHASE3,13.0
NCT01293097,Intensive Statin Treatment in Chinese Coronary Artery Disease Patients Undergoing PCI,COMPLETED,PHASE4,2884.0
NCT01373710,Intrathecal Trastuzumab Administration in Metastatic Breast Cancer Patients Developing Carcinomatous Meningitis,COMPLETED,PHASE1,34.0
NCT00029510,Magnesium and Asthma - Clinical Trials,COMPLETED,PHASE2,240.0
NCT06251310,SW-682 in Advanced Solid Tumors,RECRUITING,PHASE1,186.0
NCT00146913,AFR10 - Combination Therapy of Imatinib Mesylate (IM) + Alpha-2A Interferon for Chronic Phase CML Patients Resistant or Refractory to IM Used as Single Therapy for at Least One Year,UNKNOWN,PHASE2,30.0
NCT05025813,Neoadjuvant Pembrolizumab in Cutaneous Squamous Cell Carcinoma,RECRUITING,PHASE2,27.0
NCT02741713,Analgesic Benefit of PECS Blocks for Biceps Tenodesis Shoulder Surgery,COMPLETED,PHASE3,40.0
NCT07547813,A Proof-of-Concept Study of LAD328 in Adults With Hidradenitis Suppurativa,NOT_YET_RECRUITING,PHASE2,50.0
NCT02385760,CTX-4430 for the Treatment of Moderate to Severe Facial Acne Vulgaris,COMPLETED,PHASE2,124.0
NCT05638620,Dual Sympathetic Blocks for Patients Experiencing Sympathetically-Mediated Symptoms From Long COVID,COMPLETED,PHASE1,20.0
NCT00244920,Hormone Therapy With or Without Squalamine Lactate in Treating Patients Who Are Undergoing a Radical Prostatectomy for Locally Advanced Prostate Cancer,WITHDRAWN,PHASE2,0.0
NCT02782520,Comparison of the Effects of an Hypertonic Solution With Ringer Lactate on Right Ventricular Function Following Cardiac Surgery,COMPLETED,PHASE3,30.0
NCT00912782,Vitamin D and Arteriovenous Fistulae,COMPLETED,NA,52.0
NCT01817582,Lotemax® Gel 0.5% and Restasis 0.05% in Participants With Mild or Moderate Keratoconjunctivitis Sicca (Dry Eye Disease),COMPLETED,PHASE2,102.0
NCT06401824,Sacituzumab Govitecan and Bevacizumab for NSCLC Brain Metastases,RECRUITING,PHASE2,25.0
NCT00179023,The Autonomic Nervous System and Obesity,COMPLETED,PHASE1,128.0
NCT02210559,"A Study of Gemcitabine Plus Nab-paclitaxel With or Without FG-3019 in Participants With Locally Advanced, Unresectable Pancreatic Cancer",COMPLETED,PHASE1,37.0
NCT01065259,Concerta and Strattera on the Executive Function in Attention Deficit Hyperactivity Disorder (ADHD) Children,COMPLETED,PHASE4,262.0
NCT02250859,A Pharmacokinetic Study of Minocycline in Male and Female Volunteers,COMPLETED,PHASE1,12.0
NCT00562159,Efficacy and Safety of Grass Sublingual Tablet in Adults (P05238 AM3)(COMPLETED),COMPLETED,PHASE3,439.0
NCT02859480,Dose-dependent Effect of Rosuvastatin on Long-term Clinical Outcomes After PCI,UNKNOWN,PHASE4,300.0
NCT06784479,Combination of Remimazolam and Propofol During Drug-induced Sleep Endoscopy,ACTIVE_NOT_RECRUITING,PHASE4,174.0
NCT06411379,Study to Evaluate the Efficacy and Safety of Subcutaneous Sonelokimab Compared With Placebo in Adult Participants With Moderate to Severe Hidradenitis Suppurativa,COMPLETED,PHASE3,418.0
NCT01300780,Effect of an Anti-inflammatory on Tooth Sensitivity Caused by Bleaching,COMPLETED,NA,30.0
NCT01128296,Study of Pre-surgery Gemcitabine + Hydroxychloroquine (GcHc) in Stage IIb or III Adenocarcinoma of the Pancreas,COMPLETED,PHASE1,35.0
NCT05574296,Hydrogen's Feasibility and Safety as a Therapy in ECPR,RECRUITING,PHASE1,53.0
NCT01544296,A Comparative Study of KHK6188,COMPLETED,PHASE2,42.0
NCT03717896,Thiamine as Adjunctive Therapy for Diabetic Ketoacidosis,COMPLETED,PHASE2,102.0
NCT00467779,Study of Cobimetinib in Participants With Solid Tumors,COMPLETED,PHASE1,119.0
NCT00540696,Study to Develop a Screening Tool for Functional Capacity in Anemic Subjects With Nonmyeloid Malignancies Receiving Chemotherapy and Darbepoetin Alfa,COMPLETED,PHASE2,300.0
NCT01884896,Bioequivalence Study of Metoprolol Succinate Extended Release Tablets 200 mg Under Fasting Conditions,COMPLETED,PHASE1,48.0
NCT00830362,Beta-blockade Effects on Memory for Cocaine Craving,COMPLETED,PHASE2,50.0
NCT01245062,GSK1120212 vs Chemotherapy in Advanced or Metastatic BRAF V600E/K Mutation-positive Melanoma,COMPLETED,PHASE3,322.0
NCT01879462,"A First Time in Human Study to Investigate the Safety, Tolerability and Pharmacokinetics of Single & Repeat Escalating Doses of GSK2878175 in Healthy Subjects",COMPLETED,PHASE1,47.0
NCT00579046,Study of Erythropoietin to Treat Anemia Complicating Chronic Obstructive Pulmonary Disease,WITHDRAWN,PHASE3,0.0
NCT00441246,Phase 4 Study - Mucinex D as Adjunct Therapy,COMPLETED,PHASE4,600.0
NCT06504446,"Study to Assess the Efficacy, Safety, and Tolerability of NOC-110 in Adults With Refractory or Unexplained Chronic Cough",ACTIVE_NOT_RECRUITING,PHASE2,455.0
NCT01970046,A Phase III Study of SP2086 in Combination With Metformin in Patients With Type 2 Diabetes,UNKNOWN,PHASE3,360.0
NCT05634746,24-Week Induction Study of APT-1011 in Adult Subjects With Eosinophilic Esophagitis (EoE) (FLUTE 3),COMPLETED,PHASE3,218.0
NCT02421588,Clinical Trial of Lurbinectedin (PM01183) in Platinum Resistant Ovarian Cancer Patients,COMPLETED,PHASE3,442.0
NCT05626803,A Study to Determine the Safety and Immunogenicity of Bivalent GI.1 and GII.4 Vaccines in Healthy Volunteers,COMPLETED,PHASE2,135.0
NCT02359227,Safety Study of Cenderitide in Stable Chronic Heart Failure,COMPLETED,PHASE2,14.0
NCT00483327,Management of Atypical Endometrial Hyperplasia and Endometrial Carcinoma Using Megestrol Acetate,COMPLETED,PHASE2,31.0
NCT00060242,Combretastatin A4 Phosphate in Treating Patients With Advanced Anaplastic Thyroid Cancer,COMPLETED,PHASE2,26.0
NCT04272242,Drug-Drug Interactions Between Rifapentine and Dolutegravir in HIV/LTBI Co-Infected Individuals,TERMINATED,PHASE2,37.0
NCT02446886,Adrenocorticotropic Hormone (ACTH) Effects on Myelination in Subjects With MS,TERMINATED,PHASE4,15.0
NCT04004117,Effect of Sublingual Fentanyl on Breathlessness in COPD,TERMINATED,PHASE2,40.0
NCT06372717,A Study to Investigate APL-4098 Alone and in Combination in Adults With AML or MDS,RECRUITING,PHASE1,100.0
NCT01294540,"Evaluation of the Safety, Tolerability, Pharmacokinetics, and Pharmacodynamics of E2609 in Healthy Subjects and an Elderly Cohort",COMPLETED,PHASE1,73.0
NCT06491940,Comparison of the Role of Losartan Alone vs Hydrochlorothiazide Plus Losartan,NOT_YET_RECRUITING,NA,234.0
NCT00675740,Physical Exercise Versus Rosiglitazone in CAD and Prediabetes,COMPLETED,PHASE4,45.0
NCT04951440,Study on the Effectiveness and Safety of Nitrone for Injection in Patients With Acute Ischemic Stroke,UNKNOWN,NA,200.0
NCT07070440,DZD6008 Combination Therapy in Patients With Locally Advanced or Metastatic NSCLC With EGFR Mutation (TIAN-SHAN7),RECRUITING,PHASE1,100.0
NCT00102440,Febuxostat Versus Allopurinol Control Trial in Subjects With Gout,COMPLETED,PHASE3,760.0
NCT01062568,The Adrenal Contribution to Androgen Production in Girls During Puberty,COMPLETED,PHASE3,50.0
NCT02764268,Apatinib Dose Titration in Advanced or Metastatic Gastric Cancer,COMPLETED,NA,60.0
NCT05224050,Heart Rate Variability Biofeedback for Smoking Cessation Treatment,COMPLETED,PHASE2,28.0
NCT07549750,A Dose Escalation Phase 1 Study of HXN5003 in Healthy Participants,NOT_YET_RECRUITING,PHASE1,28.0
NCT07555691,Yishen Shujin Decoction for Fibromyalgia Syndrome,RECRUITING,NA,100.0
NCT01192191,A Long-term Safety Study of Fluticasone Furoate (FF)/GW642444 in Japanese Subjects With COPD,COMPLETED,PHASE3,187.0
NCT02081391,A Study to Look at Tapentadol Oral Solution in Children and Adolescents in Pain,COMPLETED,PHASE3,216.0
NCT06100874,A Single-arm Phase II Trial of SAcituzumab Govitecan and Trastuzumab for HER2+ Metastatic Breast Cancer After Trastuzumab dEruxtEcaN (SATEEN),ACTIVE_NOT_RECRUITING,PHASE2,28.0
NCT00018174,Fluoxetine as a Quit Smoking Aid for Depression-Prone Smokers,COMPLETED,PHASE3,247.0
NCT00380718,Chemotherapy for Patients With Non-Small Cell Lung Cancer,COMPLETED,PHASE4,33.0
NCT04655118,Study of TL-895 in Subjects With Myelofibrosis or Indolent Systemic Mastocytosis,UNKNOWN,PHASE2,121.0
NCT01197118,Postoperative Sequence Chemoradiotherapy Compared With Chemotherapy Alone for Advanced Gastric Cancer,UNKNOWN,PHASE2,40.0
NCT03156790,"PK, PD, Safety and Immunogenicity of Spectrila in Adults With Acute B-cell Lymphoblastic Leukaemia",TERMINATED,PHASE2,40.0
NCT05985590,A Study to Investigate the Effects of BMS-986278 on Drospirenone and Ethinyl Estradiol Drug Levels in Healthy Female Participants,COMPLETED,PHASE1,37.0
NCT05019690,Apatinib Combined with Albumin-Bound Paclitaxel for Treatment of Advanced Triple Negative Breast Cancer,RECRUITING,PHASE1,29.0
NCT03568890,Short-Term Anticoagulation Versus Antiplatelet Therapy for Preventing Device Thrombosis Following Left Atrial Appendage Closure,ACTIVE_NOT_RECRUITING,PHASE4,510.0
NCT04896697,Vilastobart (XTX101) Monotherapy and Vilastobart and Atezolizumab Combination Therapy in Advanced Solid Tumors,COMPLETED,PHASE1,125.0
NCT03062397,Clinical Trial to Evaluate the Efficacy and Safety of JPI-289 in Patients With Acute Ischemic Stroke,UNKNOWN,PHASE2,110.0
NCT05483010,Statins in Patients With Clonal Cytopenia of Undetermined Significance (CCUS) and Myelodysplastic Syndromes (MDS),RECRUITING,PHASE2,16.0
NCT00955513,Evaluate the Efficacy and Safety of Diclofenac Diethylamine 2.32% Gel Applied Twice or Three Times Daily in Patients With Acute Ankle Sprain,COMPLETED,PHASE3,242.0
NCT00213213,Using Sugar Water to Relieve Pain in Infants,UNKNOWN,NA,240.0
NCT01212913,Comparison of Insulin Glargine/Insulin Glulisine Regimen to Insulin Aspart/Insulin Aspart Protamine 30/70 in Type 2 Diabetes Mellitus Patients (T2DM),COMPLETED,PHASE4,161.0
NCT06641960,Using Probiotics to Improve Oral Hygiene During Orthodontic Treatment,COMPLETED,NA,50.0
NCT05881720,Sacubitril/Valsartan Versus Valsartan in Heart Failure,COMPLETED,PHASE4,80.0
NCT06807320,COMPARISON of MINERAL TRIOXIDE AGGREGATE and CALCIUM HYDROXIDE AS INDIRECT PULP CAPPING AGENTS in PRIMARY MOLARS,COMPLETED,PHASE4,40.0
NCT07450482,Safety and Efficacy of JKN2304 Inhalation Solution in Patients With Moderate to Severe COPD,COMPLETED,PHASE2,42.0
NCT00002082,"Azithromycin in the Treatment of Cryptosporidiosis in Patients With Acquired Immune Deficiency Syndrome (AIDS): A Randomized, Multi-Center, Placebo-Controlled, Double-Blind Study",COMPLETED,NA,
NCT01554982,A Long-Term Safety Extension Trial of Ferric Citrate in Patients With End-Stage Renal Disease (ESRD) on Dialysis,COMPLETED,PHASE3,168.0
NCT00041782,Outpatient Treatment Of Deep Venous Thrombosis Using Subcutaneous Dalteparin (Fragmin) In Low Risk Cancer Patients,TERMINATED,PHASE2,26.0
NCT04233424,D-PLEX 311: Safety and Efficacy of D-PLEX in the Prevention of Post Abdominal Surgery Incisional Infection,COMPLETED,PHASE3,977.0
NCT03812523,Comparing Lorcaserin Versus Duloxetine for the Treatment of Chemotherapy-Induced Peripheral Neuropathy,UNKNOWN,PHASE2,50.0
NCT05197023,"A STUDY TO EVALUATE THE SAFETY, TOLERABILITY, PHARMACOKINETICS, AND PHARMACODYNAMICS OF MULTIPLE SUBCUTANEOUS INJECTIONS OF SHR-1819 IN PATIENTS WITH MODERATE TO SEVERE ATOPIC DERMATITIS",UNKNOWN,PHASE1,20.0
NCT04163523,Study to Evaluate the Effect of Food on the Pharmacokinetics of a BGB-3111 in Healthy Subjects,COMPLETED,PHASE1,18.0
NCT02815059,"Study of Pts With Philadelphia Chromosome-Pos ALL With Comb of Ibrutinib, Dasatinib, and Prednisone",WITHDRAWN,PHASE1,0.0
NCT00126659,Sorafenib in Treating Patients Who Are Undergoing Surgery for Metastatic Kidney Cancer,TERMINATED,PHASE2,10.0
NCT04857359,Dipraglurant (ADX48621) for the Treatment of Patients With Parkinson's Disease Receiving Levodopa-based Therapy,TERMINATED,PHASE2,25.0
NCT02740959,Effects of PG2 on Fatigue-Related Symptom Clusters,COMPLETED,NA,6.0
NCT01434459,Study of Gemcitabine With TheraSphere® (Yttrium-90)in Patients With Hepatic Tumors of Pancreatobiliary Origin,TERMINATED,PHASE1,9.0
NCT05940259,68Ga-P3 PET/CT Imaging in Prostate,RECRUITING,NA,30.0
NCT07459959,"LiO-AD: Lithium Orotate in Alzheimers Disease Feasibility, Biomarker Engagement, and Clinical Response",NOT_YET_RECRUITING,PHASE1,40.0
NCT04563559,PREFERENTIAL Study,WITHDRAWN,PHASE2,0.0
NCT01640080,A Study of the Efficacy of Intravenous Esketamine in Adult Patients With Treatment-Resistant Depression,COMPLETED,PHASE2,30.0
NCT01738880,Effect of Goal-directed Fluid Therapy Based on Stroke Volume Variation on Metabolic Acidosis in Patients Undergoing Brain Tumor Surgery,COMPLETED,NA,50.0
NCT00004580,A Study of ABT-378/Ritonavir Combination in HIV-Infected Patients Who Have Taken Protease Inhibitors,COMPLETED,PHASE1,
NCT00212680,Controlled Study of ONO-1101 in Patients With Postoperative Tachyarrhythmias in Japan,COMPLETED,PHASE2,100.0
NCT06983080,Efficacy of Trazodone to Treat Insomnia in Older Adults (TRADITION Study),RECRUITING,PHASE2,40.0
NCT01670162,On-label tReatment With Intravitreal Aflibercept injectiOn for Patients With Persistent Pigment epitheliaL Detachments in Neovascular Age Related Macular Degeneration (AMD),UNKNOWN,PHASE4,30.0
NCT03822962,Pain Management Following Sinus Surgery,TERMINATED,EARLY_PHASE1,10.0
NCT05914662,Zanubrutinib Plus BR in Newly Diagnosed Symptomatic WM,RECRUITING,PHASE2,42.0
NCT03436862,Nivolumab Maintenance Therapy After Autologous Stem Cell Transplant in Hodgkin Lymphoma Pts at Relapse/Progression Risk,COMPLETED,PHASE2,37.0
NCT02172846,"Hypofractionated Proton Beam Radiation Therapy, Paclitaxel, and Carboplatin in Treating Patients With Stage II-III Non-Small Cell Lung Cancer",COMPLETED,PHASE1,23.0
NCT02652546,CC-11050 in Human Immunodeficiency Virus-1-Infected Adults With Suppressed Plasma Viremia on Antiretroviral Therapy (APHRODITE),COMPLETED,PHASE1,38.0
NCT03829046,The Effects of Evolocumab in Patients With Diabetes and Atherosclerotic Vascular Disease,COMPLETED,PHASE4,41.0
NCT02757703,Vasoactive Drugs in Real World Practice,COMPLETED,PHASE4,150.0
NCT06543303,Evaluation of BTV100 in Subjects With Dry Eye Disease,RECRUITING,PHASE2,120.0
NCT01349803,PT003 MDI Cardiovascular Safety Study,COMPLETED,PHASE2,237.0
NCT00846703,The GD-2008 ALL Protocol for Childhood Acute Lymphoblastic Leukemia,UNKNOWN,PHASE4,600.0
NCT05700903,Contributions to Hypertension With Androgen Deprivation Therapy,COMPLETED,PHASE4,10.0
NCT04664803,Safety and Efficacy of Cefecin Tab. in Patients With Acute Sinusitis,TERMINATED,PHASE4,284.0
NCT06415903,A Clinical Trial of TQB3117 Tablets in Patients With Advanced Malignant Cancer,NOT_YET_RECRUITING,PHASE1,59.0
NCT03813303,Comparison of Post Anesthetic Recovery Time in Sedated Patients for Colonoscopy,COMPLETED,PHASE4,50.0
NCT02042027,Subconjunctival IVIg (Gamunex-C) Injection for Corneal Neovascularization and Inflammatory Conditions,WITHDRAWN,PHASE1,0.0
NCT01463670,Lenalidomide Intensification in Patients With Serologic/Asymptomatic Progression of Multiple Myeloma While on Lenalidomide Maintenance,COMPLETED,PHASE2,11.0
NCT02511561,OTO-201 for the Treatment of Otitis Externa,COMPLETED,PHASE2,75.0
NCT05584761,"Unrelated Umbilical Cord Blood Stem Cell Combined With Azacitidine Based Treatment for Advanced MDS,CMML-2 and sAML",RECRUITING,PHASE1,50.0
NCT02512861,Parasternal Nerve Block Using Bupivacaine for Postoperative Analgesia in Children Undergoing Cardiac Surgery,COMPLETED,PHASE4,93.0
NCT00377442,A Drug-Drug Interaction Study of GK Activator (2) and Simvastatin in Patients With Type 2 Diabetes.,COMPLETED,PHASE1,33.0
NCT07513142,PPP Versus Corticosteroid for Thigh Muscle Injuries,ENROLLING_BY_INVITATION,PHASE4,30.0
NCT00968942,Efficacy and Safety Study of RT001 to Treat Moderate to Severe Lateral Canthal Lines,COMPLETED,PHASE2,36.0
NCT00313586,"Azacitidine With or Without Entinostat in Treating Patients With Myelodysplastic Syndromes, Chronic Myelomonocytic Leukemia, or Acute Myeloid Leukemia",COMPLETED,PHASE2,197.0
NCT02359942,The Diagnostic Validity of the Urea Breath Test,COMPLETED,NA,1200.0
NCT02283242,Galantamine Effects in Patients With Metabolic Syndrome,COMPLETED,PHASE4,60.0
NCT04017442,Neuraxial Preservative Free Morphine for Normal Spontaneous Vaginal Delivery,COMPLETED,PHASE4,160.0
NCT07063342,"A Study to Evaluate Novel KarX and KarT Prototypes Versus the KarXT and KarX-EC Reference Following Single Doses, and to Explore the Effect of Food After Multiple Doses of Selected Prototypes in Healthy Adult Participants",RECRUITING,PHASE1,72.0
NCT00229970,MK0476 Study in Adult Patients With Acute Asthma (0476-322),COMPLETED,PHASE3,225.0
NCT03408470,"TD-1473 Absorption, Distribution, Metabolism and Excretion (ADME) Study in Healthy Male Subjects",COMPLETED,PHASE1,20.0
NCT01475370,Study of OCV-501 in Patients With Acute Myeloid Leukemia (AML) (Extension From Study 311-10-001),COMPLETED,PHASE1,18.0
NCT03474770,BIS-001-ER for the Treatment of Adult Focal Impaired Awareness Seizures,ACTIVE_NOT_RECRUITING,PHASE1,16.0
NCT00109070,A Study to Evaluate Avastin in Combination With Standard Chemotherapy to Treat Colorectal Cancer,COMPLETED,PHASE3,
NCT00002070,Phase III Ganciclovir +/- rGM-CSF for AIDS-Related CMV Retinitis,COMPLETED,PHASE3,
NCT00068770,Celecoxib in Patients With Newly Diagnosed GBM Who Are Receiving Anticonvulsant Drugs and Undergoing RT,TERMINATED,PHASE2,35.0
NCT05029973,HAIC Combined With Sintilimab and Bevacizumab Biosimilar for Unresectable HCC,UNKNOWN,PHASE2,30.0
NCT00541073,"Pemetrexed, Cisplatin, and Vitamin B12 in Treating Patients With Mesothelioma of the Chest That Cannot Be Removed by Surgery",COMPLETED,PHASE2,60.0
NCT01127269,Safety and Effectiveness Study of Insulin Glargine (LANTUS) Initiation and Titration in Patients With Type 2 Diabetes,COMPLETED,PHASE4,178.0
NCT03462069,Comparison of Pharmacodynamic Effects of Sotagliflozin and Empagliflozin in T2DM Patients With Mild to Moderate Hypertension,COMPLETED,PHASE2,41.0
NCT01301469,Comparison of HES 130 in Balanced and in Unbalanced Solution,COMPLETED,PHASE3,240.0
NCT05236569,Effectiveness and Safety of Intradermal Tranexamic Acid Injection as An Adjunctive Treatment for Melasma in Skin Type IV - V,COMPLETED,NA,34.0
NCT00001083,Comparison of New Anti-HIV Drug Combinations in HIV-Infected Children Who Have Taken Anti-HIV Drugs,COMPLETED,PHASE2,240.0
NCT00922441,A Therapeutic Exploratory Clinical Study to Evaluate the Antihypertensive Efficacy of Fimasartan (BR-A-657•K) During 24 Hours in Patients With Mild to Moderate Essential Hypertension,COMPLETED,PHASE2,92.0
NCT07550517,PSMA-High: EBRT/ PSMA617/ ADT vs. EBRT/ ADT,NOT_YET_RECRUITING,PHASE2,60.0
NCT01355289,Chronic Hepatitis C Virus Related Thrombocytopenia to Evaluate the Effects of E5501,COMPLETED,PHASE2,65.0
NCT05005689,Fluoride Delivery to Prevent White Spots During Orthodontic Treatment,UNKNOWN,PHASE4,130.0
NCT03266640,Virus Specific Cytotoxic T-Lymphocytes (CTLs) for Refractory Cytomegalovirus (CMV),RECRUITING,PHASE2,20.0
NCT02009540,Botulinum Toxin in the Treatment of Idiopathic Detrusor Overactivity,UNKNOWN,PHASE4,60.0
NCT03937440,The Effect of Deep Neuromuscular Block on the Perioperative Stress Response Reduction and Postoperative Recovery Enhancement in Robot-assisted Stomach Cancer Surgery,COMPLETED,NA,46.0
NCT02367040,Copanlisib and Rituximab in Relapsed Indolent B-cell Non-Hodgkin's Lymphoma (iNHL),COMPLETED,PHASE3,458.0
NCT00019968,Isolated Limb Perfusion of Melphalan With or Without Tumor Necrosis Factor in Treating Patients With Soft Tissue Sarcoma of the Arm or Leg,COMPLETED,PHASE2,
NCT03709550,Enzalutamide and Decitabine in Treating Patients With Metastatic Castration Resistant Prostate Cancer,WITHDRAWN,PHASE1,0.0
NCT01537250,Phase II Clinical Study to Assess the Efficacy and Safety of Nemonoxacin Malate in Treating Adult Patients With Community-acquired Pneumonia (CAP),COMPLETED,PHASE2,192.0
NCT00566150,Levetiracetam in the Management of Bipolar Depression,COMPLETED,NA,35.0
NCT05799391,RCT for the Efficacy of Soothing Cream Jel in Improving Upper Limb Pain and Motion,UNKNOWN,PHASE2,70.0
NCT00306891,"Effect of Food Upon Pharmacokinetics of Single Oral Dose of Cediranib (AZD2171, Recentin™)",COMPLETED,PHASE2,60.0
NCT00792818,The Efficacy and Safety of Curcuma Domestica Extracts and Ibuprofen in Knee Osteoarthritis,COMPLETED,PHASE3,367.0
NCT01854918,Open-label Extension Study of Evolocumab (AMG 145) in Adults With Hyperlipidemia and Mixed Dyslipidemia,COMPLETED,PHASE3,3681.0
NCT01429818,Endothelial Disfunction Treatment With Glimepiride/Metformin Combination (Glimetal) in Type 2 Diabetes Patients,COMPLETED,PHASE4,16.0
NCT01528618,Effect and Safety Study of GP/FP Regimens in Advanced Nasopharyngeal Carcinoma,COMPLETED,PHASE3,362.0
NCT05023018,NEO100 and High-Grade Meningioma,RECRUITING,PHASE2,30.0
NCT06568718,Efficacy and Safety of Longidaze in the Treatment of Lower Urinary Tract Symptoms Associated With Benign Prostatic Hyperplasia,COMPLETED,NA,229.0
NCT00638690,Abiraterone Acetate in Castration-Resistant Prostate Cancer Previously Treated With Docetaxel-Based Chemotherapy,COMPLETED,PHASE3,1195.0
NCT02835118,A Study of Ascending Multiple Doses of Oral Surotomycin in Healthy Participants (MK-4261-009),COMPLETED,PHASE1,30.0
NCT04626518,Substudy 03B: A Study of Immune and Targeted Combination Therapies in Participants With Second Line Plus (2L+) Renal Cell Carcinoma (MK-3475-03B/KEYMAKER-U03),ACTIVE_NOT_RECRUITING,PHASE1,370.0
NCT07396090,Study of KRAS-Specific Vaccine in Patients With KRAS-Mutated Solid Tumors,NOT_YET_RECRUITING,NA,13.0
NCT05291390,Pyronaridine in Acute Lymphoblastic Leukemia (ALL) and Acute Myeloid Leukemia (AML),UNKNOWN,PHASE2,200.0
NCT04465097,Neoadjuvant Tucidinostat and Exemestane in Early Breast Cancer,COMPLETED,PHASE2,30.0
NCT03014297,Fosbretabulin With Everolimus in Neuroendocrine Tumors With Progression,TERMINATED,PHASE1,17.0
NCT05220410,The Safety and Efficacy of Psilocybin in Patients With Treatment-resistant Depression and Chronic Suicidal Ideation,COMPLETED,PHASE2,20.0
NCT02105610,Volatile Anesthetics to Reduce Mortality in Cardiac Surgery,COMPLETED,PHASE4,5400.0
NCT00394810,Efficacy and Pharmacodynamic Study of Panzem® NCD in Patients With Hormone-Refractory Prostate Cancer,COMPLETED,PHASE2,21.0
NCT01683513,Trial Comparing hCG Triggering Versus GnRH Agonist Triggering in PCOS Patients,COMPLETED,PHASE4,120.0
NCT03505710,DS-8201a in Human Epidermal Growth Factor Receptor 2 (HER2)-Expressing or -Mutated Non-Small Cell Lung Cancer,TERMINATED,PHASE2,181.0
NCT04305210,Alzheimer's Disease: Clinical Investigation and Neuroimage Studies Including 18F-PM-PBB3 and 18F-florbetapir (AV-45) PET Examination,UNKNOWN,PHASE2,70.0
NCT00390013,To Evaluate if the Medication Gabapentin Lessens Vulvar Pain,TERMINATED,NA,9.0
NCT03475160,Sildenafil Citrate and Recurrent Abortion,COMPLETED,NA,130.0
NCT02162160,Microbiological Impact of an Intimate Cream and Its Suitability to Contribute to the Feeling of Softness and Freshness in the Intimate Area of Women,COMPLETED,PHASE2,18.0
NCT00979160,Evaluation of Response of Dasatinib to Treat Mastocytosis,UNKNOWN,PHASE2,30.0
NCT04972760,Baricitinib in Patients With Relapsing or naïve Dermatomyositis,RECRUITING,PHASE3,62.0
NCT00248313,Study Comparing Cyclosporin Dose Reduction With Cyclosporin Elimination in Kidney Transplant Recipients Taking Sirolimus,COMPLETED,PHASE3,470.0
NCT00572260,A Pilot Study of Daptomycin for Antimicrobial Prophylaxis,TERMINATED,PHASE4,11.0
NCT07337460,Efficacy and Safety of Icaritin Combined With mFOLFOX in Postoperative HCC With High-risk Recurrence Factors,RECRUITING,PHASE2,30.0
NCT03021460,Pembrolizumab and Ibrutinib in Treating Patients With Stage III-IV Melanoma That Cannot Be Removed by Surgery,ACTIVE_NOT_RECRUITING,PHASE1,20.0
NCT00151320,Phase I/II Trial of VELCADE + CHOP-Rituximab in Untreated DLCBL or Mantle Cell NHL,COMPLETED,PHASE1,76.0
NCT07669220,"A Multicenter, Randomized Controlled Phase II Study of Short-Course Radiotherapy Followed by Sequential PD-1 Inhibitor and FOLFOX Chemotherapy Versus Long-Course Chemoradiotherapy for High-Risk Locally Advanced pMMR/MSS Lower Rectal Adenocarcinoma (STAR Trial)",RECRUITING,PHASE2,76.0
NCT06357520,A Study to Investigate the Pharmacokinetics of Baxdrostat When Given Alone and in Combination With Itraconazole in Healthy Participants,COMPLETED,PHASE1,14.0
NCT03011320,An Exploratory Study of the Folic Acid-tubulysin Conjugate EC1456 in Ovarian Cancer Subjects Undergoing Surgery,COMPLETED,PHASE1,3.0
NCT01935882,Low Dose Primaquine for Clearance of Gametocytes,COMPLETED,PHASE2,360.0
NCT03475524,USE THE SYSTEMIC METFORMIN IN MELASMA,UNKNOWN,PHASE4,60.0
NCT07481682,Impact of Inhaled Tranexamic Acid in Pulmonary Hemorrhage in Pediatric Intensive Care Unit,COMPLETED,NA,100.0
NCT02938923,Starting a Testosterone and Exercise Program After Hip Injury,COMPLETED,PHASE3,129.0
NCT01009359,"Evaluation of the Neuroinflammation Pattern of BAY85-8102 F-18, DPA-714 in Probable Alzheimers Disease Patients Versus Healthy Volunteers and Radiation Dosimetry of F 18, DPA-714 in Healthy Volunteers",COMPLETED,PHASE1,22.0
NCT05806359,"A Study to Evaluate the Safety, Tolerability, and Drug Levels of Danicamtiv in Healthy Japanese and Caucasian Participants",COMPLETED,PHASE1,33.0
NCT05624359,Flurbiprofen Axetil as an Adjuvant to Pre-emptive Scalp Infiltration,SUSPENDED,NA,216.0
NCT00841659,Paroxetine Hydrochloride 40 mg Tablets Under Fed Conditions,COMPLETED,PHASE1,24.0
NCT00003159,Surgery With or Without Preoperative Chemotherapy in Treating Patients With Resectable Non-small Cell Lung Cancer,COMPLETED,PHASE3,600.0
NCT00749359,PAXIL CR Bioequivalence Study,COMPLETED,PHASE1,166.0
NCT00016159,Chemotherapy Plus Monoclonal Antibody in Treating Patients With Acute Promyelocytic Leukemia,COMPLETED,PHASE2,35.0
NCT01243359,Sunitinib Malate and Bevacizumab in Treating Patients With Kidney Cancer or Advanced Solid Malignancies,COMPLETED,PHASE1,6.0
NCT02264080,Pharmacokinetics and Safety of WAL2014 (Talsaclidine) Administered Orally to Healthy Adult Male Volunteers,COMPLETED,PHASE1,12.0
NCT00483080,Study of NGR-hTNF as Single Agent in Patients Affected by Colorectal Cancer (CRC),COMPLETED,PHASE2,46.0
NCT07146880,Empagliflozin as a Potential Therapeutic Solution for Patients With Brugada Syndrome,NOT_YET_RECRUITING,PHASE2,10.0
NCT06685679,Melatonin for Pulmonary Hypertension in Full Term Neonates,COMPLETED,PHASE3,40.0
NCT00760279,An Open Label Evaluation of the Pharmacokinetics and Safety of Single Dose Intravenous Azithromycin in Preterm Neonates,COMPLETED,PHASE1,16.0
NCT07203079,Oral Versus Intravenous Acetaminophen in Lumbar Spine Surgery,NOT_YET_RECRUITING,PHASE4,180.0
NCT03973879,Combination of PVSRIPO and Atezolizumab for Adults With Recurrent Malignant Glioma,WITHDRAWN,PHASE1,0.0
NCT02122679,Tranexamic Acid Effect on Platelet Aggregation Following Infant Cardiopulmonary Bypass,WITHDRAWN,PHASE4,0.0
NCT00195780,A Study for the Treatment of Mania Associated With Bipolar I Disorder in Children and Adolescents,COMPLETED,PHASE3,227.0
NCT07167862,Optimizing Preeclampsia Postpartum With Point-of-care Ultrasound,NOT_YET_RECRUITING,PHASE4,96.0
NCT00419562,Oral Insulin for Prevention of Diabetes in Relatives at Risk for Type 1 Diabetes Mellitus,COMPLETED,PHASE3,560.0
NCT01306162,Drug Interaction Study With Dabigatran Etexilate and Dronedarone in Healthy Subjects,COMPLETED,PHASE1,36.0
NCT04302662,Phase 2 Combination Study With Escalating Doses of MS1819-SD on Top of a Stable Dose of PPEs,COMPLETED,PHASE2,20.0
NCT06134362,Long-term Follow-up of Long-acting Cabotegravir (CAB LA) for PrEP (Pre-exposure Prophylaxis) in Participants at Risk of Acquiring HIV (Human Immunodeficiency Virus),RECRUITING,PHASE3,3508.0
NCT00087646,REPEAT Study - A Study of PEGASYS (Peginterferon Alfa-2a (40KD)) Therapy in Combination With COPEGUS (Ribavirin) in Patients With Chronic Hepatitis C (CHC) Who Did Not Respond to Previous PegIntron (Peginterferon Alfa-2b (12KD))/Ribavirin Combination Therapy,COMPLETED,PHASE4,948.0
NCT03817346,Study of Ascending Single Oral Dose of GT-002 in Healthy Volunteers,COMPLETED,PHASE1,32.0
NCT02356588,A Trial Evaluating the Efficacy and Safety of the Sublingual Sufentanil Tablet 30 mcg for Post-Operative Pain After Abdominal Surgery,COMPLETED,PHASE3,161.0
NCT05263388,A Trial to Compare the Ovarian Response of REKOVELLE and GONAL-F in Conventional Dosing in Women Undergoing Controlled Ovarian Stimulation,COMPLETED,PHASE3,302.0
NCT04601688,Branch Retinal Vein Occlusion (BRVO) Treatment With Bevacizumab and Dexamethasone or Bevacizumab Only.,UNKNOWN,NA,100.0
NCT01908803,Proof-of-Concept Study of a Single Application of an Investigational Otic Suspension in Treatment of Acute Otitis Media With Tympanostomy Tubes,TERMINATED,PHASE2,84.0
NCT05422703,Manual Therapy and Kinesio Taping on Temporomandibular Joint Dysfunction Following Oral Surgeries,COMPLETED,NA,30.0
NCT07173127,The Impact of a Novel GnRH Antagonist With Add-back Therapy for Treatment of Uterine Fibroids and Endometriosis on Hemostasis Parameters,RECRUITING,NA,30.0
NCT02798627,Trial Of NS2359 For The Treatment of Cocaine Dependence,COMPLETED,PHASE2,55.0
NCT02861261,A Study on the Efficacy and Gut Microbiota of Berberine and Probiotics in Patients With Newly Diagnosed Type 2 Diabetes,UNKNOWN,PHASE3,400.0
NCT01445561,Ultra Low Dose Interleukin-2 in Healthy Volunteers,COMPLETED,PHASE1,22.0
NCT06980961,Short and Ultra-short-pulse ND: YAG 1064nm Lasers (Omer Smart and Omer Premium) for Stasis Dermatitis,RECRUITING,NA,20.0
NCT02371161,Phase II of High-dose Therapy in Elderly Patients With Relapsed Aggressive NHL or Resistant to First Line Therapy,UNKNOWN,PHASE2,135.0
NCT06774261,"Phenserine on the Alzheimer's Treatment Horizon, Study 1",COMPLETED,PHASE1,16.0
NCT00000142,Studies of the Ocular Complications of AIDS (SOCA)--HPMPC Peripheral CMV Retinitis Trial (HPCRT),COMPLETED,PHASE2,64.0
NCT05076786,Chidamide Plus Etoposide and Cisplatin/Carboplatin as First-line Treatment for Extrapulmonary Neuroendocrine Carcinoma,UNKNOWN,PHASE2,28.0
NCT06674486,Bioequivalence Study of Iron Sucrose Injection in Healthy Participants,COMPLETED,PHASE1,48.0
NCT05018286,Open-label Extension Trial to Evaluate the Long-term Safety of Apraglutide in Short Bowel Syndrome.,ACTIVE_NOT_RECRUITING,PHASE3,158.0
NCT01031186,First Time in Human Study,COMPLETED,PHASE1,20.0
NCT02940886,Iron Isomaltoside/Ferric Derisomaltose vs Iron Sucrose for the Treatment of Iron Deficiency Anemia (IDA),COMPLETED,PHASE3,1512.0
NCT06468670,Short-course Radiotherapy Combined With Sintilimab for Neoadjuvant Treatment of Esophageal Squamous Cell Carcinoma,NOT_YET_RECRUITING,PHASE2,30.0
NCT02239770,Pharmacokinetics of Nicotine Film in Smokers,COMPLETED,NA,24.0
NCT03216473,Clinical Study to Evaluate the Efficacy and Safety of Neuronox and Botox With Essential Blepharospasm,COMPLETED,PHASE3,140.0
NCT04868773,Study of Cabozantinib Plus TAS102 in mCRC as Salvage Therapy,COMPLETED,PHASE1,15.0
NCT05972473,A Study to Evaluate the Efficacy and Safety of IBI302 in Subjects With nAMD,ACTIVE_NOT_RECRUITING,PHASE3,600.0
NCT06838273,A Study of BL-B01D1 in Combination With Osimertinib Versus Osimertinib as First-Line Treatment in Patients With EGFR-Mutated Locally Advanced or Metastatic Non-Small Cell Lung Cancer(PANKU-Lung04),RECRUITING,PHASE3,720.0
NCT00973973,Efficacy and Safety Study of Elagolix in Women With Endometriosis,COMPLETED,PHASE2,137.0
NCT03901469,A Study of ZEN003694 and Talazoparib in Patients With Triple Negative Breast Cancer,TERMINATED,PHASE2,115.0
NCT00138983,Prevention of Glucocorticoid-Induced Osteoporosis in Rheumatic Diseases: Alendronate Versus Alfacalcidol.,COMPLETED,PHASE3,200.0
NCT00415883,To Compare the Blood Level of Marketed Japanese Valsartan Tablet Formulation vs Global Valsartan Tablet Formulation in Healthy Volunteers,COMPLETED,PHASE1,40.0
NCT01386541,Multiple Ascending Dose Trial of BYK324677 in Healthy Volunteers,COMPLETED,PHASE1,36.0
NCT05553041,18F-Fluciclovine PET-MRI in High-grade Glioma,RECRUITING,EARLY_PHASE1,30.0
NCT03126760,Acthar Gel for Multiple Sclerosis That Keeps Getting Better and Worse (RRMS),TERMINATED,PHASE4,35.0
NCT02374060,PeriOcular and INTravitreal Corticosteroids for Uveitic Macular Edema Trial,COMPLETED,PHASE3,192.0
NCT00040560,Study of 111In-DAC as an Medical Imaging Agent for Lung Cancer and Brain Cancer Consistent With Metastatic Lung Cancer,UNKNOWN,PHASE1,
NCT00132860,Prophylactic Antibiotic Treatment of Patients With Chronic Obstructive Lung Disease (COLD),UNKNOWN,PHASE4,800.0
NCT00335920,Safety and Efficacy of Intratympanic Application of Dexamethasone Via Catheter in Patients With Sudden Hearing Loss,COMPLETED,PHASE3,23.0
NCT03476460,Sodium Chloride and Contrast Nephropathy,COMPLETED,PHASE2,271.0
NCT01343082,DE-111 Ophthalmic Solution in Patients With Open Angle Glaucoma or Ocular Hypertension,COMPLETED,PHASE3,148.0
NCT05278182,"A Study for Exploring the Efficacy of Naoxintong Capsules in the Treatment of Coronary Atherosclerotic Plaque on the Basis of Optimal Medical Therapy (Aspirin,Statins,Clopidogrel, Etc.): Stage One",UNKNOWN,NA,80.0
NCT04983160,"Crossover Clinical Trial, Randomized, Double Blind, Placebo Controlled Trial",COMPLETED,PHASE2,22.0
NCT02108782,Dovitinib Lactate in Treating Patients With Pancreatic Neuroendocrine Tumors,WITHDRAWN,PHASE2,0.0
NCT00880282,Cixutumumab and Temsirolimus in Treating Younger Patients With Solid Tumors That Have Recurred or Not Responded to Treatment,COMPLETED,PHASE1,39.0
NCT01076582,Comparative Trial in Hormone Withdrawal Associated Symptoms,COMPLETED,PHASE3,592.0
NCT04792424,No Monitoring of Post-filter Ionized Calcium in Regional Citrate Anticoagulation,COMPLETED,NA,50.0
NCT01087424,Mini-CHOP and Rituximab in Patients Aged Over 80 Years,COMPLETED,PHASE2,150.0
NCT05118724,Atezolizumab in Patients With MSI-h/MMR-D Stage II High Risk and Stage III Colorectal Cancer Ineligible for Oxaliplatin,ACTIVE_NOT_RECRUITING,PHASE2,80.0
NCT01288924,Can Parecoxib Reduce Post-operative Ipsilateral Shoulder Pain?,COMPLETED,PHASE2,160.0
NCT01434524,Prevention for the Development of Liver Tumorigenesis by the Oral Supplementation of Branched-chain Amino Acids,COMPLETED,NA,56.0
NCT05598723,BOTOX® vs. XEOMIN® for Chronic Migraine,RECRUITING,PHASE3,128.0
NCT00546923,Study Evaluating Venlafaxine Extended-Release in Depressed and Anxious Patients,COMPLETED,PHASE4,210.0
NCT01854723,Comparison Study of Insulin Glargine and NPH Insulin,WITHDRAWN,PHASE4,0.0
NCT03616223,FX-322 in Sensorineural Hearing Loss,COMPLETED,PHASE1,23.0
NCT06222723,LAssa Fever Adjunct Treatment With DEXamethasone,RECRUITING,PHASE2,42.0
NCT03348423,Evaluation of DEX-IN During Outpatient Procedures,COMPLETED,PHASE2,45.0
NCT03752723,Study of GX-I7 in Combination With Pembrolizumab in Refractory or Relapsed (R/R) TNBC Subjects(GX-I7-CA-006/KEYNOTE-899),COMPLETED,PHASE1,84.0
NCT04879823,Post-operative Course of Dexamethasone to Reduce Tonsillectomy Morbidity,TERMINATED,PHASE3,222.0
NCT03592823,Effect of Hydroxychloroquine on Atrial Fibrillation Recurrence,UNKNOWN,PHASE4,240.0
NCT04051723,Pre-emptive Scalp Infiltration With Dexamethasone Plus Ropivacaine for Post-Craniotomy Pain in Children,COMPLETED,PHASE4,80.0
NCT05256823,Safety and Efficacy of Celecoxib Plus Nucleos(t)Ide Analogues on the Hepatitis B Surface Antigen of Virally Suppressed Subjects With Chronic Hepatitis B,UNKNOWN,PHASE2,47.0
NCT00715559,Cysteamine Therapy for Major Depressive Disorder,TERMINATED,NA,3.0
NCT05238896,BARIcitinib Cognitive Emotional and Neural signaTuRE,TERMINATED,PHASE4,5.0
NCT02822196,Serratus Anterior Muscle Plane Block vsThoracic Paravertebral Block For Unilateral Mastectomies,WITHDRAWN,PHASE4,0.0
NCT00001959,Pirfenidone to Treat Kidney Disease (Focal Segmental Glomerulosclerosis),COMPLETED,PHASE2,21.0
NCT00563459,"Carisbamate Retention Study (CaReS): Comparative Study on the Long Term Effectiveness, Safety and Tolerability of Carisbamate Compared to Two Other Frequently Prescribed Anti-epileptic Drugs (AEDs) in Patients With Epilepsy.",TERMINATED,PHASE3,89.0
NCT03515980,An Investigational Study of Experimental Medication BMS-986231 Given in Participants With Different Levels of Liver Function,COMPLETED,PHASE1,76.0
NCT03775096,Adrenergic Blockers for Cardiac Changes in Early Parkinson's Disease (Protocol 53136),ACTIVE_NOT_RECRUITING,PHASE2,15.0
NCT05923996,Fractional Co2 Laser Versus Microbotox Injection in the Treatment of Wide Facial Pores: A Split Face Comparative Study,UNKNOWN,PHASE1,21.0
NCT04566796,Effectiveness of Sugammadex on Muscle Relaxant Reversal in Preterm Neonates,UNKNOWN,NA,60.0
NCT01598480,To Study the Healing Effect of Silver Impregnated Activated Carbon Fiber Wound Dressing on Superficial Dermal Burn,COMPLETED,NA,30.0
NCT03229980,Pediatric Myocardial Protection With Potassium Cardioplegia,COMPLETED,PHASE2,87.0
NCT00681980,Use Of Valproid Acid To Treat Tropical Spastic Paraparesis/HTLV-1-Associated Myelopathy (TSP/HAM),COMPLETED,PHASE3,60.0
NCT06676696,Study to Compare the Outcome of Receiving Continued Immunosuppression Versus Stopping Immunosuppression at 6 Months to Safely Prevent Human Leukocyte Antigen (HLA) Sensitization in Patients With Late Renal Graft Failure,RECRUITING,PHASE4,202.0
NCT00652262,BAY38-9456 - Supportive Trial for Spinal Injury,COMPLETED,PHASE3,32.0
NCT02704546,Methylphenidate (Ritalin®) Effect During Exposure to Exercise and Heat Stress in ADD/ADHD Treated Patients,UNKNOWN,NA,20.0
NCT01749046,Remegal Fixed Dose as Adjunctive Therapy in Patients With Partial Seizures,COMPLETED,PHASE3,224.0
NCT00088946,Erlotinib and Green Tea Extract (Polyphenon® E) in Preventing Cancer Recurrence in Former Smokers Who Have Undergone Surgery for Bladder Cancer,COMPLETED,PHASE2,17.0
NCT03157388,The Effect of Gut Sterilisation on Macrophage Activation in Patients With Alcoholic Hepatitis.,COMPLETED,NA,15.0
NCT00254488,Treatment of Bipolar Mania in Older Adults,COMPLETED,PHASE4,224.0
NCT02187588,Study to Assess the Kinetic of the Analgesic Effect and Tolerability of Eschscholtzia Californica Versus Ibuprofen and Placebo in the Treatment of Pain After Surgery of the Third Molar,COMPLETED,PHASE2,200.0
NCT04159688,Imaging Glutamate Release From Alcohol,COMPLETED,EARLY_PHASE1,8.0
NCT02220088,The Efficacy and Safety of Retreatment With TAI for Patients Who Showed TACE-resistant: a Randomized Controlled Trial,TERMINATED,PHASE2,79.0
NCT00420303,Study Evaluating Etanercept for the Treatment of Refractory Heel Enthesitis in Spondylarthropathy,COMPLETED,PHASE4,24.0
NCT03070327,BCMA Targeted CAR T Cells With or Without Lenalidomide for the Treatment of Multiple Myeloma,ACTIVE_NOT_RECRUITING,PHASE1,20.0
NCT01054027,Study on Effective Mydriasis in Premature Infants,COMPLETED,NA,15.0
NCT02122627,Vitamin D Supplementation in Patients With COPD,COMPLETED,NA,158.0
NCT05012761,"The Pharmacokinetics (PK), Safety, Tolerability of SR419 in Healthy Volunteers",COMPLETED,PHASE1,40.0
NCT06059261,Envafolimab Combined With Chemoradiotherapy and Recombinant Human Endostatin for LA-NPC.,RECRUITING,PHASE2,30.0
NCT01425242,Study on Anti-inflammatory Effect of Anti-hypertensive Treatment in Patients With Small AAA's and Mild Hypertension,TERMINATED,NA,3.0
NCT04356742,Efficacy and Safety of Dapagliflozin When Added to Ongoing Metformin and Evogliptin Combination Therapy in Patients With Type 2 Diabetes Who Have Inadequate Glycemic Control,COMPLETED,PHASE3,198.0
NCT01246986,A Study of LY2157299 in Participants With Hepatocellular Carcinoma,COMPLETED,PHASE2,204.0
NCT06369870,Interpectoral-pectoserratus Plane Block for Minimally Invasive Aortic Valve Replacement Via Right Anterior Minithoracotomy,RECRUITING,PHASE4,144.0
NCT04556370,Norepinephrine Prophylaxis for Postspinal Anesthesia Hypotension in Parturients With Preeclampsia.,COMPLETED,NA,180.0
NCT05536570,Whiplash-induced Thoracic Outlet Syndrome Treated With Botulinum Toxin.,UNKNOWN,PHASE4,15.0
NCT00687570,Bowel Preparation Before Rectal Cancer Surgery,COMPLETED,NA,32.0
NCT05525286,Clinical Trial of SOT102 Antibody Drug Conjugate in Patients With Advanced Gastric and Pancreatic Adenocarcinoma,TERMINATED,PHASE1,31.0
NCT04802070,Study of Adoptive Immunotherapy in Relapsed and Non-resectable Sarcomas After Multimodal Treatment.,COMPLETED,PHASE1,7.0
NCT04387773,"Effect of GOCOVRI (Amantadine, Extended Release Capsules) on Gait in Parkinson's Disease",COMPLETED,PHASE4,8.0
NCT06539273,Exosome Treatment in Androgenetic Alopecia,COMPLETED,PHASE3,30.0
NCT06141473,Efficacy and Safety Studies of Frexalimab (SAR441344) in Adults With Relapsing Forms of Multiple Sclerosis,ACTIVE_NOT_RECRUITING,PHASE3,1655.0
NCT06835569,A Study to Learn About Study Medicine ALTA3263 in Adults With Advanced Solid Tumors With KRAS Mutations,RECRUITING,PHASE1,448.0
NCT01281969,Intravenous Immunoglobulin for PANDAS,COMPLETED,PHASE3,48.0
NCT02948569,Evaluation of 3-V Bioscience-2640 to Reduce de Novo Lipogenesis in Subjects With Characteristics of Metabolic Syndrome,COMPLETED,PHASE1,12.0
NCT02623569,To Assess the Anti-anginal Safety and Efficacy of Ivabradine in Subjects With Stable，Symptomatic Chronic Angina,UNKNOWN,PHASE2,336.0
NCT00049283,"Erlotinib, Docetaxel, and Radiation Therapy in Treating Patients With Locally Advanced Head and Neck Cancer",COMPLETED,PHASE1,30.0
NCT05970783,A Study of Jincaopian Tablets on Chronic Pelvic Pain After Pelvic Inflammatory Disease,RECRUITING,PHASE3,414.0
NCT05628883,"Proof of Concept of TBio-4101, Lymphodepleting Chemo, IL-2 for Relapsed/Refractory Melanoma",COMPLETED,PHASE1,17.0
NCT00099541,Non-small Cell Lung Cancer Registry,COMPLETED,PHASE4,300.0
NCT01918241,Saftey and Efficacy of Pegfilgrastim in Preventing Chrmotherapy-induced Neutropenia,UNKNOWN,PHASE2,200.0
NCT01118741,Study of Recurrent Prostate Cancer With Rising Prostate Specific Antigen (PSA),COMPLETED,NA,19.0
NCT02975141,Afatinib and Gemcitabine/Nab-paclitaxel in Metastatic Pancreatic Cancer,UNKNOWN,PHASE1,12.0
NCT01580683,Vitamin C and Atrial Fibrillation After Cardiac Surgery,WITHDRAWN,PHASE3,0.0
NCT00151983,Safety & Tolerability of MTS in Children Aged 6-12 Diagnosed With ADHD & Previously Treated With Extended-Release Methylphenidate Therapy,COMPLETED,PHASE3,175.0
NCT00720083,Chemotherapy and Radiation Therapy (RT) With or Without Vandetanib in Treating Patients With High-Risk Stage III or Stage IV Head and Neck Cancer,TERMINATED,PHASE2,34.0
NCT04795583,Corticosteroids for COVID-19,WITHDRAWN,PHASE3,0.0
NCT07483983,"Study Investigating ASP3082 in Patients With Metastatic/Locally Advanced Non-small-cell Lung Cancer (NSCLC) and Pancreatic Ductal Adenocarcinoma (PDAC), With Biomarker Analysis to Characterize Response/Resistance",RECRUITING,PHASE2,60.0
NCT06184841,HAIC Combined Sintilimab for Liver Metastasis From Esophageal Squamous Cell Carcinoma,COMPLETED,PHASE1,25.0
NCT01760954,Study to Evaluate the Long-Term Safety and Efficacy of Elagolix in Adults With Moderate to Severe Endometriosis-Associated Pain,COMPLETED,PHASE3,506.0
NCT01848054,Study to Assess Efficacy and Safety of BNX Sublingual Tablets for the Induction of Treatment of Opioid Dependence,COMPLETED,PHASE3,313.0
NCT05301205,Perioperative Administration of Gabapentin for Reducing Inhalational Anesthetic Consumption,UNKNOWN,EARLY_PHASE1,96.0
NCT01266005,A Study to Compare and Evaluate Intrahepatic cccDNA Reduction After Administrating Clevudine or Entecavir in the Chronic HBV Patients,TERMINATED,PHASE4,75.0
NCT04148105,Cilostazol and Nimodipine Combined Therapy After Aneurysmal Subarachnoid Hemorrhage (aSAH),TERMINATED,PHASE4,19.0
NCT00802594,A Trial of DB289 for the Treatment of Stage I African Trypanosomiasis,COMPLETED,PHASE2,30.0
NCT00889694,Clinical Study of Tripterygium Capsule to Treat Early Ankylosing Spondylitis,UNKNOWN,PHASE2,80.0
NCT01586494,"A Pharmacokinetic, Tolerability, and Safety Study of ULTRAM ER in Children With Pain",COMPLETED,PHASE1,37.0
NCT00346294,An Open-Label Study to Assess the Rate of Failure of an Enbrel® (Etanercept) SureClick™ Auto-injector in Subjects With Rheumatoid Arthritis,COMPLETED,PHASE4,115.0
NCT00712166,"Safety and Efficacy Study of Aztreonam for Inhalation Solution (AZLI) in Patients With Cystic Fibrosis, Mild Lung Disease, and P. Aeruginosa",COMPLETED,PHASE3,160.0
NCT01711866,"A Phase 4, Open-label Study to Assess the Feasibility and Efficacy on Motor and Non-motor Symptoms of Switching From Pramipexole or Ropinirole to Rotigotine Transdermal Patch in Subjects With Advanced Idiopathic Parkinson's Disease",COMPLETED,PHASE4,87.0
NCT00020566,"Combination Chemotherapy With or Without Peripheral Stem Cell Transplantation, Radiation Therapy, and/or Surgery in Treating Patients With Ewing's Sarcoma",UNKNOWN,PHASE3,1200.0
NCT04316351,Efficacy and Safety of Toripalimab (JS001) Combined With Pemetrexed and Anlotinib for Patients With T790M Positive Non-Small Cell Lung Cancer After Osimertinib Resistance,UNKNOWN,PHASE2,60.0
NCT04185051,A Study to Investigate the Effect of JNJ-67953964 on Gastric Mucosal Integrity in Healthy Male and Female Participants,COMPLETED,PHASE1,76.0
NCT05817851,Efficacy of Early Intravenous High-dose Vitamin C in Post-cardiac Arrest Shock.,RECRUITING,PHASE2,234.0
NCT03523351,Study of Palliative Radiation Therapy vs. no Palliative Radiation Therapy for Patients With High Risk Bone Metastases That Are Not Causing Significant Pain,COMPLETED,PHASE1,78.0
NCT00695851,"Dose-Seeking Trial of PCK3145 in Asymptomatic, Castrate Metastatic Prostate Cancer Patients.",COMPLETED,PHASE1,36.0
NCT06194851,Examining Intranasal Oxytocin Augmentation of Brief Couples Therapy for Veterans With PTSD,RECRUITING,PHASE2,240.0
NCT01101451,Radiation Therapy With or Without Chemotherapy in Patients With Stage I-IIA Cervical Cancer Who Previously Underwent Surgery,COMPLETED,PHASE3,340.0
NCT00232635,A Study of the Safety and Efficacy of A-60444 in Adults With Respiratory Syncytial Virus (RSV) Infection Following HSCT,COMPLETED,PHASE2,27.0
NCT06057935,A Study of Additional Chemotherapy After Surgery for People With Malignant Peritoneal Mesothelioma,RECRUITING,PHASE2,64.0
NCT06424717,Study of Avelumab and Tuvusertib in Participants With Advanced Urothelial Cancer That Has Progressed on Prior Anti-PD-(L)1 Therapy (JAVELIN DDRiver Bladder),WITHDRAWN,PHASE2,0.0
NCT00040417,Bone Marrow Transplant From Donor Using Less Toxic Conditioning for Patient With High Risk Hemoglobinopathies,TERMINATED,PHASE2,15.0
NCT00003317,Combination Chemotherapy With or Without Radiation Therapy in Treating Patients With Stage IIIA Non-small Cell Lung Cancer,COMPLETED,PHASE3,480.0
NCT01213017,The Effect of Certolizumab Pegol on MRI Synovitis and Bone Edema in Rheumatoid Arthritis Patients,COMPLETED,PHASE3,20.0
NCT01545817,Everolimus Post Pazopanib Treatment in Metastatic or Advanced Renal Cell Carcinoma,TERMINATED,PHASE2,74.0
NCT03497117,19F MRI of Ventilation in Subjects With Cystic Fibrosis Undergoing Treatment for Pulmonary Exacerbation,TERMINATED,EARLY_PHASE1,5.0
NCT00220740,Immune Globulin Intravenous (IGIV) For Chronic Inflammatory Demyelinating Polyneuropathy (CIDP),COMPLETED,PHASE3,117.0
NCT03868540,A Study in Healthy Men and Women to Find Out How Well Different Doses of BI 1291583 Are Tolerated,TERMINATED,PHASE1,24.0
NCT04548440,Efficacy and Safety of Preoperative Sintilimab Plus Nab-paclitaxel and Cisplatin in BR-ESCC Patients,COMPLETED,PHASE2,50.0
NCT03295240,"The Study of Bendamustine, Rituximab, Ibrutinib, and Venetoclax in Relapsed, Refractory Mantle Cell Lymphoma",COMPLETED,EARLY_PHASE1,10.0
NCT00146640,Prednisone Timed-Release Tablet (TRT) Study: Modified-Release (MR) Formulation of Prednisone Compared to Standard Immediate-Release (IR) Prednisone in Participants With Rheumatoid Arthritis,COMPLETED,PHASE3,288.0
NCT04727840,Potassium Binder in CKD Patients (With Hyperkalemia) (DiPo Trial),UNKNOWN,PHASE1,20.0
NCT06065540,"A Research Study to See How Well CagriSema Compared to Semaglutide, Cagrilintide and Placebo Lowers Blood Sugar and Body Weight in People With Type 2 Diabetes Treated With Metformin With or Without an SGLT2 Inhibitor",COMPLETED,PHASE3,2734.0
NCT04176250,Early Bactericidal Activity of TBA-7371 in Pulmonary Tuberculosis,COMPLETED,PHASE2,93.0
NCT03929250,Pharmacokinetics of Centella Asiatica in the Elderly,COMPLETED,EARLY_PHASE1,8.0
NCT01957150,Study Evaluating the Effect of Fluticasone Furoate/ Vilanterol (FF/VI) Inhalation Powder Compared With Vilanterol (VI) Inhalation Powder on Bone Mineral Density (BMD) in Subjects With Chronic Obstructive Pulmonary Disease (COPD).,COMPLETED,PHASE4,283.0
NCT00796250,Efficacy of Infliximab in the Treatment of Patients Affected by Corticodependent Crohn's Disease (P02732),TERMINATED,PHASE3,9.0
NCT00657618,Use of Sodium Stibogluconate as a Treatment for Leishmaniasis,COMPLETED,PHASE1,77.0
NCT06601218,Impact of Daily Oral Cannabis Doses in Patients With Cancer,RECRUITING,PHASE1,80.0
NCT06537518,The Difference Between Using Local and General Dexamethasone in Arthroscopic Anterior Cruciate Ligament Repair,COMPLETED,NA,123.0
NCT00070018,"S0313 Cyclophosphamide, Doxorubicin, Vincristine, Prednisone, and Radiation Therapy Followed By Rituximab and Yttrium Y 90 Ibritumomab Tiuxetan in Treating Patients With Stage I or Stage II Non-Hodgkin's Lymphoma",COMPLETED,PHASE2,46.0
NCT04001218,Head Repositioning Accuracy During Experimental Neck Pain,COMPLETED,NA,28.0
NCT03446690,MI Varnish for the Prevention of White Spot Lesions,COMPLETED,PHASE4,62.0
NCT00171990,Efficacy and Safety of Oral Famciclovir in Patients With Active Recurrent Genital Herpes,COMPLETED,PHASE3,1461.0
NCT01889290,Methylnaltrexone Pharmacokinetics in Neurointensive Care Patients,COMPLETED,PHASE1,9.0
NCT03380390,Safety and Tolerability of Oxymetazoline and Energy-Based Therapy in Participants With Rosacea,COMPLETED,PHASE4,46.0
NCT02131597,Guadecitabine in Treating Patients With Higher-Risk Myelodysplastic Syndromes,COMPLETED,PHASE2,100.0
NCT00877097,Effects of Continuous Combined Hormone Replacement Therapy and Clodronate on Bone Mineral Density (BMD) in Osteoporotic Women,COMPLETED,NA,167.0
NCT01200797,"SJG-136 in Treating Patients With Epithelial Ovarian, Primary Peritoneal, or Fallopian Tube Cancer That Did Not Respond to Previous Treatment With Cisplatin or Carboplatin",TERMINATED,PHASE2,19.0
NCT06192797,"Combined HAIC, Lenvatinib and Pucotenlimab As Conversion Therapy for Unresectable Intrahepatic Cholangiocarcinoma",RECRUITING,PHASE2,36.0
NCT04254913,Clinical Pharmacology Study of Oral Edaravone in Amyotrophic Lateral Sclerosis Patients With Gastrostomy,COMPLETED,PHASE1,6.0
NCT06113913,Subcutaneous Infliximab After A Previous Intravenous Dose Optimization,RECRUITING,PHASE4,275.0
NCT06588413,Olanzapine 2.5 vs 5 mg in Quadruplet Nausea/Vomiting Prophylaxis Before High-Dose Melphalan,RECRUITING,PHASE3,172.0
NCT00387413,A Study Of GSK189254 And Duloxetine In The Electrical Hyperalgesia Model Of Healthy Volunteers,COMPLETED,PHASE1,40.0
NCT05835713,Total Intravenous Anesthesia for Rigid Bronchoscopy Using Remimazolam,WITHDRAWN,NA,0.0
NCT03998813,Chronic Pain and Functional Prognosis After Total Knee Replacement: Continuous Locoregional Analgesia by Catheter to the Femoral Triangle Versus Tissue Infiltration as Part of an Improved Rehabilitation After Surgery Approach,COMPLETED,NA,287.0
NCT01146613,Varenicline for Alcohol Dependence,COMPLETED,PHASE2,200.0
NCT07226713,Pacritinib in Participants With Metastatic Castrate-Resistant Prostate Cancer That Progressed on or After Prior Treatment With Androgen Receptor Signaling Inhibitors,NOT_YET_RECRUITING,PHASE2,32.0
NCT04075513,Comparison of Glucose Values and Variability Between TOUJEO and TRESIBA During Continuous Glucose Monitoring in Type 1 Diabetes Patients,COMPLETED,PHASE4,343.0
NCT01881113,"A Multi-Center, Evaluation of the Onset and Duration of Action of AC-170 0.24% Compared to Vehicle",COMPLETED,PHASE3,101.0
NCT00261560,A Safety and Effectiveness Study of Acetaminophen Extended Release (3900 mg/Day) and Ibuprofen (1200 mg/Day) in the Treatment of Pain Associated With Ankle Sprains.,COMPLETED,PHASE4,260.0
NCT00733720,Buprenorphine Naltrexone-P1 A-Cocaine,COMPLETED,PHASE1,8.0
NCT02308020,"A Study of Abemaciclib (LY2835219) in Participants With Breast Cancer, Non-small Cell Lung Cancer, or Melanoma That Has Spread to the Brain",COMPLETED,PHASE2,162.0
NCT05937282,"Hemodynamic Responses of Dexmedetomidine, Lidocaine or Propofol Infusions During Laparoscopic Cholecystectomy",UNKNOWN,PHASE4,80.0
NCT02610582,Safety and Efficacy of rAAV.hCNGA3 Gene Therapy in Patients With CNGA3-linked Achromatopsia,ACTIVE_NOT_RECRUITING,PHASE1,13.0
NCT03659682,GLP1R in Parkinson's Disease,UNKNOWN,PHASE2,120.0
NCT03250182,A Study to Assess the PK and Safety of PT010 in Subjects With COPD Following Single and Repeat Dose,COMPLETED,PHASE1,30.0
NCT02691182,Treatment of Impulsive Aggression in Subjects With ADHD in Conjunction With Standard ADHD Treatment (CHIME 4),TERMINATED,PHASE3,491.0
NCT00961259,Fasted Pharmacokinetic and Bioequivalency Study of Fenofibric Acid,COMPLETED,PHASE1,54.0
NCT04489459,Comparative Clinical Study Between Colistin-Tigecycline Combined Therapy Versus Colistin-Meropenem Combined Therapy in Treatment of Blood Stream Infections With Multidrug-Resistant Klebsiella Pneumoniae,UNKNOWN,PHASE4,60.0
NCT02252796,Phase I Hypofractionated Stereotactic Boost (Radiotherapy) for Non-Small Cell Lung Cancer,TERMINATED,PHASE1,1.0
NCT00056459,Study of Oxaliplatin/5-FU/Leucovorin Plus Vatalanib Versus Oxaliplatin/5-FU/Leucovorin in Patients With Metastatic Colorectal Cancer.,COMPLETED,PHASE3,1168.0
NCT04500496,Vaginal Dinoprostone Versus Isonicotinic Acid Hydrazide Prior to Diagnostic Office Hysteroscopy,UNKNOWN,NA,200.0
NCT04712396,A Study to Assess How Itraconazole Affects the Uptake and Elimination of Capivasertib in the Body,COMPLETED,PHASE1,11.0
NCT01455896,A Study to Evaluate Cardiovascular Outcomes in Patients With Type 2 Diabetes Treated With ITCA 650,COMPLETED,PHASE3,4156.0
NCT00327379,Effect of Aprotinin on Transfusion Requirements in Patients Undergoing Elective Spinal Fusion Surgery,TERMINATED,PHASE3,54.0
NCT00171080,VALID: Study to Compare the Reduction of Predialysis Systolic Blood Pressure With Valsartan Compared to Irbesartan in Patients With Mild to Moderate Hypertension on Long-term Hemodialysis,COMPLETED,PHASE3,86.0
NCT00856596,Once a Day Topical Treatment for Athlete's Foot Fungus Inbetween the Toes in Males and Females,UNKNOWN,PHASE3,30.0
NCT05916196,[18F]FES PET/.CT in Uterine Cancer,RECRUITING,PHASE2,30.0
NCT03054896,A Phase II Study of Venetoclax in Combination With Dose-adjusted EPOCH-R or R-CHOP for Patients With Richter's Syndrome,ACTIVE_NOT_RECRUITING,PHASE2,69.0
NCT03120962,Effect of Early Use of Oxycodone During the Acute Phase of Herpes Zoster on Preventing Postherpetic Neuralgia,UNKNOWN,NA,140.0
NCT01103388,Rituximab Maintenance After Autologous Transplantation,TERMINATED,PHASE3,4.0
NCT01579188,Study of the Telomerase Vaccine GV1001 to Treat Patients With Inoperable Stage III Non-small Cell Lung Cancer,UNKNOWN,PHASE3,600.0
NCT03523988,Pre-emptive Analgesics in Orthodontic Treatment,COMPLETED,PHASE4,73.0
NCT00613288,"Testosterone and Lipolysis, Insulin Sensitivity and Protein Metabolism",COMPLETED,NA,12.0
NCT03419403,UNITE Study: Understanding New Interventions With GBM ThErapy,TERMINATED,PHASE3,40.0
NCT00612703,A Phase 1 Study of ARQ 197 in Adult Patients With Advanced Solid Tumors,COMPLETED,PHASE1,32.0
NCT02363127,Subcutaneous Progesterone Versus Vaginal Progesterone for Endometrial Preparation in Fresh Donated Oocytes Recipients,COMPLETED,PHASE4,120.0
NCT03262727,The Effect of BMS-986165 Combined With an Oral Contraceptive (Ethinyl Estradiol/Norethindrone) in Healthy Female Patients,COMPLETED,PHASE1,49.0
NCT03698227,OlaReDo - Olaratumab and Rechallenge With Doxorubicin in Soft Tissue Sarcoma Patients,TERMINATED,PHASE2,2.0
NCT04362527,Milrinone Infusion for VAsospam Treatment in Subarachnoid hemoRrhage,COMPLETED,PHASE3,370.0
NCT04019561,A Study to Evaluate Safety and Pharmacodynamic Efficacy of 0382 in Obese Subjects With NAFLD/NASH.,COMPLETED,PHASE2,74.0
NCT00812461,Efficacy of Nalmefene in Patients With Alcohol Dependence,COMPLETED,PHASE3,678.0
NCT07448142,Low-Dose Radiotherapy to Sensitize Pucotenlimab Plus CAPEOX for pMMR Locally Advanced Rectal Cancer,RECRUITING,PHASE2,50.0
NCT01872442,Combination of Dasatinib and Peg-Interferon Alpha 2b in First Line for Chronic Myeloid Leukemia in Chronic Phase,COMPLETED,PHASE2,
NCT02358161,Phase I/II Study of LDE225 With Gemcitabine and Nab-paclitaxel in Patients With Pancreatic Cancer,COMPLETED,PHASE1,78.0
NCT01357161,A Study of Adavosertib (MK-1775) in Combination With Paclitaxel and Carboplatin Versus Paclitaxel and Carboplatin Alone for Participants With Platinum-Sensitive Ovarian Tumors With the P53 Gene Mutation (MK-1775-004),COMPLETED,PHASE2,136.0
NCT02952586,Study To Compare Avelumab In Combination With Standard of Care Chemoradiotherapy (SoC CRT) Versus SoC CRT for Definitive Treatment In Patients With Locally Advanced Squamous Cell Carcinoma Of The Head And Neck (JAVELIN HEAD AND NECK 100),TERMINATED,PHASE3,697.0
NCT00891670,Comparison of Platelet Inhibition With Adjunctive Cilostazol Versus High Maintenance-Dose Clopidogrel According to Hepatic Cytochrome 2C19 Allele (CYP2C19) Polymorphism,UNKNOWN,PHASE3,80.0
NCT01567670,"Clinical Trial on Binge Eating Disorder, Treatment With Naloxone Spray",UNKNOWN,PHASE2,138.0
NCT01633970,A Study of Atezolizumab Administered in Combination With Bevacizumab and/or With Chemotherapy in Participants With Locally Advanced or Metastatic Solid Tumors,COMPLETED,PHASE1,240.0
NCT01197170,Hormone Receptor Positive Disease Across Solid Tumor Types: A Phase I Study of Single-Agent Hormone Blockade and Combination Approaches With Targeted Agents to Provide Synergy and Overcome Resistance,COMPLETED,PHASE1,277.0
NCT01530373,Solifenacin Compared to Clonidine for Reducing Hot Flashes Among Breast Cancer Patients,RECRUITING,PHASE2,110.0
NCT07013773,To Evaluate the Effect of Food on the Pharmacokinetics of Y-4 Tablets in Healthy Subjects,RECRUITING,PHASE1,20.0
NCT02949973,Aurinia Early Urinary Protein Reduction Predicts Response,COMPLETED,PHASE2,10.0
NCT00238173,"Acetylcysteine, Mannitol, Combination Chemotherapy, and Sodium Thiosulfate in Treating Children With Malignant Brain Tumors",TERMINATED,PHASE1,2.0
NCT02115360,Epidural Calcitonin in Lower Limb Amputation,COMPLETED,NA,60.0
NCT02462720,"COMFORT: A Multicenter, Open-label, Randomized, Crossover Study",COMPLETED,PHASE4,35.0
NCT04350320,Trial to Study the Benefit of Colchicine in Patients With COVID-19,COMPLETED,PHASE3,102.0
NCT02479620,Lower-Limb Adventitial Infusion of DexaMethasone Via Bullfrog to Reduce Occurrence of Restenosis After Atherectomy (ATX)-Based Revascularization,UNKNOWN,PHASE2,120.0
NCT00577720,"Assess the Safety, Efficacy, and Pharmacokinetics of Immediate and Delayed Release Weekly Risedronate",COMPLETED,PHASE2,181.0
NCT02193282,Erlotinib Hydrochloride in Treating Patients With Stage IB-IIIA Non-small Cell Lung Cancer That Has Been Completely Removed by Surgery (An ALCHEMIST Treatment Trial),ACTIVE_NOT_RECRUITING,PHASE3,390.0
NCT00728923,Pilot Study of Minocycline (NPL-2003) in Adults With Obsessive-Compulsive Disorder (OCD),COMPLETED,PHASE2,9.0
NCT01424423,NOGO-A in Multiple Sclerosis FTIH,TERMINATED,PHASE1,3.0
NCT02149524,A Study to Compare the Effect of SB3 and Herceptin® in Women With HER2 Positive Breast Cancer,COMPLETED,PHASE3,875.0
NCT02531724,Effects of Levosimendan in Acute Kidney Injury After Cardiac Surgery,COMPLETED,PHASE4,30.0
NCT06690723,Vitamin D and SGLT-2 Inhibitor in CPAP-naive Obstructive Sleep Apnea,COMPLETED,PHASE3,160.0
NCT01758523,Dutasteride Treatment for the Reduction of Heavy Drinking in Men,COMPLETED,PHASE4,189.0
NCT03895359,Transarterial Chemoembolization (TACE) Versus TACE Plus Stereotactic Body Radiation Therapy (SBRT) in Liver Carcinoma,RECRUITING,PHASE3,128.0
NCT03307759,Sequencing of Stereotactic Ablative Body Radiotherapy in Combination With PD-1 Blockade Using Pembrolizumab in Metastatic Non-Small Cell Lung Carcinoma,TERMINATED,PHASE1,13.0
NCT07346859,Study of BP-SCIG 20% in Patients With Primary Immunodeficiency (PID),RECRUITING,PHASE3,56.0
NCT03686059,Outcome of Omega 3 FA and Punctal Plugs on Ocular Surface Disease,COMPLETED,PHASE4,90.0
NCT03679780,The Effect of Endothelin and L-Arginine on Racial Differences in Vasoconstriction,COMPLETED,PHASE1,19.0
NCT05075980,"Intensity Modulated Proton or X-Ray Therapy After Surgery for Treatment of Head and Neck Cancer, the HEADLIGHT Study",ACTIVE_NOT_RECRUITING,PHASE2,174.0
NCT04162379,Oral Prednisolone Effect on Cancer WHO Stepladder Analgesia Protocol,COMPLETED,PHASE2,39.0
NCT01054196,Lenalidomide Plus Melphalan as a Preparative Regimen for Autologous Stem Cell Transplantation in Relapsed Multiple Myeloma: A Phase 1 / 2 Study,ACTIVE_NOT_RECRUITING,PHASE1,52.0
NCT06204796,The Role of Vitamin D in Amelioration of Oral Lichen Planus and Its Effect on Salivary IFN-γ Level,COMPLETED,PHASE4,40.0
NCT02235480,Efficacy and Safety of Tazarotene Gel in Nail Psoriasis,COMPLETED,PHASE2,66.0
NCT07624279,"nVNS, CBD, and SoC for Persistent Post-Traumatic Headache",NOT_YET_RECRUITING,PHASE2,80.0
NCT02881762,Maraviroc Efficacy for Hepatitis C,COMPLETED,PHASE4,10.0
NCT00673062,Study of the Effect of SCH 900538 on Congestion in Subjects With Seasonal Allergic Rhinitis (Study P05031)(COMPLETED),COMPLETED,PHASE2,265.0
NCT03449446,"Study to Evaluate the Safety and Efficacy of Selonsertib, Firsocostat, Cilofexor, and Combinations in Participants With Bridging Fibrosis or Compensated Cirrhosis Due to Nonalcoholic Steatohepatitis (NASH)",COMPLETED,PHASE2,395.0
NCT00069888,A Phase II Trial of Adjuvant Docetaxel in Patients At High Risk of Relapse Following Prostatectomy,COMPLETED,PHASE2,83.0
NCT01286103,A Pharmacokinetic and Pharmacodynamic Study of Once-Daily and Twice-Daily Dosing With Canagliflozin in Healthy Adult Volunteers,COMPLETED,PHASE1,34.0
NCT03743662,Nivolumab With Radiation Therapy and Bevacizumab for Recurrent MGMT Methylated Glioblastoma,ACTIVE_NOT_RECRUITING,PHASE2,39.0
NCT01762462,Open Label Pharmacokinetic Study of SAR302503 in Subjects With Hepatic Impairment,COMPLETED,PHASE1,17.0
NCT00449046,Clinical Assessment Of GW815SF Salmeterol/Fluticasone Propionate(HFA MDI) In Pediatric Patients With Bronchial Asthma -A Long Term (24-week) Study-,COMPLETED,PHASE3,40.0
NCT05660746,Precise Infliximab Exposure and Pharmacodynamic Control,RECRUITING,PHASE2,180.0
NCT03206788,Losartan and Inflammation in Cystic Fibrosis,TERMINATED,PHASE2,7.0
NCT01568203,First-in-Human Study to Evaluate AMG 579 in Healthy Subjects and Patients With Stable Schizophrenia,TERMINATED,PHASE1,50.0
NCT01576003,Enteral Glutamine in Reducing Bloodstream Infections in Short Bowel Syndrome Infants,COMPLETED,NA,10.0
NCT06157827,A Clinical Trial of LBL-024 Combined With Etoposide and Platinum in Patients With Advanced Neuroendocrine Carcinoma,RECRUITING,PHASE1,178.0
NCT05529927,Efficacy and Safety of Sustained-release Dexamphetamine in Patients With Moderate to Severe Cocaine Use Disorder,RECRUITING,PHASE2,204.0
NCT07190027,Immunodynamics-Guided Optimization of Individualized Immunochemotherapy in Advanced Driver-Negative NSCLC: A Randomized Trial,NOT_YET_RECRUITING,PHASE1,246.0
NCT00896961,EF5 to Evaluate Tumor Hypoxia in Patients With High-Grade Soft Tissue Sarcoma or Mouth Cancer,TERMINATED,NA,120.0
NCT01466361,Evaluation of the Nicotine Lozenge in Relief of Provoked Acute Craving,COMPLETED,PHASE2,187.0
NCT02202161,"A Study Investigating Safety, Tolerability, Pharmacokinetics and Pharmacodynamics of GSK2330672 Administered With Metformin to Type 2 Diabetes Patients",COMPLETED,PHASE2,70.0
NCT00197886,Dose of Norepinephrine and the Concentration of L-Lactate in the Rectum and Stomach in Patients With Septic Shock.,COMPLETED,NA,10.0
NCT07549386,Efficacy and Safety of Etoricoxib+Diacerein in Osteoarthritis.,COMPLETED,PHASE3,123.0
NCT06423170,A Single-arm Phase II Clinical Study of the Efficacy and Safety of Camrelizumab Combined With GEMOX for Unresectable GBCs,RECRUITING,PHASE2,37.0
NCT04790370,"Ultrasound-facilitated, Catheter-directed, Thrombolysis in Intermediate-high Risk Pulmonary Embolism",ACTIVE_NOT_RECRUITING,PHASE4,544.0
NCT06269770,Tapentadol vs Tramadol in Total Knee Arthroplasty,UNKNOWN,PHASE4,96.0
NCT05874570,Doxycycline for Helicobacter Pylori Rescue Treatment,RECRUITING,PHASE4,368.0
NCT05670470,"A Prospective, Randomized, Investigator-blinded, Parallel, Multi-center, Phase 3 Trial",COMPLETED,PHASE3,84.0
NCT02217670,Comparative Bioavailability Study of Metformin HCl 1000 mg Granules vs Glucophage 1000 mg Film-coated Tablet,WITHDRAWN,PHASE1,0.0
NCT05387070,"PaTHway CHINA TRIAL: A Trial to Investigating the Safety, Tolerability and Efficacy of TransCon PTH in Adults With Hypoparathyroidism",COMPLETED,PHASE3,81.0
NCT03640273,Efficacy and Adverse Effects of Prapchompoothaweep Remedy and Loratadine for Treatment in AR Patients,COMPLETED,PHASE2,72.0
NCT04958473,A Study of Sintilimab in Combination With Axitinib in Advanced Renal Cell Cancer,UNKNOWN,PHASE2,40.0
NCT02628769,A Study to Evaluate the Anti-inflammatory Effects of Solithromycin in Chronic Obstructive Pulmonary Disease,TERMINATED,PHASE2,6.0
NCT03750383,"Drug-Drug Interaction Study Between EDP-938, Cyclosporine and Prednisone in Healthy Adult Subjects",COMPLETED,PHASE1,48.0
NCT02005783,Study of Danggui Buxue Decoction in Preventing Neutropenia,COMPLETED,PHASE2,50.0
NCT03262441,MMF for HIV Reservoir Reduction,COMPLETED,PHASE2,5.0
NCT03460041,Caudal Dexmetedomedine Versus Magnesium in Orthopedic Pediatric Surgeries,UNKNOWN,PHASE4,36.0
NCT05688241,EBV-Tscm Cytotoxic T Cells (CTLs) for EBV- Driven Lymphomas/ Diseases,NOT_YET_RECRUITING,PHASE1,10.0
NCT04397341,Biweekly TPF Induction Chemotherapy for Locally Advanced Squamous Cell Carcinoma of Head and Neck,COMPLETED,PHASE2,58.0
NCT02053454,"A Study of the Safety, Tolerability and Pharmacokinetics of ALN-TTR02 in Japanese Healthy Volunteers",COMPLETED,PHASE1,12.0
NCT05186454,Postoperative Pain Control by Use of Many Drugs in Small Doses Intrathecally,UNKNOWN,PHASE2,60.0
NCT00515554,HD18 for Advanced Stages in Hodgkins Lymphoma,COMPLETED,PHASE3,1500.0
NCT01767454,Study of Dabrafenib +/- Trametinib in Combination With Ipilimumab for V600E/K Mutation Positive Metastatic or Unresectable Melanoma,COMPLETED,PHASE1,38.0
NCT03885154,Valproic Acid and Dihydroergotamine as Abortive Therapy in Pediatric Migraine,TERMINATED,PHASE2,24.0
NCT01726205,Perioperative Pregabalin and Continuous Wound Infusion for Pain Control Following Thoracotomy,COMPLETED,PHASE4,45.0
NCT05050305,Marizomib Central Nervous System (CNS),WITHDRAWN,PHASE2,0.0
NCT01250405,Acute Effects of Cinacalcet on Arterial Stiffness and Ventricular Function in Hemodialysis Patients,COMPLETED,PHASE4,23.0
NCT04935294,Study of Danicopan in Participants With Normal Kidney Function and Participants With Kidney Dysfunction,COMPLETED,PHASE1,16.0
NCT03633994,Heparin Intraoperative Instillation for Lower Urinary Tract Symptoms After Benign Hysterectomy,UNKNOWN,PHASE2,104.0
NCT00252694,DIabetic Retinopathy Candesartan Trials,COMPLETED,PHASE3,4717.0
NCT04234594,Comparing the Pharmacokinetic and Safety of QL1203 and Vectibix® in Healthy Males.,UNKNOWN,PHASE1,94.0
NCT01813994,Role of Statin on the Gastric Inflammation in Patients at High Risk of Gastric Cancer,COMPLETED,NA,96.0
NCT06198894,Steroid-eluting Sinus Stent for Chronic Rhinosinusitis Patients With Uncontrolled Postoperative Symptoms,UNKNOWN,NA,96.0
NCT00383994,"Immunotherapy With NK Cell, Rituximab and Rhu-GMCSF in Non-Myeloablative Allogeneic Stem Cell Transplantation",COMPLETED,PHASE1,6.0
NCT00430066,Effects of Imatinib Mesylate in Polycythemia Vera,COMPLETED,PHASE2,9.0
NCT00248066,Safety and Efficacy of RESTEN-MP When Used in Conjunction With a Bare Metal Stent in Coronary Arteries,COMPLETED,PHASE2,50.0
NCT02937766,"Study Assessing Injection Pain of Makena® (Hydroxyprogesterone Caproate Injection, 250 mg/mL) When Administered Via Subcutaneous Auto-injector vs Intramuscular Injection Via Needle and Syringe in Healthy Post-menopausal Women",TERMINATED,PHASE3,60.0
NCT00375960,A Research Study of V3381 for the Treatment of Diabetic Peripheral Neuropathic Pain,COMPLETED,PHASE2,50.0
NCT01023360,Evaluation of Antiplatelet Drug Resistance in Taiwanese With VASP & Platelet Mapping ™ Assay,UNKNOWN,PHASE4,30.0
NCT00002520,Physician-Initiated Stop-Smoking Program for Patients Receiving Treatment for Early-Stage Cancer,COMPLETED,NA,434.0
NCT05447520,Montelukast Use in Rheumatoid Arthritis,COMPLETED,PHASE2,92.0
NCT00715520,Neurobiological Principles Applied to the Rehabilitation of Stroke Patients,COMPLETED,NA,33.0
NCT06700720,YN001-004 in Patients With Coronary Atherosclerosis in Australia,RECRUITING,PHASE2,24.0
NCT00742820,Bioequivalence Study Comparing Calcium Acetate Oral Solution Versus Calcium Acetate Gelcaps in Healthy Volunteers,COMPLETED,PHASE1,46.0
NCT00191724,Adjuvant Treatment of Pulmonary Embolism With Drotrecogin Alfa (Activated): Phase II Exploratory Study,COMPLETED,PHASE2,47.0
NCT00945724,"Safety and Feasibility Study of Combination of State of Art Chemoimmunotherapy, Intensive Central Nervous System Prophylaxis and Scrotal Irradiation to Treat Primary Diffuse Large B-cell Lymphoma of Testis",COMPLETED,PHASE2,54.0
NCT01563523,Efficacy and Safety of Activated Recombinant Human Factor VII in Severely Injured Trauma Patients,COMPLETED,PHASE2,283.0
NCT03246724,Oral Versus Intravenous Sedation for Ocular Procedures,COMPLETED,PHASE4,327.0
NCT04700423,Efficacy and Safety of MOX/ALB vs. IVM/ALB Co-administration,COMPLETED,PHASE2,536.0
NCT04544059,Lenalidomide Plus R-CHOP for CNS Relapse Prophylaxis in Diffuse Large B-cell Lymphoma,UNKNOWN,PHASE2,87.0
NCT02872259,BGB324 in Combination With Pembrolizumab or Dabrafenib/Trametinib in Metastatic Melanoma,COMPLETED,PHASE1,74.0
NCT00282659,"The Use of Magnesium to Improve Blood Pressure, Cholesterol, and Glucose Control",COMPLETED,PHASE4,240.0
NCT00376480,Laboratory-Treated Lymphocyte Infusion After Haploidentical Donor Stem Cell Transplant,COMPLETED,PHASE1,19.0
NCT06954480,Investigating Datopotamab Deruxtecan Plus Durvalumab Versus Datopotamab Deruxtecan in Patients With PDL1-negative Metastatic Triple-negative Breast Cancer,RECRUITING,PHASE2,140.0
NCT07541079,"A Study Evaluating Adherence, Tolerability, and Patient Reported Outcomes of Giredestrant in Participants With ER+/HER2- Early Breast Cancer Who Are Intolerant to Adjuvant Aromatase Inhibitor Therapy (novERA Breast Cancer)",NOT_YET_RECRUITING,PHASE3,300.0
NCT03862079,Fecal Transplant +/- Gut Decontamination in Preventing Acute Graft Versus Host Disease in Patients Given Broad-Spectrum Antibiotics,WITHDRAWN,PHASE2,0.0
NCT02370680,Length of Effect of Extended Release Aspirin on Platelets in Patients With Diabetes and Heart Disease,COMPLETED,PHASE1,41.0
NCT01750580,Safety Study of BMS-986015 (Anti-KIR) in Combination With Ipilimumab in Subjects With Selected Advanced Tumor,COMPLETED,PHASE1,22.0
NCT02576080,Efficacy of Imatinib in Patients With Intermediate-risk Gastrointestinal Stromal Tumor With a High-risk Genomic Grade Index,UNKNOWN,PHASE3,80.0
NCT00138580,Extension to a Study on the Efficacy and Safety of Vildagliptin in Combination With Glimepiride in Patients With Type 2 Diabetes,COMPLETED,PHASE3,345.0
NCT03908580,MEDITOXIN® Treatment in Subjects With Post-Stroke Upper Limb Spasticity,COMPLETED,PHASE4,120.0
NCT04016779,Evaluation of SPN-812 (Viloxazine Extended-release Capsule) in Adults With ADHD,COMPLETED,PHASE3,374.0
NCT07334496,A Study to Evaluate the Biosimilarity of GLR1044 Injection and Dupilumab Injection (Dupixent®) in Healthy Adult Male Subjects,NOT_YET_RECRUITING,PHASE1,198.0
NCT01657162,Twenty-Four Month Extension Study of BA058-05-003 (Abaloparatide) in Participants With Osteoporosis,COMPLETED,PHASE3,1139.0
NCT01376362,Topical Interferon Gamma for Macular Edema Secondary to Uveitis,COMPLETED,PHASE1,5.0
NCT01563562,"Single-Dose, Open-Label Pharmacokinetic Study of Bardoxolone Methyl in Subjects With Mild, Moderate, and Severe Hepatic Impairment and Normal Hepatic Function",COMPLETED,PHASE1,34.0
NCT01745588,Autologous Stem Cell Transplant With Pomalidomide (CC-4047®) Maintenance Versus Continuous Clarithromycin/ Pomalidomide / Dexamethasone Salvage Therapy in Relapsed or Refractory Multiple Myeloma,COMPLETED,PHASE2,23.0
NCT01147588,"Study Evaluating Effect of Esomeprazole, Omeprazole or Lansoprazole on the Pharmacodynamics (PD) and Pharmacokinetics (PK) of Clopidogrel",COMPLETED,PHASE1,149.0
NCT01389388,Effects of Rosuvastatin on Carotid Artery Plaques in Patients With Inflammatory Joint Disease,COMPLETED,NA,114.0
NCT04204603,A Study Evaluating the Efficacy and Safety of CKD-506 in Adult Subjects With Moderate-to-Severe Rheumatoid Arthritis and Inadequate Response to Methotrexate,COMPLETED,PHASE2,122.0
NCT04211103,Pembrolizumab in Pre Neoplastic High Grade HPV-related Vulvar and Cervical Lesions,UNKNOWN,PHASE2,45.0
NCT02855203,Stereotactic Radiotherapy and Anti-PD1 Antibody (Pembrolizumab) for Oligometastatic Renal Tumours,COMPLETED,PHASE1,30.0
NCT01700803,Povidone Iodine and Cesarean Section Wound Infections,COMPLETED,PHASE3,3231.0
NCT02591888,Impact of Liposomal Bupivacaine Administered Following Placement of a Transobturator Suburethral Sling,TERMINATED,PHASE4,18.0
NCT01742988,"Study to Assess the Safety, Tolerability and Pharmacokinetics of Fimepinostat (CUDC-907) in Patients With Lymphoma",COMPLETED,PHASE1,106.0
NCT02704403,Phase 3 Study to Evaluate the Efficacy and Safety of Elafibranor Versus Placebo in Patients With Nonalcoholic Steatohepatitis (NASH),TERMINATED,PHASE3,2157.0
NCT00005603,Combination Chemotherapy in Treating Children With Acute Lymphoblastic Leukemia,COMPLETED,PHASE3,276.0
NCT00885703,High-Dose Fluconazole for the Treatment of Cryptococcal Meningitis in HIV-Infected Individuals,COMPLETED,PHASE1,168.0
NCT01925703,Short-Term Effects & Safety of an Accelerated Intravenous Iron Regimen in Patients With Heart Failure,COMPLETED,PHASE4,13.0
NCT04911127,Therapeutic Response of Cannabidiol in Rheumatoid Arthritis,COMPLETED,PHASE1,67.0
NCT05286827,Olaparib in Subjects With Advanced Pancreatic Acinar Cell Carcinoma,TERMINATED,PHASE2,5.0
NCT02588027,Effect of Ibuprofen on Postoperative Opiate Medication Use and Shoulder Functional Outcomes,COMPLETED,NA,110.0
NCT07058727,Different Hemostatic Agents Used in Partial Pulpotomy on Pulp Survival and Postoperative Pain,RECRUITING,NA,75.0
NCT05429827,The Therapeutic Effects of Dextrose Injection for Myofascial Pain Syndrome,COMPLETED,NA,23.0
NCT02213861,"Efficacy, Safety and Tolerability Study of SHAPE in IA, IB or IIA Cutaneous T-cell Lymphoma",UNKNOWN,PHASE2,60.0
NCT04871061,Evaluation of Pericapsular Nerve Group Block on Positioning Pain for Spinal Anesthesia in Hip Fracture Patients,COMPLETED,NA,80.0
NCT02154061,Systems Biology of Flu Vaccine in Healthy Adults With and Without the Use of Antibiotics,COMPLETED,NA,33.0
NCT01100242,Velcade and Sorafenib in Unresected or Metastatic Renal Cell Carcinoma,TERMINATED,PHASE2,17.0
NCT00706342,Pilot Study of Fostamatinib Disodium/R935788 for the Treatment of Adult Refractory Immune Thrombocytopenic Purpura (ITP),COMPLETED,PHASE2,18.0
NCT02176642,Comparison of Combination Therapy vs Single Agent Therapy for Treatment of Urge Incontinence.,TERMINATED,PHASE4,55.0
NCT05199142,"A Study to Evaluate the Safety, Tolerability, and Pharmacodynamics of SDI-118 in Elderly Male and Female Study Participants With Cognitive Decline",TERMINATED,PHASE1,5.0
NCT07517042,ASCEND-1: Lifestyle Intervention Plus Mazdutide for Weight Management,RECRUITING,NA,420.0
NCT03299842,A Study to Assess the Usability of the Embrace Seizure Detection Watch in Children and Young Adults With Dravet Syndrome,TERMINATED,PHASE3,5.0
NCT00825786,Ultrasound Guided Supraclavicular Nerve Block,COMPLETED,PHASE3,103.0
NCT06349486,"Efficacies of Bismuth-amoxicillin-vonoprazan Triple Therapy, Vonoprazan-amoxicillin Dual Therapy and Proton Pump Inhibitor-based Standard Triple Therapy for Hp Eradication",RECRUITING,NA,390.0
NCT02624986,A Study of Idasanutlin in Combination With Obinutuzumab in Relapsed/Refractory (R/R) Follicular Lymphoma (FL) and in Combination With Rituximab in R/R Diffuse Large B-Cell Lymphoma (DLBCL) Participants,TERMINATED,PHASE1,25.0
NCT02022670,Sodium Nitrite to Treat Arterial Aging,COMPLETED,PHASE1,33.0
NCT04263870,Conversion Therapy With Sintilimab Plus CAPOX in Patients With Unresectable Locally Advanced or Limited Metastatic Adenocarcinoma of the Stomach or Esophagogastric Junction,UNKNOWN,PHASE2,36.0
NCT06684470,Novel Pilot Study to Treat Symptoms of IBS With Diarrhea Using Combination Therapy of a Low-FODMAP Diet and a Neuromodulator,RECRUITING,EARLY_PHASE1,20.0
NCT03160573,Controlling Oral Malodor by ClōSYS Oral Rinse,COMPLETED,NA,99.0
NCT02644473,Safety of Topical Tranexamic Acid in Total Joint Arthroplasty in High Risk Patients,WITHDRAWN,PHASE4,0.0
NCT03218969,"Treatment of Restless Leg Syndrome (RLS) Augmentation With Ecopipam, a D1 Specific Antagonist",COMPLETED,PHASE1,10.0
NCT04920383,ALPN-202 With PD-1 Inhibition in Advanced Malignancies,TERMINATED,PHASE1,29.0
NCT03792269,Intraperitoneal and System Chemotherapy Versus XELOX as First-line Chemotherapy for mCRC,UNKNOWN,PHASE2,100.0
NCT00102869,Dopaminergic Enhancement of Learning and Memory in Aphasia,COMPLETED,PHASE4,12.0
NCT02154269,Evaluation of G-CSF (Colony Stimulating Factor) in Patients With Chronic Chagas Cardiomyopathy,COMPLETED,PHASE2,70.0
NCT01480869,Study of Vitamin D Supplementation Tailored to Vitamin D Deficiency in Breast Cancer Patients,COMPLETED,PHASE3,215.0
NCT01665183,Ph 1 Trial of ADI-PEG 20 Plus Cisplatin in Patients With Metastatic Melanoma,COMPLETED,PHASE1,8.0
NCT00489983,Trial of Pemetrexed or Pemetrexed With Gemcitabine for Patients With Advanced Lung Cancer Who Are Not Eligible for Platinum-Based Chemotherapy and Have Not Previously Been Treated With Chemotherapy,COMPLETED,PHASE2,91.0
NCT01628783,Sequence Towards Remission in Depression,UNKNOWN,PHASE4,90.0
NCT02353741,Concurrent EGFR-TKIs and Thoracic Radiation Therapy in Active EGFR Mutation for 1st Line Treatment of Stage IV NSCLC,TERMINATED,PHASE2,10.0
NCT03168841,Efficacy and Safety of Efinaconazole 10% Solution in the Treatment of Onychomycosis in Diabetic Patients,COMPLETED,PHASE3,40.0
NCT01204554,Microcirculation in Perforator Flaps. Enhancing Tissue Survival,UNKNOWN,EARLY_PHASE1,50.0
NCT00106054,Neoadjuvant Colorectal Cancer With Unresectable Liver Metastases,TERMINATED,PHASE2,2.0
NCT03304054,Study to Evaluate Amifampridine Phosphate in Patients With MuSK-MG,COMPLETED,PHASE3,93.0
NCT06897605,Impact of Dapagliflozin in Anemic Chronic Kidney Disease Patients,RECRUITING,PHASE2,80.0
NCT07113054,A Clinical Trial to Evaluate the Effect of Grapefruit Juice on the PK/PD of Edoxaban,ACTIVE_NOT_RECRUITING,PHASE1,14.0
NCT00583154,A Pilot Efficacy Evaluation of BLI-801 as a Laxative in Constipated Adults,COMPLETED,PHASE2,60.0
NCT05748405,Phase 1/2 Trial of AEF0217 in Participants With Down Syndrome,COMPLETED,PHASE1,40.0
NCT07067905,Clinical Evaluation of [68Ga]Ga-XT771 PET for Diagnosis in Patients With Glioblastoma and Clear Cell Renal Cell Carcinoma,RECRUITING,EARLY_PHASE1,15.0
NCT00778505,Use of Closed-loop Anesthesia in Pediatric Patients,TERMINATED,PHASE4,45.0
NCT05375305,A Study of SHR8554 Injection for the Treatment of Pain After Orthopedic Surgery,COMPLETED,PHASE2,320.0
NCT00010205,Benzoylphenylurea in Treating Patients With Advanced Cancer,TERMINATED,PHASE1,30.0
NCT02406794,Effect of Kinesiotaping for the Treatment of Hormone-induced Myalgia in Women Given Breast Cancer Survivors,COMPLETED,PHASE1,156.0
NCT05985694,"AD17002 Treating Poorly Controlled, Moderate to Severe Eosinophilic Asthma",COMPLETED,PHASE1,40.0
NCT02976194,Intraocular Cytokine in Recurrence of Polypoidal Choroidal Vasculopathy,UNKNOWN,PHASE4,28.0
NCT04274894,A Study of the Effect of Topical Testosterone Replacement Therapy on Blood Pressure in Adult Male Participants With Hypogonadism,COMPLETED,PHASE4,246.0
NCT03393494,Bioequivalence Study of Two Treatments in the Treatment of Acne Vulgaris on the Face,COMPLETED,PHASE3,825.0
NCT00003694,Homoharringtonine Plus Low-Dose Cytarabine in Treating Patients With Newly Diagnosed Chronic Myelogenous Leukemia in Chronic Phase,COMPLETED,PHASE2,60.0
NCT07375966,Repeated Intravenous Thrombolysis for Ischemic Stroke With Medium to Large Vessel Occlusion Presenting Within 4.5 Hours of Onset With Tenecteplase (RITIS-TNK2),RECRUITING,PHASE2,198.0
NCT00181922,Ziprasidone for the Treatment of Mania in Children and Adolescents With Bipolar Disorder,COMPLETED,PHASE4,20.0
NCT03787017,A Study to Compare MP-513 20mg & Metformin XR 1000mg FDC With Coadministration of the Two Separate Drugs,COMPLETED,PHASE1,36.0
NCT00091689,Safety and Efficacy of an Immune Response Modifier to Treat Inoperable Advanced Melanoma Skin Lesions,COMPLETED,PHASE1,
NCT03631017,Imaging With a PET Agent for Detection of Cancers of the Head and Neck,ACTIVE_NOT_RECRUITING,PHASE1,12.0
NCT01796717,Optimizing Dosing Regimen of Piperacillin/Tazobactam for Nosocomial Pneumonia,UNKNOWN,PHASE2,50.0
NCT05471440,SWITCH ON: Analysing the Immunogenicity of Additional Booster Vaccinations in HCW,UNKNOWN,NA,431.0
NCT04233840,P1101 and Anti-PD1 for After Curative Surgery of Hepatitis B-related Hepatocellular Carcinoma,UNKNOWN,PHASE1,72.0
NCT07001540,"Evaluation of the Efficacy and Safety of Polatuzumab Vedotin Combined With Rituximab, Gemcitabine, and Oxaliplatin (Pola-R-GemOx) as Salvage Therapy for Relapsed/Refractory Diffuse Large B-Cell Lymphoma (DLBCL) Patients Ineligible for Autologous Transplantation",RECRUITING,PHASE2,130.0
NCT00220168,Phase II Trial Evaluating Irinotecan and Capecitabine Relapsed/Refractory Upper GI Tumours,COMPLETED,PHASE4,33.0
NCT01027689,Bioequivalence of a New Sublingual and a Reference Alprazolam Immediate Release Tablet Formulation,WITHDRAWN,PHASE1,0.0
NCT02825940,"A Study to Assess the Pharmacokinetics, Efficacy, and Safety of Atezolizumab Administered Intravenously (IV) as a Single Agent or in Combination With Chemotherapy in Chinese Participants With Locally Advanced or Metastatic Solid Tumors",COMPLETED,PHASE1,120.0
NCT06186440,Cisplatin Plus Temozolomide Compared With Temozolomide in Patients With MGMT Promotor Unmethylated Glioblastoma,UNKNOWN,PHASE1,60.0
NCT06409689,Oliceridine-Enhanced Analgesia and Recovery: A G-Protein Biased μ-Opioid Study,RECRUITING,NA,80.0
NCT05595889,Surufatinib Combined With Irinotecan as a Second-line Treatment for Small Cell Lung Cancer,UNKNOWN,PHASE2,40.0
NCT05745350,"First Line Pembrolizumab, Plinabulin Plus Etoposide and Platinum (EP) for ES-SCLC",RECRUITING,PHASE2,45.0
NCT05910450,A Study to Evaluate the Efficacy and Safety of Clascoterone Solution in Treatment of Male Pattern Hair Loss,COMPLETED,PHASE3,703.0
NCT05547750,Effect of Vitamin K2 in the Treatment of Nocturnal Leg Cramps in Older Population,COMPLETED,NA,200.0
NCT00411450,Panitumumab Regimen Evaluation in Colorectal Cancer to Estimate Primary Response to Treatment,COMPLETED,PHASE2,116.0
NCT01160991,Effect of Atypical Antipsychotic Drugs Olanzapine and Amisulpride on Glucose Metabolism,COMPLETED,NA,10.0
NCT02518191,Effects of GnRHa on Ovarian Function Against Chemotherapy-induced-gonadotoxicity,COMPLETED,PHASE3,345.0
NCT01802450,Dasatinib in Patients With Chronic Myeloid Leukemia in Chronic Phase,UNKNOWN,PHASE2,18.0
NCT00326391,A Safety and Effectiveness Study of Methylphenidate HCl Extended-release Tablets in Adults With Attention Deficit Hyperactivity Disorder,COMPLETED,PHASE3,229.0
NCT03706274,PROCLAIM-CX-188: A Trial to Find Safe and Active Doses of an Investigational Drug CX-188 for Patients With Solid Tumors,WITHDRAWN,PHASE1,0.0
NCT02680574,Efficacy and Safety Study to Evaluate Vadadustat for the Maintenance Treatment of Anemia in Participants With Non-dialysis-dependent Chronic Kidney Disease (NDD-CKD),COMPLETED,PHASE3,1725.0
NCT05394818,The Clinical Study of SHR-A2009 for Injection in Patients With Advanced Solid Tumors,COMPLETED,PHASE1,19.0
NCT02910518,"A Study to Demonstrate Bioequivalence Between Insulin Glulisine U300 and Insulin Glulisine U100 After a Single Subcutaneous Dose Using the Euglycemic Clamp Technique, in Patients With Type 1 Diabetes Mellitus",COMPLETED,PHASE1,44.0
NCT06783790,Avapritinib Combined With Azacitidine and Venetoclax in the Treatment of Relapsed AML After Allo-HSCT,RECRUITING,PHASE2,20.0
NCT03237390,Ribociclib and Gemcitabine Hydrochloride in Treating Patients With Advanced or Metastatic Solid Tumors,COMPLETED,PHASE1,43.0
NCT06067490,A Phase I Study of RC1416 Injection,COMPLETED,PHASE1,48.0
NCT06447090,VMAC+DLI Treatment of Patients With Relapse of AML After Allo-HSCT,RECRUITING,PHASE2,30.0
NCT01722097,Recovery After Laparoscopic Hysterectomy With Deep Neuromuscular Blockade and Low Intra-abdominal Pressure,COMPLETED,PHASE4,110.0
NCT04621097,Pulsed Electromagnetic Field Versus Treadmill Walking in Peripheral Arterial Disease,UNKNOWN,NA,70.0
NCT02352597,Phytoestrogens as an Alternative to Estradiol in Ovulation Induction in PCOS,COMPLETED,PHASE4,150.0
NCT06665997,Clinical and Biomarker Effects of Depot Medroxyprogesterone Acetate in Females With Sickle Cell Disease,RECRUITING,PHASE4,65.0
NCT00636610,"A Study of Vismodegib (GDC-0449, Hedgehog Pathway Inhibitor) With Concurrent Chemotherapy and Bevacizumab As First-Line Therapy for Metastatic Colorectal Cancer",COMPLETED,PHASE2,199.0
NCT05310110,Muscle Relaxants and Laryngeal Local Anesthetics for Laryngeal Mask Airway Insertion Decreasing Propofol in Elderly,COMPLETED,NA,96.0
NCT05558410,Evaluation of Efficacy and Safety of Suzetrigine for Acute Pain After an Abdominoplasty,COMPLETED,PHASE3,1118.0
NCT04218110,Preoperative Skin Preparation Study to Evaluate the Antimicrobial Capabilities of Four Test Substances,COMPLETED,PHASE3,329.0
NCT04090710,SBRT With Combination Ipilimumab/Nivolumab for Metastatic Kidney Cancer,ACTIVE_NOT_RECRUITING,PHASE2,66.0
NCT05835310,An Efficacy and Safety Study of Intravenous Anifrolumab to Treat Systemic Lupus Erythematosus in Pediatric Participants,RECRUITING,PHASE3,100.0
NCT00416520,"A Phase III, Multicentre, Double-Blind, Placebo-Controlled Withdrawal Study in Patients With Hyperphosphatemia",COMPLETED,PHASE3,336.0
NCT00654420,A Study Evaluating Dalotuzumab (MK-0646) in Combination With Erlotinib for Participants With Non-Small Cell Lung Cancer (MK-0646-007),COMPLETED,PHASE2,95.0
NCT01742520,Neurodevelopmental Outcomes of Preterm Infants Treated for Pain Management With Repeated Doses of Sucrose 24%,UNKNOWN,NA,90.0
NCT02450682,Apixaban in Patients Who Undergo CIED Procedure- Randomized Pilot Study,WITHDRAWN,PHASE2,0.0
NCT01534182,Evaluation of Patient Reported Outcomes in RRMS Patients Candidates for MS Therapy Change and Transitioned to Fingolimod 0.5 mg (EPOC),COMPLETED,PHASE4,298.0
NCT02117024,A Phase 2 Study of Viagenpumatucel-L (HS-110) in Patients With Non-Small Cell Lung Cancer,TERMINATED,PHASE2,66.0
NCT04168723,TQT2 Study to Evaluate the Effect of MD1003 on Cardiac Repolarization in Healthy Adult Subjects,UNKNOWN,PHASE1,64.0
NCT04457323,S-Metoprolol XR 25-50 mg Tablets vs Metoprolol Zok 50-100 mg Tablets in Hypertension Patients.,UNKNOWN,PHASE4,126.0
NCT07193459,Study to Evaluate HDM1002 Tablets in Adults With Type 2 Diabetes Mellitus,RECRUITING,PHASE3,360.0
NCT00742859,"Phase 2 Study of the Safety, Tolerability and Pilot Efficacy of Oral Factor Xa Inhibitor Betrixaban Compared to Warfarin",COMPLETED,PHASE2,508.0
NCT03870880,Study to Evaluate the Efficacy and Safety of Risperidone ISM® in Patients With Acute Schizophrenia: Open Label Extension,COMPLETED,PHASE3,215.0
NCT03926780,Comparative Study of Oral Anticoagulation in Left Ventricular Thrombi,COMPLETED,PHASE3,79.0
NCT02698280,Bevacizumab and Nimustine in Patients With Recurrent High Grade Glioma,COMPLETED,PHASE2,23.0
NCT02290080,Determination of the Role of Oxygen in Suspected Acute Myocardial Infarction by Biomarkers,COMPLETED,PHASE3,175.0
NCT05009680,A Single and Repeat Dose Trial in Participants With Hepatic Impairment,UNKNOWN,PHASE1,54.0
NCT06772779,"A Study of Enlicitide Decanoate (MK-0616), Warfarin, and Lisinopril in Healthy Adult Participants (MK-0616-026)",COMPLETED,PHASE1,36.0
NCT00211679,Intra-articularInjection of Botulinum Toxin Type,UNKNOWN,PHASE2,40.0
NCT00171379,"Clinical Study to Evaluate the Tolerability, Safety and Efficacy of Enteric-coated Mycophenolate Sodium After Equimolar Conversion From Mycophenolate Mofetil (MMF) in Patients With Renal Transplant",COMPLETED,PHASE3,162.0
NCT00618579,Effects of LMWH in Healthy Subjects Treated With TB-402 and Effects of TB-402 in Healthy Subjects Treated With Warfarin,COMPLETED,PHASE1,15.0
NCT06024096,Systems Biological Assessment of Statin Effect on Vaccine Responses,COMPLETED,PHASE4,63.0
NCT02236962,Enhancement of Brown Adipose Tissue Function Via Chronic Pharmacological Treatment,UNKNOWN,NA,42.0
NCT04619862,Efficacy of Gabapentin in Treating Pain in Children With SNI (Gabapentin Trial),UNKNOWN,PHASE2,5.0
NCT01949662,Haloperidol and Lorazepam for Delirium in Patients With Advanced Cancer,ACTIVE_NOT_RECRUITING,PHASE2,93.0
NCT00733746,Gemcitabine and Erlotinib Before and After Surgery in Treating Patients With Pancreatic Cancer That Can Be Removed by Surgery,COMPLETED,PHASE2,123.0
NCT01096446,Intravenous Fat Emulsions and Premature Infants,TERMINATED,NA,19.0
NCT02556346,"Pharmacokinetics (PK), Pharmacodynamics (PD), Safety, Tolerability of Multiple Dose Regimens of MT-3724 for the Treatment of Patients With Relapsed Chronic B-cell Lymphocytic Leukemia or Small Lymphocytic Lymphoma",WITHDRAWN,PHASE1,0.0
NCT02702388,"A Trial of Lenvatinib (E7080) in Subjects With Iodine-131 Refractory Differentiated Thyroid Cancer to Evaluate Whether an Oral Starting Dose of 18 Milligram (mg) Daily Will Provide Comparable Efficacy to a 24 mg Starting Dose, But Have a Better Safety Profile",COMPLETED,PHASE2,241.0
NCT07533227,Intestinal Microbiota Transplantation for Treating Advanced Tumor Cachexia,NOT_YET_RECRUITING,PHASE2,66.0
NCT05778461,Efficacy of L-ornithine L-aspartate and Therapeutic Plasma Exchange Versus Plasma Exchange Alone in Lowering Ammonia and Improving Outcomes in Pediatric Acute Liver Failure.,UNKNOWN,NA,32.0
NCT02707861,Ibalizumab Plus Optimized Background Regimen in Treatment-Experienced Patients With Multi-Drug Resistant HIV-1,COMPLETED,PHASE3,79.0
NCT00362661,Low-dose Cortisol in Chronic Posttraumatic Stress Disorder,TERMINATED,NA,20.0
NCT05315661,The Safety and The Efficacy Evaluation of ET-STEM in Patients With Frontotemporal Dementia,ACTIVE_NOT_RECRUITING,PHASE1,12.0
NCT02150161,Opioid vs. Opioid-free Anesthesia for Hip Arthroscopy,TERMINATED,PHASE3,53.0
NCT06514261,"Testing the Combination of an Anti-Cancer Drug, Iadademstat, With Other Anti-Cancer Drugs (Venetoclax and Azacitidine) for Treating AML",SUSPENDED,PHASE1,45.0
NCT05110742,Phase I/II Study of CD5 CAR Engineered IL15-Transduced Cord Blood-Derived NK Cells in Conjunction With Lymphodepleting Chemotherapy for the Management of Relapsed/Refractory Hematological Malignances,RECRUITING,PHASE1,64.0
NCT01304342,Sedation in Endoscopic Retrograde Cholangiopancreatography (ERCP) With or Without Opioids,COMPLETED,NA,180.0
NCT01078142,"Temsirolimus, Bendamustine and Rituximab for Relapsed Follicular Lymphoma or Mantle Cell Lymphoma",COMPLETED,PHASE1,39.0
NCT00004686,Phase II Randomized Study of Glucocorticoids With or Without Methotrexate for Treatment of Giant Cell Arteritis,COMPLETED,PHASE2,300.0
NCT03010670,Oxytocin and Interpersonal Motor Resonance,COMPLETED,PHASE4,27.0
NCT01000870,Safety and Efficacy of Positron Emission Tomography Imaging With MNI-513,TERMINATED,EARLY_PHASE1,6.0
NCT05201170,"A Phase 3, Multi-Center Study Evaluating PL9643 in Patients with Dry Eye",COMPLETED,PHASE3,575.0
NCT04878770,NMF-CsA-Dupi Trial,UNKNOWN,NA,318.0
NCT03936270,Palbociclib Plus Letrozole Treatment After Progression to Second Line Chemotherapy for Women With ER/PR-positive Ovarian Cancer,COMPLETED,PHASE2,43.0
NCT03681470,Aczone Gel 7.5% in the Treatment of Acne Vulgaris in Patients With Skin of Color,COMPLETED,PHASE4,20.0
NCT02259361,Efficacy of Dalfampridine on Upper Extremity Function in Patients With MS,UNKNOWN,PHASE4,30.0
NCT01982942,"Safety, Tolerability and Activity Study of Ibudilast in Subjects With Progressive Multiple Sclerosis",COMPLETED,PHASE2,255.0
NCT00284986,Safety and Efficacy of Prochymal for the Salvage of Treatment-Refractory Acute GVHD Participants,COMPLETED,PHASE2,11.0
NCT01040286,The Efficacy and Safety of Flurbiprofen Chip Versus Chlorhexidine Chip (Periochip®) in Therapy of Adult Chronic Periodontitis,COMPLETED,PHASE2,
NCT03948386,3 Local Anesthetics for Spinal Anesthesia in Primary Total Hip Arthroplasty,COMPLETED,PHASE4,159.0
NCT02246270,Recurrent Urinary Tract Infections and Heparin (RUTIH Trial),COMPLETED,EARLY_PHASE1,34.0
NCT01266135,Safety and Efficacy of QAX576 in Patients With Idiopathic Pulmonary Fibrosis (IPF),TERMINATED,PHASE2,40.0
NCT02740335,"Study of Octaplex, a Four-factor Prothrombin Complex Concentrate (4F-PCC) and Beriplex® P/N (Kcentra) for the Reversal of Vitamin K Antagonist (VKA) Induced Anticoagulation in Patients Needing Urgent Surgery With Significant Bleeding Risk.",COMPLETED,PHASE3,208.0
NCT06724835,Treating Nectin-4-positive Advanced Breast Cancer with XKDCT293 (Nectin-4-CAR-T),UNKNOWN,PHASE1,18.0
NCT04325035,The Safety and Efficacy of Istaroxime for Pre-Cardiogenic Shock,COMPLETED,PHASE2,90.0
NCT05032235,Safety and Pharmacokinetics of Fluzoparib in Healthy Subjects and Those With Impaired Kidney Function,COMPLETED,PHASE1,24.0
NCT01640535,Efficacy and Safety of Concomitant Montelukast Sodium and Levocetirizine Dihydrochloride in Perennial Allergic Rhinitis (PAR) Patients,COMPLETED,PHASE3,283.0
NCT03937635,"Lenalidomide, and Dexamethasone With or Without Daratumumab in Treating Patients With High-Risk Smoldering Myeloma",RECRUITING,PHASE3,288.0
NCT03398135,A Study to Assess the Efficacy and Safety of Risankizumab in Participants With Ulcerative Colitis,ACTIVE_NOT_RECRUITING,PHASE3,1242.0
NCT06713135,A Study on Safety and Effectiveness of Long-term Treatment With Vamorolone in Boys With Duchenne Muscular Dystrophy,ACTIVE_NOT_RECRUITING,PHASE4,80.0
NCT04373317,Pimavanserin vs. Quetiapine for Treatment of Parkinson's Psychosis,RECRUITING,PHASE4,358.0
NCT05614817,CBP-201 in Adolescent and Adult Patients With Moderate-to-severe Atopic Dermatitis,WITHDRAWN,PHASE3,0.0
NCT00212017,Assessment of an Alpha-glucosidase Inhibitor to Block Cardiac Events in Patients With MI and IGT,TERMINATED,NA,3000.0
NCT04477317,Anesthetic Efficacy of %4Alexadricaine Versus %2 Mepicaine-L in Children,COMPLETED,PHASE3,10.0
NCT04742517,A Study of MA-0217 (ASP1128) in Healthy Adult Subjects and Healthy Elderly Subjects,COMPLETED,PHASE1,102.0
NCT03808740,Orthostatic Intolerance After Bariatric Surgery,TERMINATED,PHASE1,10.0
NCT00557440,Investigation of the 24 Hour Forced Expiratory Flow in 1 Second (FEV1) Profile of a Single Dose of Indacaterol/Mometasone Delivered Via the TWISTHALER® Device in Adult Patients With Persistent Asthma,COMPLETED,PHASE2,37.0
NCT06565689,"A Study to Evaluate the Safety, Tolerability, Pharmacokinetics, and Preliminary Efficacy of YK012",RECRUITING,PHASE1,48.0
NCT06045689,A Study to Assess Luspatercept in Lower-risk Myelodysplastic Syndrome Participants,ACTIVE_NOT_RECRUITING,PHASE3,106.0
NCT01021189,"Study to Assess Safety, Tolerability and Pharmacokinetics After Single and Multiple Doses of AZD1446 to Japanese Subject",COMPLETED,PHASE1,97.0
NCT07626489,Pre-incisional Infiltration With Ropivacaine Plus Diprospan for Relieving Postoperative Pain After Thoracoscopic Surgery,RECRUITING,NA,100.0
NCT04372589,Antithrombotic Therapy to Ameliorate Complications of COVID-19 (ATTACC),COMPLETED,PHASE2,1200.0
NCT07229768,"Clinical Study of 177Lu-CTR-FAPI In the Treatment of Patients With Advanced, Metastatic Solid Tumors",RECRUITING,EARLY_PHASE1,4.0
NCT01489189,Prompt Panretinal Photocoagulation Versus Ranibizumab+Deferred Panretinal Photocoagulation for Proliferative Diabetic Retinopathy,COMPLETED,PHASE3,305.0
NCT06560268,Low Flow Anesthesia in Children Undergoing Strabismus Surgery,NOT_YET_RECRUITING,PHASE4,150.0
NCT06157450,Pharmacokinetics of ZSP1273 in Elder Participants,COMPLETED,PHASE1,32.0
NCT04195074,Three Types of Nucleotide/Nucleoside Analogues Therapy in Patients With Chronic Hepatitis b,UNKNOWN,NA,300.0
NCT03676374,Prucalopride Treatment for Refractory Gastro-esophageal Reflux Disease,UNKNOWN,PHASE4,60.0
NCT02768974,"Open Label Study to Assess Safety, PK and Explore Efficacy of OPRX-106 in Patients With Active Mild to Moderate Ulcerative Colitis",UNKNOWN,PHASE2,20.0
NCT03831191,A Study of LY3375880 in Adults With Moderate-to-Severe Atopic Dermatitis,TERMINATED,PHASE2,136.0
NCT01013818,A Study of HGS1029 in Subjects With Relapsed or Refractory Lymphoid Malignancies,TERMINATED,PHASE1,11.0
NCT00318474,Mycophenolate Mofetil (MMF) in Patients With IgA Nephropathy,TERMINATED,PHASE3,184.0
NCT04408118,"First Line Atezolizumab, Paclitaxel, and Bevacizumab (Avastin®) in mTNBC",COMPLETED,PHASE2,100.0
NCT05874518,Clinical Observation of Warm Needling Combined With and Electroacupuncture Therapy on Ovulatory Dysfunction,COMPLETED,NA,70.0
NCT02647918,Study to Evaluate Sotagliflozin in Subjects With Varying Degrees of Renal Function,COMPLETED,PHASE1,50.0
NCT00143390,Aromasin Vs Arimidex Study As Initial Hormonal Therapy In Postmenopausal Women With Advanced/Recurrent Breast Cancer,COMPLETED,PHASE3,298.0
NCT05549297,Tebentafusp Regimen Versus Investigator's Choice in Previously Treated Advanced Melanoma (TEBE-AM),RECRUITING,PHASE3,540.0
NCT01706510,Antiplatelet Effects of Ticagrelor Versus Clopidogrel in American Indian Patients,COMPLETED,PHASE4,28.0
NCT01283997,Prevention of Treatment Induced Neuropathy in Multiple Myeloma,COMPLETED,PHASE2,79.0
NCT04570410,Primary Excision Combined With Preoperative Neoadjuvant and Adjuvant Therapy for Oligometastasis of Urothelial Carcinoma,COMPLETED,PHASE2,30.0
NCT01177410,Mesalamine Granules for Irritable Bowel Syndrome (IBS) With Diarrhea,COMPLETED,PHASE2,148.0
NCT04890613,"Study of CX-5461 in Patients With Solid Tumours and BRCA1/2, PALB2 or Homologous Recombination Deficiency (HRD) Mutation",RECRUITING,PHASE1,52.0
NCT02072213,A PK Study GL2702 GLARS-NF1 and Omix Ocas® in Healthy Male Volunteers,COMPLETED,PHASE1,36.0
NCT02419313,Investigation of the Efficacy and Safety of IncobotulinumtoxinA (Xeomin) in Parkinson's Tremor: A Customized Approach,COMPLETED,PHASE2,33.0
NCT00656513,Acupuncture-Like Transcutaneous Electrical Nerve Stimulation (ALTENS) or Pilocarpine in Treating Early Dry Mouth in Patients Undergoing Radiation Therapy for Head and Neck Cancer,COMPLETED,PHASE2,196.0
NCT04760860,Terazosin for Dementia With Lewy Bodies,NOT_YET_RECRUITING,PHASE1,40.0
NCT04860960,Phase 3 Study to Evaluate Intravenous Trappsol(R) Cyclo(TM) in Pediatric and Adult Patients With Niemann-Pick Disease Type C1,UNKNOWN,PHASE3,94.0
NCT00108420,Prazosin Treatment for Combat Trauma PTSD (Post-Traumatic Stress Disorder) Nightmares and Sleep Disturbance,COMPLETED,PHASE4,
NCT00911820,"Cisplatin, Irinotecan and Bevacizumab (PCA) Versus Docetaxel, Cisplatin, Irinotecan and Bevacizumab (TPCA) in Metastatic Esophageal and Gastric Cancer",COMPLETED,PHASE2,88.0
NCT04799782,Role of Mirtazapine in Ameliorating Sleep Disordered Breathing,COMPLETED,PHASE2,18.0
NCT00531882,Pilot Mouthwash Study of Pioglitazone and Simvastatin in Healthy Volunteers,COMPLETED,NA,25.0
NCT04901923,"A Study to Evaluate Safety, Pharmacokinetics, Pharmacodynamics, Food Effects, and Drug-drug Interactions of ACP-196 in Healthy Participants",COMPLETED,PHASE1,59.0
NCT03207724,Study of Onivyde and 5-FU in Combination With Xilonix for Pancreatic Cancer With Cachexia,COMPLETED,PHASE1,16.0
NCT01208324,Estrogen and Serotonin on Changing Brain Chemistry,COMPLETED,NA,47.0
NCT01125124,Safety and Effectiveness Study for Pleurodesis With Silver Nitrate in Malignant Pleural Effusion,UNKNOWN,PHASE2,60.0
NCT02736123,Neoadjuvant Combination Biotherapy With Ipilimumab and Nivolumab or Nivolumab Alone,WITHDRAWN,PHASE1,0.0
NCT03462459,Efficacy of Oral Vancomycin Prophylaxis for Prevention of Recurrent Clostridium Difficile Infection,COMPLETED,PHASE2,79.0
NCT07462559,"KF2025#1 Trial: Ketamine, Cannabidiol and Cobicistat Interaction Study",NOT_YET_RECRUITING,PHASE1,12.0
NCT07475559,JSKN016HC in Patients With Advanced or Metastatic Solid Malignant Tumors,NOT_YET_RECRUITING,PHASE1,42.0
NCT02966080,Fixed Low-dose Heparin Versus Standard Adjusted-dose Heparin Infusion in Adults Receiving Venovenous ECMO With a Heparin Bonded Circuit.,WITHDRAWN,NA,0.0
NCT04220996,Vortioxetine in Patients With Depression Coexisting With General Anxiety Disorder (GAD),COMPLETED,PHASE4,100.0
NCT04241380,Anticoagulation Medicine in Surgical Repair for Total Anomalous Pulmonary Venous Connection,UNKNOWN,NA,150.0
NCT07058779,"Safety, Tolerability, PK and PD of SSS55 in Healthy Subjects",RECRUITING,PHASE1,26.0
NCT02061280,Use of Mobile Devices and the Internet to Streamline an Asthma Clinical Trial,COMPLETED,PHASE4,108.0
NCT03423979,Optilume™ BPH Prostatic Drug Coated Balloon Dilation Catheter,COMPLETED,PHASE2,80.0
NCT00255879,Movement Disorders Caused by Antipsychotic Drugs in Older Patients,COMPLETED,PHASE1,250.0
NCT07082179,A Prospective Phase II Clinical Study of Immunotherapy Combined With Chemotherapy for Stage III Unresectable Non-small Cell Lung Cancer,RECRUITING,PHASE2,33.0
NCT01152996,Safety and Tolerability of Vortioxetine (LuAA21004) - Open Label Extension Study,COMPLETED,PHASE3,1075.0
NCT00005596,Combination Chemotherapy in Treating Children With Newly Diagnosed Acute Lymphoblastic Leukemia,COMPLETED,PHASE3,1076.0
NCT00002096,A Phase I Pharmacokinetic Study in HIV-Positive Subjects of Oral Ganciclovir and Concomitant Antiretroviral Zidovudine and Didanosine,COMPLETED,PHASE1,24.0
NCT00597896,Cognitive Enhancement in Bipolar Disorder,COMPLETED,PHASE4,50.0
NCT01484496,A Study of Belimumab Administered Subcutaneously in Subjects With Systemic Lupus Erythematosus (SLE),COMPLETED,PHASE3,839.0
NCT05537896,Prospective Evaluation of Xerava Prophylaxis in Hematological Malignancy Patients With Prolonged Neutropenia,RECRUITING,PHASE2,55.0
NCT00000896,A Study to Compare the Effectiveness of a Four Drug Anti-HIV Regimen Given Alone or in Combination With GM-CSF or IL-12 to HIV-Positive Patients,COMPLETED,NA,24.0
NCT00462696,MRI in Evaluating Early Response to Chemotherapy in Women With Infiltrating Breast Cancer,COMPLETED,NA,16.0
NCT02878096,Bioavailability of [14C]-SK-1404 ADME & IV Microtracer Study,COMPLETED,PHASE1,6.0
NCT07022496,Assessment of Oral Caffeine Intake in Changing the Severity of Acute Migraine Attack Using VAS Score Among Patients Attending Headache and Neurology Outpatients Clinic of Ainshams University Hospitals,RECRUITING,PHASE4,120.0
NCT00044889,Phase II Study of Clofarabine in Adult Patients With Refractory or Relapsed Acute Myelogenous Leukemia,COMPLETED,PHASE2,40.0
NCT06773117,Phase III Trial of Susu Zhike Granules in Children With Cold-cough Syndrome for Acute Cough Treatment,NOT_YET_RECRUITING,PHASE3,360.0
NCT00856817,Heme Oxygenase (HO) Activity and Adenosine Induced Vasodilation,TERMINATED,PHASE4,6.0
NCT05519917,Study to Evaluate the Efficacy of Afatinib in Skull Base Chordoma,UNKNOWN,PHASE2,20.0
NCT00361868,Fenofibrate and Metformin Fixed Combination vs Rosiglitazone - FAME ROSI,TERMINATED,PHASE3,88.0
NCT01542268,Effect of Pentoxifylline on Tight Junctions (TJs) of Intestinal Mucosa in Patients With Irritable Bowel Syndrome(IBS),UNKNOWN,PHASE4,59.0
NCT00684268,Intravenous Silibinin in Combination With Peg-interferon and Ribavirin in Nonresponders,COMPLETED,PHASE2,70.0
NCT04720768,"Encorafenib, Binimetinib and Palbociclib in BRAF-mutant Metastatic Melanoma CELEBRATE",UNKNOWN,PHASE1,78.0
NCT02603068,Oral Treprostinil in Subjects With Pulmonary Hypertension Associated With Pulmonary Fibrosis,WITHDRAWN,PHASE2,0.0
NCT05586568,Drug-drug Interaction Study of XZP-3621 Tablet,UNKNOWN,PHASE1,72.0
NCT04226950,Pegylated Interferon Alfa-2b Versus Interferon Alfa Therapy in Childhood and Adolescent Essential Thrombocythemia,UNKNOWN,PHASE2,40.0
NCT01862250,Safety of Clonidine in Infants With Hypoxic Ischemic Encephalopathy During Therapeutic Hypothermia,COMPLETED,PHASE1,13.0
NCT00471991,Valette (Combined Oral Contraceptive SH T04769G and SH D00659AF) Low Ovulation Inhibition,COMPLETED,PHASE2,60.0
NCT01543074,Dietary Histone Deacetylase Inhibitors (HDAC),TERMINATED,NA,23.0
NCT02711891,Topical Loperamide Gel for Pain Reduction During Repeat Finger Lancing,COMPLETED,EARLY_PHASE1,34.0
NCT03671174,Immunosuppressant Regimens for Living Fetuses Study,UNKNOWN,NA,420.0
NCT03204318,SPIRIT 1: Efficacy and Safety Study of Relugolix in Women With Endometriosis-Associated Pain,COMPLETED,PHASE3,638.0
NCT00353418,A Study of PEGASYS (Peginterferon Alfa-2a (40KD)) Plus COPEGUS (Ribavirin) in Patients With Chronic Hepatitis C (CHC) Genotype 1 and Human Immunodeficiency Virus-1 (HIV-1) Co-infection,COMPLETED,PHASE4,415.0
NCT00734890,Vandetanib and Bevacizumab in Treating Patients With Advanced Solid Tumors or Lymphoma,COMPLETED,PHASE1,18.0
NCT07194590,Equol and Vascular Function in Women With Chronic Kidney Disease,RECRUITING,PHASE2,74.0
NCT00699790,Proof of Confidence Study of CCR2 Antagonist (BMS-741672) in Insulin Resistance,COMPLETED,PHASE2,58.0
NCT03093090,"Evaluating Predictive Methods & Product Performance in Healthy Adults for Pediatric Patients, A Case Study: Furosemide",WITHDRAWN,PHASE1,0.0
NCT07545590,A Study of Eltrekibart (LY3041658) in Healthy Participants,RECRUITING,PHASE1,60.0
NCT04909697,Treatment of ARDS With Sivelestat Sodium,COMPLETED,PHASE4,324.0
NCT01820897,Efficacy of Fosfomycin-Trometamol in Urinary Tract Infection Prophylaxis After Kidney Transplantation,COMPLETED,PHASE4,130.0
NCT07443397,Anlotinib Plus Whole-Brain Radiotherapy for Brain Metastases in SCLC Patients.,RECRUITING,PHASE3,134.0
NCT03737110,Study to Assess the Efficacy and Safety of Rilonacept Treatment in Participants With Recurrent Pericarditis,COMPLETED,PHASE3,86.0
NCT02192710,Reduction of Preoperative Anxiety in Children: Electronic Tab vs Midazolam,COMPLETED,PHASE3,118.0
NCT03590613,Phase I Study of GSK2982772 in Japanese Healthy Male Participants,COMPLETED,PHASE1,13.0
NCT00153660,Celecoxib Versus Naproxen for Prevention of Recurrent Ulcer Bleeding in Arthritis Patients,COMPLETED,PHASE3,514.0
NCT00303810,"Radiation Therapy and Combination Chemotherapy in Treating Young Patients With Medulloblastoma, Supratentorial Primitive Neuroectodermal Tumor, or Ependymoma",COMPLETED,NA,567.0
NCT00650910,Study To Examine The Effects Of Lapatinib On The Pharmacokinetics Of Digoxin In Subjects w/ ErbB2 Positive Breast Cancer,COMPLETED,PHASE1,17.0
NCT07028710,Early Luteal Phase Progesterone Kinetics After hCG-Induced Ovulation in Modified Natural Cycle,RECRUITING,NA,40.0
NCT01484210,Single Dose Study of the Fluticasone/Salmeterol (500/50 μg) Administered With Elpenhaler® Versus Diskus®,COMPLETED,PHASE3,28.0
NCT04555213,A Dose Escalation and Dose Expansion Study of NOX66 in the Treatment of COVID-19,COMPLETED,PHASE1,41.0
NCT00004213,3-Aminopyridine-2-carboxaldehyde Thiosemicarbazone in Treating Patients With Solid Tumors,COMPLETED,PHASE1,
NCT06627413,"Safety, Tolerability, and Pharmacokinetics of Lumateperone Long-Acting Injectable Formulations in Patients With Schizophrenia or Schizoaffective Disorder",COMPLETED,PHASE1,52.0
NCT00452660,Evaluation the Effect of Exjade on Oxidative Stress in Low Risk Myelodysplastic Syndrome Patients With Iron Over Load,COMPLETED,PHASE4,21.0
NCT04387760,Favipiravir vs Hydroxychloroquine vs Control in COVID -19,COMPLETED,PHASE2,150.0
NCT01850420,A Study of IMC-1 In Patients With Fibromyalgia,COMPLETED,PHASE2,143.0
NCT04294160,A Study of Select Drug Combinations in Adult Patients With Advanced/Metastatic BRAF V600 Colorectal Cancer,TERMINATED,PHASE1,122.0
NCT06223360,A Trial to Evaluate the Safety and Efficacy of Benfotiamine in Patients With Early Alzheimer's Disease (BenfoTeam),ACTIVE_NOT_RECRUITING,PHASE2,406.0
NCT00402220,A Double-blind Sham Controlled Trial of rTMS in Treatment Resistant Major Depression,COMPLETED,NA,67.0
NCT03454620,"A Study to Assess Safety, Efficacy, Immunogenicity, PK of GC1118 With Combination Chemotherapy",COMPLETED,PHASE1,53.0
NCT03467620,Cannabidiol Usage as an Adjunct Therapy for Crohn's Disease,WITHDRAWN,PHASE2,0.0
NCT00446420,"Cognitive Impairment Following Sedation for Colonoscopy With Propofol, Midazolam and Fentanyl Combinations",COMPLETED,PHASE4,200.0
NCT01522820,Vaccine Therapy With or Without Sirolimus in Treating Patients With NY-ESO-1 Expressing Solid Tumors,COMPLETED,PHASE1,18.0
NCT00949182,Sorafenib Tosylate Before and After Hepatic Arterial Chemoembolization With Doxorubicin Hydrochloride and Mitomycin C in Treating Patients With Localized Liver Cancer That Cannot Be Removed by Surgery,COMPLETED,PHASE2,20.0
NCT03774082,"Activity, Safety and Pharmacokinetics in Pediatric Subjects With Moderate and Severe Chronic Graft vs. Host Disease After Allogeneic Stem Cell Transplant",COMPLETED,PHASE2,46.0
NCT06449482,Selinexor、Venetoclax and Azactidine in the Treatment of ND AML Patients Who Are Not Eligible for Intense Chemotherapy,TERMINATED,PHASE1,6.0
NCT00738582,An Efficacy Study of MORAb-009 (Amatuximab) in Subjects With Pleural Mesothelioma,COMPLETED,PHASE2,89.0
NCT01641224,"A Randomized, Double-blind, and Placebo-controlled Study on the Treatments of Irritable Bowel Syndrome",UNKNOWN,NA,800.0
NCT01456624,Phase 1 Study of Daewon-ES(B) & Megace in Healthy Male Volunteers Under Fasting and Fed Condition,COMPLETED,PHASE1,56.0
NCT00358423,"The Effect of Macugen in Patients With Chronic, Post-Operative Cystoid Macular Edema",TERMINATED,PHASE1,1.0
NCT00096382,"Cyclophosphamide, Fludarabine, and Total-Body Irradiation Followed By Cellular Adoptive Immunotherapy, Autologous Stem Cell Transplantation, and Interleukin-2 in Treating Patients With Metastatic Melanoma",COMPLETED,PHASE2,34.0
NCT06710782,Transcutaneous Pulsed Radiofrequency Application Plus Genicular Nerve Block Versus Intraarticular Hyaluronic Acid Injection for Management of Chronic Pain in Knee Osteoarthritis.,COMPLETED,NA,80.0
NCT05013424,A Study of OnabotulinumtoxinA X Injection in Adult Participants With Glabellar Lines,COMPLETED,PHASE2,92.0
NCT05407324,Dazucorilant in Patients With Amyotrophic Lateral Sclerosis,RECRUITING,PHASE2,279.0
NCT00223223,Levetiracetam for Neuroprotection Against Corticosteroid-induced Hippocampal Dysfunction: A Proof of Concept Study,COMPLETED,PHASE4,30.0
NCT01619423,A Trial of PledOx + FOLFOX6 Compared to Placebo + FOLFOX6 in Patients With Metastatic Colorectal Cancer,COMPLETED,PHASE1,186.0
NCT03881423,Deep vs Moderate Neuromuscular Blockade in Day Case Laparoscopic Cholecystectomy.,COMPLETED,PHASE4,80.0
NCT00827359,Biomarker Trial of Everolimus in Patients With Advanced Renal Cell Carcinoma,COMPLETED,PHASE2,25.0
NCT04762459,Efficacy and Safety of Almonertinib Combined With or Without Chemotherapy as an Adjuvant Treatment for Stage II-IIIA Non-small Cell Lung Carcinoma Following Complete Tumour Resection,ENROLLING_BY_INVITATION,PHASE3,606.0
NCT06826859,Daily Aspirin vs Split Dosing in High-risk Pregnancies (DASH),RECRUITING,PHASE1,400.0
NCT00359359,A Study of a New Chemotherapy Agent in Combination With Cisplatin to Treat Small Cell Lung Cancer,COMPLETED,PHASE1,26.0
NCT04464759,A Study of Nivolumab and Hydroxychloroquine or Nivolumab/Ipilimumab and Hydroxychloroquine in Advanced Melanoma,ACTIVE_NOT_RECRUITING,PHASE1,41.0
NCT00570180,Combination Bortezomib-containing Regimens in Newly Diagnosed Patients With t (4; 14) Positive Multiple Myeloma,COMPLETED,PHASE2,36.0
NCT03109080,Olaparib & Radiation Therapy for Patients Triple Negative Breast Cancer (TNBC),COMPLETED,PHASE1,24.0
NCT00935480,IntensVIH: Impact Of Therapy Intensification By An Integrase Inhibitor +/- CCR5 Inhibitor On The Lymphoid Reservoir For Hiv-1 In Chronically Infected Patients,COMPLETED,PHASE3,17.0
NCT03340779,Norepinephrine vs Norepinephrine and Dobutamine in Cardiogenic Shock,UNKNOWN,PHASE3,40.0
NCT05752279,Balanced Multi-Electrolyte Solution Versus Saline Trial for Diabetic KetoAcidosis,RECRUITING,PHASE3,680.0
NCT02460679,Safety and Biomarker Study of EPI-589 in Participants With Amyotrophic Lateral Sclerosis (ALS),COMPLETED,PHASE2,19.0
NCT03540979,Endometrial Preparation in Frozen Embryo Transfer Cycles,UNKNOWN,NA,100.0
NCT00484679,Adrenal Function and Use of Intralesional Triamcinolone Acetonide 10 mg/mL (Kenalog-10) in Patients With Alopecia Areata,COMPLETED,PHASE2,18.0
NCT03283696,"A Study of Olaratumab (LY3012207), Doxorubicin, and Ifosfamide in Participants With Advanced or Metastatic Soft Tissue Sarcoma",COMPLETED,PHASE1,24.0
NCT04409262,A Study to Evaluate the Efficacy and Safety of Remdesivir Plus Tocilizumab Compared With Remdesivir Plus Placebo in Hospitalized Participants With Severe COVID-19 Pneumonia,COMPLETED,PHASE3,649.0
NCT01451762,A Dose Ranging Effect of Preoperative Diphenhydramine on Postoperative Quality of Recovery After Ambulatory Surgery,COMPLETED,NA,90.0
NCT01469988,The VO2 Increase With Testosterone Addition - Heart Failure (VITA-HF) Trial,TERMINATED,PHASE2,318.0
NCT03439488,"A Study of Orally Administered JNJ-440 to Evaluate the Safety, Tolerability, and Pharmacokinetics After Single Ascending Doses Including Food Effect Evaluation; After Multi-Day Dosing in Healthy Participants; and After Multiple (Ascending) Doses in Participants With Chronic Hepatitis B",COMPLETED,PHASE1,130.0
NCT07522788,Comparison Between Efficacy of Topical Tranexamic Acid Vs Topical Ethyl Ascorbic Acid In Treatment Of Melasma,NOT_YET_RECRUITING,PHASE4,128.0
NCT04163588,Sequential Nephron Blockade in Acute Heart Failure,UNKNOWN,PHASE3,310.0
NCT03856788,Unilateral TAP Block for Laparoscopic Gastric Sleeve Surgery,COMPLETED,PHASE4,43.0
NCT06272903,Effect of Benzocaine 20% Topical Anesthesia on Pain Levels When Placing Separators in Children Receiving Hall Technique Crowns,COMPLETED,EARLY_PHASE1,32.0
NCT01757327,LDE225 in Treating Patients With Stage II-III Estrogen Receptor- and HER2-Negative Breast Cancer,WITHDRAWN,PHASE2,0.0
NCT06911242,A Comparison of the Pharmacokinetic Properties of ARN-75039 Tablets With Excipients to Neat ARN-75039 in Hydroxypropyl Methylcellulose (HPMC) Capsules in Healthy Adult Participants Under Fed Conditions,COMPLETED,PHASE1,16.0
NCT00051142,A Safety and Efficacy Study of Travoprost 0.004% Compared to Latanoprost 0.005% in Patients With Open-Angle Glaucoma (OAG) or Ocular Hypertension (OHT),COMPLETED,PHASE3,
NCT07056842,"This is an Open-label, Non-randomized Study to Assess the Pharmacokinetics (PK) of VCT220 in Healthy Volunteers When Administered With Rifampin or Itraconazole",COMPLETED,PHASE1,32.0
NCT00585442,Effects of Vitamin D on Renin Expression in Hypertensive Patients,TERMINATED,EARLY_PHASE1,12.0
NCT05949008,"Effect of Metformin, a Drug Used to Treat Diabetes, vs Placebo",ACTIVE_NOT_RECRUITING,PHASE4,150.0
NCT03891108,"A Pharmacokinetics, Safety and Tolerability Study of Multiple Formulations of BMS-986231 in Healthy Participants",COMPLETED,PHASE1,60.0
NCT02362035,"ACP-196 (Acalabrutinib) in Combination With Pembrolizumab, for Treatment of Hematologic Malignancies",COMPLETED,PHASE1,161.0
NCT03158935,The ACTIVATE (Adoptive Cell Therapy InVigorated to Augment Tumor Eradication) Trial,COMPLETED,PHASE1,8.0
NCT01198535,Phase I Study of Cetuximab With RO4929097 in Metastatic Colorectal Cancer,TERMINATED,PHASE1,60.0
NCT03175835,Study to Evaluate the Drug Interaction Between CKD-519 and Rosuvastatin in Healthy Male Subjects,COMPLETED,PHASE1,30.0
NCT04231435,"Influence of Fedratinib on the Pharmacokinetics of the Transporter Probe Substrates Digoxin, Rosuvastatin, and Metformin",COMPLETED,PHASE1,24.0
NCT07629635,Migraine Headaches Elimination With Patent Foramen Ovale-Directed Therapy,NOT_YET_RECRUITING,PHASE3,32.0
NCT00033735,Irofulven Compared With Fluorouracil in Treating Patients With Pancreatic Cancer,COMPLETED,PHASE3,158.0
NCT00195676,Efficacy and Safety of Adalimumab in Subjects With Moderate to Severe Chronic Plaque Psoriasis,COMPLETED,PHASE3,1469.0
NCT00116376,Study of AEE788 in Patients With Recurrent/Relapse Glioblastoma Multiforme (GBM),COMPLETED,PHASE1,64.0
NCT04359017,Systemic Absorption of Lidocaine After Hematoma Block,WITHDRAWN,PHASE4,0.0
NCT05742789,Effect of Anesthetics on Troponin I and С-reactive Protein,COMPLETED,PHASE1,255.0
NCT06024889,Acute Effects of Furosemide on Hemodynamics and Pulmonary Congestion in Acute Decompensated Heart Failure.,COMPLETED,PHASE1,20.0
NCT06731868,Safety and Efficacy of LPM3770164 Sustained-release Tablets in Patients With Tardive Dyskinesia,RECRUITING,PHASE1,120.0
NCT05797168,Phase I/IIa Study of AZD5335 as Monotherapy and Combination Therapy in Participants With Solid Tumors,RECRUITING,PHASE1,506.0
NCT05218668,Rho Kinase Inhibitor in Amyotrophic Lateral Sclerosis (REAL),ACTIVE_NOT_RECRUITING,PHASE2,40.0
NCT04615468,A Study of TQ-B3525 in Subjects With Relapsed/Refractory Peripheral T-cell Lymphoma（PTCL）,UNKNOWN,PHASE2,78.0
NCT00681668,Quetiapine in Postpartum Depression,TERMINATED,PHASE2,5.0
NCT01292668,Photodynamic Therapy Using Methyl-5-Aminolevulinate Hydrochloride Cream in Determining Pain Threshold in Patients With Skin Cancer,COMPLETED,PHASE1,21.0
NCT02092168,Pharmacokinetics of BIA 9-1067 and Its Metabolites in Healthy Male Elderly Subjects and in Healthy Male Young Subjects,COMPLETED,PHASE1,24.0
NCT05210868,A Phase I/II Study of CM355 in Patients With Relapsed or Refractory B-Cell Non-Hodgkin's Lymphoma (B-NHL),ACTIVE_NOT_RECRUITING,PHASE1,184.0
NCT06592768,"A Double-blind, Placebo-controlled, Parallel-group Study to Evaluate the Safety and Efficacy of Briquilimab in Participants With Allergic Asthma",TERMINATED,PHASE1,17.0
NCT07085468,A Study of LY3549492 in Healthy Weight Adult Participants,TERMINATED,PHASE2,1.0
NCT00191568,"Gemcitabine, Oxaliplatin and Radiotherapy in Treating Patients With Completely Resected Pancreatic Cancer",COMPLETED,PHASE2,45.0
NCT02201368,Triheptanoin Treatment Trial for Patients With Long-chain Fatty Acid Beta-oxidation Defects,WITHDRAWN,PHASE3,0.0
NCT01119768,Esomeprazole Treatment Co-diagnosed Non Erosive Reflux Disease (NERD) and Chronic Gastritis Patients,COMPLETED,PHASE4,305.0
NCT02863068,Topical Sodium Nitrite in Sickle Cell Disease and Leg Ulcers,TERMINATED,PHASE2,18.0
NCT01737268,Long-term Study of FK949E in Elderly Bipolar Disorder Patients,COMPLETED,PHASE3,20.0
NCT04197050,Effect of Sacubitril/Valsartan on Reduced Right Ventricular Ejection Fraction in Patients With CTD,UNKNOWN,PHASE4,60.0
NCT07437950,Comparing Different Treatment Lengths for Venetoclax in Older People With Newly Diagnosed Acute Myeloid Leukemia (A MyeloMATCH Treatment Trial),NOT_YET_RECRUITING,PHASE2,126.0
NCT02289950,A Study to Assess the Efficacy and Safety of Farletuzumab (MORAb 003) in Combination With Carboplatin Plus Paclitaxel or Carboplatin Plus Pegylated Liposomal Doxorubicin (PLD) in Participants With Low CA125 Platinum-sensitive Ovarian Cancer,COMPLETED,PHASE2,332.0
NCT06591091,Clemastine for Improving White Matter and Boosting Antidepressant Response in Late-life Depression,RECRUITING,PHASE2,80.0
NCT01355991,Effects of Anticholinergic or Long-Acting Beta 2 Agonist on FeNO and Pulmonary Function in SCI,UNKNOWN,PHASE1,40.0
NCT06165991,Liposomal and Standard Bupivacaine in Thoracic Paravertebral Block for Post-Thoracoscopic Pain,RECRUITING,PHASE4,496.0
NCT00906191,Study Evaluating How Quickly And To What Extent The 14-Carbon-SAM-531 Is Absorbed/Converted/Eliminated In Male Subjects,COMPLETED,PHASE1,6.0
NCT00369174,Rosiglitazone Maleate in Treating Patients With Oral Leukoplakia,COMPLETED,PHASE2,25.0
NCT01587118,An Open Label Pilot Study of Adjunctive Asenapine for the Treatment of Posttraumatic Stress Disorder,COMPLETED,PHASE4,18.0
NCT03089918,A Study to Investigate the Regional Brain Kinetics of Brain Drug Transporters Using P-glycoprotein and Breast Cancer Resistance Protein Substrates and by Using the Positron Emission Tomography Ligand 11C-JNJ-63779586 in the Human Brain,COMPLETED,PHASE1,11.0
NCT02722018,Study to Investigate the Effect of Formulation and Food on the Pharmacokinetics of GDC-0810,COMPLETED,PHASE1,45.0
NCT01958918,Efficacy of Ranibizumab Prn Treatment Compared to Aflibercept Bimonthly Intravitreal Injections on Retinal Thickness Stability in Patients With Wet AMD,COMPLETED,PHASE4,712.0
NCT06860490,HAIC Combined With Sintilimab Plus Bevacizumab Biosimilar for Advanced Hepatocellular Carcinoma (TASK-03),RECRUITING,PHASE2,164.0
NCT01956890,18F-FLT Positron Emission Tomography and Magnetic Resonance Imaging of the Breast,UNKNOWN,PHASE4,80.0
NCT02082197,An Efficacy and Safety Study of ABT-SLV176 for the Treatment of Hypogonadal Men,WITHDRAWN,PHASE3,0.0
NCT01776697,Phase 1 Study to Compare the Pharmacokinetic Characteristics and Food Effect of Pelubiprofen (30mg) Tablet IR TID and Pelubiprofen SR (as a Pelubiprofen 90 mg) Tablet QD in Healthy Subjects,COMPLETED,PHASE1,
NCT00714597,Evaluation of AVE5026 in the Prevention of Venous Thromboembolism in Acutely Ill Medical Patients With Restricted Mobility,TERMINATED,PHASE3,421.0
NCT04422210,"A Study Evaluating The Safety, Tolerability, Pharmacokinetics, And Efficacy Of Venetoclax In Combination With Atezolizumab, Carboplatin, And Etoposide In Participants With Untreated Extensive-Stage Small Cell Lung Cancer (ES-SCLC).",TERMINATED,PHASE1,2.0
NCT03491410,"Breast Cancer Active Surveillance, Alternative Option, Aspirin Included",UNKNOWN,PHASE2,60.0
NCT00099060,Lapatinib in Treating Patients With Recurrent Glioblastoma Multiforme,COMPLETED,PHASE1,24.0
NCT03548220,A Study to Evaluate Efficacy and Safety of AG-348 in Not Regularly Transfused Adult Participants With Pyruvate Kinase Deficiency (PKD),COMPLETED,PHASE3,80.0
NCT01843920,The Effect of Glaucoma Drops on of the Duration of a Pure Intraocular Gas Bubble,COMPLETED,NA,21.0
NCT03832582,Annexin Imaging in Dissection of the Descending Aorta,UNKNOWN,PHASE2,83.0
NCT02065882,"Pharmacokinetic, Efficacy and Safety of BT524 in Patients With Congenital Fibrinogen Deficiency",COMPLETED,PHASE3,67.0
NCT03108924,The Pharmacokinetics of Gefapixant (MK-7264) in Participants With Renal Insufficiency (MK-7264-026),COMPLETED,PHASE1,24.0
NCT00563823,Vatalanib in Treating Patients With Metastatic Cutaneous Melanoma That Cannot be Removed by Surgery,COMPLETED,PHASE2,34.0
NCT05178823,Short- and Long Term Antibacterial Effects of a Single Rinse With Different Mouthwashes: a Randomized Clinical Trial,COMPLETED,PHASE4,171.0
NCT05103423,Safety and Efficacy Study of BDB-001 Injection in Patients With Moderate to Severe Hidradenitis Suppurativa (HS),COMPLETED,PHASE1,50.0
NCT01950923,Sildenafil Citrate Before Surgery in Improving Kidney Function in Patients With Kidney Cancer,COMPLETED,PHASE1,30.0
NCT00470223,Combined Chemotherapy With or Without Zoledronic Acid for Patients With Osteosarcoma,ACTIVE_NOT_RECRUITING,PHASE3,318.0
NCT04294459,"Safety, Pharmacokinetics, and Preliminary Efficacy of Isatuximab in Patients Awaiting Kidney Transplantation",TERMINATED,PHASE1,23.0
NCT06060080,Efficacy and Safety of PEG-rhG-CSF Injection for Neutrophil Reconstitution Following AHSCT in Lymphoma/Multiple Myeloma,UNKNOWN,NA,7.0
NCT00389480,Study of AR-67 (Formerly DB-67) in Adult Patients With Refractory or Metastatic Solid Malignancies,COMPLETED,PHASE1,26.0
NCT04276480,Efficacy of Piperacillin-tazobactam as Empirical Antimicrobial Therapy for VAP Among ESBL-E Carriers.,COMPLETED,NA,9.0
NCT04848480,"A Research Study to Compare a New Weekly Insulin, Insulin Icodec, and an Available Daily Insulin, Insulin Degludec, Both in Combination With Mealtime Insulin in People With Type 1 Diabetes (ONWARDS 6)",COMPLETED,PHASE3,582.0
NCT04230980,Gabapentin for Post-Operative Pain Control and Narcotic Reduction in Scrotal Surgery,COMPLETED,PHASE3,74.0
NCT00657579,Safety and Efficacy Study of DE-104 Ophthalmic Solution to Treat Open-Angle Glaucoma or Ocular Hypertension,COMPLETED,PHASE2,
NCT00536679,Relative Bioavailability and Food Effect Study for GSK163090 in Healthy Male and Female Volunteers,COMPLETED,PHASE1,16.0
NCT01711879,Use of Intravitreal Aflibercept Injection for Neovascular Glaucoma,COMPLETED,NA,7.0
NCT06789679,Albumin-Bound Paclitaxel and Gemcitabine With or Without S-1 as First-Line Treatment for Advanced Pancreatic Cancer,RECRUITING,PHASE2,128.0
NCT02254096,"Safety, Pharmacokinetics and Pharmacodynamics of BIRT 1696 BS in Healthy Human Subjects",COMPLETED,PHASE1,46.0
NCT00439062,Treatment of Rheumatoid Arthritis With Roxithromycin,COMPLETED,PHASE4,100.0
NCT06550362,Daily Iron vs Every-other-day Iron for Pediatric Patients With IDA,NOT_YET_RECRUITING,PHASE4,100.0
NCT03245762,Intranasal Oxytocin for Infants With Prader-Willi Syndrome,COMPLETED,PHASE1,15.0
NCT01477762,Cortisol Suppression and Startle Responses in Posttraumatic Stress Disorder (PTSD),COMPLETED,NA,165.0
NCT02704962,Olanzapine vs. Low-dose Olanzapine Plus Trifluoperazine,COMPLETED,PHASE4,94.0
NCT01531062,Effect of Nigella Sativa on Lipid Profiles in Elderly,COMPLETED,PHASE2,96.0
NCT01371162,A Study of RO5428029 in Healthy Volunteers and Patients With Chronic Hepatitis C,COMPLETED,PHASE1,42.0
NCT04356846,A Phase I Study of LP-108 in Patients With Relapsed or Refractory B-cell Lymphoma,UNKNOWN,PHASE1,74.0
NCT01388946,Analgesia in Laparoscopic Cholecystectomy,COMPLETED,NA,110.0
NCT00936546,"A Protocol Based Treatment for Debilitating Fibrosing Skin Disorders With (Anti-CD 20), Rituximab, Evaluating Safety and Efficacy",COMPLETED,PHASE2,3.0
NCT01232946,Cooperation of Insulin and GLP-1 on Myocardial Glucose Uptake,COMPLETED,NA,30.0
NCT00397046,A Study Of The Safety And Tolerability Of HKI-272 Administered Orally To Japanese Subjects With Advanced Solid Tumors,COMPLETED,PHASE1,21.0
NCT05303688,Does Preventive Dexketoprofen Reduce Pain After Orthognathic Surgery,COMPLETED,NA,30.0
NCT04327388,Sarilumab COVID-19,COMPLETED,PHASE3,420.0
NCT01215344,First Autologous Transplant on Minimal Residual Disease Markers in Previously Untreated Myeloma Undergoing Initial Treatment With Velcade,COMPLETED,PHASE2,36.0
NCT07585734,Clinical Trial of CD38 Monoclonal Antibody Combined With Chemotherapy for T-Cell Acute Lymphoblastic Leukemia,WITHDRAWN,PHASE1,0.0
NCT00449709,A Study To Assess The Pharmacokinetics Of Different Modified Release Formulations Of GSK221149 In Healthy Adult Subjects,TERMINATED,PHASE1,36.0
NCT02445599,"Diclofenac Premedication, as the Effect of Preemptive Analgesia After Post-thoracotomy Chest and Shoulder Pain",COMPLETED,PHASE4,3.0
NCT01503632,Assessing Compliance With Mercaptopurine Treatment in Younger Patients With Acute Lymphoblastic Leukemia in First Remission,COMPLETED,PHASE3,570.0
NCT00888732,"A Comparison of Pharmacodynamics and Pharmacokinetics of Insulin Aspart, BIAsp70, BIAsp50 and Fast-acting Human Insulin",COMPLETED,PHASE3,24.0
NCT04294732,Efficacy of Popliteal Block and Bupivacaine Concentration Used for Analgesia in Foot and Ankle Surgery,COMPLETED,PHASE4,68.0
NCT00870532,Study of Combination of Metronomic Oral Vinorelbine and Sorafenib in Patients With Advanced Non-small Cell Lung Cancer,COMPLETED,PHASE1,52.0
NCT00048932,A Phase III Study of BMS-188667 in Subjects With Active Rheumatoid Arthritis,COMPLETED,PHASE3,1795.0
NCT05243693,Brentuximab Vedotin Plus DHAP in Relapsed or Refractory Hodgkin's Lymphoma,UNKNOWN,PHASE2,30.0
NCT02652793,Simplification From Tenofovir Plus Lamivudine or Emtricitabine Plus Ritonavir-Boosted-Protease Inhibitor to Ritonavir-Boosted-Atazanavir Plus Lamivudine in Virologically-Suppressed-HIVInfected Adults With Osteopenia,COMPLETED,NA,31.0
NCT01901393,Efficacy of Intravenous Ibuprofen Compared to Intravenous Ketorolac for Pain Control Following Arthroscopic Knee Surgery,COMPLETED,PHASE4,100.0
NCT00093093,Study of Viramidine to Ribavirin in Patients With Chronic Hepatitis C Who Are Treatment Naive,COMPLETED,PHASE3,900.0
NCT02920593,A Randomized Control Trial of Vitamin D Prophylaxis in the Prevention of Hypertensive Disorders of Pregnancy,UNKNOWN,PHASE4,412.0
NCT05590793,Effects of Triptorelin Pamoate 6-month When Given to Adult Chinese Participants With Advanced Cancer in the Prostate,COMPLETED,PHASE3,195.0
NCT07187193,Efficacy and Safety of Low-Dose Cytarabine Combined With Thalidomide in Adult Patients With Untreated LCH,RECRUITING,PHASE2,50.0
NCT05737693,Enhancing Week-long Psychological Treatment for PTSD With Ketamine,RECRUITING,PHASE2,162.0
NCT07651293,Using Fenfluramine to Test the Serotonin Deficiency Theory of Depression,NOT_YET_RECRUITING,NA,46.0
NCT07595393,A Dose-Finding Study of Amogammadex Sodium for Reversing Vecuronium and Rocuronium-Induced Neuromuscular Blockade,NOT_YET_RECRUITING,PHASE2,64.0
NCT02641821,Effect of Nifedipine GITS in Patients With Mild-to-moderate Primary Hypertension,UNKNOWN,PHASE4,700.0
NCT00528021,A Study Evaluating the Safety and Efficacy of BGC20-0582 Lice Treatment Gel for Head Lice Infestation,COMPLETED,PHASE2,230.0
NCT05498714,Improved Bowel Cleansing Method for Colonoscopy Based on High Risk Population of Bowel Preparation,UNKNOWN,NA,150.0
NCT00491114,Intravesical Chemotherapy Treatment of Superficial Bladder Cancer,COMPLETED,PHASE2,8.0
NCT01354314,Study of Paroxetine and Fluconazole for the Treatment of HIV Associated Neurocognitive Disorder,COMPLETED,PHASE1,45.0
NCT03516214,EGF816 and Trametinib in Patients With Non-small Cell Lung Cancer Harboring Activating EGFR Mutations,COMPLETED,PHASE1,18.0
NCT03674814,Study of Drug 1 (Enzalutamide) Plus Drug 2 (Relacorilant) for Patients With Prostate Cancer,COMPLETED,PHASE1,42.0
NCT02958514,Efficacy Comparison of Two Kinds of Treatment in Treating Dry Eye Caused by Meibomian Gland Dysfunction,COMPLETED,NA,20.0
NCT04819516,Study of the Safety and Effectiveness of HIFU Combined With REGOTORI for Metastatic Colorectal Cancer,UNKNOWN,PHASE1,10.0
NCT00783016,Effect of Pain Control on the Diagnosis of Acute Appendicitis on the Diagnostic Accuracy of General Surgeon,COMPLETED,PHASE4,234.0
NCT01565616,Bone Marrow Transplantation in Young Adults With Severe Sickle Cell Disease,COMPLETED,PHASE2,22.0
NCT00853216,Fasting Study of Oxycodone Hydrochloride 30 mg Tablets and Roxicodone™ 30 mg Tablets,COMPLETED,PHASE1,38.0
NCT02379416,Combination Nilotinib and Paclitaxel in Adults With Relapsed Solid Tumors,COMPLETED,PHASE1,47.0
NCT01655316,Oral Verapamil in Acute Paroxysmal Supra Ventricular Tachycardia(PSVT) Recurrence Control,COMPLETED,PHASE4,90.0
NCT02878616,Study in End-stage Renal Disease Patients Awaiting Kidney Transplant to Investigate the Potential Effect of IVIG Treatment on the Pharmacokinetics and Pharmacodynamics of LFG316,COMPLETED,PHASE1,8.0
NCT04303416,Plasma Exchange With Albumin in AMN Patients,COMPLETED,PHASE2,5.0
NCT06375616,Comparison of Nafamostat and Unfractionated Heparin in RRT for Sepsis Associated AKI,NOT_YET_RECRUITING,PHASE4,156.0
NCT05433116,Pembrolizumab and Lenvatinib After Definitive Chemoradiation of Locally Advanced HNSCC,ACTIVE_NOT_RECRUITING,PHASE2,50.0
NCT02668016,Self-Assessment Method for Statin Side-effects Or Nocebo,COMPLETED,PHASE4,60.0
NCT01004406,"Plaque Regression and Progenitor Cell Mobilization With Intensive Lipid Elimination Regimen (PREMIER), Phase I",COMPLETED,PHASE3,59.0
NCT03417206,PRD-guided Analgesia During FESS for Intraoperative Blood Loss,UNKNOWN,NA,120.0
NCT07046806,Oral Deucrictibant for Prophylactic and Acute Treatment in Hereditary Angioedema Patients,RECRUITING,PHASE1,10.0
NCT01549106,"IPI-145 Single Ascending, Multiple Ascending, Food Effect and Drug-Drug-Interaction Study",COMPLETED,PHASE1,106.0
NCT04576806,Physiological Effects of 38°C vs. 22°C Fluid Therapy in Critically Ill Patients,WITHDRAWN,NA,0.0
NCT02483104,Veliparib in Combination With Carboplatin And Weekly Paclitaxel in Japanese Subjects With Ovarian Cancer,COMPLETED,PHASE1,9.0
NCT00274404,Controlled Trial of Valacyclovir in Infectious Mononucleosis,COMPLETED,PHASE1,20.0
NCT05376904,A Trial of HR18034 for Postoperative Analgesia in Subjects Undergoing Hemorrhoidectomy.,COMPLETED,PHASE2,86.0
NCT06258304,A Dose Escalation and Expansion Study of GIGA-564 in Participants With Locally Advanced or Metastatic Solid Tumor Malignancies,RECRUITING,PHASE1,60.0
NCT06218004,Envafolimab Combined With Chemotherapy in Neoadjuvant and Conversion Therapy for Head and Neck Squamous Cell Carcinoma,UNKNOWN,PHASE2,40.0
NCT06092684,The Efficacy and Safety of Esketamine in Elective Laparoscopic Surgery,COMPLETED,PHASE3,358.0
NCT01710033,"A Study Of CP-690,550 In Stable Kidney Transplant Patients",COMPLETED,PHASE1,28.0
NCT06066333,Study of Radiotherapy and Pembrolizumab in People With Adrenocortical Carcinoma,RECRUITING,PHASE2,12.0
NCT04672252,The Use of Cannabidiol (CBD) in Pain Reduction and Opioid Use After Shoulder Arthroscopy,COMPLETED,PHASE2,100.0
NCT02796352,A Phase II Study of High Dose Bolus IL2 in Patients With Inoperable Stage III or Stage IV Melanoma Who Have Failed Prior Anti-PD1 Immunotherapy: Efficacy and Biomarker Study,TERMINATED,PHASE2,1.0
NCT03460652,KP415 Open-Label Safety Study in Children (6-12 Years of Age) With ADHD,COMPLETED,PHASE3,282.0
NCT03242252,"Safety and Efficacy Study of Sotagliflozin on Glucose Control in Participants With Type 2 Diabetes, Moderate Impairment of Kidney Function, and Inadequate Blood Sugar Control",COMPLETED,PHASE3,787.0
NCT00864747,A Relative Bioavailability Study of Propranolol HCl 160 mg Tablets Under Non-fasting Conditions,COMPLETED,PHASE1,60.0
NCT01760447,A Pooled Analysis of the Safety and Efficacy of MK-0431A and MK-0431A XR in Pediatric Participants With Type 2 Diabetes Mellitus With Inadequate Glycemic Control on Metformin Therapy (Alone or in Combination With Insulin) (MK-0431A-170/MK-0431A-289),COMPLETED,PHASE3,223.0
NCT01791647,Myo-inositol Versus Metformin in Obese Women With Polycystic Ovary Syndrome,COMPLETED,NA,40.0
NCT06441747,Phase II Study of the Combination of Durvalumab (MEDI4736) (PDL1 Inhibitor) and Olaparib (PARP Inhibitor) in Advanced Cholangiocarcinoma After Initial Chemotherapy and Durvalumab (BIL-PPP),RECRUITING,PHASE2,40.0
NCT03779347,Schistosomiasis Diagnosis Using a CAA Antigen Test,UNKNOWN,PHASE3,100.0
NCT00788749,Medical Polypectomy and Predictors of Response,COMPLETED,PHASE4,60.0
NCT02959749,Osimertinib or Docetaxel-bevacizumab as Third-line Treatment in EGFR T790M Mutated Non-Small Cell Lung Cancer,COMPLETED,PHASE2,147.0
NCT00003238,Perillyl Alcohol in Treating Patients With Metastatic Prostate Cancer That Has Not Responded to Hormone Therapy,COMPLETED,PHASE2,
NCT03549338,Sym004 Versus Futuximab or Modotuximab in Patients With mCRC,TERMINATED,PHASE2,2.0
NCT04989855,Fruquintinib Plus PD-1 Antibody in pMMR / MSS Locally Advanced Rectal Cancer (LARC) With High Immune Score,UNKNOWN,PHASE2,48.0
NCT00259155,Rifaximin for the Treatment of Irritable Bowel Syndrome,COMPLETED,PHASE2,92.0
NCT00802555,Safety Study of ARQ 197 in Cirrhotic Patients With Hepatocellular Carcinoma (HCC),COMPLETED,PHASE1,21.0
NCT00022555,Bryostatin 1 Plus Vincristine in Treating Patients With Recurrent or Refractory HIV-Related Lymphoma,COMPLETED,PHASE1,12.0
NCT06275555,Use of Bivalirudin for Anticoagulation in Patients With Extracorporeal Membrane Oxygenation,RECRUITING,NA,154.0
NCT07706855,Safety and Efficacy Study of GKL-006RTU in Moderate to Severe Acute Respiratory Distress Syndrome (ARDS),NOT_YET_RECRUITING,PHASE1,52.0
NCT03423355,Dapagliflozin Effect on Erythropoiesis and Physical Fitness,WITHDRAWN,PHASE4,0.0
NCT06932926,Remineralization Effect Of Egg Shell Versus Fluoride Varnish On Early Carious White Spot Lesions In Primary Teeth,NOT_YET_RECRUITING,PHASE2,66.0
NCT00768326,Efficacy of Lu 31-130 in Patients With Schizophrenia,COMPLETED,PHASE2,280.0
NCT06206278,Evaluation of Infigratinib in Patients With Locally Advanced or Metastatic Gastric Cancer or GEJ Adenocarcinoma,TERMINATED,PHASE2,6.0
NCT01747278,Study of Trimethoprim/Sulfamethoxazole as PCP Prophylaxis in CTD Patients,UNKNOWN,PHASE2,80.0
NCT00547885,Randomized Controlled Double Blind Trial of Short vs Long Acting Dihydrocodeine in Chronic Non-malignant Pain,COMPLETED,PHASE4,60.0
NCT00172185,Safety and Efficacy Study of Teduglutide in Subjects With Short Bowel Syndrome Who Completed Protocol CL0600-004 (NCT00081458),COMPLETED,PHASE3,65.0
NCT06850285,CD30 CAR-T in the Treatment of CD30 Positive Relapsed/Refractory Lymphoma,RECRUITING,NA,15.0
NCT04342585,Comparison Between Vaginal Pessary and Progestogen in Twin Pregnancy With Short Cervical Length,COMPLETED,PHASE3,142.0
NCT00237185,A Study of the Efficacy and Safety of Imatinib Mesylate in Patients With Unresectable or Metastatic Gastrointestinal Stromal Tumors Expressing C-kit Gene,COMPLETED,PHASE2,148.0
NCT03569085,Inhaled Anesthetics and Myocardial Strain,COMPLETED,PHASE1,26.0
NCT04430985,FOLFOX + Immunotherapy With Intrahepatic Oxaliplatin for Patients With Metastatic Colorectal Cancer,WITHDRAWN,PHASE2,0.0
NCT02264015,"Pharmacodynamic Effects, Safety and Tolerability of Cilobradine, to Healthy Male and Female Volunteers, With an Intra-individual Comparison to Moxifloxacin in a Subset of Volunteers",COMPLETED,PHASE1,125.0
NCT06581315,Postoperative Adjuvant Therapy of Donafenib for Hepatocellular Carcinoma,RECRUITING,NA,204.0
NCT00542035,A Study of ARRY-371797 in Subjects Undergoing Third Molar Extraction,COMPLETED,PHASE2,103.0
NCT04557735,Study of Ravulizumab in Pediatric Participants With HSCT-TMA,COMPLETED,PHASE3,41.0
NCT04315935,Comparison of Analgesic Effect and Prognosis of Butorphanol and Fentanyl in Patients With Mechanical Ventilation,UNKNOWN,PHASE4,355.0
NCT03027635,PEriToneal Catheter Versus Repeated Paracentesis for Ascites in Cirrhosis,TERMINATED,NA,13.0
NCT06612476,Interleukin 6-guided Antibiotic Prescriptions in AECOPD Inpatients,NOT_YET_RECRUITING,NA,440.0
NCT02445976,Once-daily Oral Seviteronel in Patients With Castration-Resistant Prostate Cancer Progressing on Enzalutamide or Abiraterone.,COMPLETED,PHASE2,197.0
NCT00415376,Levetiracetam in Treating Patients With Seizures Caused by Brain Metastases,WITHDRAWN,NA,0.0
NCT06447376,Study of Cytokine Release Syndrome Prophylaxis and Treatment With Siltuximab Prior to Epcoritamab,RECRUITING,PHASE1,20.0
NCT07263776,Efficacy and Safety of Interleukin-6 Receptor Inhibitor Combined With Endovascular Treatment in Patients With Acute Anterior Circulation Large Vessel Occlusion Stroke -2,ACTIVE_NOT_RECRUITING,PHASE3,692.0
NCT03067376,"A Study Designed to See How [14C]-CORT125134 is Taken up, Broken Down and Removed From the Body",COMPLETED,PHASE1,9.0
NCT03818776,Proton Based Cardiac Sparing Accelerated Fractionated RadioTherapy in Unresectable NSCLC,TERMINATED,EARLY_PHASE1,7.0
NCT05124717,Fed Bioequivalence Study of 2 Metformin 500 mg Prolongued Release Tablets in 28 Healthy Male and Female Volunteers,COMPLETED,PHASE1,28.0
NCT00505817,GnRH Agonist and Antagonists in an Oocyte Donation Program,COMPLETED,PHASE4,
NCT04556617,PLX2853 in Combination With Abiraterone Acetate and Prednisone and in Combination With Olaparib in Subjects With Metastatic Castration-Resistant Prostate Cancer (mCRPC),TERMINATED,PHASE1,19.0
NCT07484217,Clinical Assessment of Response in the Treatment of Depression With Daytime Sleepiness Using Solriamfetol,RECRUITING,PHASE3,508.0
NCT02314117,A Study of Ramucirumab (LY3009806) in Combination With Capecitabine and Cisplatin in Participants With Stomach Cancer,COMPLETED,PHASE3,645.0
NCT03314740,Best Approach in Recurrent-Ovarian-Cancer-with Cediranib-Olaparib,COMPLETED,PHASE2,123.0
NCT01233609,Trial of Oral Valproic Acid for Retinitis Pigmentosa,COMPLETED,PHASE2,90.0
NCT01732809,Fields Of Effects Of Two Commercial Preparations Of Botulinum Toxin Type A At Equal Labeled Unit Doses,COMPLETED,PHASE4,19.0
NCT02629809,"Ibrutinib, Fludarabine Phosphate, Cyclophosphamide, and Obinutuzumab in Treating Patients With Chronic Lymphocytic Leukemia",ACTIVE_NOT_RECRUITING,PHASE2,81.0
NCT00257309,Thrombolysis Versus Primary Angioplasty for AMI in Elderly Patients,TERMINATED,PHASE4,266.0
NCT00317499,"Double-blind, Randomized, Placebo-controlled Phase 3 Study of Etanercept in the Treatment of Psoriatic Arthritis and Psoriasis",COMPLETED,PHASE3,205.0
NCT05306899,Multi-center RCT of IV Ketamine Efficacy and Safety in Chronic Daily Headaches,RECRUITING,PHASE3,56.0
NCT01422499,Vorinostat in Children,COMPLETED,PHASE1,50.0
NCT00559299,Patient Tolerability Study of GSK163090,COMPLETED,PHASE1,20.0
NCT04430699,Cisplatin+Pembrolizumab+RT in Vulvar Cancer,ACTIVE_NOT_RECRUITING,PHASE2,24.0
NCT00001399,Gene Therapy for the Treatment of Fanconi's Anemia Type C,COMPLETED,PHASE1,9.0
NCT02433899,Microsurgical Versus Conventional Semilunar Coronally Advanced Flap,COMPLETED,PHASE4,14.0
NCT00269399,A Trial to Compare Xifaxan to Vancomycin for the Treatment of Clostridium Difficile-Associated Diarrhea (CDAD),COMPLETED,PHASE3,237.0
NCT06642909,A Phase II Study of Zuberitamab Injection in Patients With Primary Membranous Nephropathy,ACTIVE_NOT_RECRUITING,PHASE2,135.0
NCT06600698,Safety and Efficacy of AGN-INM176 in Prostate Patients With Rising PSA,RECRUITING,PHASE1,45.0
NCT03348098,Clinical Study of Neoadjuvant Therapy With Apatinib and Paclitaxel in Local Advanced Triple-negative Breast Cancer,UNKNOWN,PHASE2,20.0
NCT07257198,Aspirin-free Strategy With Ticagrelor in Patients With a Myocardial Infarction Treated Medically Alone,RECRUITING,PHASE3,2570.0
NCT02837198,Study of FYU-981 in Hyperuricemia (Effect on Two Hyperuricemic Types),COMPLETED,PHASE2,24.0
